species	group	rule	reference	curated_dir	file_kind	n_tolids	n_host_dirs	n_symbiont_dirs	n_unrecognised_dirs	path
Abax_parallelepipedus	insects	release_reference	icAbaPara2.1	icAbaPara2.1	primary	1	1	0	0	/data/tol/data/darwin/insects/Abax_parallelepipedus/assembly/curated/icAbaPara2.1/icAbaPara2.1.primary.fa.gz
Abia_aenea	insects	release_reference	iyAbiAene1.hap1.1	iyAbiAene1.1	hap1	1	1	0	0	/data/tol/data/darwin/insects/Abia_aenea/assembly/curated/iyAbiAene1.1/iyAbiAene1.hap1.1.primary.fa.gz
Abia_candens	insects	release_reference	iyAbiCand1.1	iyAbiCand1.1	primary	1	1	0	0	/data/tol/data/darwin/insects/Abia_candens/assembly/curated/iyAbiCand1.1/iyAbiCand1.1.primary.fa.gz
Abramis_brama	fish	release_reference	fAbrBra2.1	fAbrBra2.1	primary	1	1	0	0	/data/tol/data/darwin/fish/Abramis_brama/assembly/curated/fAbrBra2.1/fAbrBra2.1.primary.fa.gz
Abraxas_grossulariata	insects	release_reference	ilAbrGrou1.hap1.1	ilAbrGrou1.1	hap1	1	1	0	0	/data/tol/data/darwin/insects/Abraxas_grossulariata/assembly/curated/ilAbrGrou1.1/ilAbrGrou1.hap1.1.primary.fa.gz
Abraxas_sylvata	insects	release_reference	ilAbrSylv1.hap1.1	ilAbrSylv1.1	hap1	1	1	0	0	/data/tol/data/darwin/insects/Abraxas_sylvata/assembly/curated/ilAbrSylv1.1/ilAbrSylv1.hap1.1.primary.fa.gz
Abrostola_tripartita	insects	release_reference	ilAbrTrip1.1	ilAbrTrip1.1	primary	1	1	0	0	/data/tol/data/darwin/insects/Abrostola_tripartita/assembly/curated/ilAbrTrip1.1/ilAbrTrip1.1.primary.fa.gz
Abrostola_triplasia	insects	release_reference	ilAbrTril1.1	ilAbrTril1.1	primary	2	2	0	0	/data/tol/data/darwin/insects/Abrostola_triplasia/assembly/curated/ilAbrTril1.1/ilAbrTril1.1.primary.fa.gz
Acaena_novae_zelandiae	dicots	release_reference	drAcaNova1.hap2.1	drAcaNova1.1	hap2	1	1	0	0	/data/tol/data/darwin/dicots/Acaena_novae_zelandiae/assembly/curated/drAcaNova1.1/drAcaNova1.hap2.1.primary.fa.gz
Acaena_ovalifolia	dicots	release_reference	drAcaOval1.hap2.1	drAcaOval1.1	hap2	1	1	0	0	/data/tol/data/darwin/dicots/Acaena_ovalifolia/assembly/curated/drAcaOval1.1/drAcaOval1.hap2.1.primary.fa.gz
Acalles_misellus	insects	release_reference	icAcaMise1.1	icAcaMise1.1	primary	1	1	0	0	/data/tol/data/darwin/insects/Acalles_misellus/assembly/curated/icAcaMise1.1/icAcaMise1.1.primary.fa.gz
Acanthis_cabaret	birds	release_reference	bAcaCab1.hap1.1	bAcaCab1.1	hap1	1	1	0	0	/data/tol/data/darwin/birds/Acanthis_cabaret/assembly/curated/bAcaCab1.1/bAcaCab1.hap1.1.primary.fa.gz
Acanthis_flammea	birds	release_reference	bAcaFla1.hap1.1	bAcaFla1.1	hap1	1	1	0	0	/data/tol/data/darwin/birds/Acanthis_flammea/assembly/curated/bAcaFla1.1/bAcaFla1.hap1.1.primary.fa.gz
Acanthocardia_echinata	molluscs	release_reference	xbAcaEchi1.hap1.1	xbAcaEchi1.1	hap1	1	1	0	0	/data/tol/data/darwin/molluscs/Acanthocardia_echinata/assembly/curated/xbAcaEchi1.1/xbAcaEchi1.hap1.1.primary.fa.gz
Acanthosoma_haemorrhoidale	insects	release_reference	ihAcaHaem1.1	ihAcaHaem1.1	primary	1	1	0	0	/data/tol/data/darwin/insects/Acanthosoma_haemorrhoidale/assembly/curated/ihAcaHaem1.1/ihAcaHaem1.1.primary.fa.gz
Acasis_viretata	insects	release_reference	ilAcaVire1.1	ilAcaVire1.1	primary	1	1	1	0	/data/tol/data/darwin/insects/Acasis_viretata/assembly/curated/ilAcaVire1.1/ilAcaVire1.1.primary.fa.gz
Accipiter_gentilis	birds	release_reference	bAccGen1.2	bAccGen1.2	primary	1	2	0	0	/data/tol/data/darwin/birds/Accipiter_gentilis/assembly/curated/bAccGen1.2/bAccGen1.2.primary.fa.gz
Accipiter_nisus	birds	release_reference	bAccNis1.hap2.1	bAccNis1.1	hap2	1	1	0	0	/data/tol/data/darwin/birds/Accipiter_nisus/assembly/curated/bAccNis1.1/bAccNis1.hap2.1.primary.fa.gz
Acentria_ephemerella	insects	release_reference	ilAceEphe1.1	ilAceEphe1.1	primary	1	1	0	0	/data/tol/data/darwin/insects/Acentria_ephemerella/assembly/curated/ilAceEphe1.1/ilAceEphe1.1.primary.fa.gz
Acer_campestre	dicots	release_reference	drAceCamp1.1	drAceCamp1.1	primary	1	2	0	0	/data/tol/data/darwin/dicots/Acer_campestre/assembly/curated/drAceCamp1.1/drAceCamp1.1.primary.fa
Acer_pseudoplatanus	dicots	release_reference	drAcePsed1.hap1.1	drAcePsed1.1	hap1	1	1	0	0	/data/tol/data/darwin/dicots/Acer_pseudoplatanus/assembly/curated/drAcePsed1.1/drAcePsed1.hap1.1.primary.fa.gz
Acericerus_heydenii	insects	release_reference	ihAceHeyd1.hap1.1	ihAceHeyd1.1	hap1	1	1	0	0	/data/tol/data/darwin/insects/Acericerus_heydenii/assembly/curated/ihAceHeyd1.1/ihAceHeyd1.hap1.1.primary.fa.gz
Achaius_oratorius	insects	release_reference	iyAchOrat1.1	iyAchOrat1.1	primary	1	1	0	0	/data/tol/data/darwin/insects/Achaius_oratorius/assembly/curated/iyAchOrat1.1/iyAchOrat1.1.primary.fa.gz
Achillea_maritima	dicots	release_reference	daAchMari1.hap1.1	daAchMari1.1	hap1	1	1	0	0	/data/tol/data/darwin/dicots/Achillea_maritima/assembly/curated/daAchMari1.1/daAchMari1.hap1.1.primary.fa.gz
Achillea_ptarmica	dicots	release_reference	daAchPtar1.hap1.1	daAchPtar1.1	hap1	1	1	0	0	/data/tol/data/darwin/dicots/Achillea_ptarmica/assembly/curated/daAchPtar1.1/daAchPtar1.hap1.1.primary.fa.gz
Achlya_flavicornis	insects	release_reference	ilAchFlav2.1	ilAchFlav2.1	primary	1	1	0	0	/data/tol/data/darwin/insects/Achlya_flavicornis/assembly/curated/ilAchFlav2.1/ilAchFlav2.1.primary.fa.gz
Acholoe_squamosa	annelids	release_reference	wpAchSqua1.1	wpAchSqua1.1	primary	1	1	0	0	/data/tol/data/darwin/annelids/Acholoe_squamosa/assembly/curated/wpAchSqua1.1/wpAchSqua1.1.primary.fa.gz
Achroia_grisella	insects	newest_curated_no_reference		ilAchGris1.1	hap1	1	1	0	0	/data/tol/data/darwin/insects/Achroia_grisella/assembly/curated/ilAchGris1.1/ilAchGris1.hap1.1.primary.fa.gz
Acidia_cognata	insects	release_reference	idAciCogn1.hap1.1	idAciCogn1.1	hap1	1	1	0	0	/data/tol/data/darwin/insects/Acidia_cognata/assembly/curated/idAciCogn1.1/idAciCogn1.hap1.1.primary.fa.gz
Acleris_aspersana	insects	newest_curated_no_reference		ilAclAspe2.1	primary	1	1	0	0	/data/tol/data/darwin/insects/Acleris_aspersana/assembly/curated/ilAclAspe2.1/ilAclAspe2.1.primary.fa.gz
Acleris_cristana	insects	release_reference	ilAclCris2.1	ilAclCris2.1	primary	1	1	0	0	/data/tol/data/darwin/insects/Acleris_cristana/assembly/curated/ilAclCris2.1/ilAclCris2.1.primary.fa.gz
Acleris_emargana	insects	release_reference	ilAclEmar1.2	ilAclEmar1.2	primary	1	2	0	0	/data/tol/data/darwin/insects/Acleris_emargana/assembly/curated/ilAclEmar1.2/ilAclEmar1.2.primary.fa.gz
Acleris_ferrugana	insects	release_reference	ilAclFerr2.1	ilAclFerr2.1	primary	1	1	0	0	/data/tol/data/darwin/insects/Acleris_ferrugana/assembly/curated/ilAclFerr2.1/ilAclFerr2.1.primary.fa.gz
Acleris_hastiana	insects	release_reference	ilAclHast2.1	ilAclHast2.1	primary	1	1	0	0	/data/tol/data/darwin/insects/Acleris_hastiana/assembly/curated/ilAclHast2.1/ilAclHast2.1.primary.fa.gz
Acleris_holmiana	insects	release_reference	ilAclHolm1.1	ilAclHolm1.1	primary	1	1	0	0	/data/tol/data/darwin/insects/Acleris_holmiana/assembly/curated/ilAclHolm1.1/ilAclHolm1.1.primary.fa.gz
Acleris_hyemana	insects	release_reference	ilAclHyem1.hap1.1	ilAclHyem1.1	hap1	1	1	0	0	/data/tol/data/darwin/insects/Acleris_hyemana/assembly/curated/ilAclHyem1.1/ilAclHyem1.hap1.1.primary.fa.gz
Acleris_laterana	insects	release_reference	ilAclLate2.1	ilAclLate2.1	primary	1	1	0	0	/data/tol/data/darwin/insects/Acleris_laterana/assembly/curated/ilAclLate2.1/ilAclLate2.1.primary.fa.gz
Acleris_literana	insects	release_reference	ilAclLite1.1	ilAclLite1.1	primary	1	1	0	0	/data/tol/data/darwin/insects/Acleris_literana/assembly/curated/ilAclLite1.1/ilAclLite1.1.primary.fa.gz
Acleris_logiana	insects	release_reference	ilAclLogi1.hap1.1	ilAclLogi1.1	hap1	1	1	0	0	/data/tol/data/darwin/insects/Acleris_logiana/assembly/curated/ilAclLogi1.1/ilAclLogi1.hap1.1.primary.fa.gz
Acleris_lorquiniana	insects	release_reference	ilAclLorq1.hap1.1	ilAclLorq1.1	hap1	1	1	0	0	/data/tol/data/darwin/insects/Acleris_lorquiniana/assembly/curated/ilAclLorq1.1/ilAclLorq1.hap1.1.primary.fa.gz
Acleris_sparsana	insects	release_reference	ilAclSpar1.1	ilAclSpar1.1	primary	1	1	0	0	/data/tol/data/darwin/insects/Acleris_sparsana/assembly/curated/ilAclSpar1.1/ilAclSpar1.1.primary.fa.gz
Acleris_umbrana	insects	release_reference	ilAclUmbr1.hap2.1	ilAclUmbr1.1	hap2	1	1	0	0	/data/tol/data/darwin/insects/Acleris_umbrana/assembly/curated/ilAclUmbr1.1/ilAclUmbr1.hap2.1.primary.fa.gz
Acompsia_schmidtiellus	insects	release_reference	ilAcoSchm1.hap1.1	ilAcoSchm1.1	hap1	1	1	0	0	/data/tol/data/darwin/insects/Acompsia_schmidtiellus/assembly/curated/ilAcoSchm1.1/ilAcoSchm1.hap1.1.primary.fa.gz
Acrobasis_consociella	insects	release_reference	ilAcrCons1.1	ilAcrCons1.1	primary	1	1	0	0	/data/tol/data/darwin/insects/Acrobasis_consociella/assembly/curated/ilAcrCons1.1/ilAcrCons1.1.primary.fa.gz
Acrobasis_repandana	insects	release_reference	ilAcrRepa1.1	ilAcrRepa1.1	primary	1	1	0	0	/data/tol/data/darwin/insects/Acrobasis_repandana/assembly/curated/ilAcrRepa1.1/ilAcrRepa1.1.primary.fa.gz
Acrobasis_suavella	insects	release_reference	ilAcrSuav1.1	ilAcrSuav1.1	primary	1	1	0	0	/data/tol/data/darwin/insects/Acrobasis_suavella/assembly/curated/ilAcrSuav1.1/ilAcrSuav1.1.primary.fa.gz
Acrocephalus_schoenobaenus	birds	release_reference	bAcrSch1.hap2.1	bAcrSch1.1	hap2	1	1	0	0	/data/tol/data/darwin/birds/Acrocephalus_schoenobaenus/assembly/curated/bAcrSch1.1/bAcrSch1.hap2.1.primary.fa.gz
Acrocera_orbiculus	insects	release_reference	idAcrOrbc1.1	idAcrOrbc1.1	primary	1	1	1	0	/data/tol/data/darwin/insects/Acrocera_orbiculus/assembly/curated/idAcrOrbc1.1/idAcrOrbc1.1.primary.fa.gz
Acrocnida_brachiata	echinoderms	release_reference	eoAcrBrac2.1	eoAcrBrac2.1	primary	1	1	0	0	/data/tol/data/darwin/echinoderms/Acrocnida_brachiata/assembly/curated/eoAcrBrac2.1/eoAcrBrac2.1.primary.fa.gz
Acrodactyla_quadrisculpta	insects	release_reference	iyAcrQuad1.hap1.1	iyAcrQuad1.1	hap1	1	1	0	0	/data/tol/data/darwin/insects/Acrodactyla_quadrisculpta/assembly/curated/iyAcrQuad1.1/iyAcrQuad1.hap1.1.primary.fa.gz
Acromegalomma_vesiculosum	annelids	release_reference	wsAcrVesi1.hap1.1	wsAcrVesi1.1	hap1	1	1	0	0	/data/tol/data/darwin/annelids/Acromegalomma_vesiculosum/assembly/curated/wsAcrVesi1.1/wsAcrVesi1.hap1.1.primary.fa.gz
Acronicta_aceris	insects	newer_curation_than_reference	ilAcrAcer1.1	ilAcrAcer1.2	primary	1	2	0	0	/data/tol/data/darwin/insects/Acronicta_aceris/assembly/curated/ilAcrAcer1.2/ilAcrAcer1.2.primary.fa.gz
Acronicta_alni	insects	release_reference	ilAcrAlni1.hap1.1	ilAcrAlni1.1	hap1	1	1	0	0	/data/tol/data/darwin/insects/Acronicta_alni/assembly/curated/ilAcrAlni1.1/ilAcrAlni1.hap1.1.primary.fa.gz
Acronicta_leporina	insects	release_reference	ilAcrLepo1.1	ilAcrLepo1.1	primary	1	1	0	0	/data/tol/data/darwin/insects/Acronicta_leporina/assembly/curated/ilAcrLepo1.1/ilAcrLepo1.1.primary.fa.gz
Acronicta_megacephala	insects	release_reference	ilAcrMega1.hap1.1	ilAcrMega1.1	hap1	1	1	0	0	/data/tol/data/darwin/insects/Acronicta_megacephala/assembly/curated/ilAcrMega1.1/ilAcrMega1.hap1.1.primary.fa.gz
Acronicta_psi	insects	release_reference	ilAcrPsix1.1	ilAcrPsix1.1	primary	1	1	0	0	/data/tol/data/darwin/insects/Acronicta_psi/assembly/curated/ilAcrPsix1.1/ilAcrPsix1.1.primary.fa.gz
Acronicta_rumicis	insects	release_reference	ilAcrRumi2.hap1.1	ilAcrRumi2.1	hap1	1	1	0	0	/data/tol/data/darwin/insects/Acronicta_rumicis/assembly/curated/ilAcrRumi2.1/ilAcrRumi2.hap1.1.primary.fa.gz
Acrosathe_annulata	insects	release_reference	idAcrAnnu1.hap1.1	idAcrAnnu1.1	hap1	1	1	0	0	/data/tol/data/darwin/insects/Acrosathe_annulata/assembly/curated/idAcrAnnu1.1/idAcrAnnu1.hap1.1.primary.fa.gz
Actenicerus_siaelandicus	insects	release_reference	icActSiae1.1	icActSiae1.1	primary	1	1	0	0	/data/tol/data/darwin/insects/Actenicerus_siaelandicus/assembly/curated/icActSiae1.1/icActSiae1.1.primary.fa.gz
Acupalpus_dubius	insects	release_reference	icAcuDubi2.1	icAcuDubi2.1	primary	1	1	0	0	/data/tol/data/darwin/insects/Acupalpus_dubius/assembly/curated/icAcuDubi2.1/icAcuDubi2.1.primary.fa.gz
Acupalpus_parvulus	insects	release_reference	icAcuParv1.hap1.1	icAcuParv1.1	hap1	1	1	0	0	/data/tol/data/darwin/insects/Acupalpus_parvulus/assembly/curated/icAcuParv1.1/icAcuParv1.hap1.1.primary.fa.gz
Adaina_microdactyla	insects	release_reference	ilAdaMicr2.hap1.1	ilAdaMicr2.1	hap1	1	1	0	0	/data/tol/data/darwin/insects/Adaina_microdactyla/assembly/curated/ilAdaMicr2.1/ilAdaMicr2.hap1.1.primary.fa.gz
Adalia_bipunctata	insects	release_reference	icAdaBipu1.1	icAdaBipu1.1	primary	1	1	0	0	/data/tol/data/darwin/insects/Adalia_bipunctata/assembly/curated/icAdaBipu1.1/icAdaBipu1.1.primary.fa.gz
Adalia_decempunctata	insects	release_reference	icAdaDece3.1	icAdaDece3.1	primary	1	1	0	0	/data/tol/data/darwin/insects/Adalia_decempunctata/assembly/curated/icAdaDece3.1/icAdaDece3.1.primary.fa.gz
Adela_reaumurella	insects	release_reference	ilAdeReau2.hap1.1	ilAdeReau2.1	hap1	1	1	0	0	/data/tol/data/darwin/insects/Adela_reaumurella/assembly/curated/ilAdeReau2.1/ilAdeReau2.hap1.1.primary.fa.gz
Adicella_reducta	insects	release_reference	iiAdiRedu3.1	iiAdiRedu3.1	primary	1	1	0	0	/data/tol/data/darwin/insects/Adicella_reducta/assembly/curated/iiAdiRedu3.1/iiAdiRedu3.1.primary.fa.gz
Adonis_annua	dicots	release_reference	dmAdoAnnu1.hap1.2	dmAdoAnnu1.2	hap1	1	2	0	0	/data/tol/data/darwin/dicots/Adonis_annua/assembly/curated/dmAdoAnnu1.2/dmAdoAnnu1.hap1.2.primary.fa.gz
Adscita_geryon	insects	release_reference	ilAdsGery1.hap2.1	ilAdsGery1.1	hap2	1	1	0	0	/data/tol/data/darwin/insects/Adscita_geryon/assembly/curated/ilAdsGery1.1/ilAdsGery1.hap2.1.primary.fa.gz
Aegialia_arenaria	insects	release_reference	icAegAren1.hap1.1	icAegAren1.1	hap1	1	1	0	0	/data/tol/data/darwin/insects/Aegialia_arenaria/assembly/curated/icAegAren1.1/icAegAren1.hap1.1.primary.fa.gz
Aegithalos_caudatus	birds	release_reference	bAegCau2.hap1.1	bAegCau2.1	hap1	1	1	0	0	/data/tol/data/darwin/birds/Aegithalos_caudatus/assembly/curated/bAegCau2.1/bAegCau2.hap1.1.primary.fa.gz
Aelia_acuminata	insects	release_reference	ihAelAcum1.2	ihAelAcum1.2	primary	1	2	0	0	/data/tol/data/darwin/insects/Aelia_acuminata/assembly/curated/ihAelAcum1.2/ihAelAcum1.2.primary.fa.gz
Aesculus_hippocastanum	dicots	release_reference	drAesHipp1.hap1.1	drAesHipp1.1	hap1	1	1	0	0	/data/tol/data/darwin/dicots/Aesculus_hippocastanum/assembly/curated/drAesHipp1.1/drAesHipp1.hap1.1.primary.fa.gz
Aeshna_juncea	insects	newest_curated_no_reference		ioAesJunc2.1	hap1	1	1	0	0	/data/tol/data/darwin/insects/Aeshna_juncea/assembly/curated/ioAesJunc2.1/ioAesJunc2.hap1.1.primary.fa.gz
Aethecerus_discolor	insects	release_reference	iyAetDisc1.1	iyAetDisc1.1	primary	1	1	0	0	/data/tol/data/darwin/insects/Aethecerus_discolor/assembly/curated/iyAetDisc1.1/iyAetDisc1.1.primary.fa.gz
Aethes_beatricella	insects	release_reference	ilAetBeat1.hap1.1	ilAetBeat1.1	hap1	1	1	0	0	/data/tol/data/darwin/insects/Aethes_beatricella/assembly/curated/ilAetBeat1.1/ilAetBeat1.hap1.1.primary.fa.gz
Aethes_cnicana	insects	release_reference	ilAetCnic1.1	ilAetCnic1.1	primary	1	1	0	0	/data/tol/data/darwin/insects/Aethes_cnicana/assembly/curated/ilAetCnic1.1/ilAetCnic1.1.primary.fa.gz
Aethes_francillana	insects	release_reference	ilAetFran1.hap1.1	ilAetFran1.1	hap1	1	1	0	0	/data/tol/data/darwin/insects/Aethes_francillana/assembly/curated/ilAetFran1.1/ilAetFran1.hap1.1.primary.fa.gz
Aethes_hartmanniana	insects	release_reference	ilAetHart1.hap1.1	ilAetHart1.1	hap1	1	1	0	0	/data/tol/data/darwin/insects/Aethes_hartmanniana/assembly/curated/ilAetHart1.1/ilAetHart1.hap1.1.primary.fa.gz
Aethes_rubigana	insects	release_reference	ilAetRubi1.hap1.1	ilAetRubi1.1	hap1	1	1	0	0	/data/tol/data/darwin/insects/Aethes_rubigana/assembly/curated/ilAetRubi1.1/ilAetRubi1.hap1.1.primary.fa.gz
Aethes_rutilana	insects	release_reference	ilAetRuti1.hap1.1	ilAetRuti1.1	hap1	1	1	0	0	/data/tol/data/darwin/insects/Aethes_rutilana/assembly/curated/ilAetRuti1.1/ilAetRuti1.hap1.1.primary.fa.gz
Aethes_smeathmanniana	insects	release_reference	ilAetSmea3.hap1.1	ilAetSmea3.1	hap1	1	1	0	0	/data/tol/data/darwin/insects/Aethes_smeathmanniana/assembly/curated/ilAetSmea3.1/ilAetSmea3.hap1.1.primary.fa.gz
Aethes_tesserana	insects	release_reference	ilAetTess1.hap1.1	ilAetTess1.1	hap1	1	1	0	0	/data/tol/data/darwin/insects/Aethes_tesserana/assembly/curated/ilAetTess1.1/ilAetTess1.hap1.1.primary.fa.gz
Aethusa_cynapium	dicots	release_reference	drAetCyna1.hap1.1	drAetCyna1.1	hap1	1	1	0	0	/data/tol/data/darwin/dicots/Aethusa_cynapium/assembly/curated/drAetCyna1.1/drAetCyna1.hap1.1.primary.fa.gz
Agapeta_hamana	insects	release_reference	ilAgaHama4.hap1.1	ilAgaHama4.1	hap1	1	1	0	0	/data/tol/data/darwin/insects/Agapeta_hamana/assembly/curated/ilAgaHama4.1/ilAgaHama4.hap1.1.primary.fa.gz
Agapeta_zoegana	insects	release_reference	ilAgaZoeg1.hap1.1	ilAgaZoeg1.1	hap1	1	1	0	0	/data/tol/data/darwin/insects/Agapeta_zoegana/assembly/curated/ilAgaZoeg1.1/ilAgaZoeg1.hap1.1.primary.fa.gz
Agapetus_fuscipes	insects	release_reference	iiAgaFusc2.1	iiAgaFusc2.1	primary	1	1	0	0	/data/tol/data/darwin/insects/Agapetus_fuscipes/assembly/curated/iiAgaFusc2.1/iiAgaFusc2.1.primary.fa.gz
Agapornis_nigrigenis	birds	newest_curated_no_reference		bAgaNig1.1	hap1	1	1	0	0	/data/tol/data/darwin/birds/Agapornis_nigrigenis/assembly/curated/bAgaNig1.1/bAgaNig1.hap1.1.primary.fa.gz
Agaricus_bisporus	fungi	newest_curated_no_reference		gfAgaBisp1.1	primary	1	1	0	0	/data/tol/data/darwin/fungi/Agaricus_bisporus/assembly/curated/gfAgaBisp1.1/gfAgaBisp1.1.primary.fa.gz
Agaricus_langei	fungi	release_reference	gfAgaLang1.hap1.1	gfAgaLang1.1	hap1	1	1	0	0	/data/tol/data/darwin/fungi/Agaricus_langei/assembly/curated/gfAgaLang1.1/gfAgaLang1.hap1.1.primary.fa.gz
Agelastica_alni	insects	release_reference	icAgeAlni6.2	icAgeAlni6.2	primary	1	2	5	0	/data/tol/data/darwin/insects/Agelastica_alni/assembly/curated/icAgeAlni6.2/icAgeAlni6.2.primary.fa.gz
Agnoea_josephinae	insects	release_reference	ilAgnJose1.hap1.1	ilAgnJose1.1	hap1	1	1	0	0	/data/tol/data/darwin/insects/Agnoea_josephinae/assembly/curated/ilAgnJose1.1/ilAgnJose1.hap1.1.primary.fa.gz
Agnoea_subochreella	insects	release_reference	ilAgnSubo1.hap1.1	ilAgnSubo1.1	hap1	1	1	0	0	/data/tol/data/darwin/insects/Agnoea_subochreella/assembly/curated/ilAgnSubo1.1/ilAgnSubo1.hap1.1.primary.fa.gz
Agonopterix_alstromeriana	insects	release_reference	ilAgoAlst3.hap1.1	ilAgoAlst3.1	hap1	2	2	0	0	/data/tol/data/darwin/insects/Agonopterix_alstromeriana/assembly/curated/ilAgoAlst3.1/ilAgoAlst3.hap1.1.primary.fa.gz
Agonopterix_arenella	insects	release_reference	ilAgoAren1.1	ilAgoAren1.1	primary	2	2	0	0	/data/tol/data/darwin/insects/Agonopterix_arenella/assembly/curated/ilAgoAren1.1/ilAgoAren1.1.primary.fa.gz
Agonopterix_atomella	insects	release_reference	ilAgoAtom1.hap1.1	ilAgoAtom1.1	hap1	1	1	0	0	/data/tol/data/darwin/insects/Agonopterix_atomella/assembly/curated/ilAgoAtom1.1/ilAgoAtom1.hap1.1.primary.fa.gz
Agonopterix_ciliella	insects	release_reference	ilAgoCili1.hap1.1	ilAgoCili1.1	hap1	1	1	0	0	/data/tol/data/darwin/insects/Agonopterix_ciliella/assembly/curated/ilAgoCili1.1/ilAgoCili1.hap1.1.primary.fa.gz
Agonopterix_heracliana	insects	release_reference	ilAgoHera1.1	ilAgoHera1.1	primary	1	1	0	0	/data/tol/data/darwin/insects/Agonopterix_heracliana/assembly/curated/ilAgoHera1.1/ilAgoHera1.1.primary.fa.gz
Agonopterix_kaekeritziana	insects	release_reference	ilAgoKaek1.hap1.1	ilAgoKaek1.1	hap1	1	1	0	0	/data/tol/data/darwin/insects/Agonopterix_kaekeritziana/assembly/curated/ilAgoKaek1.1/ilAgoKaek1.hap1.1.primary.fa.gz
Agonopterix_nanatella	insects	release_reference	ilAgoNana1.hap1.1	ilAgoNana1.1	hap1	1	1	0	0	/data/tol/data/darwin/insects/Agonopterix_nanatella/assembly/curated/ilAgoNana1.1/ilAgoNana1.hap1.1.primary.fa.gz
Agonopterix_nervosa	insects	release_reference	ilAgoNerv1.hap1.1	ilAgoNerv1.1	hap1	1	1	0	0	/data/tol/data/darwin/insects/Agonopterix_nervosa/assembly/curated/ilAgoNerv1.1/ilAgoNerv1.hap1.1.primary.fa.gz
Agonopterix_propinquella	insects	release_reference	ilAgoProp1.hap1.1	ilAgoProp1.1	hap1	1	1	0	0	/data/tol/data/darwin/insects/Agonopterix_propinquella/assembly/curated/ilAgoProp1.1/ilAgoProp1.hap1.1.primary.fa.gz
Agonopterix_subpropinquella	insects	release_reference	ilAgoSubp1.1	ilAgoSubp1.1	primary	1	1	0	0	/data/tol/data/darwin/insects/Agonopterix_subpropinquella/assembly/curated/ilAgoSubp1.1/ilAgoSubp1.1.primary.fa.gz
Agonum_fuliginosum	insects	release_reference	icAgoFuli1.1	icAgoFuli1.1	primary	1	1	0	0	/data/tol/data/darwin/insects/Agonum_fuliginosum/assembly/curated/icAgoFuli1.1/icAgoFuli1.1.primary.fa.gz
Agonum_gracile	insects	release_reference	icAgoGrac1.hap1.1	icAgoGrac1.1	hap1	1	1	0	0	/data/tol/data/darwin/insects/Agonum_gracile/assembly/curated/icAgoGrac1.1/icAgoGrac1.hap1.1.primary.fa.gz
Agonum_muelleri	insects	release_reference	icAgoMuel1.hap1.1	icAgoMuel1.1	hap1	1	1	0	0	/data/tol/data/darwin/insects/Agonum_muelleri/assembly/curated/icAgoMuel1.1/icAgoMuel1.hap1.1.primary.fa.gz
Agonum_thoreyi	insects	release_reference	icAgoThor1.hap1.1	icAgoThor1.1	hap1	1	1	0	0	/data/tol/data/darwin/insects/Agonum_thoreyi/assembly/curated/icAgoThor1.1/icAgoThor1.hap1.1.primary.fa.gz
Agonum_viduum	insects	release_reference	icAgoVidu2.1	icAgoVidu2.1	primary	1	1	0	0	/data/tol/data/darwin/insects/Agonum_viduum/assembly/curated/icAgoVidu2.1/icAgoVidu2.1.primary.fa.gz
Agrilus_biguttatus	insects	release_reference	icAgrBigu1.1	icAgrBigu1.1	primary	1	1	0	0	/data/tol/data/darwin/insects/Agrilus_biguttatus/assembly/curated/icAgrBigu1.1/icAgrBigu1.1.primary.fa.gz
Agrilus_cyanescens	insects	release_reference	icAgrCyan1.1	icAgrCyan1.1	primary	1	1	0	0	/data/tol/data/darwin/insects/Agrilus_cyanescens/assembly/curated/icAgrCyan1.1/icAgrCyan1.1.primary.fa.gz
Agrimonia_eupatoria	dicots	release_reference	drAgrEupa1.hap1.1	drAgrEupa1.1	hap1	1	1	0	0	/data/tol/data/darwin/dicots/Agrimonia_eupatoria/assembly/curated/drAgrEupa1.1/drAgrEupa1.hap1.1.primary.fa.gz
Agriopis_aurantiaria	insects	release_reference	ilAgrAura1.1	ilAgrAura1.1	legacy_curated_primary	1	1	0	0	/data/tol/data/darwin/insects/Agriopis_aurantiaria/assembly/curated/ilAgrAura1.1/ilAgrAura1_1.curated_primary.fa
Agriopis_leucophaearia	insects	release_reference	ilAgrLeuc1.1	ilAgrLeuc1.1	primary	1	1	0	0	/data/tol/data/darwin/insects/Agriopis_leucophaearia/assembly/curated/ilAgrLeuc1.1/ilAgrLeuc1.1.primary.fa.gz
Agriopis_marginaria	insects	release_reference	ilAgrMarg1.1	ilAgrMarg1.1	primary	1	1	0	0	/data/tol/data/darwin/insects/Agriopis_marginaria/assembly/curated/ilAgrMarg1.1/ilAgrMarg1.1.primary.fa.gz
Agriotes_lineatus	insects	release_reference	icAgrLine1.hap1.1	icAgrLine1.1	hap1	1	1	2	0	/data/tol/data/darwin/insects/Agriotes_lineatus/assembly/curated/icAgrLine1.1/icAgrLine1.hap1.1.primary.fa.gz
Agriphila_geniculea	insects	release_reference	ilAgrGeni1.1	ilAgrGeni1.1	primary	2	2	0	0	/data/tol/data/darwin/insects/Agriphila_geniculea/assembly/curated/ilAgrGeni1.1/ilAgrGeni1.1.primary.fa.gz
Agriphila_inquinatella	insects	release_reference	ilAgrInqu1.1	ilAgrInqu1.1	primary	1	1	1	1	/data/tol/data/darwin/insects/Agriphila_inquinatella/assembly/curated/ilAgrInqu1.1/ilAgrInqu1.1.primary.fa.gz
Agriphila_straminella	insects	release_reference	ilAgrStra1.1	ilAgrStra1.1	primary	1	1	1	0	/data/tol/data/darwin/insects/Agriphila_straminella/assembly/curated/ilAgrStra1.1/ilAgrStra1.1.primary.fa.gz
Agriphila_tristella	insects	release_reference	ilAgrTris1.1	ilAgrTris1.1	primary	1	1	1	0	/data/tol/data/darwin/insects/Agriphila_tristella/assembly/curated/ilAgrTris1.1/ilAgrTris1.1.primary.fa.gz
Agrochola_circellaris	insects	release_reference	ilAgrCirc1.1	ilAgrCirc1.1	legacy_curated_primary	1	1	0	0	/data/tol/data/darwin/insects/Agrochola_circellaris/assembly/curated/ilAgrCirc1.1/ilAgrCirc1_1.curated_primary.fa
Agrochola_litura	insects	release_reference	ilAgrLitu1.1	ilAgrLitu1.1	primary	1	1	0	0	/data/tol/data/darwin/insects/Agrochola_litura/assembly/curated/ilAgrLitu1.1/ilAgrLitu1.1.primary.fa.gz
Agrochola_lota	insects	release_reference	ilAgrLota1.1	ilAgrLota1.1	primary	1	1	0	0	/data/tol/data/darwin/insects/Agrochola_lota/assembly/curated/ilAgrLota1.1/ilAgrLota1.1.primary.fa.gz
Agrochola_lychnidis	insects	release_reference	ilAgrLych1.1	ilAgrLych1.1	primary	1	1	0	0	/data/tol/data/darwin/insects/Agrochola_lychnidis/assembly/curated/ilAgrLych1.1/ilAgrLych1.1.primary.fa.gz
Agrochola_macilenta	insects	release_reference	ilAgrMaci1.1	ilAgrMaci1.1	primary	1	1	0	0	/data/tol/data/darwin/insects/Agrochola_macilenta/assembly/curated/ilAgrMaci1.1/ilAgrMaci1.1.primary.fa.gz
Agrocybe_praecox	fungi	release_reference	gfAgrPrae1.1	gfAgrPrae1.1	primary	1	1	0	0	/data/tol/data/darwin/fungi/Agrocybe_praecox/assembly/curated/gfAgrPrae1.1/gfAgrPrae1.1.primary.fa.gz
Agrostemma_githago	dicots	release_reference	dcAgrGith1.1	dcAgrGith1.1	primary	1	1	0	0	/data/tol/data/darwin/dicots/Agrostemma_githago/assembly/curated/dcAgrGith1.1/dcAgrGith1.1.primary.fa.gz
Agrothereutes_abbreviatus	insects	release_reference	iyAgrAbbr1.hap1.1	iyAgrAbbr1.1	hap1	1	1	0	0	/data/tol/data/darwin/insects/Agrothereutes_abbreviatus/assembly/curated/iyAgrAbbr1.1/iyAgrAbbr1.hap1.1.primary.fa.gz
Agrotis_clavis	insects	release_reference	ilAgrClav1.1	ilAgrClav1.1	primary	1	1	0	0	/data/tol/data/darwin/insects/Agrotis_clavis/assembly/curated/ilAgrClav1.1/ilAgrClav1.1.primary.fa.gz
Agrotis_exclamationis	insects	release_reference	ilAgrExcl1.1	ilAgrExcl1.1	primary	1	1	1	0	/data/tol/data/darwin/insects/Agrotis_exclamationis/assembly/curated/ilAgrExcl1.1/ilAgrExcl1.1.primary.fa.gz
Agrotis_puta	insects	release_reference	ilAgrPuta1.2	ilAgrPuta1.2	primary	1	2	2	0	/data/tol/data/darwin/insects/Agrotis_puta/assembly/curated/ilAgrPuta1.2/ilAgrPuta1.2.primary.fa.gz
Agrotis_ripae	insects	release_reference	ilAgrRipa1.hap1.1	ilAgrRipa1.1	hap1	1	1	0	0	/data/tol/data/darwin/insects/Agrotis_ripae/assembly/curated/ilAgrRipa1.1/ilAgrRipa1.hap1.1.primary.fa.gz
Agrotis_vestigialis	insects	release_reference	ilAgrVest1.hap2.1	ilAgrVest1.1	hap2	1	1	0	0	/data/tol/data/darwin/insects/Agrotis_vestigialis/assembly/curated/ilAgrVest1.1/ilAgrVest1.hap2.1.primary.fa.gz
Agrypnus_murinus	insects	release_reference	icAgrMuri1.1	icAgrMuri1.1	primary	1	1	0	0	/data/tol/data/darwin/insects/Agrypnus_murinus/assembly/curated/icAgrMuri1.1/icAgrMuri1.1.primary.fa.gz
Agrypon_flaveolatum	insects	release_reference	iyAgrFlav1.1	iyAgrFlav1.1	primary	1	1	0	0	/data/tol/data/darwin/insects/Agrypon_flaveolatum/assembly/curated/iyAgrFlav1.1/iyAgrFlav1.1.primary.fa.gz
Agrypon_varitarsum	insects	release_reference	iyAgrVari1.hap1.1	iyAgrVari1.1	hap1	1	1	0	0	/data/tol/data/darwin/insects/Agrypon_varitarsum/assembly/curated/iyAgrVari1.1/iyAgrVari1.hap1.1.primary.fa.gz
Ailanthus_altissima	dicots	release_reference	drAilAlti1.1	drAilAlti1.1	primary	1	1	0	0	/data/tol/data/darwin/dicots/Ailanthus_altissima/assembly/curated/drAilAlti1.1/drAilAlti1.1.primary.fa.gz
Ajuga_chamaepitys	dicots	release_reference	daAjuCham1.1	daAjuCham1.1	primary	1	1	0	0	/data/tol/data/darwin/dicots/Ajuga_chamaepitys/assembly/curated/daAjuCham1.1/daAjuCham1.1.primary.fa.gz
Ajuga_reptans	dicots	release_reference	daAjuRept1.hap1.2	daAjuRept1.2	hap1	1	2	0	0	/data/tol/data/darwin/dicots/Ajuga_reptans/assembly/curated/daAjuRept1.2/daAjuRept1.hap1.2.primary.fa.gz
Alauda_arvensis	birds	release_reference	bAlaArv1.hap1.1	bAlaArv1.1	hap1	1	1	0	0	/data/tol/data/darwin/birds/Alauda_arvensis/assembly/curated/bAlaArv1.1/bAlaArv1.hap1.1.primary.fa.gz
Alcedo_atthis	birds	release_reference	bAlcAtt1.hap1.1	bAlcAtt1.1	hap1	1	1	0	0	/data/tol/data/darwin/birds/Alcedo_atthis/assembly/curated/bAlcAtt1.1/bAlcAtt1.hap1.1.primary.fa.gz
Alchemilla_alpina	dicots	newest_curated_no_reference		drAlcAlpi1.1	hap1	1	1	0	1	/data/tol/data/darwin/dicots/Alchemilla_alpina/assembly/curated/drAlcAlpi1.1/drAlcAlpi1.hap1.1.primary.fa.gz
Alchemilla_mollis	dicots	release_reference	drAlcMoll1.hap1.1	drAlcMoll1.1	hap1	1	1	0	0	/data/tol/data/darwin/dicots/Alchemilla_mollis/assembly/curated/drAlcMoll1.1/drAlcMoll1.hap1.1.primary.fa.gz
Alcis_jubata	insects	release_reference	ilAlcJuba1.hap1.1	ilAlcJuba1.1	hap1	1	1	0	0	/data/tol/data/darwin/insects/Alcis_jubata/assembly/curated/ilAlcJuba1.1/ilAlcJuba1.hap1.1.primary.fa.gz
Alcis_repandata	insects	release_reference	ilAlcRepa2.1	ilAlcRepa2.1	primary	1	1	1	0	/data/tol/data/darwin/insects/Alcis_repandata/assembly/curated/ilAlcRepa2.1/ilAlcRepa2.1.primary.fa.gz
Alcyonidium_gelatinosum	other-animal-phyla	release_reference	tzAlcGela1.hap1.1	tzAlcGela1.1	hap1	1	1	0	0	/data/tol/data/darwin/other-animal-phyla/Alcyonidium_gelatinosum/assembly/curated/tzAlcGela1.1/tzAlcGela1.hap1.1.primary.fa.gz
Alectoris_rufa	birds	newest_curated_no_reference		bAleRuf2.1	hap1	1	1	0	0	/data/tol/data/darwin/birds/Alectoris_rufa/assembly/curated/bAleRuf2.1/bAleRuf2.hap1.1.primary.fa.gz
Aleimma_loeflingiana	insects	release_reference	ilAleLoef3.1	ilAleLoef3.1	primary	1	1	0	0	/data/tol/data/darwin/insects/Aleimma_loeflingiana/assembly/curated/ilAleLoef3.1/ilAleLoef3.1.primary.fa.gz
Aleiodes_alternator	insects	release_reference	iyAleAlte1.1	iyAleAlte1.1	primary	1	1	1	0	/data/tol/data/darwin/insects/Aleiodes_alternator/assembly/curated/iyAleAlte1.1/iyAleAlte1.1.primary.fa.gz
Aleiodes_circumscriptus	insects	release_reference	iyAleCirc1.1	iyAleCirc1.1	primary	1	1	0	0	/data/tol/data/darwin/insects/Aleiodes_circumscriptus/assembly/curated/iyAleCirc1.1/iyAleCirc1.1.primary.fa.gz
Aleiodes_coxalis	insects	release_reference	iyAleCoxa1.hap1.1	iyAleCoxa1.1	hap1	1	1	0	0	/data/tol/data/darwin/insects/Aleiodes_coxalis/assembly/curated/iyAleCoxa1.1/iyAleCoxa1.hap1.1.primary.fa.gz
Aleiodes_gastritor	insects	release_reference	iyAleGast1.1	iyAleGast1.1	primary	1	1	0	0	/data/tol/data/darwin/insects/Aleiodes_gastritor/assembly/curated/iyAleGast1.1/iyAleGast1.1.primary.fa.gz
Aleiodes_leptofemur	insects	release_reference	iyAleLepo1.1	iyAleLepo1.1	primary	1	1	1	0	/data/tol/data/darwin/insects/Aleiodes_leptofemur/assembly/curated/iyAleLepo1.1/iyAleLepo1.1.primary.fa.gz
Aleiodes_praetor	insects	release_reference	iyAlePrae1.hap1.1	iyAlePrae1.1	hap1	1	1	0	0	/data/tol/data/darwin/insects/Aleiodes_praetor/assembly/curated/iyAlePrae1.1/iyAlePrae1.hap1.1.primary.fa.gz
Aleiodes_rugulosus	insects	release_reference	iyAleRugu1.1	iyAleRugu1.1	primary	1	1	0	0	/data/tol/data/darwin/insects/Aleiodes_rugulosus/assembly/curated/iyAleRugu1.1/iyAleRugu1.1.primary.fa.gz
Aleiodes_similis	insects	release_reference	iyAleSimi1.hap1.1	iyAleSimi1.1	hap1	1	1	0	0	/data/tol/data/darwin/insects/Aleiodes_similis/assembly/curated/iyAleSimi1.1/iyAleSimi1.hap1.1.primary.fa.gz
Aleiodes_testaceus	insects	release_reference	iyAleTest2.1	iyAleTest2.1	primary	1	1	0	0	/data/tol/data/darwin/insects/Aleiodes_testaceus/assembly/curated/iyAleTest2.1/iyAleTest2.1.primary.fa.gz
Aleiodes_unipunctator	insects	release_reference	iyAleUnip1.hap1.1	iyAleUnip1.1	hap1	1	1	0	0	/data/tol/data/darwin/insects/Aleiodes_unipunctator/assembly/curated/iyAleUnip1.1/iyAleUnip1.hap1.1.primary.fa.gz
Alentia_gelatinosa	annelids	release_reference	wpAleGela1.1	wpAleGela1.1	primary	1	1	0	0	/data/tol/data/darwin/annelids/Alentia_gelatinosa/assembly/curated/wpAleGela1.1/wpAleGela1.1.primary.fa.gz
Aleochara_curtula	insects	release_reference	icAleCurt1.2	icAleCurt1.2	primary	1	2	1	0	/data/tol/data/darwin/insects/Aleochara_curtula/assembly/curated/icAleCurt1.2/icAleCurt1.2.primary.fa.gz
Alisma_plantago_aquatica	monocots	release_reference	laAliPlan1.1	laAliPlan1.1	primary	1	1	0	0	/data/tol/data/darwin/monocots/Alisma_plantago_aquatica/assembly/curated/laAliPlan1.1/laAliPlan1.1.primary.fa.gz
Alitta_virens	annelids	release_reference	wpAliVire1.1	wpAliVire1.1	primary	1	1	0	0	/data/tol/data/darwin/annelids/Alitta_virens/assembly/curated/wpAliVire1.1/wpAliVire1.1.primary.fa.gz
Allacma_fusca	arthropods	release_reference	qeAllFusc8.1	qeAllFusc8.1	primary	1	2	0	0	/data/tol/data/darwin/arthropods/Allacma_fusca/assembly/curated/qeAllFusc8.1/qeAllFusc8.1.primary.fa.gz
Allantus_rufocinctus	insects	release_reference	iyAllRufo1.hap1.1	iyAllRufo1.1	hap1	1	1	0	0	/data/tol/data/darwin/insects/Allantus_rufocinctus/assembly/curated/iyAllRufo1.1/iyAllRufo1.hap1.1.primary.fa.gz
Alliopsis_billbergi	insects	release_reference	idAllBill1.1	idAllBill1.1	primary	1	1	0	0	/data/tol/data/darwin/insects/Alliopsis_billbergi/assembly/curated/idAllBill1.1/idAllBill1.1.primary.fa.gz
Allodia_ornaticollis	insects	release_reference	idAllOrna1.hap1.1	idAllOrna1.1	hap1	1	1	0	0	/data/tol/data/darwin/insects/Allodia_ornaticollis/assembly/curated/idAllOrna1.1/idAllOrna1.hap1.1.primary.fa.gz
Allomacrus_arcticus	insects	release_reference	iyAllArct1.hap1.1	iyAllArct1.1	hap1	1	1	0	0	/data/tol/data/darwin/insects/Allomacrus_arcticus/assembly/curated/iyAllArct1.1/iyAllArct1.hap1.1.primary.fa.gz
Allophyes_oxyacanthae	insects	release_reference	ilAllOxya1.1	ilAllOxya1.1	primary	1	1	0	0	/data/tol/data/darwin/insects/Allophyes_oxyacanthae/assembly/curated/ilAllOxya1.1/ilAllOxya1.1.primary.fa.gz
Alloplasta_piceator	insects	release_reference	iyAllPice1.1	iyAllPice1.1	primary	1	1	1	0	/data/tol/data/darwin/insects/Alloplasta_piceator/assembly/curated/iyAllPice1.1/iyAllPice1.1.primary.fa.gz
Allygidius_commutatus	insects	release_reference	ihAllComm1.hap1.1	ihAllComm1.1	hap1	1	1	0	0	/data/tol/data/darwin/insects/Allygidius_commutatus/assembly/curated/ihAllComm1.1/ihAllComm1.hap1.1.primary.fa.gz
Allygus_modestus	insects	release_reference	ihAllMode1.1	ihAllMode1.1	primary	1	1	1	0	/data/tol/data/darwin/insects/Allygus_modestus/assembly/curated/ihAllMode1.1/ihAllMode1.1.primary.fa.gz
Alnus_cordata	dicots	release_reference	dhAlnCord1.hap1.2	dhAlnCord1.2	hap1	1	2	0	0	/data/tol/data/darwin/dicots/Alnus_cordata/assembly/curated/dhAlnCord1.2/dhAlnCord1.hap1.2.primary.fa.gz
Alnus_glutinosa	dicots	release_reference	dhAlnGlut1.1	dhAlnGlut1.1	primary	1	1	0	2	/data/tol/data/darwin/dicots/Alnus_glutinosa/assembly/curated/dhAlnGlut1.1/dhAlnGlut1.1.primary.fa.gz
Alnus_incana	dicots	release_reference	dhAlnInca1.hap1.2	dhAlnInca1.2	hap1	1	2	0	0	/data/tol/data/darwin/dicots/Alnus_incana/assembly/curated/dhAlnInca1.2/dhAlnInca1.hap1.2.primary.fa.gz
Alomya_debellator	insects	release_reference	iyAloDebe2.1	iyAloDebe2.1	primary	1	1	0	0	/data/tol/data/darwin/insects/Alomya_debellator/assembly/curated/iyAloDebe2.1/iyAloDebe2.1.primary.fa.gz
Alopecurus_geniculatus	monocots	release_reference	lpAloGeni1.hap1.1	lpAloGeni1.1	hap1	1	1	0	0	/data/tol/data/darwin/monocots/Alopecurus_geniculatus/assembly/curated/lpAloGeni1.1/lpAloGeni1.hap1.1.primary.fa.gz
Alopecurus_pratensis	monocots	release_reference	lpAloPrat1.hap1.1	lpAloPrat1.1	hap1	1	1	0	0	/data/tol/data/darwin/monocots/Alopecurus_pratensis/assembly/curated/lpAloPrat1.1/lpAloPrat1.hap1.1.primary.fa.gz
Alopochen_aegyptiaca	birds	release_reference	bAloAeg2.hap1.1	bAloAeg2.1	hap1	1	1	0	0	/data/tol/data/darwin/birds/Alopochen_aegyptiaca/assembly/curated/bAloAeg2.1/bAloAeg2.hap1.1.primary.fa.gz
Alsophila_aescularia	insects	release_reference	ilAlsAesc1.1	ilAlsAesc1.1	primary	1	1	0	0	/data/tol/data/darwin/insects/Alsophila_aescularia/assembly/curated/ilAlsAesc1.1/ilAlsAesc1.1.primary.fa.gz
Altenia_scriptella	insects	release_reference	ilAltScri1.hap1.1	ilAltScri1.1	hap1	1	1	0	0	/data/tol/data/darwin/insects/Altenia_scriptella/assembly/curated/ilAltScri1.1/ilAltScri1.hap1.1.primary.fa.gz
Altica_lythri	insects	release_reference	icAltLyth1.1	icAltLyth1.1	primary	1	1	0	0	/data/tol/data/darwin/insects/Altica_lythri/assembly/curated/icAltLyth1.1/icAltLyth1.1.primary.fa.gz
Alucita_hexadactyla	insects	release_reference	ilAluHexa2.1	ilAluHexa2.1	primary	1	1	0	0	/data/tol/data/darwin/insects/Alucita_hexadactyla/assembly/curated/ilAluHexa2.1/ilAluHexa2.1.primary.fa.gz
Alydus_calcaratus	insects	release_reference	ihAlyCalc2.hap1.1	ihAlyCalc2.1	hap1	1	1	0	0	/data/tol/data/darwin/insects/Alydus_calcaratus/assembly/curated/ihAlyCalc2.1/ihAlyCalc2.hap1.1.primary.fa.gz
Alysia_alticola	insects	release_reference	iyAlyAlti1.hap1.1	iyAlyAlti1.1	hap1	1	1	0	0	/data/tol/data/darwin/insects/Alysia_alticola/assembly/curated/iyAlyAlti1.1/iyAlyAlti1.hap1.1.primary.fa.gz
Amanita_muscaria	fungi	newest_curated_no_reference		gfAmaMusc1.1	hap1	1	1	0	0	/data/tol/data/darwin/fungi/Amanita_muscaria/assembly/curated/gfAmaMusc1.1/gfAmaMusc1.hap1.1.primary.fa.gz
Amanita_phalloides	fungi	release_reference	gfAmaPhal2.hap1.1	gfAmaPhal2.1	hap1	1	1	0	0	/data/tol/data/darwin/fungi/Amanita_phalloides/assembly/curated/gfAmaPhal2.1/gfAmaPhal2.hap1.1.primary.fa.gz
Amanita_rubescens	fungi	release_reference	gfAmaRube1.hap1.1	gfAmaRube1.1	hap1	1	1	0	0	/data/tol/data/darwin/fungi/Amanita_rubescens/assembly/curated/gfAmaRube1.1/gfAmaRube1.hap1.1.primary.fa.gz
Amara_aenea	insects	release_reference	icAmaAene1.hap1.1	icAmaAene1.1	hap1	1	1	0	0	/data/tol/data/darwin/insects/Amara_aenea/assembly/curated/icAmaAene1.1/icAmaAene1.hap1.1.primary.fa.gz
Amara_aulica	insects	release_reference	icAmaAuli1.hap1.1	icAmaAuli1.1	hap1	1	1	0	0	/data/tol/data/darwin/insects/Amara_aulica/assembly/curated/icAmaAuli1.1/icAmaAuli1.hap1.1.primary.fa.gz
Amara_convexiuscula	insects	release_reference	icAmaConx1.hap1.1	icAmaConx1.1	hap1	1	1	0	0	/data/tol/data/darwin/insects/Amara_convexiuscula/assembly/curated/icAmaConx1.1/icAmaConx1.hap1.1.primary.fa.gz
Amara_familiaris	insects	release_reference	icAmaFami1.hap1.1	icAmaFami1.1	hap1	1	1	0	0	/data/tol/data/darwin/insects/Amara_familiaris/assembly/curated/icAmaFami1.1/icAmaFami1.hap1.1.primary.fa.gz
Amara_ovata	insects	release_reference	icAmaOvat1.hap2.1	icAmaOvat1.1	hap2	1	1	0	0	/data/tol/data/darwin/insects/Amara_ovata/assembly/curated/icAmaOvat1.1/icAmaOvat1.hap2.1.primary.fa.gz
Amara_plebeja	insects	release_reference	icAmaPleb1.hap1.1	icAmaPleb1.1	hap1	1	1	0	0	/data/tol/data/darwin/insects/Amara_plebeja/assembly/curated/icAmaPleb1.1/icAmaPleb1.hap1.1.primary.fa.gz
Amara_tibialis	insects	release_reference	icAmaTibi1.hap1.1	icAmaTibi1.1	hap1	1	1	0	0	/data/tol/data/darwin/insects/Amara_tibialis/assembly/curated/icAmaTibi1.1/icAmaTibi1.hap1.1.primary.fa.gz
Amaurobius_ferox	arthropods	release_reference	qqAmaFero1.1	qqAmaFero1.1	primary	1	1	0	0	/data/tol/data/darwin/arthropods/Amaurobius_ferox/assembly/curated/qqAmaFero1.1/qqAmaFero1.1.primary.fa.gz
Amblyjoppa_fuscipennis	insects	release_reference	iyAmbFusc1.1	iyAmbFusc1.1	primary	1	1	0	0	/data/tol/data/darwin/insects/Amblyjoppa_fuscipennis/assembly/curated/iyAmbFusc1.1/iyAmbFusc1.1.primary.fa.gz
Amblyjoppa_proteus	insects	release_reference	iyAmbProt1.1	iyAmbProt1.1	primary	1	1	0	0	/data/tol/data/darwin/insects/Amblyjoppa_proteus/assembly/curated/iyAmbProt1.1/iyAmbProt1.1.primary.fa.gz
Amblyteles_armatorius	insects	release_reference	iyAmbArma2.2	iyAmbArma2.2	primary	1	2	0	0	/data/tol/data/darwin/insects/Amblyteles_armatorius/assembly/curated/iyAmbArma2.2/iyAmbArma2.2.primary.fa.gz
Ametastegia_carpini	insects	release_reference	iyAmeCarp1.hap1.1	iyAmeCarp1.1	hap1	1	1	0	0	/data/tol/data/darwin/insects/Ametastegia_carpini/assembly/curated/iyAmeCarp1.1/iyAmeCarp1.hap1.1.primary.fa.gz
Ametastegia_equiseti	insects	release_reference	iyAmeEqui1.1	iyAmeEqui1.1	primary	1	1	0	0	/data/tol/data/darwin/insects/Ametastegia_equiseti/assembly/curated/iyAmeEqui1.1/iyAmeEqui1.1.primary.fa.gz
Ammi_majus	dicots	release_reference	drAmmMaju1.hap2.1	drAmmMaju1.1	hap2	1	1	0	0	/data/tol/data/darwin/dicots/Ammi_majus/assembly/curated/drAmmMaju1.1/drAmmMaju1.hap2.1.primary.fa.gz
Ammophila_pubescens	insects	release_reference	iyAmmPube2.1	iyAmmPube2.1	primary	1	2	2	0	/data/tol/data/darwin/insects/Ammophila_pubescens/assembly/curated/iyAmmPube2.1/iyAmmPube2.1.primary.fa.gz
Ammophila_sabulosa	insects	release_reference	iyAmmSabu2.hap1.1	iyAmmSabu2.1	hap1	1	1	0	0	/data/tol/data/darwin/insects/Ammophila_sabulosa/assembly/curated/iyAmmSabu2.1/iyAmmSabu2.hap1.1.primary.fa.gz
Ampedus_balteatus	insects	release_reference	icAmpBalt3.1	icAmpBalt3.1	primary	1	1	0	0	/data/tol/data/darwin/insects/Ampedus_balteatus/assembly/curated/icAmpBalt3.1/icAmpBalt3.1.primary.fa.gz
Ampedus_sanguinolentus	insects	release_reference	icAmpSanu1.hap1.1	icAmpSanu1.1	hap1	1	1	0	0	/data/tol/data/darwin/insects/Ampedus_sanguinolentus/assembly/curated/icAmpSanu1.1/icAmpSanu1.hap1.1.primary.fa.gz
Amphibalanus_improvisus	arthropods	release_reference	qhAmpImpr1.1	qhAmpImpr1.1	primary	1	1	1	0	/data/tol/data/darwin/arthropods/Amphibalanus_improvisus/assembly/curated/qhAmpImpr1.1/qhAmpImpr1.1.primary.fa.gz
Amphicteis_midas	annelids	release_reference	wtAmpMida1.1	wtAmpMida1.1	primary	1	1	0	0	/data/tol/data/darwin/annelids/Amphicteis_midas/assembly/curated/wtAmpMida1.1/wtAmpMida1.1.primary.fa.gz
Amphidium_lapponicum	non-vascular-plants	release_reference	cbAmpLapp4.1	cbAmpLapp4.1	primary	1	1	0	0	/data/tol/data/darwin/non-vascular-plants/Amphidium_lapponicum/assembly/curated/cbAmpLapp4.1/cbAmpLapp4.1.primary.fa.gz
Amphidium_mougeotii	non-vascular-plants	release_reference	cbAmpMoug5.1	cbAmpMoug5.1	primary	1	1	0	0	/data/tol/data/darwin/non-vascular-plants/Amphidium_mougeotii/assembly/curated/cbAmpMoug5.1/cbAmpMoug5.1.primary.fa.gz
Amphigerontia_contaminata	insects	release_reference	iuAmpCont1.hap1.1	iuAmpCont1.1	hap1	1	1	0	0	/data/tol/data/darwin/insects/Amphigerontia_contaminata/assembly/curated/iuAmpCont1.1/iuAmpCont1.hap1.1.primary.fa.gz
Amphimallon_solstitiale	insects	release_reference	icAmpSols1.1	icAmpSols1.1	primary	1	1	1	0	/data/tol/data/darwin/insects/Amphimallon_solstitiale/assembly/curated/icAmpSols1.1/icAmpSols1.1.primary.fa.gz
Amphipoea_lucens	insects	release_reference	ilAmpLuce6.1	ilAmpLuce6.1	primary	1	1	0	0	/data/tol/data/darwin/insects/Amphipoea_lucens/assembly/curated/ilAmpLuce6.1/ilAmpLuce6.1.primary.fa.gz
Amphipoea_oculea	insects	release_reference	ilAmpOcul1.1	ilAmpOcul1.1	primary	1	1	0	0	/data/tol/data/darwin/insects/Amphipoea_oculea/assembly/curated/ilAmpOcul1.1/ilAmpOcul1.1.primary.fa.gz
Amphipyra_berbera	insects	release_reference	ilAmpBerb1.2	ilAmpBerb1.2	primary	1	2	0	0	/data/tol/data/darwin/insects/Amphipyra_berbera/assembly/curated/ilAmpBerb1.2/ilAmpBerb1.2.primary.fa.gz
Amphipyra_tragopoginis	insects	release_reference	ilAmpTrag2.1	ilAmpTrag2.1	primary	1	1	0	0	/data/tol/data/darwin/insects/Amphipyra_tragopoginis/assembly/curated/ilAmpTrag2.1/ilAmpTrag2.1.primary.fa.gz
Ampulloclitocybe_clavipes	fungi	release_reference	gfAmpClav1.hap2.1	gfAmpClav1.1	hap2	1	1	0	0	/data/tol/data/darwin/fungi/Ampulloclitocybe_clavipes/assembly/curated/gfAmpClav1.1/gfAmpClav1.hap2.1.primary.fa.gz
Anacampsis_blattariella	insects	release_reference	ilAnaBlat1.1	ilAnaBlat1.1	primary	1	1	0	0	/data/tol/data/darwin/insects/Anacampsis_blattariella/assembly/curated/ilAnaBlat1.1/ilAnaBlat1.1.primary.fa.gz
Anagallis_arvensis	dicots	release_reference	ddAnaArve1.hap1.1	ddAnaArve1.1	hap1	1	1	0	0	/data/tol/data/darwin/dicots/Anagallis_arvensis/assembly/curated/ddAnaArve1.1/ddAnaArve1.hap1.1.primary.fa.gz
Anaglyptus_mysticus	insects	release_reference	icAnaMyst1.hap1.1	icAnaMyst1.1	hap1	1	1	0	0	/data/tol/data/darwin/insects/Anaglyptus_mysticus/assembly/curated/icAnaMyst1.1/icAnaMyst1.hap1.1.primary.fa.gz
Anania_coronata	insects	release_reference	ilAnaCoro1.hap1.1	ilAnaCoro1.1	hap1	1	1	0	0	/data/tol/data/darwin/insects/Anania_coronata/assembly/curated/ilAnaCoro1.1/ilAnaCoro1.hap1.1.primary.fa.gz
Anania_crocealis	insects	release_reference	ilAnaCroc1.1	ilAnaCroc1.1	primary	1	1	0	0	/data/tol/data/darwin/insects/Anania_crocealis/assembly/curated/ilAnaCroc1.1/ilAnaCroc1.1.primary.fa.gz
Anania_fuscalis	insects	release_reference	ilAnaFusc1.1	ilAnaFusc1.1	primary	1	1	0	0	/data/tol/data/darwin/insects/Anania_fuscalis/assembly/curated/ilAnaFusc1.1/ilAnaFusc1.1.primary.fa.gz
Anania_hortulata	insects	release_reference	ilAnaHort2.1	ilAnaHort2.1	primary	1	1	1	0	/data/tol/data/darwin/insects/Anania_hortulata/assembly/curated/ilAnaHort2.1/ilAnaHort2.1.primary.fa.gz
Anania_verbascalis	insects	release_reference	ilAnaVerb1.hap1.1	ilAnaVerb1.1	hap1	1	1	0	0	/data/tol/data/darwin/insects/Anania_verbascalis/assembly/curated/ilAnaVerb1.1/ilAnaVerb1.hap1.1.primary.fa.gz
Anaplectoides_prasina	insects	release_reference	ilAnaPras2.1	ilAnaPras2.1	primary	1	1	0	0	/data/tol/data/darwin/insects/Anaplectoides_prasina/assembly/curated/ilAnaPras2.1/ilAnaPras2.1.primary.fa.gz
Anarsia_innoxiella	insects	release_reference	ilAnaInnx2.1	ilAnaInnx2.1	primary	1	1	0	0	/data/tol/data/darwin/insects/Anarsia_innoxiella/assembly/curated/ilAnaInnx2.1/ilAnaInnx2.1.primary.fa.gz
Anarsia_spartiella	insects	release_reference	ilAnaSpar1.hap1.1	ilAnaSpar1.1	hap1	1	1	0	0	/data/tol/data/darwin/insects/Anarsia_spartiella/assembly/curated/ilAnaSpar1.1/ilAnaSpar1.hap1.1.primary.fa.gz
Anarta_trifolii	insects	release_reference	ilAnaTrif1.hap1.1	ilAnaTrif1.1	hap1	1	1	0	0	/data/tol/data/darwin/insects/Anarta_trifolii/assembly/curated/ilAnaTrif1.1/ilAnaTrif1.hap1.1.primary.fa.gz
Anas_acuta	birds	release_reference	bAnaAcu1.hap1.2	bAnaAcu1.2	hap1	1	2	1	0	/data/tol/data/darwin/birds/Anas_acuta/assembly/curated/bAnaAcu1.2/bAnaAcu1.hap1.2.primary.fa.gz
Anas_platyrhynchos	birds	newest_curated_no_reference		bAnaPla2.2	hap1	1	2	0	0	/data/tol/data/darwin/birds/Anas_platyrhynchos/assembly/curated/bAnaPla2.2/bAnaPla2.hap1.2.primary.fa.gz
Anasimyia_lineata	insects	release_reference	idAnaLine1.hap1.1	idAnaLine1.1	hap1	1	1	0	0	/data/tol/data/darwin/insects/Anasimyia_lineata/assembly/curated/idAnaLine1.1/idAnaLine1.hap1.1.primary.fa.gz
Anaspis_frontalis	insects	release_reference	icAnaFron3.hap1.1	icAnaFron3.1	hap1	1	1	0	0	/data/tol/data/darwin/insects/Anaspis_frontalis/assembly/curated/icAnaFron3.1/icAnaFron3.hap1.1.primary.fa.gz
Anaspis_garneysi	insects	release_reference	icAnaGarn1.1	icAnaGarn1.1	primary	1	1	0	0	/data/tol/data/darwin/insects/Anaspis_garneysi/assembly/curated/icAnaGarn1.1/icAnaGarn1.1.primary.fa.gz
Anaspis_maculata	insects	release_reference	icAnaMacu3.1	icAnaMacu3.1	primary	1	1	0	0	/data/tol/data/darwin/insects/Anaspis_maculata/assembly/curated/icAnaMacu3.1/icAnaMacu3.1.primary.fa.gz
Anaspis_regimbarti	insects	release_reference	icAnaRegi1.1	icAnaRegi1.1	primary	1	1	0	0	/data/tol/data/darwin/insects/Anaspis_regimbarti/assembly/curated/icAnaRegi1.1/icAnaRegi1.1.primary.fa.gz
Anaspis_thoracica	insects	release_reference	icAnaThor1.hap1.1	icAnaThor1.1	hap1	1	1	0	0	/data/tol/data/darwin/insects/Anaspis_thoracica/assembly/curated/icAnaThor1.1/icAnaThor1.hap1.1.primary.fa.gz
Anastrepta_orcadensis	non-vascular-plants	release_reference	cjAnaOrca4.2	cjAnaOrca4.2	primary	1	2	0	0	/data/tol/data/darwin/non-vascular-plants/Anastrepta_orcadensis/assembly/curated/cjAnaOrca4.2/cjAnaOrca4.2.primary.fa.gz
Anastrophyllum_donnianum	non-vascular-plants	release_reference	cjAnaDonn2.2	cjAnaDonn2.2	primary	1	2	0	0	/data/tol/data/darwin/non-vascular-plants/Anastrophyllum_donnianum/assembly/curated/cjAnaDonn2.2/cjAnaDonn2.2.primary.fa.gz
Anax_imperator	insects	release_reference	ioAnaImpe1.hap1.1	ioAnaImpe1.1	hap1	1	1	0	0	/data/tol/data/darwin/insects/Anax_imperator/assembly/curated/ioAnaImpe1.1/ioAnaImpe1.hap1.1.primary.fa.gz
Anchusa_arvensis	dicots	release_reference	daAncArve1.hap1.1	daAncArve1.1	hap1	1	1	0	0	/data/tol/data/darwin/dicots/Anchusa_arvensis/assembly/curated/daAncArve1.1/daAncArve1.hap1.1.primary.fa.gz
Ancistrocerus_nigricornis	insects	release_reference	iyAncNigr1.1	iyAncNigr1.1	legacy_curated_primary	1	1	1	0	/data/tol/data/darwin/insects/Ancistrocerus_nigricornis/assembly/curated/iyAncNigr1.1/iyAncNigr1_1.curated_primary.fa
Ancylis_achatana	insects	release_reference	ilAncAcha1.1	ilAncAcha1.1	primary	1	1	0	0	/data/tol/data/darwin/insects/Ancylis_achatana/assembly/curated/ilAncAcha1.1/ilAncAcha1.1.primary.fa.gz
Ancylis_mitterbacheriana	insects	release_reference	ilAncMitt1.hap1.1	ilAncMitt1.1	hap1	1	1	0	0	/data/tol/data/darwin/insects/Ancylis_mitterbacheriana/assembly/curated/ilAncMitt1.1/ilAncMitt1.hap1.1.primary.fa.gz
Ancylis_unculana	insects	release_reference	ilAncUncu1.hap1.2	ilAncUncu1.2	hap1	1	2	0	0	/data/tol/data/darwin/insects/Ancylis_unculana/assembly/curated/ilAncUncu1.2/ilAncUncu1.hap1.2.primary.fa.gz
Andreaea_frigida	non-vascular-plants	release_reference	caAndFrig2.1	caAndFrig2.1	primary	1	1	0	0	/data/tol/data/darwin/non-vascular-plants/Andreaea_frigida/assembly/curated/caAndFrig2.1/caAndFrig2.1.primary.fa.gz
Andreaea_hookeri	non-vascular-plants	release_reference	caAndHook4.2	caAndHook4.2	primary	1	2	0	0	/data/tol/data/darwin/non-vascular-plants/Andreaea_hookeri/assembly/curated/caAndHook4.2/caAndHook4.2.primary.fa.gz
Andreaea_mutabilis	non-vascular-plants	release_reference	caAndMuta2.1	caAndMuta2.1	primary	1	1	0	0	/data/tol/data/darwin/non-vascular-plants/Andreaea_mutabilis/assembly/curated/caAndMuta2.1/caAndMuta2.1.primary.fa.gz
Andreaea_nivalis	non-vascular-plants	release_reference	caAndNiva3.2	caAndNiva3.2	primary	1	2	0	0	/data/tol/data/darwin/non-vascular-plants/Andreaea_nivalis/assembly/curated/caAndNiva3.2/caAndNiva3.2.primary.fa.gz
Andreaea_rothii	non-vascular-plants	release_reference	caAndRoth3.1	caAndRoth3.1	primary	1	1	0	0	/data/tol/data/darwin/non-vascular-plants/Andreaea_rothii/assembly/curated/caAndRoth3.1/caAndRoth3.1.primary.fa.gz
Andreaea_rupestris	non-vascular-plants	release_reference	caAndRupe3.1	caAndRupe3.1	primary	1	1	0	0	/data/tol/data/darwin/non-vascular-plants/Andreaea_rupestris/assembly/curated/caAndRupe3.1/caAndRupe3.1.primary.fa.gz
Andrena_angustior	insects	release_reference	iyAndAngu1.1	iyAndAngu1.1	primary	1	1	0	0	/data/tol/data/darwin/insects/Andrena_angustior/assembly/curated/iyAndAngu1.1/iyAndAngu1.1.primary.fa.gz
Andrena_apicata	insects	release_reference	iyAndApic1.hap2.1	iyAndApic1.1	hap2	1	1	0	0	/data/tol/data/darwin/insects/Andrena_apicata/assembly/curated/iyAndApic1.1/iyAndApic1.hap2.1.primary.fa.gz
Andrena_barbilabris	insects	release_reference	iyAndBarb2.1	iyAndBarb2.1	primary	1	1	0	0	/data/tol/data/darwin/insects/Andrena_barbilabris/assembly/curated/iyAndBarb2.1/iyAndBarb2.1.primary.fa.gz
Andrena_bicolor	insects	release_reference	iyAndBico1.1	iyAndBico1.1	primary	1	1	0	0	/data/tol/data/darwin/insects/Andrena_bicolor/assembly/curated/iyAndBico1.1/iyAndBico1.1.primary.fa.gz
Andrena_bucephala	insects	release_reference	iyAndBuce1.1	iyAndBuce1.1	primary	1	1	2	0	/data/tol/data/darwin/insects/Andrena_bucephala/assembly/curated/iyAndBuce1.1/iyAndBuce1.1.primary.fa.gz
Andrena_chrysosceles	insects	release_reference	iyAndChry1.1	iyAndChry1.1	primary	1	1	0	0	/data/tol/data/darwin/insects/Andrena_chrysosceles/assembly/curated/iyAndChry1.1/iyAndChry1.1.primary.fa.gz
Andrena_clarkella	insects	release_reference	iyAndClar1.hap2.1	iyAndClar1.1	hap2	1	1	0	0	/data/tol/data/darwin/insects/Andrena_clarkella/assembly/curated/iyAndClar1.1/iyAndClar1.hap2.1.primary.fa.gz
Andrena_denticulata	insects	release_reference	iyAndDent1.hap1.1	iyAndDent1.1	hap1	1	1	0	0	/data/tol/data/darwin/insects/Andrena_denticulata/assembly/curated/iyAndDent1.1/iyAndDent1.hap1.1.primary.fa.gz
Andrena_dorsata	insects	release_reference	iyAndDors1.1	iyAndDors1.1	primary	1	1	2	0	/data/tol/data/darwin/insects/Andrena_dorsata/assembly/curated/iyAndDors1.1/iyAndDors1.1.primary.fa.gz
Andrena_flavipes	insects	release_reference	iyAndFlav1.1	iyAndFlav1.1	primary	1	1	0	0	/data/tol/data/darwin/insects/Andrena_flavipes/assembly/curated/iyAndFlav1.1/iyAndFlav1.1.primary.fa.gz
Andrena_florea	insects	release_reference	iyAndFlor1.hap1.1	iyAndFlor1.1	hap1	1	1	0	0	/data/tol/data/darwin/insects/Andrena_florea/assembly/curated/iyAndFlor1.1/iyAndFlor1.hap1.1.primary.fa.gz
Andrena_fulva	insects	release_reference	iyAndFulv1.1	iyAndFulv1.1	primary	1	1	1	0	/data/tol/data/darwin/insects/Andrena_fulva/assembly/curated/iyAndFulv1.1/iyAndFulv1.1.primary.fa.gz
Andrena_haemorrhoa	insects	release_reference	iyAndHaem1.1	iyAndHaem1.1	primary	1	1	1	0	/data/tol/data/darwin/insects/Andrena_haemorrhoa/assembly/curated/iyAndHaem1.1/iyAndHaem1.1.primary.fa.gz
Andrena_hattorfiana	insects	release_reference	iyAndHatt1.2	iyAndHatt1.2	primary	1	2	1	0	/data/tol/data/darwin/insects/Andrena_hattorfiana/assembly/curated/iyAndHatt1.2/iyAndHatt1.2.primary.fa.gz
Andrena_helvola	insects	release_reference	iyAndHelv1.1	iyAndHelv1.1	primary	1	1	1	0	/data/tol/data/darwin/insects/Andrena_helvola/assembly/curated/iyAndHelv1.1/iyAndHelv1.1.primary.fa.gz
Andrena_marginata	insects	release_reference	iyAndMarg1.1	iyAndMarg1.1	primary	1	1	0	0	/data/tol/data/darwin/insects/Andrena_marginata/assembly/curated/iyAndMarg1.1/iyAndMarg1.1.primary.fa.gz
Andrena_minutula	insects	release_reference	iyAndMinu1.1	iyAndMinu1.1	primary	1	1	0	0	/data/tol/data/darwin/insects/Andrena_minutula/assembly/curated/iyAndMinu1.1/iyAndMinu1.1.primary.fa.gz
Andrena_nitida	insects	release_reference	iyAndNiti1.1	iyAndNiti1.1	primary	1	1	0	0	/data/tol/data/darwin/insects/Andrena_nitida/assembly/curated/iyAndNiti1.1/iyAndNiti1.1.primary.fa.gz
Andrena_nitidiuscula	insects	release_reference	iyAndNitd1.1	iyAndNitd1.1	primary	1	1	0	0	/data/tol/data/darwin/insects/Andrena_nitidiuscula/assembly/curated/iyAndNitd1.1/iyAndNitd1.1.primary.fa.gz
Andrena_praecox	insects	release_reference	iyAndPrae1.1	iyAndPrae1.1	primary	1	1	0	0	/data/tol/data/darwin/insects/Andrena_praecox/assembly/curated/iyAndPrae1.1/iyAndPrae1.1.primary.fa.gz
Andrena_scotica	insects	release_reference	iyAndCara2.1	iyAndCara2.1	primary	1	1	2	0	/data/tol/data/darwin/insects/Andrena_scotica/assembly/curated/iyAndCara2.1/iyAndCara2.1.primary.fa
Andrena_trimmerana	insects	release_reference	iyAndTrim1.1	iyAndTrim1.1	primary	2	2	2	0	/data/tol/data/darwin/insects/Andrena_trimmerana/assembly/curated/iyAndTrim1.1/iyAndTrim1.1.primary.fa.gz
Anerastia_lotella	insects	release_reference	ilAneLote1.hap1.1	ilAneLote1.1	hap1	1	1	0	0	/data/tol/data/darwin/insects/Anerastia_lotella/assembly/curated/ilAneLote1.1/ilAneLote1.hap1.1.primary.fa.gz
Aneugmenus_padi	insects	release_reference	iyAnePadi1.hap2.1	iyAnePadi1.1	hap2	1	1	0	0	/data/tol/data/darwin/insects/Aneugmenus_padi/assembly/curated/iyAnePadi1.1/iyAnePadi1.hap2.1.primary.fa.gz
Aneugmenus_temporalis	insects	release_reference	iyAneTemp1.hap1.1	iyAneTemp1.1	hap1	1	1	0	0	/data/tol/data/darwin/insects/Aneugmenus_temporalis/assembly/curated/iyAneTemp1.1/iyAneTemp1.hap1.1.primary.fa.gz
Angelica_archangelica	dicots	release_reference	drAngArch1.hap1.1	drAngArch1.1	hap1	1	1	0	0	/data/tol/data/darwin/dicots/Angelica_archangelica/assembly/curated/drAngArch1.1/drAngArch1.hap1.1.primary.fa.gz
Anilocra_frontalis	arthropods	release_reference	qmAniFron2.1	qmAniFron2.1	primary	1	1	0	0	/data/tol/data/darwin/arthropods/Anilocra_frontalis/assembly/curated/qmAniFron2.1/qmAniFron2.1.primary.fa.gz
Anisosticta_novemdecimpunctata	insects	release_reference	icAniNove2.1	icAniNove2.1	primary	1	1	0	0	/data/tol/data/darwin/insects/Anisosticta_novemdecimpunctata/assembly/curated/icAniNove2.1/icAniNove2.1.primary.fa.gz
Anisus_vortex	molluscs	release_reference	xgAniVort1.1	xgAniVort1.1	primary	1	1	0	0	/data/tol/data/darwin/molluscs/Anisus_vortex/assembly/curated/xgAniVort1.1/xgAniVort1.1.primary.fa.gz
Anobium_punctatum	insects	release_reference	icAnoPunc1.hap1.1	icAnoPunc1.1	hap1	1	1	0	0	/data/tol/data/darwin/insects/Anobium_punctatum/assembly/curated/icAnoPunc1.1/icAnoPunc1.hap1.1.primary.fa.gz
Anoectangium_aestivum	non-vascular-plants	release_reference	cbAnoAest3.1	cbAnoAest3.1	primary	1	1	0	0	/data/tol/data/darwin/non-vascular-plants/Anoectangium_aestivum/assembly/curated/cbAnoAest3.1/cbAnoAest3.1.primary.fa.gz
Anomodon_viticulosus	non-vascular-plants	release_reference	cbAnoViti19.1	cbAnoViti19.1	primary	1	1	0	0	/data/tol/data/darwin/non-vascular-plants/Anomodon_viticulosus/assembly/curated/cbAnoViti19.1/cbAnoViti19.1.primary.fa.gz
Anomoia_purmunda	insects	release_reference	idAnoPurm1.1	idAnoPurm1.1	primary	2	2	1	0	/data/tol/data/darwin/insects/Anomoia_purmunda/assembly/curated/idAnoPurm1.1/idAnoPurm1.1.primary.fa.gz
Anopheles_coluzzii	insects	newest_curated_no_reference		idAnoColuKW18_c001_2.1	primary	2	2	0	0	/data/tol/data/darwin/insects/Anopheles_coluzzii/assembly/curated/idAnoColuKW18_c001_2.1/idAnoColuKW18_c001_2.1.primary.fa.gz
Anoplius_caviventris	insects	release_reference	iyAnoCavi1.hap1.1	iyAnoCavi1.1	hap1	1	1	0	0	/data/tol/data/darwin/insects/Anoplius_caviventris/assembly/curated/iyAnoCavi1.1/iyAnoCavi1.hap1.1.primary.fa.gz
Anoplius_nigerrimus	insects	newer_curation_than_reference	iyAnoNige1.1	iyAnoNige1.2	primary	1	2	1	0	/data/tol/data/darwin/insects/Anoplius_nigerrimus/assembly/curated/iyAnoNige1.2/iyAnoNige1.2.primary.fa.gz
Anorthoa_munda	insects	release_reference	ilAnoMund1.1	ilAnoMund1.1	primary	1	1	0	0	/data/tol/data/darwin/insects/Anorthoa_munda/assembly/curated/ilAnoMund1.1/ilAnoMund1.1.primary.fa.gz
Anser_albifrons	birds	release_reference	bAnsAlb1.hap1.1	bAnsAlb1.1	hap1	1	1	0	0	/data/tol/data/darwin/birds/Anser_albifrons/assembly/curated/bAnsAlb1.1/bAnsAlb1.hap1.1.primary.fa.gz
Anser_anser	birds	release_reference	bAnsAns1.hap1.1	bAnsAns1.1	hap1	1	1	0	0	/data/tol/data/darwin/birds/Anser_anser/assembly/curated/bAnsAns1.1/bAnsAns1.hap1.1.primary.fa.gz
Anser_brachyrhynchus	birds	release_reference	bAnsBra1.1	bAnsBra1.1	primary	1	1	0	0	/data/tol/data/darwin/birds/Anser_brachyrhynchus/assembly/curated/bAnsBra1.1/bAnsBra1.1.primary.fa.gz
Anser_erythropus	birds	release_reference	bAnsEry1.hap1.1	bAnsEry1.1	hap1	1	1	0	0	/data/tol/data/darwin/birds/Anser_erythropus/assembly/curated/bAnsEry1.1/bAnsEry1.hap1.1.primary.fa.gz
Anser_fabalis	birds	release_reference	bAnsFab1.hap1.2	bAnsFab1.2	hap1	1	2	0	0	/data/tol/data/darwin/birds/Anser_fabalis/assembly/curated/bAnsFab1.2/bAnsFab1.hap1.2.primary.fa.gz
Anseropoda_placenta	echinoderms	release_reference	eaAnsPlac2.hap1.1	eaAnsPlac2.1	hap1	1	1	0	0	/data/tol/data/darwin/echinoderms/Anseropoda_placenta/assembly/curated/eaAnsPlac2.1/eaAnsPlac2.hap1.1.primary.fa.gz
Antedon_bifida	echinoderms	release_reference	ecAntBifi1.1	ecAntBifi1.1	primary	1	1	0	0	/data/tol/data/darwin/echinoderms/Antedon_bifida/assembly/curated/ecAntBifi1.1/ecAntBifi1.1.primary.fa.gz
Anthelia_julacea	non-vascular-plants	release_reference	cjAntJula1.1	cjAntJula1.1	primary	1	1	0	0	/data/tol/data/darwin/non-vascular-plants/Anthelia_julacea/assembly/curated/cjAntJula1.1/cjAntJula1.1.primary.fa.gz
Anthene_sylvanus	insects	release_reference	ilOchSylv3.2	ilOchSylv3.2	primary	1	2	1	0	/data/tol/data/darwin/insects/Anthene_sylvanus/assembly/curated/ilOchSylv3.2/ilOchSylv3.2.primary.fa.gz
Anthidium_manicatum	insects	release_reference	iyAntMani5.1	iyAntMani5.1	primary	1	1	0	0	/data/tol/data/darwin/insects/Anthidium_manicatum/assembly/curated/iyAntMani5.1/iyAntMani5.1.primary.fa.gz
Anthobium_unicolor	insects	release_reference	icAntUnic1.1	icAntUnic1.1	primary	1	1	0	0	/data/tol/data/darwin/insects/Anthobium_unicolor/assembly/curated/icAntUnic1.1/icAntUnic1.1.primary.fa.gz
Anthocharis_cardamines	insects	release_reference	ilAntCard3.1	ilAntCard3.1	primary	1	1	0	0	/data/tol/data/darwin/insects/Anthocharis_cardamines/assembly/curated/ilAntCard3.1/ilAntCard3.1.primary.fa.gz
Anthocomus_fasciatus	insects	release_reference	icAntFasc1.hap1.1	icAntFasc1.1	hap1	1	1	0	0	/data/tol/data/darwin/insects/Anthocomus_fasciatus/assembly/curated/icAntFasc1.1/icAntFasc1.hap1.1.primary.fa.gz
Anthocoris_confusus	insects	release_reference	ihAntConf1.hap1.1	ihAntConf1.1	hap1	1	1	0	0	/data/tol/data/darwin/insects/Anthocoris_confusus/assembly/curated/ihAntConf1.1/ihAntConf1.hap1.1.primary.fa.gz
Anthocoris_nemoralis	insects	release_reference	ihAntNemo1.1	ihAntNemo1.1	primary	1	1	0	0	/data/tol/data/darwin/insects/Anthocoris_nemoralis/assembly/curated/ihAntNemo1.1/ihAntNemo1.1.primary.fa.gz
Anthomyza_gracilis	insects	release_reference	idAntGrac1.hap1.1	idAntGrac1.1	hap1	1	1	0	0	/data/tol/data/darwin/insects/Anthomyza_gracilis/assembly/curated/idAntGrac1.1/idAntGrac1.hap1.1.primary.fa.gz
Anthonomus_pomorum	insects	release_reference	icAntPomo1.hap1.1	icAntPomo1.1	hap1	1	1	0	0	/data/tol/data/darwin/insects/Anthonomus_pomorum/assembly/curated/icAntPomo1.1/icAntPomo1.hap1.1.primary.fa.gz
Anthophila_fabriciana	insects	release_reference	ilAntFabr3.1	ilAntFabr3.1	primary	1	1	0	1	/data/tol/data/darwin/insects/Anthophila_fabriciana/assembly/curated/ilAntFabr3.1/ilAntFabr3.1.primary.fa.gz
Anthophora_plumipes	insects	release_reference	iyAntPlum1.2	iyAntPlum1.2	primary	1	2	1	0	/data/tol/data/darwin/insects/Anthophora_plumipes/assembly/curated/iyAntPlum1.2/iyAntPlum1.2.primary.fa.gz
Anthrax_anthrax	insects	release_reference	idAntAnth1.1	idAntAnth1.1	primary	1	1	0	0	/data/tol/data/darwin/insects/Anthrax_anthrax/assembly/curated/idAntAnth1.1/idAntAnth1.1.primary.fa.gz
Anthriscus_sylvestris	dicots	release_reference	drAntSylv1.hap1.1	drAntSylv1.1	hap1	1	1	0	0	/data/tol/data/darwin/dicots/Anthriscus_sylvestris/assembly/curated/drAntSylv1.1/drAntSylv1.hap1.1.primary.fa.gz
Anthus_petrosus	birds	release_reference	bAntPet1.hap1.1	bAntPet1.1	hap1	1	1	0	0	/data/tol/data/darwin/birds/Anthus_petrosus/assembly/curated/bAntPet1.1/bAntPet1.hap1.1.primary.fa.gz
Anthus_pratensis	birds	release_reference	bAntPra1.hap1.1	bAntPra1.1	hap1	1	1	0	0	/data/tol/data/darwin/birds/Anthus_pratensis/assembly/curated/bAntPra1.1/bAntPra1.hap1.1.primary.fa.gz
Anthus_trivialis	birds	release_reference	bAntTri1.hap1.1	bAntTri1.1	hap1	1	1	0	0	/data/tol/data/darwin/birds/Anthus_trivialis/assembly/curated/bAntTri1.1/bAntTri1.hap1.1.primary.fa.gz
Anthyllis_vulneraria	dicots	release_reference	drAntVuln1.hap1.1	drAntVuln1.1	hap1	1	1	0	0	/data/tol/data/darwin/dicots/Anthyllis_vulneraria/assembly/curated/drAntVuln1.1/drAntVuln1.hap1.1.primary.fa.gz
Anticlea_derivata	insects	release_reference	ilAntDeri1.1	ilAntDeri1.1	primary	1	1	0	0	/data/tol/data/darwin/insects/Anticlea_derivata/assembly/curated/ilAntDeri1.1/ilAntDeri1.1.primary.fa.gz
Antitrichia_curtipendula	non-vascular-plants	release_reference	cbAntCurt1.1	cbAntCurt1.1	primary	1	1	0	0	/data/tol/data/darwin/non-vascular-plants/Antitrichia_curtipendula/assembly/curated/cbAntCurt1.1/cbAntCurt1.1.primary.fa.gz
Antitype_chi	insects	release_reference	ilAntChix2.1	ilAntChix2.1	primary	1	1	1	0	/data/tol/data/darwin/insects/Antitype_chi/assembly/curated/ilAntChix2.1/ilAntChix2.1.primary.fa.gz
Anyphaena_accentuata	arthropods	release_reference	qqAnyAcce1.hap1.1	qqAnyAcce1.1	hap1	1	1	0	0	/data/tol/data/darwin/arthropods/Anyphaena_accentuata/assembly/curated/qqAnyAcce1.1/qqAnyAcce1.hap1.1.primary.fa.gz
Anyphaena_sabina	arthropods	newest_curated_no_reference		qqAnySabi1.1	hap1	1	1	0	0	/data/tol/data/darwin/arthropods/Anyphaena_sabina/assembly/curated/qqAnySabi1.1/qqAnySabi1.hap1.1.primary.fa.gz
Apaeleticus_inimicus	insects	release_reference	iyApaInim1.hap1.1	iyApaInim1.1	hap1	1	1	0	0	/data/tol/data/darwin/insects/Apaeleticus_inimicus/assembly/curated/iyApaInim1.1/iyApaInim1.hap1.1.primary.fa.gz
Apamea_anceps	insects	release_reference	ilApaAnce1.1	ilApaAnce1.1	primary	1	1	0	0	/data/tol/data/darwin/insects/Apamea_anceps/assembly/curated/ilApaAnce1.1/ilApaAnce1.1.primary.fa.gz
Apamea_crenata	insects	release_reference	ilApaCren1.1	ilApaCren1.1	primary	1	1	0	0	/data/tol/data/darwin/insects/Apamea_crenata/assembly/curated/ilApaCren1.1/ilApaCren1.1.primary.fa.gz
Apamea_epomidion	insects	release_reference	ilApaEpom1.1	ilApaEpom1.1	primary	1	1	0	0	/data/tol/data/darwin/insects/Apamea_epomidion/assembly/curated/ilApaEpom1.1/ilApaEpom1.1.primary.fa.gz
Apamea_lithoxylaea	insects	release_reference	ilApaLith1.hap1.1	ilApaLith1.1	hap1	1	1	0	0	/data/tol/data/darwin/insects/Apamea_lithoxylaea/assembly/curated/ilApaLith1.1/ilApaLith1.hap1.1.primary.fa.gz
Apamea_monoglypha	insects	release_reference	ilApaMono1.2	ilApaMono1.2	primary	1	2	0	0	/data/tol/data/darwin/insects/Apamea_monoglypha/assembly/curated/ilApaMono1.2/ilApaMono1.2.primary.fa.gz
Apamea_scolopacina	insects	release_reference	ilApaScol1.hap1.1	ilApaScol1.1	hap1	1	1	0	0	/data/tol/data/darwin/insects/Apamea_scolopacina/assembly/curated/ilApaScol1.1/ilApaScol1.hap1.1.primary.fa.gz
Apamea_sordens	insects	release_reference	ilApaSord1.1	ilApaSord1.1	primary	1	1	0	0	/data/tol/data/darwin/insects/Apamea_sordens/assembly/curated/ilApaSord1.1/ilApaSord1.1.primary.fa.gz
Apamea_sublustris	insects	release_reference	ilApaSubl1.hap1.1	ilApaSubl1.1	hap1	1	1	0	0	/data/tol/data/darwin/insects/Apamea_sublustris/assembly/curated/ilApaSubl1.1/ilApaSubl1.hap1.1.primary.fa.gz
Apamea_unanimis	insects	release_reference	ilApaUnan1.hap1.1	ilApaUnan1.1	hap1	1	1	0	0	/data/tol/data/darwin/insects/Apamea_unanimis/assembly/curated/ilApaUnan1.1/ilApaUnan1.hap1.1.primary.fa.gz
Apechthis_compunctor	insects	release_reference	iyApeComp1.hap1.1	iyApeComp1.1	hap1	1	1	0	0	/data/tol/data/darwin/insects/Apechthis_compunctor/assembly/curated/iyApeComp1.1/iyApeComp1.hap1.1.primary.fa.gz
Apeira_syringaria	insects	release_reference	ilApeSyri1.1	ilApeSyri1.1	primary	1	1	1	0	/data/tol/data/darwin/insects/Apeira_syringaria/assembly/curated/ilApeSyri1.1/ilApeSyri1.1.primary.fa.gz
Aphantopus_hyperantus	insects	release_reference	iAphHyp1.2	iAphHyp1.2	primary	2	3	0	0	/data/tol/data/darwin/insects/Aphantopus_hyperantus/assembly/curated/iAphHyp1.2/iAphHyp1.2.primary.fa.gz
Aphelia_paleana	insects	release_reference	ilAphPale1.hap1.1	ilAphPale1.1	hap1	1	1	0	0	/data/tol/data/darwin/insects/Aphelia_paleana/assembly/curated/ilAphPale1.1/ilAphPale1.hap1.1.primary.fa.gz
Aphelia_viburniana	insects	release_reference	ilAphVibr1.hap1.1	ilAphVibr1.1	hap1	1	1	0	0	/data/tol/data/darwin/insects/Aphelia_viburniana/assembly/curated/ilAphVibr1.1/ilAphVibr1.hap1.1.primary.fa.gz
Aphidecta_obliterata	insects	release_reference	icAphObli1.1	icAphObli1.1	primary	1	1	0	0	/data/tol/data/darwin/insects/Aphidecta_obliterata/assembly/curated/icAphObli1.1/icAphObli1.1.primary.fa.gz
Aphodius_ater	insects	release_reference	icAphAter1.hap1.1	icAphAter1.1	hap1	1	1	0	0	/data/tol/data/darwin/insects/Aphodius_ater/assembly/curated/icAphAter1.1/icAphAter1.hap1.1.primary.fa.gz
Aphodius_fimetarius	insects	release_reference	icAphFime1.1	icAphFime1.1	primary	1	1	0	0	/data/tol/data/darwin/insects/Aphodius_fimetarius/assembly/curated/icAphFime1.1/icAphFime1.1.primary.fa.gz
Aphodius_granarius	insects	release_reference	icAphGran1.1	icAphGran1.1	primary	1	1	0	0	/data/tol/data/darwin/insects/Aphodius_granarius/assembly/curated/icAphGran1.1/icAphGran1.1.primary.fa.gz
Aphodius_sticticus	insects	release_reference	icAphStic4.1	icAphStic4.1	primary	1	1	0	1	/data/tol/data/darwin/insects/Aphodius_sticticus/assembly/curated/icAphStic4.1/icAphStic4.1.primary.fa.gz
Aphomia_sociella	insects	release_reference	ilAphSoci2.hap1.1	ilAphSoci2.1	hap1	1	1	0	0	/data/tol/data/darwin/insects/Aphomia_sociella/assembly/curated/ilAphSoci2.1/ilAphSoci2.hap1.1.primary.fa.gz
Aphthona_herbigrada	insects	release_reference	icAphHerb1.1	icAphHerb1.1	primary	1	1	0	0	/data/tol/data/darwin/insects/Aphthona_herbigrada/assembly/curated/icAphHerb1.1/icAphHerb1.1.primary.fa.gz
Aphthona_nonstriata	insects	release_reference	icAphNons1.hap1.1	icAphNons1.1	hap1	1	1	0	0	/data/tol/data/darwin/insects/Aphthona_nonstriata/assembly/curated/icAphNons1.1/icAphNons1.hap1.1.primary.fa.gz
Apis_mellifera	insects	newest_curated_no_reference		iyApiMell7.1	primary	1	1	0	0	/data/tol/data/darwin/insects/Apis_mellifera/assembly/curated/iyApiMell7.1/iyApiMell7.1.primary.fa.gz
Aplasta_ononaria	insects	release_reference	ilAplOnon1.hap1.1	ilAplOnon1.1	hap1	1	1	0	0	/data/tol/data/darwin/insects/Aplasta_ononaria/assembly/curated/ilAplOnon1.1/ilAplOnon1.hap1.1.primary.fa.gz
Aplidium_pallidum	chordates	release_reference	kaAplPall1.1	kaAplPall1.1	primary	1	1	0	0	/data/tol/data/darwin/chordates/Aplidium_pallidum/assembly/curated/kaAplPall1.1/kaAplPall1.1.primary.fa.gz
Aplidium_turbinatum	chordates	release_reference	kaAplTurb1.1	kaAplTurb1.1	primary	1	1	0	0	/data/tol/data/darwin/chordates/Aplidium_turbinatum/assembly/curated/kaAplTurb1.1/kaAplTurb1.1.primary.fa.gz
Aplocera_efformata	insects	release_reference	ilAplEffo1.1	ilAplEffo1.1	primary	1	1	0	0	/data/tol/data/darwin/insects/Aplocera_efformata/assembly/curated/ilAplEffo1.1/ilAplEffo1.1.primary.fa.gz
Aplocera_plagiata	insects	release_reference	ilAplPlag1.hap1.1	ilAplPlag1.1	hap1	1	1	0	0	/data/tol/data/darwin/insects/Aplocera_plagiata/assembly/curated/ilAplPlag1.1/ilAplPlag1.hap1.1.primary.fa.gz
Aplotarsus_incanus	insects	release_reference	icAplInca1.hap1.1	icAplInca1.1	hap1	1	1	0	0	/data/tol/data/darwin/insects/Aplotarsus_incanus/assembly/curated/icAplInca1.1/icAplInca1.hap1.1.primary.fa.gz
Apocheima_hispidaria	insects	release_reference	ilApoHisp1.1	ilApoHisp1.1	primary	1	1	0	0	/data/tol/data/darwin/insects/Apocheima_hispidaria/assembly/curated/ilApoHisp1.1/ilApoHisp1.1.primary.fa.gz
Apoda_limacodes	insects	release_reference	ilApoLima1.1	ilApoLima1.1	primary	1	1	0	0	/data/tol/data/darwin/insects/Apoda_limacodes/assembly/curated/ilApoLima1.1/ilApoLima1.1.primary.fa.gz
Apodemus_sylvaticus	mammals	release_reference	mApoSyl1.1	mApoSyl1.1	primary	1	1	0	0	/data/tol/data/darwin/mammals/Apodemus_sylvaticus/assembly/curated/mApoSyl1.1/mApoSyl1.1.primary.fa.gz
Apoderus_coryli	insects	release_reference	icApoCory1.2	icApoCory1.2	primary	1	2	1	0	/data/tol/data/darwin/insects/Apoderus_coryli/assembly/curated/icApoCory1.2/icApoCory1.2.primary.fa.gz
Apomyelois_bistriatella	insects	release_reference	ilApoBist1.1	ilApoBist1.1	primary	1	1	1	0	/data/tol/data/darwin/insects/Apomyelois_bistriatella/assembly/curated/ilApoBist1.1/ilApoBist1.1.primary.fa.gz
Aponogeton_distachyos	monocots	release_reference	laApoDist1.hap2.1	laApoDist1.1	hap2	1	1	0	0	/data/tol/data/darwin/monocots/Aponogeton_distachyos/assembly/curated/laApoDist1.1/laApoDist1.hap2.1.primary.fa.gz
Aporia_crataegi	insects	newer_curation_than_reference	ilApoCrat1.1	ilApoCrat1.2	primary	1	2	1	0	/data/tol/data/darwin/insects/Aporia_crataegi/assembly/curated/ilApoCrat1.2/ilApoCrat1.2.primary.fa.gz
Aporophyla_australis	insects	release_reference	ilApoAust1.hap1.1	ilApoAust1.1	hap1	1	1	0	0	/data/tol/data/darwin/insects/Aporophyla_australis/assembly/curated/ilApoAust1.1/ilApoAust1.hap1.1.primary.fa.gz
Aporophyla_lueneburgensis	insects	release_reference	ilApoLuen1.1	ilApoLuen1.1	primary	1	1	0	0	/data/tol/data/darwin/insects/Aporophyla_lueneburgensis/assembly/curated/ilApoLuen1.1/ilApoLuen1.1.primary.fa.gz
Aporophyla_nigra	insects	release_reference	ilApoNigr3.1	ilApoNigr3.1	primary	1	1	0	0	/data/tol/data/darwin/insects/Aporophyla_nigra/assembly/curated/ilApoNigr3.1/ilApoNigr3.1.primary.fa.gz
Aporrectodea_caliginosa	annelids	release_reference	wcApoCali1.hap1.1	wcApoCali1.1	hap1	1	1	0	0	/data/tol/data/darwin/annelids/Aporrectodea_caliginosa/assembly/curated/wcApoCali1.1/wcApoCali1.hap1.1.primary.fa.gz
Aporrectodea_icterica	annelids	release_reference	wcApoIcte1.1	wcApoIcte1.1	primary	1	1	0	0	/data/tol/data/darwin/annelids/Aporrectodea_icterica/assembly/curated/wcApoIcte1.1/wcApoIcte1.1.primary.fa.gz
Apotomis_betuletana	insects	release_reference	ilApoBetu1.1	ilApoBetu1.1	primary	1	1	1	0	/data/tol/data/darwin/insects/Apotomis_betuletana/assembly/curated/ilApoBetu1.1/ilApoBetu1.1.primary.fa.gz
Apotomis_capreana	insects	release_reference	ilApoCapr1.1	ilApoCapr1.1	primary	1	1	1	0	/data/tol/data/darwin/insects/Apotomis_capreana/assembly/curated/ilApoCapr1.1/ilApoCapr1.1.primary.fa.gz
Apotomis_turbidana	insects	release_reference	ilApoTurb1.2	ilApoTurb1.2	primary	1	2	1	0	/data/tol/data/darwin/insects/Apotomis_turbidana/assembly/curated/ilApoTurb1.2/ilApoTurb1.2.primary.fa.gz
Aproaerema_taeniolella	insects	release_reference	ilAprTaen1.1	ilAprTaen1.1	primary	1	1	0	0	/data/tol/data/darwin/insects/Aproaerema_taeniolella/assembly/curated/ilAprTaen1.1/ilAprTaen1.1.primary.fa.gz
Aproaerema_vinella	insects	release_reference	ilAprVine1.hap1.1	ilAprVine1.1	hap1	1	1	0	0	/data/tol/data/darwin/insects/Aproaerema_vinella/assembly/curated/ilAprVine1.1/ilAprVine1.hap1.1.primary.fa.gz
Aproceros_leucopoda	insects	release_reference	iyAprLeuc1.hap1.1	iyAprLeuc1.1	hap1	1	1	0	0	/data/tol/data/darwin/insects/Aproceros_leucopoda/assembly/curated/iyAprLeuc1.1/iyAprLeuc1.hap1.1.primary.fa.gz
Aquila_chrysaetos	birds	release_reference	bAquChr1.4	bAquChr1.4	primary	1	4	0	0	/data/tol/data/darwin/birds/Aquila_chrysaetos/assembly/curated/bAquChr1.4/bAquChr1.4.primary.fa.gz
Aquila_chrysaetos_chrysaetos	birds	release_reference	bAquChr1.4	bAquChr1.4	primary	1	4	0	0	/data/tol/data/darwin/birds/Aquila_chrysaetos_chrysaetos/assembly/curated/bAquChr1.4/bAquChr1.4.primary.fa.gz
Aquilegia_vulgaris	dicots	release_reference	dmAquVulg1.hap1.1	dmAquVulg1.1	hap1	1	1	0	0	/data/tol/data/darwin/dicots/Aquilegia_vulgaris/assembly/curated/dmAquVulg1.1/dmAquVulg1.hap1.1.primary.fa.gz
Ara_militaris	birds	newest_curated_no_reference		bAraMil1.1	hap1	1	1	0	0	/data/tol/data/darwin/birds/Ara_militaris/assembly/curated/bAraMil1.1/bAraMil1.hap1.1.primary.fa.gz
Arabidopsis_thaliana	dicots	newest_curated_no_reference		ddAraThal4.1	primary	1	1	0	0	/data/tol/data/darwin/dicots/Arabidopsis_thaliana/assembly/curated/ddAraThal4.1/ddAraThal4.1.primary.fa.gz
Arabis_hirsuta	dicots	release_reference	ddAraHirs1.hap1.1	ddAraHirs1.1	hap1	1	1	0	0	/data/tol/data/darwin/dicots/Arabis_hirsuta/assembly/curated/ddAraHirs1.1/ddAraHirs1.hap1.1.primary.fa.gz
Aradus_depressus	insects	release_reference	ihAraDepr1.1	ihAraDepr1.1	primary	1	1	0	0	/data/tol/data/darwin/insects/Aradus_depressus/assembly/curated/ihAraDepr1.1/ihAraDepr1.1.primary.fa.gz
Aradus_truncatus	insects	release_reference	ihAraTrun1.hap1.1	ihAraTrun1.1	hap1	1	1	0	0	/data/tol/data/darwin/insects/Aradus_truncatus/assembly/curated/ihAraTrun1.1/ihAraTrun1.hap1.1.primary.fa.gz
Araneus_angulatus	arthropods	release_reference	qqAraAngu1.hap1.1	qqAraAngu1.1	hap1	1	1	0	0	/data/tol/data/darwin/arthropods/Araneus_angulatus/assembly/curated/qqAraAngu1.1/qqAraAngu1.hap1.1.primary.fa.gz
Araneus_marmoreus	arthropods	release_reference	qqAraMarm1.hap1.1	qqAraMarm1.1	hap1	1	1	0	0	/data/tol/data/darwin/arthropods/Araneus_marmoreus/assembly/curated/qqAraMarm1.1/qqAraMarm1.hap1.1.primary.fa.gz
Araneus_quadratus	arthropods	release_reference	qqAraQuad2.hap1.1	qqAraQuad2.1	hap1	1	1	0	0	/data/tol/data/darwin/arthropods/Araneus_quadratus/assembly/curated/qqAraQuad2.1/qqAraQuad2.hap1.1.primary.fa.gz
Araniella_cucurbitina	arthropods	release_reference	qqAraCucu1.hap2.1	qqAraCucu1.1	hap2	1	1	0	0	/data/tol/data/darwin/arthropods/Araniella_cucurbitina/assembly/curated/qqAraCucu1.1/qqAraCucu1.hap2.1.primary.fa.gz
Arbutus_unedo	dicots	newest_curated_no_reference		ddArbUned1.1	hap1	1	1	0	0	/data/tol/data/darwin/dicots/Arbutus_unedo/assembly/curated/ddArbUned1.1/ddArbUned1.hap1.1.primary.fa.gz
Archanara_dissoluta	insects	release_reference	ilArcDiss1.hap1.1	ilArcDiss1.1	hap1	1	1	0	0	/data/tol/data/darwin/insects/Archanara_dissoluta/assembly/curated/ilArcDiss1.1/ilArcDiss1.hap1.1.primary.fa.gz
Archiearis_parthenias	insects	release_reference	ilArcPart1.hap1.1	ilArcPart1.1	hap1	1	1	0	0	/data/tol/data/darwin/insects/Archiearis_parthenias/assembly/curated/ilArcPart1.1/ilArcPart1.hap1.1.primary.fa.gz
Archips_crataeganus	insects	release_reference	ilArcCraa1.1	ilArcCraa1.1	primary	1	1	0	0	/data/tol/data/darwin/insects/Archips_crataeganus/assembly/curated/ilArcCraa1.1/ilArcCraa1.1.primary.fa.gz
Archips_podanus	insects	release_reference	ilArcPodn1.1	ilArcPodn1.1	primary	1	1	1	0	/data/tol/data/darwin/insects/Archips_podanus/assembly/curated/ilArcPodn1.1/ilArcPodn1.1.primary.fa.gz
Archips_xylosteana	insects	release_reference	ilArcXylo1.1	ilArcXylo1.1	primary	1	1	0	0	/data/tol/data/darwin/insects/Archips_xylosteana/assembly/curated/ilArcXylo1.1/ilArcXylo1.1.primary.fa.gz
Arctia_villica	insects	release_reference	ilArcVill1.hap1.1	ilArcVill1.1	hap1	1	1	0	0	/data/tol/data/darwin/insects/Arctia_villica/assembly/curated/ilArcVill1.1/ilArcVill1.hap1.1.primary.fa.gz
Arctium_lappa	dicots	release_reference	daArcLapp1.hap1.1	daArcLapp1.1	hap1	1	1	0	0	/data/tol/data/darwin/dicots/Arctium_lappa/assembly/curated/daArcLapp1.1/daArcLapp1.hap1.1.primary.fa.gz
Arctium_minus	dicots	release_reference	daArcMinu1.1	daArcMinu1.1	primary	1	1	0	1	/data/tol/data/darwin/dicots/Arctium_minus/assembly/curated/daArcMinu1.1/daArcMinu1.1.primary.fa.gz
Arctosa_perita	arthropods	release_reference	qqArcPeri1.hap2.1	qqArcPeri1.1	hap2	1	1	0	0	/data/tol/data/darwin/arthropods/Arctosa_perita/assembly/curated/qqArcPeri1.1/qqArcPeri1.hap2.1.primary.fa.gz
Arcuatula_senhousia	molluscs	release_reference	xbArcSenh1.1	xbArcSenh1.1	primary	1	1	0	0	/data/tol/data/darwin/molluscs/Arcuatula_senhousia/assembly/curated/xbArcSenh1.1/xbArcSenh1.1.primary.fa.gz
Ardea_cinerea	birds	release_reference	bArdCin1.hap1.1	bArdCin1.1	hap1	1	1	0	0	/data/tol/data/darwin/birds/Ardea_cinerea/assembly/curated/bArdCin1.1/bArdCin1.hap1.1.primary.fa.gz
Arenaria_serpyllifolia	dicots	release_reference	dcAreSerp1.hap1.1	dcAreSerp1.1	hap1	1	1	0	0	/data/tol/data/darwin/dicots/Arenaria_serpyllifolia/assembly/curated/dcAreSerp1.1/dcAreSerp1.hap1.1.primary.fa.gz
Arenicola_marina	annelids	release_reference	wuAreMari1.1	wuAreMari1.1	primary	1	1	0	0	/data/tol/data/darwin/annelids/Arenicola_marina/assembly/curated/wuAreMari1.1/wuAreMari1.1.primary.fa.gz
Arenostola_phragmitidis	insects	release_reference	ilArePhra2.hap1.1	ilArePhra2.1	hap1	1	1	0	0	/data/tol/data/darwin/insects/Arenostola_phragmitidis/assembly/curated/ilArePhra2.1/ilArePhra2.hap1.1.primary.fa.gz
Arge_berberidis	insects	release_reference	iyArgBerb1.1	iyArgBerb1.1	primary	1	1	0	0	/data/tol/data/darwin/insects/Arge_berberidis/assembly/curated/iyArgBerb1.1/iyArgBerb1.1.primary.fa.gz
Arge_ochropus	insects	release_reference	iyArgOchr1.1	iyArgOchr1.1	primary	1	1	0	0	/data/tol/data/darwin/insects/Arge_ochropus/assembly/curated/iyArgOchr1.1/iyArgOchr1.1.primary.fa.gz
Arge_pagana	insects	release_reference	iyArgPaga1.1	iyArgPaga1.1	primary	1	1	0	0	/data/tol/data/darwin/insects/Arge_pagana/assembly/curated/iyArgPaga1.1/iyArgPaga1.1.primary.fa.gz
Arge_ustulata	insects	release_reference	iyArgUstu1.hap2.1	iyArgUstu1.1	hap2	1	1	0	0	/data/tol/data/darwin/insects/Arge_ustulata/assembly/curated/iyArgUstu1.1/iyArgUstu1.hap2.1.primary.fa.gz
Argiope_bruennichi	arthropods	release_reference	qqArgBrue1.1	qqArgBrue1.1	primary	1	1	0	0	/data/tol/data/darwin/arthropods/Argiope_bruennichi/assembly/curated/qqArgBrue1.1/qqArgBrue1.1.primary.fa.gz
Argynnis_aglaja	insects	release_reference	ilArgAgla1.hap1.1	ilArgAgla1.1	hap1	1	1	0	0	/data/tol/data/darwin/insects/Argynnis_aglaja/assembly/curated/ilArgAgla1.1/ilArgAgla1.hap1.1.primary.fa.gz
Argyra_leucocephala	insects	release_reference	idArgLeuc1.1	idArgLeuc1.1	primary	1	1	0	0	/data/tol/data/darwin/insects/Argyra_leucocephala/assembly/curated/idArgLeuc1.1/idArgLeuc1.1.primary.fa.gz
Argyresthia_albistria	insects	release_reference	ilArgAlbi2.1	ilArgAlbi2.1	primary	1	1	0	0	/data/tol/data/darwin/insects/Argyresthia_albistria/assembly/curated/ilArgAlbi2.1/ilArgAlbi2.1.primary.fa.gz
Argyresthia_cupressella	insects	release_reference	ilArgCupr1.hap1.1	ilArgCupr1.1	hap1	1	1	0	0	/data/tol/data/darwin/insects/Argyresthia_cupressella/assembly/curated/ilArgCupr1.1/ilArgCupr1.hap1.1.primary.fa.gz
Argyresthia_goedartella	insects	release_reference	ilArgGoed1.1	ilArgGoed1.1	primary	1	1	0	0	/data/tol/data/darwin/insects/Argyresthia_goedartella/assembly/curated/ilArgGoed1.1/ilArgGoed1.1.primary.fa.gz
Argyresthia_praecocella	insects	release_reference	ilArgPrae1.hap1.1	ilArgPrae1.1	hap1	1	1	0	0	/data/tol/data/darwin/insects/Argyresthia_praecocella/assembly/curated/ilArgPrae1.1/ilArgPrae1.hap1.1.primary.fa.gz
Arhopalus_rusticus	insects	newer_curation_than_reference	icArhRust1.hap1.1	icArhRust1.3	hap1	1	3	0	0	/data/tol/data/darwin/insects/Arhopalus_rusticus/assembly/curated/icArhRust1.3/icArhRust1.hap1.3.primary.fa.gz
Aria_edulis	dicots	release_reference	drAriEdul1.hap1.1	drAriEdul1.1	hap1	1	1	0	0	/data/tol/data/darwin/dicots/Aria_edulis/assembly/curated/drAriEdul1.1/drAriEdul1.hap1.1.primary.fa.gz
Arianta_arbustorum	molluscs	release_reference	xgAriArbu4.1	xgAriArbu4.1	primary	1	1	0	0	/data/tol/data/darwin/molluscs/Arianta_arbustorum/assembly/curated/xgAriArbu4.1/xgAriArbu4.1.primary.fa.gz
Aricia_agestis	insects	release_reference	ilAriAges1.1	ilAriAges1.1	primary	2	2	1	0	/data/tol/data/darwin/insects/Aricia_agestis/assembly/curated/ilAriAges1.1/ilAriAges1.1.primary.fa.gz
Aricia_artaxerxes	insects	release_reference	ilAriArta2.1	ilAriArta2.1	primary	1	1	1	0	/data/tol/data/darwin/insects/Aricia_artaxerxes/assembly/curated/ilAriArta2.1/ilAriArta2.1.primary.fa.gz
Aristotelia_ericinella	insects	release_reference	ilAriEric1.hap1.1	ilAriEric1.1	hap1	1	1	0	0	/data/tol/data/darwin/insects/Aristotelia_ericinella/assembly/curated/ilAriEric1.1/ilAriEric1.hap1.1.primary.fa.gz
Aritranis_director	insects	release_reference	iyAriDire1.1	iyAriDire1.1	primary	1	1	0	0	/data/tol/data/darwin/insects/Aritranis_director/assembly/curated/iyAriDire1.1/iyAriDire1.1.primary.fa.gz
Armillaria_ostoyae	fungi	newest_curated_no_reference		gfArmOsto1.1	primary	1	1	0	0	/data/tol/data/darwin/fungi/Armillaria_ostoyae/assembly/curated/gfArmOsto1.1/gfArmOsto1.1.primary.fa.gz
Armoracia_rusticana	dicots	release_reference	ddArmRust1.hap2.1	ddArmRust1.1	hap2	1	1	0	0	/data/tol/data/darwin/dicots/Armoracia_rusticana/assembly/curated/ddArmRust1.1/ddArmRust1.hap2.1.primary.fa.gz
Aromia_moschata	insects	release_reference	icAroMosc1.hap1.1	icAroMosc1.1	hap1	1	1	0	0	/data/tol/data/darwin/insects/Aromia_moschata/assembly/curated/icAroMosc1.1/icAroMosc1.hap1.1.primary.fa.gz
Artemisia_norvegica	dicots	release_reference	daArtNorv1.hap1.1	daArtNorv1.1	hap1	1	1	0	0	/data/tol/data/darwin/dicots/Artemisia_norvegica/assembly/curated/daArtNorv1.1/daArtNorv1.hap1.1.primary.fa.gz
Arthaldeus_pascuellus	insects	release_reference	ihArtPasu2.1	ihArtPasu2.1	primary	1	1	0	0	/data/tol/data/darwin/insects/Arthaldeus_pascuellus/assembly/curated/ihArtPasu2.1/ihArtPasu2.1.primary.fa.gz
Arvicola_amphibius	mammals	release_reference	mArvAmp1.2	mArvAmp1.2	primary	1	2	0	0	/data/tol/data/darwin/mammals/Arvicola_amphibius/assembly/curated/mArvAmp1.2/mArvAmp1.2.primary.fa.gz
Ascidia_mentula	chordates	release_reference	kaAscMent1.1	kaAscMent1.1	primary	1	1	0	0	/data/tol/data/darwin/chordates/Ascidia_mentula/assembly/curated/kaAscMent1.1/kaAscMent1.1.primary.fa.gz
Ascidiella_aspersa	chordates	release_reference	kaAscAspe10.2	kaAscAspe10.2	primary	1	2	0	0	/data/tol/data/darwin/chordates/Ascidiella_aspersa/assembly/curated/kaAscAspe10.2/kaAscAspe10.2.primary.fa.gz
Ascidiella_scabra	chordates	release_reference	kaAscScab1.hap1.1	kaAscScab1.1	hap1	1	1	0	0	/data/tol/data/darwin/chordates/Ascidiella_scabra/assembly/curated/kaAscScab1.1/kaAscScab1.hap1.1.primary.fa.gz
Asellus_aquaticus	arthropods	release_reference	qmAseAqua29.1	qmAseAqua29.1	primary	1	1	0	0	/data/tol/data/darwin/arthropods/Asellus_aquaticus/assembly/curated/qmAseAqua29.1/qmAseAqua29.1.primary.fa.gz
Aspidapion_aeneum	insects	release_reference	icAspAene1.1	icAspAene1.1	primary	1	1	2	0	/data/tol/data/darwin/insects/Aspidapion_aeneum/assembly/curated/icAspAene1.1/icAspAene1.1.primary.fa.gz
Aspilapteryx_tringipennella	insects	release_reference	ilAspTrin1.1	ilAspTrin1.1	primary	1	1	1	0	/data/tol/data/darwin/insects/Aspilapteryx_tringipennella/assembly/curated/ilAspTrin1.1/ilAspTrin1.1.primary.fa.gz
Aspitates_ochrearia	insects	release_reference	ilAspOchr2.1	ilAspOchr2.1	primary	1	1	0	1	/data/tol/data/darwin/insects/Aspitates_ochrearia/assembly/curated/ilAspOchr2.1/ilAspOchr2.1.primary.fa.gz
Asterias_rubens	echinoderms	release_reference	eAstRub1.3	eAstRub1.3	primary	1	3	0	0	/data/tol/data/darwin/echinoderms/Asterias_rubens/assembly/curated/eAstRub1.3/eAstRub1.3.primary.fa.gz
Asterina_gibbosa_Pennant_1777	echinoderms	newest_curated_no_reference		eaAstGibb2.1	hap1	1	1	0	0	/data/tol/data/darwin/echinoderms/Asterina_gibbosa_Pennant_1777/assembly/curated/eaAstGibb2.1/eaAstGibb2.hap1.1.primary.fa.gz
Asterina_phylactica	echinoderms	release_reference	eaAstPhyl4.1	eaAstPhyl4.1	primary	1	1	0	0	/data/tol/data/darwin/echinoderms/Asterina_phylactica/assembly/curated/eaAstPhyl4.1/eaAstPhyl4.1.primary.fa.gz
Asterocarpa_humilis	chordates	release_reference	kaAstHumi1.hap1.1	kaAstHumi1.1	hap1	1	1	0	0	/data/tol/data/darwin/chordates/Asterocarpa_humilis/assembly/curated/kaAstHumi1.1/kaAstHumi1.hap1.1.primary.fa.gz
Asteroscopus_sphinx	insects	release_reference	ilAstSphi1.1	ilAstSphi1.1	primary	1	1	0	0	/data/tol/data/darwin/insects/Asteroscopus_sphinx/assembly/curated/ilAstSphi1.1/ilAstSphi1.1.primary.fa.gz
Astragalus_alpinus	dicots	release_reference	drAstAlpi1.hap1.1	drAstAlpi1.1	hap1	1	1	0	0	/data/tol/data/darwin/dicots/Astragalus_alpinus/assembly/curated/drAstAlpi1.1/drAstAlpi1.hap1.1.primary.fa.gz
Astragalus_glycyphyllos	dicots	release_reference	drAstGlyc1.1	drAstGlyc1.1	primary	1	1	0	0	/data/tol/data/darwin/dicots/Astragalus_glycyphyllos/assembly/curated/drAstGlyc1.1/drAstGlyc1.1.primary.fa.gz
Astropecten_irregularis	echinoderms	release_reference	eaAstIrre1.1	eaAstIrre1.1	primary	1	1	0	0	/data/tol/data/darwin/echinoderms/Astropecten_irregularis/assembly/curated/eaAstIrre1.1/eaAstIrre1.1.primary.fa.gz
Atethmia_centrago	insects	release_reference	ilAteCent1.3	ilAteCent1.3	primary	1	3	0	0	/data/tol/data/darwin/insects/Atethmia_centrago/assembly/curated/ilAteCent1.3/ilAteCent1.3.primary.fa.gz
Athalia_circularis	insects	release_reference	iyAthCirc1.1	iyAthCirc1.1	primary	1	1	0	0	/data/tol/data/darwin/insects/Athalia_circularis/assembly/curated/iyAthCirc1.1/iyAthCirc1.1.primary.fa.gz
Athalia_cordata	insects	release_reference	iyAthCord1.1	iyAthCord1.1	primary	1	1	1	0	/data/tol/data/darwin/insects/Athalia_cordata/assembly/curated/iyAthCord1.1/iyAthCord1.1.primary.fa.gz
Athalia_rosae	insects	newer_curation_than_reference	iyAthRosa1.1	iyAthRosa1.2	primary	1	2	0	1	/data/tol/data/darwin/insects/Athalia_rosae/assembly/curated/iyAthRosa1.2/iyAthRosa1.2.primary.fa.gz
Athene_noctua	birds	release_reference	bAthNoc1.hap1.1	bAthNoc1.1	hap1	1	1	0	0	/data/tol/data/darwin/birds/Athene_noctua/assembly/curated/bAthNoc1.1/bAthNoc1.hap1.1.primary.fa.gz
Atherix_ibis	insects	release_reference	idAthIbis2.2	idAthIbis2.2	primary	1	2	1	0	/data/tol/data/darwin/insects/Atherix_ibis/assembly/curated/idAthIbis2.2/idAthIbis2.2.primary.fa.gz
Athrips_mouffetella	insects	release_reference	ilAthMouf1.1	ilAthMouf1.1	primary	1	1	0	0	/data/tol/data/darwin/insects/Athrips_mouffetella/assembly/curated/ilAthMouf1.1/ilAthMouf1.1.primary.fa.gz
Athripsodes_cinereus	insects	release_reference	iiAthCine2.1	iiAthCine2.1	primary	1	1	0	0	/data/tol/data/darwin/insects/Athripsodes_cinereus/assembly/curated/iiAthCine2.1/iiAthCine2.1.primary.fa.gz
Atolmis_rubricollis	insects	release_reference	ilAtoRubr1.hap1.1	ilAtoRubr1.1	hap1	1	1	0	0	/data/tol/data/darwin/insects/Atolmis_rubricollis/assembly/curated/ilAtoRubr1.1/ilAtoRubr1.hap1.1.primary.fa.gz
Atractylocarpus_subporodictyon	non-vascular-plants	release_reference	cbAtrSubp2.1	cbAtrSubp2.1	primary	1	1	0	0	/data/tol/data/darwin/non-vascular-plants/Atractylocarpus_subporodictyon/assembly/curated/cbAtrSubp2.1/cbAtrSubp2.1.primary.fa.gz
Atrichum_undulatum	non-vascular-plants	release_reference	cbAtrUndu5.1	cbAtrUndu5.1	primary	1	1	0	0	/data/tol/data/darwin/non-vascular-plants/Atrichum_undulatum/assembly/curated/cbAtrUndu5.1/cbAtrUndu5.1.primary.fa.gz
Atriplex_glabriuscula	dicots	release_reference	dcAtrGlab2.hap1.1	dcAtrGlab2.1	hap1	1	1	0	0	/data/tol/data/darwin/dicots/Atriplex_glabriuscula/assembly/curated/dcAtrGlab2.1/dcAtrGlab2.hap1.1.primary.fa.gz
Atriplex_littoralis	dicots	release_reference	dcAtrLitt1.hap1.1	dcAtrLitt1.1	hap1	1	1	0	0	/data/tol/data/darwin/dicots/Atriplex_littoralis/assembly/curated/dcAtrLitt1.1/dcAtrLitt1.hap1.1.primary.fa.gz
Atropa_belladonna	dicots	release_reference	daAtrBela1.hap1.1	daAtrBela1.1	hap1	1	1	0	0	/data/tol/data/darwin/dicots/Atropa_belladonna/assembly/curated/daAtrBela1.1/daAtrBela1.hap1.1.primary.fa.gz
Attagenus_pellio	insects	release_reference	icAttPell1.hap1.1	icAttPell1.1	hap1	1	1	0	0	/data/tol/data/darwin/insects/Attagenus_pellio/assembly/curated/icAttPell1.1/icAttPell1.hap1.1.primary.fa.gz
Atylotus_fulvus	insects	release_reference	idAtyFulv1.hap1.1	idAtyFulv1.1	hap1	1	1	0	0	/data/tol/data/darwin/insects/Atylotus_fulvus/assembly/curated/idAtyFulv1.1/idAtyFulv1.hap1.1.primary.fa.gz
Atylotus_latistriatus	insects	release_reference	idAtyLati1.hap1.1	idAtyLati1.1	hap1	1	1	0	0	/data/tol/data/darwin/insects/Atylotus_latistriatus/assembly/curated/idAtyLati1.1/idAtyLati1.hap1.1.primary.fa.gz
Atylotus_rusticus	insects	release_reference	idAtyRust1.hap1.1	idAtyRust1.1	hap1	1	1	0	0	/data/tol/data/darwin/insects/Atylotus_rusticus/assembly/curated/idAtyRust1.1/idAtyRust1.hap1.1.primary.fa.gz
Aulacomnium_androgynum	non-vascular-plants	release_reference	cbAulAndr5.1	cbAulAndr5.1	primary	1	1	0	0	/data/tol/data/darwin/non-vascular-plants/Aulacomnium_androgynum/assembly/curated/cbAulAndr5.1/cbAulAndr5.1.primary.fa.gz
Aulactinia_verrucosa	jellyfish	release_reference	jaAulVerr1.hap1.1	jaAulVerr1.1	hap1	1	1	0	0	/data/tol/data/darwin/jellyfish/Aulactinia_verrucosa/assembly/curated/jaAulVerr1.1/jaAulVerr1.hap1.1.primary.fa.gz
Aureoboletus_gentilis	fungi	release_reference	gfAurGent2.1	gfAurGent2.1	primary	1	1	0	0	/data/tol/data/darwin/fungi/Aureoboletus_gentilis/assembly/curated/gfAurGent2.1/gfAurGent2.1.primary.fa.gz
Autographa_gamma	insects	release_reference	ilAutGamm1.1	ilAutGamm1.1	primary	1	1	0	0	/data/tol/data/darwin/insects/Autographa_gamma/assembly/curated/ilAutGamm1.1/ilAutGamm1.1.primary.fa.gz
Autographa_pulchrina	insects	release_reference	ilAutPulc1.1	ilAutPulc1.1	primary	1	1	0	0	/data/tol/data/darwin/insects/Autographa_pulchrina/assembly/curated/ilAutPulc1.1/ilAutPulc1.1.primary.fa.gz
Axylia_putris	insects	release_reference	ilAxyPutr1.hap1.1	ilAxyPutr1.1	hap1	1	1	0	0	/data/tol/data/darwin/insects/Axylia_putris/assembly/curated/ilAxyPutr1.1/ilAxyPutr1.hap1.1.primary.fa.gz
Aythya_ferina	birds	release_reference	bAytFer1.hap1.1	bAytFer1.1	hap1	1	1	0	0	/data/tol/data/darwin/birds/Aythya_ferina/assembly/curated/bAytFer1.1/bAytFer1.hap1.1.primary.fa.gz
Aythya_fuligula	birds	newest_curated_no_reference		bAytFul3.2	hap1	1	2	0	2	/data/tol/data/darwin/birds/Aythya_fuligula/assembly/curated/bAytFul3.2/bAytFul3.hap1.2.primary.fa.gz
Aythya_marila	birds	release_reference	bAytMar2.hap1.1	bAytMar2.1	hap1	1	1	0	0	/data/tol/data/darwin/birds/Aythya_marila/assembly/curated/bAytMar2.1/bAytMar2.hap1.1.primary.fa.gz
Azelia_nebulosa	insects	release_reference	idAzeNebu1.hap1.1	idAzeNebu1.1	hap1	1	1	0	0	/data/tol/data/darwin/insects/Azelia_nebulosa/assembly/curated/idAzeNebu1.1/idAzeNebu1.hap1.1.primary.fa.gz
Azorinus_chamasolen	molluscs	release_reference	xbAzoCham1.1	xbAzoCham1.1	primary	1	1	0	0	/data/tol/data/darwin/molluscs/Azorinus_chamasolen/assembly/curated/xbAzoCham1.1/xbAzoCham1.1.primary.fa.gz
Baccha_elongata	insects	release_reference	idBacElon1.2	idBacElon1.2	primary	1	2	0	0	/data/tol/data/darwin/insects/Baccha_elongata/assembly/curated/idBacElon1.2/idBacElon1.2.primary.fa.gz
Bactra_lancealana	insects	release_reference	ilBacLanc2.1	ilBacLanc2.1	primary	1	1	0	0	/data/tol/data/darwin/insects/Bactra_lancealana/assembly/curated/ilBacLanc2.1/ilBacLanc2.1.primary.fa.gz
Baetis_atlanticus	insects	release_reference	ieBaeAtla2.hap1.1	ieBaeAtla2.1	hap1	1	1	0	0	/data/tol/data/darwin/insects/Baetis_atlanticus/assembly/curated/ieBaeAtla2.1/ieBaeAtla2.hap1.1.primary.fa.gz
Baetis_rhodani	insects	release_reference	ieBaeRhod3.hap1.1	ieBaeRhod3.1	hap1	1	1	0	0	/data/tol/data/darwin/insects/Baetis_rhodani/assembly/curated/ieBaeRhod3.1/ieBaeRhod3.hap1.1.primary.fa.gz
Balaenoptera_acutorostrata	mammals	release_reference	mBalAcu1.1	mBalAcu1.1	primary	1	1	0	0	/data/tol/data/darwin/mammals/Balaenoptera_acutorostrata/assembly/curated/mBalAcu1.1/mBalAcu1.1.primary.fa.gz
Balaenoptera_borealis	mammals	release_reference	mBalBor1.hap1.1	mBalBor1.1	hap1	1	1	0	0	/data/tol/data/darwin/mammals/Balaenoptera_borealis/assembly/curated/mBalBor1.1/mBalBor1.hap1.1.primary.fa.gz
Balaenoptera_physalus	mammals	release_reference	mBalPhy2.hap1.1	mBalPhy2.1	hap1	1	1	0	0	/data/tol/data/darwin/mammals/Balaenoptera_physalus/assembly/curated/mBalPhy2.1/mBalPhy2.hap1.1.primary.fa.gz
Balanococcus_diminutus	insects	release_reference	ihBalDimi2.1	ihBalDimi2.1	primary	1	1	1	0	/data/tol/data/darwin/insects/Balanococcus_diminutus/assembly/curated/ihBalDimi2.1/ihBalDimi2.1.primary.fa.gz
Balearica_regulorum_gibbericeps	birds	release_reference	gpAraPeru1.1	gpAraPeru1.1	primary	1	1	0	0	/data/tol/data/darwin/birds/Balearica_regulorum_gibbericeps/assembly/curated/gpAraPeru1.1/gpAraPeru1.1.primary.fa.gz
Ballota_nigra	dicots	release_reference	daBalNigr1.1	daBalNigr1.1	primary	1	1	0	2	/data/tol/data/darwin/dicots/Ballota_nigra/assembly/curated/daBalNigr1.1/daBalNigr1.1.primary.fa.gz
Baranisobas_ridibundus	insects	release_reference	iyBarRidi1.1	iyBarRidi1.1	primary	1	1	0	0	/data/tol/data/darwin/insects/Baranisobas_ridibundus/assembly/curated/iyBarRidi1.1/iyBarRidi1.1.primary.fa.gz
Barbarea_vulgaris	dicots	release_reference	ddBarVulg1.1	ddBarVulg1.1	primary	1	1	0	0	/data/tol/data/darwin/dicots/Barbarea_vulgaris/assembly/curated/ddBarVulg1.1/ddBarVulg1.1.primary.fa.gz
Barbatula_barbatula	fish	release_reference	fBarBar1.1	fBarBar1.1	primary	1	1	0	0	/data/tol/data/darwin/fish/Barbatula_barbatula/assembly/curated/fBarBar1.1/fBarBar1.1.primary.fa.gz
Barbilophozia_sudetica	non-vascular-plants	release_reference	cjBarSude3.1	cjBarSude3.1	primary	1	1	0	0	/data/tol/data/darwin/non-vascular-plants/Barbilophozia_sudetica/assembly/curated/cjBarSude3.1/cjBarSude3.1.primary.fa.gz
Barbus_barbus	fish	release_reference	fBarBab1.1	fBarBab1.1	primary	1	1	0	0	/data/tol/data/darwin/fish/Barbus_barbus/assembly/curated/fBarBab1.1/fBarBab1.1.primary.fa.gz
Barichneumon_chionomus	insects	release_reference	iyBarChio1.hap1.1	iyBarChio1.1	hap1	1	1	0	0	/data/tol/data/darwin/insects/Barichneumon_chionomus/assembly/curated/iyBarChio1.1/iyBarChio1.hap1.1.primary.fa.gz
Barycnemis_harpura	insects	release_reference	iyBarHarp1.1	iyBarHarp1.1	primary	1	1	0	0	/data/tol/data/darwin/insects/Barycnemis_harpura/assembly/curated/iyBarHarp1.1/iyBarHarp1.1.primary.fa.gz
Barylypa_propugnator	insects	release_reference	iyBarProp1.hap1.1	iyBarProp1.1	hap1	1	1	0	0	/data/tol/data/darwin/insects/Barylypa_propugnator/assembly/curated/iyBarProp1.1/iyBarProp1.hap1.1.primary.fa.gz
Barypeithes_pellucidus	insects	release_reference	icBarPell3.1	icBarPell3.1	primary	1	1	1	0	/data/tol/data/darwin/insects/Barypeithes_pellucidus/assembly/curated/icBarPell3.1/icBarPell3.1.primary.fa.gz
Bathysaurus_mollis	fish	newest_curated_no_reference		fBatMol1.1	primary	1	1	0	0	/data/tol/data/darwin/fish/Bathysaurus_mollis/assembly/curated/fBatMol1.1/fBatMol1.1.primary.fa.gz
Bathythrix_pellucidator	insects	release_reference	iyBatPell1.1	iyBatPell1.1	primary	1	1	0	0	/data/tol/data/darwin/insects/Bathythrix_pellucidator/assembly/curated/iyBatPell1.1/iyBatPell1.1.primary.fa.gz
Batia_lambdella	insects	release_reference	ilBatLamb1.hap1.1	ilBatLamb1.1	hap1	1	1	0	0	/data/tol/data/darwin/insects/Batia_lambdella/assembly/curated/ilBatLamb1.1/ilBatLamb1.hap1.1.primary.fa.gz
Batrachedra_pinicolella	insects	release_reference	ilBatPini1.hap1.1	ilBatPini1.1	hap1	1	1	0	0	/data/tol/data/darwin/insects/Batrachedra_pinicolella/assembly/curated/ilBatPini1.1/ilBatPini1.hap1.1.primary.fa.gz
Batrachedra_praeangusta	insects	release_reference	ilBatPrae3.1	ilBatPrae3.1	primary	1	1	0	0	/data/tol/data/darwin/insects/Batrachedra_praeangusta/assembly/curated/ilBatPrae3.1/ilBatPrae3.1.primary.fa.gz
Batracomorphus_irroratus	insects	release_reference	ihBatIrro2.1	ihBatIrro2.1	primary	1	1	0	0	/data/tol/data/darwin/insects/Batracomorphus_irroratus/assembly/curated/ihBatIrro2.1/ihBatIrro2.1.primary.fa.gz
Bazzania_pearsonii	non-vascular-plants	release_reference	cjBazPear3.1	cjBazPear3.1	primary	1	1	0	0	/data/tol/data/darwin/non-vascular-plants/Bazzania_pearsonii/assembly/curated/cjBazPear3.1/cjBazPear3.1.primary.fa.gz
Bazzania_tricrenata	non-vascular-plants	release_reference	cjBazTric3.1	cjBazTric3.1	primary	1	1	0	0	/data/tol/data/darwin/non-vascular-plants/Bazzania_tricrenata/assembly/curated/cjBazTric3.1/cjBazTric3.1.primary.fa.gz
Bazzania_trilobata	non-vascular-plants	release_reference	cjBazTril2.1	cjBazTril2.1	primary	1	1	0	0	/data/tol/data/darwin/non-vascular-plants/Bazzania_trilobata/assembly/curated/cjBazTril2.1/cjBazTril2.1.primary.fa.gz
Bedellia_somnulentella	insects	release_reference	ilBedSomn2.1	ilBedSomn2.1	primary	1	1	0	0	/data/tol/data/darwin/insects/Bedellia_somnulentella/assembly/curated/ilBedSomn2.1/ilBedSomn2.1.primary.fa.gz
Bellardia_bayeri	insects	release_reference	idBelBaye1.1	idBelBaye1.1	primary	1	1	0	0	/data/tol/data/darwin/insects/Bellardia_bayeri/assembly/curated/idBelBaye1.1/idBelBaye1.1.primary.fa.gz
Bellardia_pandia	insects	release_reference	idBelPand1.2	idBelPand1.2	primary	1	2	0	0	/data/tol/data/darwin/insects/Bellardia_pandia/assembly/curated/idBelPand1.2/idBelPand1.2.primary.fa.gz
Bellardia_viscosa	dicots	release_reference	daBelVisc1.hap1.1	daBelVisc1.1	hap1	1	1	0	0	/data/tol/data/darwin/dicots/Bellardia_viscosa/assembly/curated/daBelVisc1.1/daBelVisc1.hap1.1.primary.fa.gz
Bellis_perennis	dicots	release_reference	daBelPere1.hap1.2	daBelPere1.2	hap1	1	2	0	0	/data/tol/data/darwin/dicots/Bellis_perennis/assembly/curated/daBelPere1.2/daBelPere1.hap1.2.primary.fa.gz
Bembecia_ichneumoniformis	insects	release_reference	ilBemIchn1.2	ilBemIchn1.2	primary	1	2	0	0	/data/tol/data/darwin/insects/Bembecia_ichneumoniformis/assembly/curated/ilBemIchn1.2/ilBemIchn1.2.primary.fa.gz
Berberis_aquifolium	dicots	release_reference	dmBerAqui1.hap1.2	dmBerAqui1.2	hap1	1	2	0	0	/data/tol/data/darwin/dicots/Berberis_aquifolium/assembly/curated/dmBerAqui1.2/dmBerAqui1.hap1.2.primary.fa.gz
Berberis_vulgaris	dicots	release_reference	dmBerVulg1.1	dmBerVulg1.1	primary	1	1	0	0	/data/tol/data/darwin/dicots/Berberis_vulgaris/assembly/curated/dmBerVulg1.1/dmBerVulg1.1.primary.fa.gz
Beris_chalybata	insects	release_reference	idBerChal2.1	idBerChal2.1	primary	1	1	1	0	/data/tol/data/darwin/insects/Beris_chalybata/assembly/curated/idBerChal2.1/idBerChal2.1.primary.fa.gz
Beris_morrisii	insects	release_reference	idBerMorr1.1	idBerMorr1.1	primary	1	1	1	0	/data/tol/data/darwin/insects/Beris_morrisii/assembly/curated/idBerMorr1.1/idBerMorr1.1.primary.fa.gz
Berytinus_crassipes	insects	release_reference	ihBerCras1.hap1.1	ihBerCras1.1	hap1	1	1	0	0	/data/tol/data/darwin/insects/Berytinus_crassipes/assembly/curated/ihBerCras1.1/ihBerCras1.hap1.1.primary.fa.gz
Berytinus_minor	insects	release_reference	ihBerMino1.hap1.1	ihBerMino1.1	hap1	1	1	0	0	/data/tol/data/darwin/insects/Berytinus_minor/assembly/curated/ihBerMino1.1/ihBerMino1.hap1.1.primary.fa.gz
Berytinus_montivagus	insects	release_reference	ihBerMont1.hap1.1	ihBerMont1.1	hap1	1	1	0	0	/data/tol/data/darwin/insects/Berytinus_montivagus/assembly/curated/ihBerMont1.1/ihBerMont1.hap1.1.primary.fa.gz
Betula_pendula	dicots	release_reference	dhBetPend1.hap1.1	dhBetPend1.1	hap1	1	1	0	0	/data/tol/data/darwin/dicots/Betula_pendula/assembly/curated/dhBetPend1.1/dhBetPend1.hap1.1.primary.fa.gz
Betula_pubescens	dicots	newest_curated_no_reference		dhBetPube1.1	hap1	1	1	0	0	/data/tol/data/darwin/dicots/Betula_pubescens/assembly/curated/dhBetPube1.1/dhBetPube1.hap1.1.primary.fa.gz
Betulapion_simile	insects	release_reference	icBetSimi1.1	icBetSimi1.1	primary	1	1	0	0	/data/tol/data/darwin/insects/Betulapion_simile/assembly/curated/icBetSimi1.1/icBetSimi1.1.primary.fa.gz
Bibio_marci	insects	release_reference	idBibMarc1.2	idBibMarc1.2	primary	1	2	1	0	/data/tol/data/darwin/insects/Bibio_marci/assembly/curated/idBibMarc1.2/idBibMarc1.2.primary.fa.gz
Bicyclus_anynana	insects	release_reference	ilBicAnyn1.1	ilBicAnyn1.1	primary	1	1	0	0	/data/tol/data/darwin/insects/Bicyclus_anynana/assembly/curated/ilBicAnyn1.1/ilBicAnyn1.1.primary.fa.gz
Bidens_cernua	dicots	newest_curated_no_reference		daBidCern1.1	hap1	1	1	0	0	/data/tol/data/darwin/dicots/Bidens_cernua/assembly/curated/daBidCern1.1/daBidCern1.hap1.1.primary.fa.gz
Bimastos_rubidus	annelids	release_reference	whBimRubi4.1	whBimRubi4.1	primary	1	1	0	0	/data/tol/data/darwin/annelids/Bimastos_rubidus/assembly/curated/whBimRubi4.1/whBimRubi4.1.primary.fa.gz
Biomphalaria_glabrata	molluscs	release_reference	xgBioGlab47.1	xgBioGlab47.1	primary	1	1	0	0	/data/tol/data/darwin/molluscs/Biomphalaria_glabrata/assembly/curated/xgBioGlab47.1/xgBioGlab47.1.primary.fa.gz
Biphyllus_lunatus	insects	release_reference	icBipLuna3.hap1.1	icBipLuna3.1	hap1	1	1	0	0	/data/tol/data/darwin/insects/Biphyllus_lunatus/assembly/curated/icBipLuna3.1/icBipLuna3.hap1.1.primary.fa.gz
Bispira_polyomma	annelids	release_reference	wsBisPoly1.1	wsBisPoly1.1	primary	1	1	0	0	/data/tol/data/darwin/annelids/Bispira_polyomma/assembly/curated/wsBisPoly1.1/wsBisPoly1.1.primary.fa.gz
Biston_betularia	insects	release_reference	ilBisBetu1.2	ilBisBetu1.2	primary	1	2	0	0	/data/tol/data/darwin/insects/Biston_betularia/assembly/curated/ilBisBetu1.2/ilBisBetu1.2.primary.fa.gz
Biston_stratarius	insects	release_reference	ilBisStrt2.1	ilBisStrt2.1	primary	1	1	0	0	/data/tol/data/darwin/insects/Biston_stratarius/assembly/curated/ilBisStrt2.1/ilBisStrt2.1.primary.fa.gz
Bithynia_leachii	molluscs	release_reference	xgBitLeac4.1	xgBitLeac4.1	primary	1	1	0	0	/data/tol/data/darwin/molluscs/Bithynia_leachii/assembly/curated/xgBitLeac4.1/xgBitLeac4.1.primary.fa.gz
Bitoma_crenata	insects	release_reference	icBitCren1.2	icBitCren1.2	primary	1	2	0	0	/data/tol/data/darwin/insects/Bitoma_crenata/assembly/curated/icBitCren1.2/icBitCren1.2.primary.fa.gz
Blasia_pusilla	non-vascular-plants	newest_curated_no_reference		cmBlaPusi2.1	primary	1	1	0	0	/data/tol/data/darwin/non-vascular-plants/Blasia_pusilla/assembly/curated/cmBlaPusi2.1/cmBlaPusi2.1.primary.fa.gz
Blastobasis_adustella	insects	release_reference	ilBlaAdus2.1	ilBlaAdus2.1	primary	1	1	0	0	/data/tol/data/darwin/insects/Blastobasis_adustella/assembly/curated/ilBlaAdus2.1/ilBlaAdus2.1.primary.fa.gz
Blastobasis_lacticolella	insects	release_reference	ilBlaLact1.1	ilBlaLact1.1	primary	1	1	0	0	/data/tol/data/darwin/insects/Blastobasis_lacticolella/assembly/curated/ilBlaLact1.1/ilBlaLact1.1.primary.fa.gz
Blastobasis_vittata	insects	release_reference	ilBlaVitt1.hap1.1	ilBlaVitt1.1	hap1	1	1	0	0	/data/tol/data/darwin/insects/Blastobasis_vittata/assembly/curated/ilBlaVitt1.1/ilBlaVitt1.hap1.1.primary.fa.gz
Blennius_ocellaris	fish	release_reference	fBleOce1.1	fBleOce1.1	primary	1	1	0	0	/data/tol/data/darwin/fish/Blennius_ocellaris/assembly/curated/fBleOce1.1/fBleOce1.1.primary.fa.gz
Blera_fallax	insects	release_reference	idBleFall4.1	idBleFall4.1	primary	1	1	0	0	/data/tol/data/darwin/insects/Blera_fallax/assembly/curated/idBleFall4.1/idBleFall4.1.primary.fa.gz
Blindiadelphus_recurvatus	non-vascular-plants	release_reference	cbBliRecu4.1	cbBliRecu4.1	primary	1	1	0	0	/data/tol/data/darwin/non-vascular-plants/Blindiadelphus_recurvatus/assembly/curated/cbBliRecu4.1/cbBliRecu4.1.primary.fa.gz
Blitum_bonus_henricus	dicots	release_reference	dcBliBonu1.hap1.2	dcBliBonu1.2	hap1	1	2	1	0	/data/tol/data/darwin/dicots/Blitum_bonus_henricus/assembly/curated/dcBliBonu1.2/dcBliBonu1.hap1.2.primary.fa.gz
Boletina_plana	insects	release_reference	idBolPlan1.hap1.1	idBolPlan1.1	hap1	1	1	0	0	/data/tol/data/darwin/insects/Boletina_plana/assembly/curated/idBolPlan1.1/idBolPlan1.hap1.1.primary.fa.gz
Boloria_euphrosyne	insects	release_reference	ilBolEuph2.2	ilBolEuph2.2	primary	1	2	0	0	/data/tol/data/darwin/insects/Boloria_euphrosyne/assembly/curated/ilBolEuph2.2/ilBolEuph2.2.primary.fa.gz
Boloria_selene	insects	release_reference	ilBolSele5.2	ilBolSele5.2	primary	1	2	0	0	/data/tol/data/darwin/insects/Boloria_selene/assembly/curated/ilBolSele5.2/ilBolSele5.2.primary.fa.gz
Bombina_variegata	amphibians	release_reference	aBomVar4.paternal.1	aBomVar4.1	paternal	1	1	0	0	/data/tol/data/darwin/amphibians/Bombina_variegata/assembly/curated/aBomVar4.1/aBomVar4.paternal.1.primary.fa.gz
Bombus_campestris	insects	release_reference	iyBomCamp1.3	iyBomCamp1.3	primary	1	3	0	0	/data/tol/data/darwin/insects/Bombus_campestris/assembly/curated/iyBomCamp1.3/iyBomCamp1.3.primary.fa.gz
Bombus_distinguendus	insects	release_reference	iyBomDist1.1	iyBomDist1.1	primary	1	1	0	0	/data/tol/data/darwin/insects/Bombus_distinguendus/assembly/curated/iyBomDist1.1/iyBomDist1.1.primary.fa.gz
Bombus_hortorum	insects	release_reference	iyBomHort1.1	iyBomHort1.1	primary	1	1	0	0	/data/tol/data/darwin/insects/Bombus_hortorum/assembly/curated/iyBomHort1.1/iyBomHort1.1.primary.fa.gz
Bombus_hypnorum	insects	release_reference	iyBomHypn1.2	iyBomHypn1.2	primary	1	2	0	0	/data/tol/data/darwin/insects/Bombus_hypnorum/assembly/curated/iyBomHypn1.2/iyBomHypn1.2.primary.fa.gz
Bombus_jonellus	insects	release_reference	iyBomJone1.1	iyBomJone1.1	primary	1	1	0	0	/data/tol/data/darwin/insects/Bombus_jonellus/assembly/curated/iyBomJone1.1/iyBomJone1.1.primary.fa.gz
Bombus_lapidarius	insects	release_reference	iyBomLapi1.1	iyBomLapi1.1	primary	1	1	0	0	/data/tol/data/darwin/insects/Bombus_lapidarius/assembly/curated/iyBomLapi1.1/iyBomLapi1.1.primary.fa.gz
Bombus_lucorum	insects	release_reference	iyBomLuco1.1	iyBomLuco1.1	primary	1	1	0	0	/data/tol/data/darwin/insects/Bombus_lucorum/assembly/curated/iyBomLuco1.1/iyBomLuco1.1.primary.fa.gz
Bombus_monticola	insects	release_reference	iyBomMont4.1	iyBomMont4.1	primary	1	1	0	0	/data/tol/data/darwin/insects/Bombus_monticola/assembly/curated/iyBomMont4.1/iyBomMont4.1.primary.fa.gz
Bombus_muscorum	insects	release_reference	iyBomMusc1.1	iyBomMusc1.1	primary	1	1	0	0	/data/tol/data/darwin/insects/Bombus_muscorum/assembly/curated/iyBomMusc1.1/iyBomMusc1.1.primary.fa.gz
Bombus_pascuorum	insects	release_reference	iyBomPasc1.1	iyBomPasc1.1	primary	1	1	0	0	/data/tol/data/darwin/insects/Bombus_pascuorum/assembly/curated/iyBomPasc1.1/iyBomPasc1.1.primary.fa.gz
Bombus_pratorum	insects	release_reference	iyBomPrat1.1	iyBomPrat1.1	primary	1	1	0	0	/data/tol/data/darwin/insects/Bombus_pratorum/assembly/curated/iyBomPrat1.1/iyBomPrat1.1.primary.fa.gz
Bombus_sylvarum	insects	release_reference	iyBomSylv1.hap1.1	iyBomSylv1.1	hap1	1	1	0	0	/data/tol/data/darwin/insects/Bombus_sylvarum/assembly/curated/iyBomSylv1.1/iyBomSylv1.hap1.1.primary.fa.gz
Bombus_sylvestris	insects	release_reference	iyBomSyle1.2	iyBomSyle1.2	primary	1	2	0	0	/data/tol/data/darwin/insects/Bombus_sylvestris/assembly/curated/iyBomSyle1.2/iyBomSyle1.2.primary.fa.gz
Bombus_terrestris	insects	release_reference	iyBomTerr1.2	iyBomTerr1.2	primary	1	2	0	0	/data/tol/data/darwin/insects/Bombus_terrestris/assembly/curated/iyBomTerr1.2/iyBomTerr1.2.primary.fa.gz
Bombus_vestalis	insects	release_reference	iyBomVest1.1	iyBomVest1.1	primary	1	1	0	0	/data/tol/data/darwin/insects/Bombus_vestalis/assembly/curated/iyBomVest1.1/iyBomVest1.1.primary.fa.gz
Bombylius_discolor	insects	release_reference	idBomDisc1.1	idBomDisc1.1	primary	1	1	0	0	/data/tol/data/darwin/insects/Bombylius_discolor/assembly/curated/idBomDisc1.1/idBomDisc1.1.primary.fa.gz
Bombylius_major	insects	release_reference	idBomMajo1.1	idBomMajo1.1	primary	1	1	1	0	/data/tol/data/darwin/insects/Bombylius_major/assembly/curated/idBomMajo1.1/idBomMajo1.1.primary.fa.gz
Bombylius_minor	insects	release_reference	idBomMino1.hap1.1	idBomMino1.1	hap1	1	1	0	0	/data/tol/data/darwin/insects/Bombylius_minor/assembly/curated/idBomMino1.1/idBomMino1.hap1.1.primary.fa.gz
Borkhausenia_fuscescens	insects	release_reference	ilBorFusc3.1	ilBorFusc3.1	primary	1	1	0	0	/data/tol/data/darwin/insects/Borkhausenia_fuscescens/assembly/curated/ilBorFusc3.1/ilBorFusc3.1.primary.fa.gz
Borostomias_antarcticus	fish	release_reference	fBorAnt1.1	fBorAnt1.1	primary	1	1	0	0	/data/tol/data/darwin/fish/Borostomias_antarcticus/assembly/curated/fBorAnt1.1/fBorAnt1.1.primary.fa.gz
Botrylloides_diegensis	chordates	release_reference	kaBotDieg1.hap1.1	kaBotDieg1.1	hap1	1	1	0	0	/data/tol/data/darwin/chordates/Botrylloides_diegensis/assembly/curated/kaBotDieg1.1/kaBotDieg1.hap1.1.primary.fa.gz
Brachmia_blandella	insects	release_reference	ilBraBlan1.1	ilBraBlan1.1	primary	1	1	0	0	/data/tol/data/darwin/insects/Brachmia_blandella/assembly/curated/ilBraBlan1.1/ilBraBlan1.1.primary.fa.gz
Brachydontium_trichodes	non-vascular-plants	release_reference	cbBraTric1.1	cbBraTric1.1	primary	1	1	0	0	/data/tol/data/darwin/non-vascular-plants/Brachydontium_trichodes/assembly/curated/cbBraTric1.1/cbBraTric1.1.primary.fa.gz
Brachylomia_viminalis	insects	release_reference	ilBraVimi1.2	ilBraVimi1.2	primary	1	2	0	0	/data/tol/data/darwin/insects/Brachylomia_viminalis/assembly/curated/ilBraVimi1.2/ilBraVimi1.2.primary.fa.gz
Brachyopa_scutellaris	insects	release_reference	idBraScut1.1	idBraScut1.1	primary	1	1	1	0	/data/tol/data/darwin/insects/Brachyopa_scutellaris/assembly/curated/idBraScut1.1/idBraScut1.1.primary.fa.gz
Brachypalpoides_lentus	insects	release_reference	idBraLent1.hap1.1	idBraLent1.1	hap1	1	1	0	0	/data/tol/data/darwin/insects/Brachypalpoides_lentus/assembly/curated/idBraLent1.1/idBraLent1.hap1.1.primary.fa.gz
Brachypalpus_laphriformis	insects	release_reference	idBraLaph1.1	idBraLaph1.1	primary	1	1	0	0	/data/tol/data/darwin/insects/Brachypalpus_laphriformis/assembly/curated/idBraLaph1.1/idBraLaph1.1.primary.fa.gz
Brachyptera_putata	insects	release_reference	iBraPut3m.1	iBraPut3m.1	primary	1	1	0	0	/data/tol/data/darwin/insects/Brachyptera_putata/assembly/curated/iBraPut3m.1/iBraPut3m.1.primary.fa.gz
Brachyptera_risi	insects	release_reference	ipBraRisi1.1	ipBraRisi1.1	primary	1	1	0	0	/data/tol/data/darwin/insects/Brachyptera_risi/assembly/curated/ipBraRisi1.1/ipBraRisi1.1.primary.fa.gz
Brachypterus_glaber	insects	release_reference	icBraGlab1.1	icBraGlab1.1	primary	1	1	0	0	/data/tol/data/darwin/insects/Brachypterus_glaber/assembly/curated/icBraGlab1.1/icBraGlab1.1.primary.fa.gz
Brachythecium_rutabulum	non-vascular-plants	release_reference	cbBraRuta5.2	cbBraRuta5.2	primary	1	2	0	0	/data/tol/data/darwin/non-vascular-plants/Brachythecium_rutabulum/assembly/curated/cbBraRuta5.2/cbBraRuta5.2.primary.fa.gz
Branchiostoma_lanceolatum	chordates	newest_curated_no_reference		klBraLanc2.1	hap1	1	1	0	0	/data/tol/data/darwin/chordates/Branchiostoma_lanceolatum/assembly/curated/klBraLanc2.1/klBraLanc2.hap1.1.primary.fa.gz
Branta_canadensis	birds	release_reference	bBraCan1.hap1.2	bBraCan1.2	hap1	1	2	0	0	/data/tol/data/darwin/birds/Branta_canadensis/assembly/curated/bBraCan1.2/bBraCan1.hap1.2.primary.fa.gz
Branta_leucopsis	birds	release_reference	bBraLeu2.hap1.1	bBraLeu2.1	hap1	1	1	0	0	/data/tol/data/darwin/birds/Branta_leucopsis/assembly/curated/bBraLeu2.1/bBraLeu2.hap1.1.primary.fa.gz
Brassica_nigra	dicots	newest_curated_no_reference		ddBraNigr2.1	primary	1	1	0	0	/data/tol/data/darwin/dicots/Brassica_nigra/assembly/curated/ddBraNigr2.1/ddBraNigr2.1.primary.fa.gz
Braunia_imberbis	non-vascular-plants	release_reference	cbBraImbe1.1	cbBraImbe1.1	primary	1	1	0	0	/data/tol/data/darwin/non-vascular-plants/Braunia_imberbis/assembly/curated/cbBraImbe1.1/cbBraImbe1.1.primary.fa.gz
Bromus_sterilis	monocots	release_reference	lpBroSter1.1	lpBroSter1.1	primary	1	1	0	0	/data/tol/data/darwin/monocots/Bromus_sterilis/assembly/curated/lpBroSter1.1/lpBroSter1.1.primary.fa.gz
Bruchidius_siliquastri	insects	release_reference	icBruSili1.1	icBruSili1.1	primary	1	1	0	0	/data/tol/data/darwin/insects/Bruchidius_siliquastri/assembly/curated/icBruSili1.1/icBruSili1.1.primary.fa.gz
Bruchidius_varius	insects	release_reference	icBruVari1.hap1.1	icBruVari1.1	hap1	1	1	0	0	/data/tol/data/darwin/insects/Bruchidius_varius/assembly/curated/icBruVari1.1/icBruVari1.hap1.1.primary.fa.gz
Bruchidius_villosus	insects	release_reference	icBruVill1.hap1.1	icBruVill1.1	hap1	1	1	0	0	/data/tol/data/darwin/insects/Bruchidius_villosus/assembly/curated/icBruVill1.1/icBruVill1.hap1.1.primary.fa.gz
Bruchus_rufimanus	insects	release_reference	icBruRufm12.hap1.1	icBruRufm12.1	hap1	1	1	0	0	/data/tol/data/darwin/insects/Bruchus_rufimanus/assembly/curated/icBruRufm12.1/icBruRufm12.hap1.1.primary.fa.gz
Bryoerythrophyllum_caledonicum	non-vascular-plants	release_reference	cbBryCale10.1	cbBryCale10.1	primary	1	1	0	0	/data/tol/data/darwin/non-vascular-plants/Bryoerythrophyllum_caledonicum/assembly/curated/cbBryCale10.1/cbBryCale10.1.primary.fa.gz
Bryoerythrophyllum_ferruginascens	non-vascular-plants	release_reference	cbBryFerr6.1	cbBryFerr6.1	primary	1	1	0	0	/data/tol/data/darwin/non-vascular-plants/Bryoerythrophyllum_ferruginascens/assembly/curated/cbBryFerr6.1/cbBryFerr6.1.primary.fa.gz
Bryophila_domestica	insects	release_reference	ilBryDome1.hap1.1	ilBryDome1.1	hap1	1	1	0	0	/data/tol/data/darwin/insects/Bryophila_domestica/assembly/curated/ilBryDome1.1/ilBryDome1.hap1.1.primary.fa.gz
Bryotropha_affinis	insects	release_reference	ilBryAffi1.hap1.1	ilBryAffi1.1	hap1	1	1	0	0	/data/tol/data/darwin/insects/Bryotropha_affinis/assembly/curated/ilBryAffi1.1/ilBryAffi1.hap1.1.primary.fa.gz
Bryotropha_senectella	insects	release_reference	ilBrySene2.1	ilBrySene2.1	primary	1	1	0	0	/data/tol/data/darwin/insects/Bryotropha_senectella/assembly/curated/ilBrySene2.1/ilBrySene2.1.primary.fa.gz
Bryotropha_terrella	insects	release_reference	ilBryTerr3.1	ilBryTerr3.1	primary	1	1	0	0	/data/tol/data/darwin/insects/Bryotropha_terrella/assembly/curated/ilBryTerr3.1/ilBryTerr3.1.primary.fa.gz
Bryum_calophyllum	non-vascular-plants	release_reference	cbBryCalo1.1	cbBryCalo1.1	primary	1	1	0	0	/data/tol/data/darwin/non-vascular-plants/Bryum_calophyllum/assembly/curated/cbBryCalo1.1/cbBryCalo1.1.primary.fa.gz
Bryum_knowltonii	non-vascular-plants	release_reference	cbBryKnow1.1	cbBryKnow1.1	primary	1	1	0	0	/data/tol/data/darwin/non-vascular-plants/Bryum_knowltonii/assembly/curated/cbBryKnow1.1/cbBryKnow1.1.primary.fa.gz
Bryum_marratii	non-vascular-plants	release_reference	cbBryMarr1.1	cbBryMarr1.1	primary	1	1	0	0	/data/tol/data/darwin/non-vascular-plants/Bryum_marratii/assembly/curated/cbBryMarr1.1/cbBryMarr1.1.primary.fa.gz
Bryum_moravicum	non-vascular-plants	release_reference	cbBryMora1.1	cbBryMora1.1	primary	1	1	0	0	/data/tol/data/darwin/non-vascular-plants/Bryum_moravicum/assembly/curated/cbBryMora1.1/cbBryMora1.1.primary.fa.gz
Bryum_riparium	non-vascular-plants	release_reference	cbBryRipa1.1	cbBryRipa1.1	primary	1	1	0	0	/data/tol/data/darwin/non-vascular-plants/Bryum_riparium/assembly/curated/cbBryRipa1.1/cbBryRipa1.1.primary.fa.gz
Buathra_laborator	insects	release_reference	iyBuaLabo1.1	iyBuaLabo1.1	primary	1	1	0	0	/data/tol/data/darwin/insects/Buathra_laborator/assembly/curated/iyBuaLabo1.1/iyBuaLabo1.1.primary.fa.gz
Bucculatrix_nigricomella	insects	release_reference	ilBucNigr2.hap1.1	ilBucNigr2.1	hap1	1	1	0	0	/data/tol/data/darwin/insects/Bucculatrix_nigricomella/assembly/curated/ilBucNigr2.1/ilBucNigr2.hap1.1.primary.fa.gz
Bucculatrix_thoracella	insects	release_reference	ilBucThor1.1	ilBucThor1.1	primary	1	1	0	0	/data/tol/data/darwin/insects/Bucculatrix_thoracella/assembly/curated/ilBucThor1.1/ilBucThor1.1.primary.fa.gz
Bucephala_clangula	birds	release_reference	bBucCla1.hap1.2	bBucCla1.2	hap1	1	2	0	0	/data/tol/data/darwin/birds/Bucephala_clangula/assembly/curated/bBucCla1.2/bBucCla1.hap1.2.primary.fa.gz
Buddleja_davidii	dicots	release_reference	daBudDavi1.hap1.2	daBudDavi1.2	hap1	1	2	0	0	/data/tol/data/darwin/dicots/Buddleja_davidii/assembly/curated/daBudDavi1.2/daBudDavi1.hap1.2.primary.fa.gz
Bufo_bufo	amphibians	release_reference	aBufBuf1.1	aBufBuf1.1	primary	1	1	0	0	/data/tol/data/darwin/amphibians/Bufo_bufo/assembly/curated/aBufBuf1.1/aBufBuf1.1.primary.fa.gz
Buglossidium_luteum	fish	release_reference	fBugLut1.1	fBugLut1.1	primary	1	1	0	0	/data/tol/data/darwin/fish/Buglossidium_luteum/assembly/curated/fBugLut1.1/fBugLut1.1.primary.fa.gz
Buglossoporus_quercinus	fungi	release_reference	gfBolQuer1.1	gfBolQuer1.1	primary	1	1	0	0	/data/tol/data/darwin/fungi/Buglossoporus_quercinus/assembly/curated/gfBolQuer1.1/gfBolQuer1.1.primary.fa.gz
Bugula_neritina	other-animal-phyla	release_reference	tzBugNeri2.1	tzBugNeri2.1	primary	1	1	0	0	/data/tol/data/darwin/other-animal-phyla/Bugula_neritina/assembly/curated/tzBugNeri2.1/tzBugNeri2.1.primary.fa.gz
Bugulina_stolonifera	other-animal-phyla	release_reference	tzBugStol2.1	tzBugStol2.1	primary	1	1	0	0	/data/tol/data/darwin/other-animal-phyla/Bugulina_stolonifera/assembly/curated/tzBugStol2.1/tzBugStol2.1.primary.fa.gz
Buteo_buteo	birds	release_reference	bButBut1.hap1.1	bButBut1.1	hap1	1	1	0	0	/data/tol/data/darwin/birds/Buteo_buteo/assembly/curated/bButBut1.1/bButBut1.hap1.1.primary.fa.gz
Butyriboletus_subappendiculatus	fungi	release_reference	gfButSuba1.1	gfButSuba1.1	primary	1	1	0	0	/data/tol/data/darwin/fungi/Butyriboletus_subappendiculatus/assembly/curated/gfButSuba1.1/gfButSuba1.1.primary.fa.gz
Buxus_sempervirens	dicots	release_reference	drBuxSemp1.3	drBuxSemp1.3	primary	1	3	0	0	/data/tol/data/darwin/dicots/Buxus_sempervirens/assembly/curated/drBuxSemp1.3/drBuxSemp1.3.primary.fa.gz
Cabera_exanthemata	insects	release_reference	ilCabExan1.hap1.1	ilCabExan1.1	hap1	1	1	0	0	/data/tol/data/darwin/insects/Cabera_exanthemata/assembly/curated/ilCabExan1.1/ilCabExan1.hap1.1.primary.fa.gz
Cabera_pusaria	insects	release_reference	ilCabPusa1.1	ilCabPusa1.1	primary	1	1	0	0	/data/tol/data/darwin/insects/Cabera_pusaria/assembly/curated/ilCabPusa1.1/ilCabPusa1.1.primary.fa.gz
Cacoecimorpha_pronubana	insects	release_reference	ilCacPron1.hap1.1	ilCacPron1.1	hap1	1	1	0	0	/data/tol/data/darwin/insects/Cacoecimorpha_pronubana/assembly/curated/ilCacPron1.1/ilCacPron1.hap1.1.primary.fa.gz
Caenorhabditis_monodelphis	nematodes	release_reference	nxCaeMono1.1	nxCaeMono1.1	primary	1	1	0	0	/data/tol/data/darwin/nematodes/Caenorhabditis_monodelphis/assembly/curated/nxCaeMono1.1/nxCaeMono1.1.primary.fa.gz
Calameuta_filiformis	insects	release_reference	iyCalFili3.hap1.1	iyCalFili3.1	hap1	1	1	0	0	/data/tol/data/darwin/insects/Calameuta_filiformis/assembly/curated/iyCalFili3.1/iyCalFili3.hap1.1.primary.fa.gz
Calameuta_pallipes	insects	release_reference	iyCalPall2.hap2.1	iyCalPall2.1	hap2	1	1	0	0	/data/tol/data/darwin/insects/Calameuta_pallipes/assembly/curated/iyCalPall2.1/iyCalPall2.hap2.1.primary.fa.gz
Calamotropha_paludella	insects	release_reference	ilCalPalu1.1	ilCalPalu1.1	primary	1	1	2	0	/data/tol/data/darwin/insects/Calamotropha_paludella/assembly/curated/ilCalPalu1.1/ilCalPalu1.1.primary.fa.gz
Calathus_fuscipes	insects	release_reference	icCalFusc1.hap1.1	icCalFusc1.1	hap1	1	1	0	0	/data/tol/data/darwin/insects/Calathus_fuscipes/assembly/curated/icCalFusc1.1/icCalFusc1.hap1.1.primary.fa.gz
Calathus_melanocephalus	insects	release_reference	icCalMela1.hap1.1	icCalMela1.1	hap1	1	1	0	0	/data/tol/data/darwin/insects/Calathus_melanocephalus/assembly/curated/icCalMela1.1/icCalMela1.hap1.1.primary.fa.gz
Calendula_officinalis	dicots	release_reference	daCalOffi1.1	daCalOffi1.1	primary	1	1	0	0	/data/tol/data/darwin/dicots/Calendula_officinalis/assembly/curated/daCalOffi1.1/daCalOffi1.1.primary.fa.gz
Calidris_alpina	birds	release_reference	bCalAlp1.hap1.1	bCalAlp1.1	hap1	1	1	0	0	/data/tol/data/darwin/birds/Calidris_alpina/assembly/curated/bCalAlp1.1/bCalAlp1.hap1.1.primary.fa.gz
Calidris_canutus	birds	newest_curated_no_reference		bCalCan1.1	hap1	1	1	0	0	/data/tol/data/darwin/birds/Calidris_canutus/assembly/curated/bCalCan1.1/bCalCan1.hap1.1.primary.fa.gz
Callicera_rufa	insects	release_reference	idCalRufa1.hap1.1	idCalRufa1.1	hap1	1	1	0	0	/data/tol/data/darwin/insects/Callicera_rufa/assembly/curated/idCalRufa1.1/idCalRufa1.hap1.1.primary.fa.gz
Calliergon_cordifolium	non-vascular-plants	release_reference	cbCalCord2.2	cbCalCord2.2	primary	1	2	0	0	/data/tol/data/darwin/non-vascular-plants/Calliergon_cordifolium/assembly/curated/cbCalCord2.2/cbCalCord2.2.primary.fa.gz
Calliergonella_cuspidata	non-vascular-plants	release_reference	cbCalCusp2.1	cbCalCusp2.1	primary	1	1	0	0	/data/tol/data/darwin/non-vascular-plants/Calliergonella_cuspidata/assembly/curated/cbCalCusp2.1/cbCalCusp2.1.primary.fa.gz
Callimorpha_dominula	insects	release_reference	ilCalDomi2.1	ilCalDomi2.1	primary	1	1	0	0	/data/tol/data/darwin/insects/Callimorpha_dominula/assembly/curated/ilCalDomi2.1/ilCalDomi2.1.primary.fa.gz
Callionymus_lyra	fish	release_reference	fCalLyr1.hap1.1	fCalLyr1.1	hap1	1	1	0	0	/data/tol/data/darwin/fish/Callionymus_lyra/assembly/curated/fCalLyr1.1/fCalLyr1.hap1.1.primary.fa.gz
Calliopum_aeneum	insects	release_reference	idCalAene1.hap1.1	idCalAene1.1	hap1	1	1	0	0	/data/tol/data/darwin/insects/Calliopum_aeneum/assembly/curated/idCalAene1.1/idCalAene1.hap1.1.primary.fa.gz
Calliopum_simillimum	insects	release_reference	idCalSimi1.1	idCalSimi1.1	primary	1	1	0	0	/data/tol/data/darwin/insects/Calliopum_simillimum/assembly/curated/idCalSimi1.1/idCalSimi1.1.primary.fa.gz
Calliphora_loewi	insects	release_reference	idCalLoew1.1	idCalLoew1.1	primary	1	1	0	0	/data/tol/data/darwin/insects/Calliphora_loewi/assembly/curated/idCalLoew1.1/idCalLoew1.1.primary.fa.gz
Calliphora_vicina	insects	release_reference	idCalVici1.1	idCalVici1.1	primary	1	1	0	0	/data/tol/data/darwin/insects/Calliphora_vicina/assembly/curated/idCalVici1.1/idCalVici1.1.primary.fa.gz
Calliphora_vomitoria	insects	release_reference	idCalVomi1.2	idCalVomi1.2	primary	1	2	0	0	/data/tol/data/darwin/insects/Calliphora_vomitoria/assembly/curated/idCalVomi1.2/idCalVomi1.2.primary.fa.gz
Calliteara_pudibunda	insects	release_reference	ilCalPudi2.1	ilCalPudi2.1	primary	1	1	0	0	/data/tol/data/darwin/insects/Calliteara_pudibunda/assembly/curated/ilCalPudi2.1/ilCalPudi2.1.primary.fa.gz
Callitriche_obtusangula	dicots	release_reference	daCalObtu1.hap1.2	daCalObtu1.2	hap1	1	2	0	0	/data/tol/data/darwin/dicots/Callitriche_obtusangula/assembly/curated/daCalObtu1.2/daCalObtu1.hap1.2.primary.fa.gz
Callitriche_stagnalis	dicots	release_reference	daCalStag1.hap1.1	daCalStag1.1	hap1	1	1	0	0	/data/tol/data/darwin/dicots/Callitriche_stagnalis/assembly/curated/daCalStag1.1/daCalStag1.hap1.1.primary.fa.gz
Calluna_vulgaris	dicots	release_reference	ddCalVulg4.hap2.1	ddCalVulg4.1	hap2	1	1	0	0	/data/tol/data/darwin/dicots/Calluna_vulgaris/assembly/curated/ddCalVulg4.1/ddCalVulg4.hap2.1.primary.fa.gz
Calodromius_spilotus	insects	release_reference	icCalSpil2.1	icCalSpil2.1	primary	1	1	1	0	/data/tol/data/darwin/insects/Calodromius_spilotus/assembly/curated/icCalSpil2.1/icCalSpil2.1.primary.fa.gz
Calonectris_borealis	birds	release_reference	bCalBor7.hap1.3	bCalBor7.3	hap1	1	3	0	0	/data/tol/data/darwin/birds/Calonectris_borealis/assembly/curated/bCalBor7.3/bCalBor7.hap1.3.primary.fa.gz
Calophasia_lunula	insects	release_reference	ilCalLunu1.hap1.1	ilCalLunu1.1	hap1	1	1	0	0	/data/tol/data/darwin/insects/Calophasia_lunula/assembly/curated/ilCalLunu1.1/ilCalLunu1.hap1.1.primary.fa.gz
Caloptilia_robustella	insects	release_reference	ilCalRobu1.hap1.1	ilCalRobu1.1	hap1	1	1	0	0	/data/tol/data/darwin/insects/Caloptilia_robustella/assembly/curated/ilCalRobu1.1/ilCalRobu1.hap1.1.primary.fa.gz
Caloptilia_rufipennella	insects	release_reference	ilCalRufi2.2	ilCalRufi2.2	primary	1	2	0	0	/data/tol/data/darwin/insects/Caloptilia_rufipennella/assembly/curated/ilCalRufi2.2/ilCalRufi2.2.primary.fa.gz
Calvia_quattuordecimguttata	insects	release_reference	icCalQuat4.1	icCalQuat4.1	primary	1	1	0	0	/data/tol/data/darwin/insects/Calvia_quattuordecimguttata/assembly/curated/icCalQuat4.1/icCalQuat4.1.primary.fa.gz
Calystegia_soldanella	dicots	release_reference	daCalSold1.hap1.1	daCalSold1.1	hap1	1	1	0	0	/data/tol/data/darwin/dicots/Calystegia_soldanella/assembly/curated/daCalSold1.1/daCalSold1.hap1.1.primary.fa.gz
Campaea_margaritaria	insects	release_reference	ilCamMarg1.1	ilCamMarg1.1	legacy_curated_primary	1	1	1	0	/data/tol/data/darwin/insects/Campaea_margaritaria/assembly/curated/ilCamMarg1.1/ilCamMarg1_1.curated_primary.fa
Campanula_latifolia	dicots	release_reference	daCamLati1.hap1.1	daCamLati1.1	hap1	1	1	0	0	/data/tol/data/darwin/dicots/Campanula_latifolia/assembly/curated/daCamLati1.1/daCamLati1.hap1.1.primary.fa.gz
Campiglossa_producta	insects	release_reference	idCamProd1.hap1.1	idCamProd1.1	hap1	1	1	0	0	/data/tol/data/darwin/insects/Campiglossa_producta/assembly/curated/idCamProd1.1/idCamProd1.hap1.1.primary.fa.gz
Campoletis_raptor	insects	release_reference	iyCamRapt1.1	iyCamRapt1.1	primary	1	1	1	0	/data/tol/data/darwin/insects/Campoletis_raptor/assembly/curated/iyCamRapt1.1/iyCamRapt1.1.primary.fa.gz
Campsicnemus_scambus	insects	release_reference	idCamScam1.hap1.1	idCamScam1.1	hap1	1	1	0	0	/data/tol/data/darwin/insects/Campsicnemus_scambus/assembly/curated/idCamScam1.1/idCamScam1.hap1.1.primary.fa.gz
Camptogramma_bilineatum	insects	release_reference	ilCamBiln1.1	ilCamBiln1.1	primary	1	1	1	0	/data/tol/data/darwin/insects/Camptogramma_bilineatum/assembly/curated/ilCamBiln1.1/ilCamBiln1.1.primary.fa.gz
Campylopus_flexuosus	non-vascular-plants	release_reference	cbCamFlex1.1	cbCamFlex1.1	primary	1	1	0	0	/data/tol/data/darwin/non-vascular-plants/Campylopus_flexuosus/assembly/curated/cbCamFlex1.1/cbCamFlex1.1.primary.fa.gz
Campylopus_introflexus	non-vascular-plants	release_reference	cbCamIntr1.1	cbCamIntr1.1	primary	1	1	0	0	/data/tol/data/darwin/non-vascular-plants/Campylopus_introflexus/assembly/curated/cbCamIntr1.1/cbCamIntr1.1.primary.fa.gz
Candelabrum_cocksii	jellyfish	release_reference	jhCanCock6.1	jhCanCock6.1	primary	1	1	0	0	/data/tol/data/darwin/jellyfish/Candelabrum_cocksii/assembly/curated/jhCanCock6.1/jhCanCock6.1.primary.fa.gz
Canis_lupus	mammals	release_reference	mCanLor1.2	mCanLor1.2	primary	1	2	0	0	/data/tol/data/darwin/mammals/Canis_lupus/assembly/curated/mCanLor1.2/mCanLor1.2.primary.fa.gz
Cantharis_decipiens	insects	release_reference	icCanDeci3.1	icCanDeci3.1	primary	1	1	0	0	/data/tol/data/darwin/insects/Cantharis_decipiens/assembly/curated/icCanDeci3.1/icCanDeci3.1.primary.fa.gz
Cantharis_figurata	insects	release_reference	icCanFigu1.hap1.1	icCanFigu1.1	hap1	1	1	0	0	/data/tol/data/darwin/insects/Cantharis_figurata/assembly/curated/icCanFigu1.1/icCanFigu1.hap1.1.primary.fa.gz
Cantharis_flavilabris	insects	release_reference	icCanFlav1.1	icCanFlav1.1	primary	1	1	0	0	/data/tol/data/darwin/insects/Cantharis_flavilabris/assembly/curated/icCanFlav1.1/icCanFlav1.1.primary.fa.gz
Cantharis_lateralis	insects	release_reference	icCanLate1.1	icCanLate1.1	primary	1	1	1	0	/data/tol/data/darwin/insects/Cantharis_lateralis/assembly/curated/icCanLate1.1/icCanLate1.1.primary.fa.gz
Cantharis_nigra	insects	release_reference	icCanNigr2.1	icCanNigr2.1	primary	1	1	1	0	/data/tol/data/darwin/insects/Cantharis_nigra/assembly/curated/icCanNigr2.1/icCanNigr2.1.primary.fa.gz
Cantharis_pallida	insects	release_reference	icCanPall1.hap1.1	icCanPall1.1	hap1	1	1	0	0	/data/tol/data/darwin/insects/Cantharis_pallida/assembly/curated/icCanPall1.1/icCanPall1.hap1.1.primary.fa.gz
Cantharis_pellucida	insects	release_reference	icCanPell2.1	icCanPell2.1	primary	1	1	0	0	/data/tol/data/darwin/insects/Cantharis_pellucida/assembly/curated/icCanPell2.1/icCanPell2.1.primary.fa.gz
Cantharis_rufa	insects	release_reference	icCanRufa1.1	icCanRufa1.1	primary	1	1	2	0	/data/tol/data/darwin/insects/Cantharis_rufa/assembly/curated/icCanRufa1.1/icCanRufa1.1.primary.fa.gz
Cantharis_rustica	insects	release_reference	icCanRust1.1	icCanRust1.1	primary	1	1	0	0	/data/tol/data/darwin/insects/Cantharis_rustica/assembly/curated/icCanRust1.1/icCanRust1.1.primary.fa.gz
Caprimulgus_europaeus	birds	release_reference	bCapEur3.hap2.2	bCapEur3.2	hap2	1	2	0	0	/data/tol/data/darwin/birds/Caprimulgus_europaeus/assembly/curated/bCapEur3.2/bCapEur3.hap2.2.primary.fa.gz
Carabus_intricatus	insects	release_reference	icCarIntr3.hap1.1	icCarIntr3.1	hap1	1	1	0	0	/data/tol/data/darwin/insects/Carabus_intricatus/assembly/curated/icCarIntr3.1/icCarIntr3.hap1.1.primary.fa.gz
Carabus_nemoralis	insects	release_reference	icCarNemo1.1	icCarNemo1.1	primary	1	1	0	0	/data/tol/data/darwin/insects/Carabus_nemoralis/assembly/curated/icCarNemo1.1/icCarNemo1.1.primary.fa.gz
Carabus_problematicus	insects	release_reference	icCarProb1.1	icCarProb1.1	primary	1	1	0	0	/data/tol/data/darwin/insects/Carabus_problematicus/assembly/curated/icCarProb1.1/icCarProb1.1.primary.fa.gz
Caradrina_clavipalpis	insects	release_reference	ilCarClav1.1	ilCarClav1.1	primary	1	1	0	0	/data/tol/data/darwin/insects/Caradrina_clavipalpis/assembly/curated/ilCarClav1.1/ilCarClav1.1.primary.fa.gz
Caradrina_kadenii	insects	release_reference	ilCarKade1.1	ilCarKade1.1	primary	1	1	0	0	/data/tol/data/darwin/insects/Caradrina_kadenii/assembly/curated/ilCarKade1.1/ilCarKade1.1.primary.fa.gz
Caradrina_morpheus	insects	release_reference	ilCarMorp2.1	ilCarMorp2.1	primary	1	1	0	0	/data/tol/data/darwin/insects/Caradrina_morpheus/assembly/curated/ilCarMorp2.1/ilCarMorp2.1.primary.fa.gz
Carassius_carassius	fish	release_reference	fCarCar2.1	fCarCar2.1	primary	1	1	0	0	/data/tol/data/darwin/fish/Carassius_carassius/assembly/curated/fCarCar2.1/fCarCar2.1.primary.fa.gz
Carcina_quercana	insects	release_reference	ilCarQuer1.2	ilCarQuer1.2	primary	1	2	1	1	/data/tol/data/darwin/insects/Carcina_quercana/assembly/curated/ilCarQuer1.2/ilCarQuer1.2.primary.fa.gz
Cardamine_amara	dicots	newest_curated_no_reference		ddCarAmar1.1	hap1	1	1	0	0	/data/tol/data/darwin/dicots/Cardamine_amara/assembly/curated/ddCarAmar1.1/ddCarAmar1.hap1.1.primary.fa.gz
Cardamine_flexuosa	dicots	release_reference	ddCarFlex1.1	ddCarFlex1.1	primary	1	1	0	0	/data/tol/data/darwin/dicots/Cardamine_flexuosa/assembly/curated/ddCarFlex1.1/ddCarFlex1.1.primary.fa.gz
Cardamine_hirsuta	dicots	release_reference	ddCarHirs1.hap1.1	ddCarHirs1.1	hap1	1	1	0	0	/data/tol/data/darwin/dicots/Cardamine_hirsuta/assembly/curated/ddCarHirs1.1/ddCarHirs1.hap1.1.primary.fa.gz
Cardamine_pratensis	dicots	release_reference	ddCarPrat1.hap1.1	ddCarPrat1.1	hap1	1	1	0	0	/data/tol/data/darwin/dicots/Cardamine_pratensis/assembly/curated/ddCarPrat1.1/ddCarPrat1.hap1.1.primary.fa.gz
Carduelis_carduelis	birds	release_reference	bCarCar1.hap1.1	bCarCar1.1	hap1	1	1	0	0	/data/tol/data/darwin/birds/Carduelis_carduelis/assembly/curated/bCarCar1.1/bCarCar1.hap1.1.primary.fa.gz
Carduus_crispus	dicots	release_reference	daCarCris1.hap1.1	daCarCris1.1	hap1	1	1	0	0	/data/tol/data/darwin/dicots/Carduus_crispus/assembly/curated/daCarCris1.1/daCarCris1.hap1.1.primary.fa.gz
Carduus_nutans	dicots	release_reference	daCarNuta1.hap1.2	daCarNuta1.2	hap1	1	2	0	0	/data/tol/data/darwin/dicots/Carduus_nutans/assembly/curated/daCarNuta1.2/daCarNuta1.hap1.2.primary.fa.gz
Carex_acutiformis	monocots	release_reference	lpCarAcui1.hap1.2	lpCarAcui1.2	hap1	1	2	0	0	/data/tol/data/darwin/monocots/Carex_acutiformis/assembly/curated/lpCarAcui1.2/lpCarAcui1.hap1.2.primary.fa.gz
Carex_arenaria	monocots	release_reference	lpCarAren1.1	lpCarAren1.1	primary	1	1	0	0	/data/tol/data/darwin/monocots/Carex_arenaria/assembly/curated/lpCarAren1.1/lpCarAren1.1.primary.fa.gz
Carex_bigelowii	monocots	release_reference	lpCarBige1.hap2.1	lpCarBige1.1	hap2	1	1	0	0	/data/tol/data/darwin/monocots/Carex_bigelowii/assembly/curated/lpCarBige1.1/lpCarBige1.hap2.1.primary.fa.gz
Carex_caryophyllea	monocots	release_reference	lpCarCary1.hap1.2	lpCarCary1.2	hap1	1	2	0	0	/data/tol/data/darwin/monocots/Carex_caryophyllea/assembly/curated/lpCarCary1.2/lpCarCary1.hap1.2.primary.fa.gz
Carex_depauperata	monocots	release_reference	lpCarDepa1.1	lpCarDepa1.1	primary	1	1	1	0	/data/tol/data/darwin/monocots/Carex_depauperata/assembly/curated/lpCarDepa1.1/lpCarDepa1.1.primary.fa.gz
Carex_distans	monocots	release_reference	lpCarDist1.hap1.2	lpCarDist1.2	hap1	1	2	0	0	/data/tol/data/darwin/monocots/Carex_distans/assembly/curated/lpCarDist1.2/lpCarDist1.hap1.2.primary.fa.gz
Carex_divulsa	monocots	release_reference	lpCarDivu1.1	lpCarDivu1.1	primary	1	1	0	0	/data/tol/data/darwin/monocots/Carex_divulsa/assembly/curated/lpCarDivu1.1/lpCarDivu1.1.primary.fa.gz
Carex_echinata	monocots	release_reference	lpCarEchi2.hap1.1	lpCarEchi2.1	hap1	1	1	0	0	/data/tol/data/darwin/monocots/Carex_echinata/assembly/curated/lpCarEchi2.1/lpCarEchi2.hap1.1.primary.fa.gz
Carex_elata	monocots	release_reference	lpCarElat1.hap1.2	lpCarElat1.2	hap1	1	2	0	0	/data/tol/data/darwin/monocots/Carex_elata/assembly/curated/lpCarElat1.2/lpCarElat1.hap1.2.primary.fa.gz
Carex_extensa	monocots	release_reference	lpCarExte1.hap1.1	lpCarExte1.1	hap1	1	1	0	0	/data/tol/data/darwin/monocots/Carex_extensa/assembly/curated/lpCarExte1.1/lpCarExte1.hap1.1.primary.fa.gz
Carex_hirta	monocots	release_reference	lpCarHirt1.hap1.1	lpCarHirt1.1	hap1	1	1	0	0	/data/tol/data/darwin/monocots/Carex_hirta/assembly/curated/lpCarHirt1.1/lpCarHirt1.hap1.1.primary.fa.gz
Carex_laevigata	monocots	release_reference	lpCarLaev1.1	lpCarLaev1.1	primary	1	1	0	0	/data/tol/data/darwin/monocots/Carex_laevigata/assembly/curated/lpCarLaev1.1/lpCarLaev1.1.primary.fa.gz
Carex_lasiocarpa	monocots	release_reference	lpCarLasi1.hap1.1	lpCarLasi1.1	hap1	1	1	0	0	/data/tol/data/darwin/monocots/Carex_lasiocarpa/assembly/curated/lpCarLasi1.1/lpCarLasi1.hap1.1.primary.fa.gz
Carex_montana	monocots	release_reference	lpCarMont1.hap1.1	lpCarMont1.1	hap1	1	1	0	0	/data/tol/data/darwin/monocots/Carex_montana/assembly/curated/lpCarMont1.1/lpCarMont1.hap1.1.primary.fa.gz
Carex_nigra	monocots	release_reference	lpCarNigr3.hap1.1	lpCarNigr3.1	hap1	1	1	0	0	/data/tol/data/darwin/monocots/Carex_nigra/assembly/curated/lpCarNigr3.1/lpCarNigr3.hap1.1.primary.fa.gz
Carex_pendula	monocots	release_reference	lpCarPend1.1	lpCarPend1.1	primary	1	1	0	0	/data/tol/data/darwin/monocots/Carex_pendula/assembly/curated/lpCarPend1.1/lpCarPend1.1.primary.fa.gz
Carex_riparia	monocots	release_reference	lpCarRipa1.hap1.2	lpCarRipa1.2	hap1	1	2	0	0	/data/tol/data/darwin/monocots/Carex_riparia/assembly/curated/lpCarRipa1.2/lpCarRipa1.hap1.2.primary.fa.gz
Carex_rostrata	monocots	release_reference	lpCarRost1.2	lpCarRost1.2	primary	1	2	0	0	/data/tol/data/darwin/monocots/Carex_rostrata/assembly/curated/lpCarRost1.2/lpCarRost1.2.primary.fa.gz
Carex_spicata	monocots	release_reference	lpCarSpic1.1	lpCarSpic1.1	primary	1	1	0	1	/data/tol/data/darwin/monocots/Carex_spicata/assembly/curated/lpCarSpic1.1/lpCarSpic1.1.primary.fa.gz
Carex_sylvatica	monocots	release_reference	lpCarSylv1.1	lpCarSylv1.1	primary	1	1	0	0	/data/tol/data/darwin/monocots/Carex_sylvatica/assembly/curated/lpCarSylv1.1/lpCarSylv1.1.primary.fa.gz
Carlina_vulgaris	dicots	release_reference	daCarVulg1.hap1.2	daCarVulg1.2	hap1	1	2	0	0	/data/tol/data/darwin/dicots/Carlina_vulgaris/assembly/curated/daCarVulg1.2/daCarVulg1.hap1.2.primary.fa.gz
Carpatolechia_decorella	insects	release_reference	ilCarDeco23.hap1.1	ilCarDeco23.1	hap1	1	1	0	0	/data/tol/data/darwin/insects/Carpatolechia_decorella/assembly/curated/ilCarDeco23.1/ilCarDeco23.hap1.1.primary.fa.gz
Carpatolechia_fugitivella	insects	release_reference	ilCarFugi1.1	ilCarFugi1.1	primary	1	1	0	0	/data/tol/data/darwin/insects/Carpatolechia_fugitivella/assembly/curated/ilCarFugi1.1/ilCarFugi1.1.primary.fa.gz
Carpinus_betulus	dicots	release_reference	dhCarBetu1.hap8.1	dhCarBetu1.1	hap8	1	1	1	0	/data/tol/data/darwin/dicots/Carpinus_betulus/assembly/curated/dhCarBetu1.1/dhCarBetu1.hap8.1.primary.fa.gz
Carpobrotus_edulis	dicots	release_reference	dcCarEdul1.hap1.1	dcCarEdul1.1	hap1	1	1	0	0	/data/tol/data/darwin/dicots/Carpobrotus_edulis/assembly/curated/dcCarEdul1.1/dcCarEdul1.hap1.1.primary.fa.gz
Carsia_sororiata	insects	release_reference	ilCarSoro1.hap1.1	ilCarSoro1.1	hap1	1	1	0	0	/data/tol/data/darwin/insects/Carsia_sororiata/assembly/curated/ilCarSoro1.1/ilCarSoro1.hap1.1.primary.fa.gz
Carterocephalus_palaemon	insects	release_reference	ilCarPala2.1	ilCarPala2.1	primary	1	1	0	0	/data/tol/data/darwin/insects/Carterocephalus_palaemon/assembly/curated/ilCarPala2.1/ilCarPala2.1.primary.fa.gz
Cartodere_bifasciata	insects	release_reference	icCarBifa1.1	icCarBifa1.1	primary	1	1	0	0	/data/tol/data/darwin/insects/Cartodere_bifasciata/assembly/curated/icCarBifa1.1/icCarBifa1.1.primary.fa.gz
Caryocolum_tricolorella	insects	release_reference	ilCarTric1.hap1.1	ilCarTric1.1	hap1	1	1	0	0	/data/tol/data/darwin/insects/Caryocolum_tricolorella/assembly/curated/ilCarTric1.1/ilCarTric1.hap1.1.primary.fa.gz
Castanea_sativa	dicots	newest_curated_no_reference		dhCasSati1.2	hap1	1	2	0	0	/data/tol/data/darwin/dicots/Castanea_sativa/assembly/curated/dhCasSati1.2/dhCasSati1.hap1.2.primary.fa.gz
Castor_fiber	mammals	release_reference	mCasFib1.1	mCasFib1.1	primary	1	1	0	0	/data/tol/data/darwin/mammals/Castor_fiber/assembly/curated/mCasFib1.1/mCasFib1.1.primary.fa.gz
Cataclysta_lemnata	insects	release_reference	ilCatLemn2.1	ilCatLemn2.1	primary	1	1	0	0	/data/tol/data/darwin/insects/Cataclysta_lemnata/assembly/curated/ilCatLemn2.1/ilCatLemn2.1.primary.fa.gz
Catapodium_rigidum	monocots	newest_curated_no_reference		lpCatRigi1.1	hap1	1	1	0	0	/data/tol/data/darwin/monocots/Catapodium_rigidum/assembly/curated/lpCatRigi1.1/lpCatRigi1.hap1.1.primary.fa.gz
Catarhoe_cuculata	insects	release_reference	ilCatCucu1.hap1.1	ilCatCucu1.1	hap1	1	1	0	0	/data/tol/data/darwin/insects/Catarhoe_cuculata/assembly/curated/ilCatCucu1.1/ilCatCucu1.hap1.1.primary.fa.gz
Catarhoe_rubidata	insects	release_reference	ilCatRubi1.hap1.1	ilCatRubi1.1	hap1	1	1	0	0	/data/tol/data/darwin/insects/Catarhoe_rubidata/assembly/curated/ilCatRubi1.1/ilCatRubi1.hap1.1.primary.fa.gz
Catocala_fraxini	insects	release_reference	ilCatFrax1.1	ilCatFrax1.1	primary	1	1	0	0	/data/tol/data/darwin/insects/Catocala_fraxini/assembly/curated/ilCatFrax1.1/ilCatFrax1.1.primary.fa.gz
Catocala_nupta	insects	release_reference	ilCatNupt1.1	ilCatNupt1.1	primary	1	1	0	0	/data/tol/data/darwin/insects/Catocala_nupta/assembly/curated/ilCatNupt1.1/ilCatNupt1.1.primary.fa.gz
Catocala_promissa	insects	release_reference	ilCatProm1.hap1.1	ilCatProm1.1	hap1	2	2	0	0	/data/tol/data/darwin/insects/Catocala_promissa/assembly/curated/ilCatProm1.1/ilCatProm1.hap1.1.primary.fa.gz
Catocala_sponsa	insects	release_reference	ilCatSpon1.1	ilCatSpon1.1	primary	1	1	0	0	/data/tol/data/darwin/insects/Catocala_sponsa/assembly/curated/ilCatSpon1.1/ilCatSpon1.1.primary.fa.gz
Catops_nigricans	insects	release_reference	icCatNigr1.hap1.1	icCatNigr1.1	hap1	1	1	0	0	/data/tol/data/darwin/insects/Catops_nigricans/assembly/curated/icCatNigr1.1/icCatNigr1.hap1.1.primary.fa.gz
Catoptria_pinella	insects	release_reference	ilCatPine1.1	ilCatPine1.1	primary	1	1	1	0	/data/tol/data/darwin/insects/Catoptria_pinella/assembly/curated/ilCatPine1.1/ilCatPine1.1.primary.fa.gz
Cauchas_fibulella	insects	release_reference	ilCauFibu1.hap1.1	ilCauFibu1.1	hap1	1	1	0	0	/data/tol/data/darwin/insects/Cauchas_fibulella/assembly/curated/ilCauFibu1.1/ilCauFibu1.hap1.1.primary.fa.gz
Cauchas_rufimitrella	insects	release_reference	ilCauRufi1.hap1.1	ilCauRufi1.1	hap1	1	1	0	0	/data/tol/data/darwin/insects/Cauchas_rufimitrella/assembly/curated/ilCauRufi1.1/ilCauRufi1.hap1.1.primary.fa.gz
Celastrina_argiolus	insects	release_reference	ilCelArgi3.2	ilCelArgi3.2	primary	1	2	1	0	/data/tol/data/darwin/insects/Celastrina_argiolus/assembly/curated/ilCelArgi3.2/ilCelArgi3.2.primary.fa.gz
Celypha_lacunana	insects	release_reference	ilCelLacu3.1	ilCelLacu3.1	primary	1	1	0	0	/data/tol/data/darwin/insects/Celypha_lacunana/assembly/curated/ilCelLacu3.1/ilCelLacu3.1.primary.fa.gz
Celypha_striana	insects	release_reference	ilCelStri2.hap1.1	ilCelStri2.1	hap1	1	1	0	0	/data/tol/data/darwin/insects/Celypha_striana/assembly/curated/ilCelStri2.1/ilCelStri2.hap1.1.primary.fa.gz
Cenopis_cana	insects	release_reference	ilCenCana3.hap1.1	ilCenCana3.1	hap1	2	2	1	1	/data/tol/data/darwin/insects/Cenopis_cana/assembly/curated/ilCenCana3.1/ilCenCana3.hap1.1.primary.fa.gz
Centaurium_erythraea	dicots	release_reference	daCenEryt1.hap1.1	daCenEryt1.1	hap1	1	1	0	0	/data/tol/data/darwin/dicots/Centaurium_erythraea/assembly/curated/daCenEryt1.1/daCenEryt1.hap1.1.primary.fa.gz
Centaurium_intermedium	dicots	release_reference	daCenInte1.hap1.1	daCenInte1.1	hap1	1	1	0	0	/data/tol/data/darwin/dicots/Centaurium_intermedium/assembly/curated/daCenInte1.1/daCenInte1.hap1.1.primary.fa.gz
Cepaea_hortensis	molluscs	release_reference	xgCepHort1.1	xgCepHort1.1	primary	1	1	0	0	/data/tol/data/darwin/molluscs/Cepaea_hortensis/assembly/curated/xgCepHort1.1/xgCepHort1.1.primary.fa.gz
Cepaea_nemoralis	molluscs	release_reference	xgCepNemo3.hap2.2	xgCepNemo3.2	hap2	2	3	0	0	/data/tol/data/darwin/molluscs/Cepaea_nemoralis/assembly/curated/xgCepNemo3.2/xgCepNemo3.hap2.2.primary.fa.gz
Cephus_pygmeus	insects	release_reference	iyCepPygm1.1	iyCepPygm1.1	primary	1	1	0	0	/data/tol/data/darwin/insects/Cephus_pygmeus/assembly/curated/iyCepPygm1.1/iyCepPygm1.1.primary.fa.gz
Cephus_spinipes	insects	release_reference	iyCepSpin2.1	iyCepSpin2.1	primary	1	1	1	0	/data/tol/data/darwin/insects/Cephus_spinipes/assembly/curated/iyCepSpin2.1/iyCepSpin2.1.primary.fa.gz
Cepola_macrophthalma	fish	release_reference	fCepMac1.hap2.1	fCepMac1.1	hap2	1	1	0	0	/data/tol/data/darwin/fish/Cepola_macrophthalma/assembly/curated/fCepMac1.1/fCepMac1.hap2.1.primary.fa.gz
Ceraclea_albimacula	insects	release_reference	iiCerAlbi1.hap1.1	iiCerAlbi1.1	hap1	1	1	0	0	/data/tol/data/darwin/insects/Ceraclea_albimacula/assembly/curated/iiCerAlbi1.1/iiCerAlbi1.hap1.1.primary.fa.gz
Ceraclea_dissimilis	insects	release_reference	iiCerDiss1.1	iiCerDiss1.1	primary	1	1	2	0	/data/tol/data/darwin/insects/Ceraclea_dissimilis/assembly/curated/iiCerDiss1.1/iiCerDiss1.1.primary.fa.gz
Ceramica_pisi	insects	release_reference	ilCerPisi1.1	ilCerPisi1.1	primary	1	1	0	0	/data/tol/data/darwin/insects/Ceramica_pisi/assembly/curated/ilCerPisi1.1/ilCerPisi1.1.primary.fa.gz
Cerapteryx_graminis	insects	release_reference	ilCerGram1.hap1.1	ilCerGram1.1	hap1	1	1	0	0	/data/tol/data/darwin/insects/Cerapteryx_graminis/assembly/curated/ilCerGram1.1/ilCerGram1.hap1.1.primary.fa.gz
Cerastis_leucographa	insects	release_reference	ilCerLeuc1.1	ilCerLeuc1.1	primary	1	1	0	0	/data/tol/data/darwin/insects/Cerastis_leucographa/assembly/curated/ilCerLeuc1.1/ilCerLeuc1.1.primary.fa.gz
Cerastis_rubricosa	insects	release_reference	ilCerRubr1.1	ilCerRubr1.1	primary	1	1	0	0	/data/tol/data/darwin/insects/Cerastis_rubricosa/assembly/curated/ilCerRubr1.1/ilCerRubr1.1.primary.fa.gz
Cerastium_alpinum	dicots	release_reference	dcCerAlpi1.hap1.1	dcCerAlpi1.1	hap1	1	1	0	0	/data/tol/data/darwin/dicots/Cerastium_alpinum/assembly/curated/dcCerAlpi1.1/dcCerAlpi1.hap1.1.primary.fa.gz
Cerastoderma_edule	molluscs	newest_curated_no_reference		xbCerEdul1.1	primary	1	1	0	0	/data/tol/data/darwin/molluscs/Cerastoderma_edule/assembly/curated/xbCerEdul1.1/xbCerEdul1.1.primary.fa.gz
Cerastoderma_glaucum	molluscs	release_reference	xbCerGlau2.hap1.1	xbCerGlau2.1	hap1	1	1	0	0	/data/tol/data/darwin/molluscs/Cerastoderma_glaucum/assembly/curated/xbCerGlau2.1/xbCerGlau2.hap1.1.primary.fa.gz
Ceratinostoma_ostiorum	insects	release_reference	idCerOsti1.hap1.1	idCerOsti1.1	hap1	1	1	0	0	/data/tol/data/darwin/insects/Ceratinostoma_ostiorum/assembly/curated/idCerOsti1.1/idCerOsti1.hap1.1.primary.fa.gz
Ceratocapnos_claviculata	dicots	release_reference	dmCerClav1.hap1.1	dmCerClav1.1	hap1	1	1	0	0	/data/tol/data/darwin/dicots/Ceratocapnos_claviculata/assembly/curated/dmCerClav1.1/dmCerClav1.hap1.1.primary.fa.gz
Ceratodon_purpureus	non-vascular-plants	newest_curated_no_reference		cbCerPurp3.1	primary	1	1	0	0	/data/tol/data/darwin/non-vascular-plants/Ceratodon_purpureus/assembly/curated/cbCerPurp3.1/cbCerPurp3.1.primary.fa.gz
Ceratothoa_steindachneri	arthropods	release_reference	qmCerStei3.1	qmCerStei3.1	primary	1	1	0	0	/data/tol/data/darwin/arthropods/Ceratothoa_steindachneri/assembly/curated/qmCerStei3.1/qmCerStei3.1.primary.fa.gz
Cerceris_ruficornis	insects	release_reference	iyCerRufi2.1	iyCerRufi2.1	primary	1	1	1	0	/data/tol/data/darwin/insects/Cerceris_ruficornis/assembly/curated/iyCerRufi2.1/iyCerRufi2.1.primary.fa.gz
Cerceris_rybyensis	insects	newer_curation_than_reference	iyCerRyby1.1	iyCerRyby1.2	primary	1	2	0	0	/data/tol/data/darwin/insects/Cerceris_rybyensis/assembly/curated/iyCerRyby1.2/iyCerRyby1.2.primary.fa.gz
Ceriagrion_tenellum	insects	release_reference	ioCerTene1.1	ioCerTene1.1	primary	1	1	0	0	/data/tol/data/darwin/insects/Ceriagrion_tenellum/assembly/curated/ioCerTene1.1/ioCerTene1.1.primary.fa.gz
Certhia_familiaris	birds	release_reference	bCerFam1.hap1.1	bCerFam1.1	hap1	1	1	0	0	/data/tol/data/darwin/birds/Certhia_familiaris/assembly/curated/bCerFam1.1/bCerFam1.hap1.1.primary.fa.gz
Cerura_vinula	insects	release_reference	ilCerVinu1.hap1.1	ilCerVinu1.1	hap1	1	1	0	0	/data/tol/data/darwin/insects/Cerura_vinula/assembly/curated/ilCerVinu1.1/ilCerVinu1.hap1.1.primary.fa.gz
Cervus_elaphus	mammals	release_reference	mCerEla1.hap1.2	mCerEla1.2	hap1	1	2	0	0	/data/tol/data/darwin/mammals/Cervus_elaphus/assembly/curated/mCerEla1.2/mCerEla1.hap1.2.primary.fa.gz
Cetonia_aurata	insects	release_reference	icCetAura1.1	icCetAura1.1	primary	1	1	0	0	/data/tol/data/darwin/insects/Cetonia_aurata/assembly/curated/icCetAura1.1/icCetAura1.1.primary.fa.gz
Cetorhinus_maximus	sharks	release_reference	sCetMax3.hap1.1	sCetMax3.1	hap1	1	1	0	0	/data/tol/data/darwin/sharks/Cetorhinus_maximus/assembly/curated/sCetMax3.1/sCetMax3.hap1.1.primary.fa.gz
Cettia_cetti	birds	release_reference	bCetCet1.hap1.1	bCetCet1.1	hap1	1	1	0	0	/data/tol/data/darwin/birds/Cettia_cetti/assembly/curated/bCetCet1.1/bCetCet1.hap1.1.primary.fa.gz
Ceutorhynchus_obstrictus	insects	release_reference	icCeuObst1.1	icCeuObst1.1	primary	1	1	1	0	/data/tol/data/darwin/insects/Ceutorhynchus_obstrictus/assembly/curated/icCeuObst1.1/icCeuObst1.1.primary.fa.gz
Chaetocnema_hortensis	insects	release_reference	icChaHort1.hap1.1	icChaHort1.1	hap1	1	1	0	0	/data/tol/data/darwin/insects/Chaetocnema_hortensis/assembly/curated/icChaHort1.1/icChaHort1.hap1.1.primary.fa.gz
Chaetopeltis_orbicularis	algae	release_reference	ucChaOrbi1.hap1.1	ucChaOrbi1.1	hap1	1	1	0	0	/data/tol/data/darwin/algae/Chaetopeltis_orbicularis/assembly/curated/ucChaOrbi1.1/ucChaOrbi1.hap1.1.primary.fa.gz
Chalcis_sispes	insects	release_reference	iyChaSisp2.1	iyChaSisp2.1	primary	1	1	1	0	/data/tol/data/darwin/insects/Chalcis_sispes/assembly/curated/iyChaSisp2.1/iyChaSisp2.1.primary.fa.gz
Chalcosyrphus_nemorum	insects	release_reference	idChaNemo1.1	idChaNemo1.1	primary	1	1	0	0	/data/tol/data/darwin/insects/Chalcosyrphus_nemorum/assembly/curated/idChaNemo1.1/idChaNemo1.1.primary.fa.gz
Chamaenerion_angustifolium	dicots	release_reference	drChaAngu1.1	drChaAngu1.1	primary	1	1	0	0	/data/tol/data/darwin/dicots/Chamaenerion_angustifolium/assembly/curated/drChaAngu1.1/drChaAngu1.1.primary.fa.gz
Chamelea_striatula	molluscs	release_reference	xbChaStri2.hap1.1	xbChaStri2.1	hap1	1	1	0	0	/data/tol/data/darwin/molluscs/Chamelea_striatula/assembly/curated/xbChaStri2.1/xbChaStri2.hap1.1.primary.fa.gz
Charadrius_hiaticula	birds	release_reference	bChaHia1.hap1.1	bChaHia1.1	hap1	1	1	0	0	/data/tol/data/darwin/birds/Charadrius_hiaticula/assembly/curated/bChaHia1.1/bChaHia1.hap1.1.primary.fa.gz
Charanyca_ferruginea	insects	release_reference	ilChaFerr1.1	ilChaFerr1.1	primary	1	1	0	0	/data/tol/data/darwin/insects/Charanyca_ferruginea/assembly/curated/ilChaFerr1.1/ilChaFerr1.1.primary.fa.gz
Charanyca_trigrammica	insects	release_reference	ilChaTrig1.hap1.1	ilChaTrig1.1	hap1	1	1	0	0	/data/tol/data/darwin/insects/Charanyca_trigrammica/assembly/curated/ilChaTrig1.1/ilChaTrig1.hap1.1.primary.fa.gz
Cheilosia_fraterna	insects	release_reference	idCheFrat1.hap1.2	idCheFrat1.2	hap1	1	2	0	0	/data/tol/data/darwin/insects/Cheilosia_fraterna/assembly/curated/idCheFrat1.2/idCheFrat1.hap1.2.primary.fa.gz
Cheilosia_grossa	insects	release_reference	idCheGros1.1	idCheGros1.1	primary	1	1	0	0	/data/tol/data/darwin/insects/Cheilosia_grossa/assembly/curated/idCheGros1.1/idCheGros1.1.primary.fa.gz
Cheilosia_illustrata	insects	release_reference	idCheIllu6.1	idCheIllu6.1	primary	1	1	0	0	/data/tol/data/darwin/insects/Cheilosia_illustrata/assembly/curated/idCheIllu6.1/idCheIllu6.1.primary.fa.gz
Cheilosia_impressa	insects	release_reference	idCheImpr3.1	idCheImpr3.1	primary	1	1	0	0	/data/tol/data/darwin/insects/Cheilosia_impressa/assembly/curated/idCheImpr3.1/idCheImpr3.1.primary.fa.gz
Cheilosia_pagana	insects	release_reference	idChePaga1.1	idChePaga1.1	primary	1	1	0	0	/data/tol/data/darwin/insects/Cheilosia_pagana/assembly/curated/idChePaga1.1/idChePaga1.1.primary.fa.gz
Cheilosia_scutellata	insects	release_reference	idCheScut6.1	idCheScut6.1	primary	1	1	0	0	/data/tol/data/darwin/insects/Cheilosia_scutellata/assembly/curated/idCheScut6.1/idCheScut6.1.primary.fa.gz
Cheilosia_soror	insects	newer_curation_than_reference	idCheSoro4.1	idCheSoro4.2	primary	2	3	2	0	/data/tol/data/darwin/insects/Cheilosia_soror/assembly/curated/idCheSoro4.2/idCheSoro4.2.primary.fa.gz
Cheilosia_urbana	insects	release_reference	idCheUrba1.1	idCheUrba1.1	primary	1	1	0	0	/data/tol/data/darwin/insects/Cheilosia_urbana/assembly/curated/idCheUrba1.1/idCheUrba1.1.primary.fa.gz
Cheilosia_variabilis	insects	release_reference	idCheVari2.1	idCheVari2.1	primary	1	1	0	0	/data/tol/data/darwin/insects/Cheilosia_variabilis/assembly/curated/idCheVari2.1/idCheVari2.1.primary.fa.gz
Cheilosia_vernalis	insects	release_reference	idCheVern2.1	idCheVern2.1	primary	1	1	0	0	/data/tol/data/darwin/insects/Cheilosia_vernalis/assembly/curated/idCheVern2.1/idCheVern2.1.primary.fa.gz
Cheilosia_vulpina	insects	release_reference	idCheVulp2.1	idCheVulp2.1	legacy_curated_primary	1	1	0	0	/data/tol/data/darwin/insects/Cheilosia_vulpina/assembly/curated/idCheVulp2.1/idCheVulp2_1.curated_primary.fa
Cheiracanthium_erraticum	arthropods	release_reference	qqCheErra1.hap1.1	qqCheErra1.1	hap1	1	1	0	1	/data/tol/data/darwin/arthropods/Cheiracanthium_erraticum/assembly/curated/qqCheErra1.1/qqCheErra1.hap1.1.primary.fa.gz
Chelidonichthys_cuculus	fish	release_reference	fCheCuc1.hap1.1	fCheCuc1.1	hap1	1	1	0	0	/data/tol/data/darwin/fish/Chelidonichthys_cuculus/assembly/curated/fCheCuc1.1/fCheCuc1.hap1.1.primary.fa.gz
Chelidonichthys_lucerna	fish	release_reference	fCheLuc1.hap1.1	fCheLuc1.1	hap1	1	1	0	0	/data/tol/data/darwin/fish/Chelidonichthys_lucerna/assembly/curated/fCheLuc1.1/fCheLuc1.hap1.1.primary.fa.gz
Chelon_labrosus	fish	release_reference	fCheLab1.1	fCheLab1.1	primary	1	1	0	0	/data/tol/data/darwin/fish/Chelon_labrosus/assembly/curated/fCheLab1.1/fCheLab1.1.primary.fa.gz
Chenopodium_album	dicots	release_reference	dcCheAlbu1.1	dcCheAlbu1.1	primary	1	1	0	0	/data/tol/data/darwin/dicots/Chenopodium_album/assembly/curated/dcCheAlbu1.1/dcCheAlbu1.1.primary.fa.gz
Chesias_legatella	insects	release_reference	ilCheLega1.1	ilCheLega1.1	primary	1	1	1	0	/data/tol/data/darwin/insects/Chesias_legatella/assembly/curated/ilCheLega1.1/ilCheLega1.1.primary.fa.gz
Chiasmia_clathrata	insects	release_reference	ilChiClat1.hap1.1	ilChiClat1.1	hap1	1	1	0	0	/data/tol/data/darwin/insects/Chiasmia_clathrata/assembly/curated/ilChiClat1.1/ilChiClat1.hap1.1.primary.fa.gz
Chironomus_sp_SAN22000474	insects	newest_curated_no_reference		idChiSpeb1.1	hap1	1	1	0	0	/data/tol/data/darwin/insects/Chironomus_sp_SAN22000474/assembly/curated/idChiSpeb1.1/idChiSpeb1.hap1.1.primary.fa.gz
Chironomus_tentans	insects	release_reference	idChiTent1.1	idChiTent1.1	primary	1	1	0	0	/data/tol/data/darwin/insects/Chironomus_tentans/assembly/curated/idChiTent1.1/idChiTent1.1.primary.fa.gz
Chloris_chloris	birds	release_reference	bChlChl3.hap1.1	bChlChl3.1	hap1	1	1	0	0	/data/tol/data/darwin/birds/Chloris_chloris/assembly/curated/bChlChl3.1/bChlChl3.hap1.1.primary.fa.gz
Chlorochytrium_lemnae	algae	release_reference	ucChlLemn1.hap1.1	ucChlLemn1.1	hap1	1	1	0	0	/data/tol/data/darwin/algae/Chlorochytrium_lemnae/assembly/curated/ucChlLemn1.1/ucChlLemn1.hap1.1.primary.fa.gz
Chloroclysta_siterata	insects	release_reference	ilChlSite2.1	ilChlSite2.1	primary	2	2	0	0	/data/tol/data/darwin/insects/Chloroclysta_siterata/assembly/curated/ilChlSite2.1/ilChlSite2.1.primary.fa.gz
Chloroclystis_v_ata	insects	release_reference	ilChlVata1.1	ilChlVata1.1	primary	1	1	0	0	/data/tol/data/darwin/insects/Chloroclystis_v_ata/assembly/curated/ilChlVata1.1/ilChlVata1.1.primary.fa.gz
Chloromyia_formosa	insects	release_reference	idChlForm1.1	idChlForm1.1	primary	1	1	0	0	/data/tol/data/darwin/insects/Chloromyia_formosa/assembly/curated/idChlForm1.1/idChlForm1.1.primary.fa.gz
Chlorophyllum_brunneum	fungi	release_reference	gfChlBrun1.1	gfChlBrun1.1	primary	1	1	0	0	/data/tol/data/darwin/fungi/Chlorophyllum_brunneum/assembly/curated/gfChlBrun1.1/gfChlBrun1.1.primary.fa.gz
Chlorops_pumilionis	insects	release_reference	idChlPumi1.hap1.1	idChlPumi1.1	hap1	1	1	0	0	/data/tol/data/darwin/insects/Chlorops_pumilionis/assembly/curated/idChlPumi1.1/idChlPumi1.hap1.1.primary.fa.gz
Choerades_gilvus	insects	release_reference	idChoGilv1.hap1.1	idChoGilv1.1	hap1	1	1	0	0	/data/tol/data/darwin/insects/Choerades_gilvus/assembly/curated/idChoGilv1.1/idChoGilv1.hap1.1.primary.fa.gz
Choneiulus_palmatus	arthropods	release_reference	qdChoPalm2.1	qdChoPalm2.1	primary	1	1	0	0	/data/tol/data/darwin/arthropods/Choneiulus_palmatus/assembly/curated/qdChoPalm2.1/qdChoPalm2.1.primary.fa.gz
Choreutis_nemorana	insects	release_reference	ilChoNemo1.1	ilChoNemo1.1	primary	1	1	0	0	/data/tol/data/darwin/insects/Choreutis_nemorana/assembly/curated/ilChoNemo1.1/ilChoNemo1.1.primary.fa.gz
Chorisops_tibialis	insects	release_reference	idChoTibi2.1	idChoTibi2.1	primary	1	1	0	0	/data/tol/data/darwin/insects/Chorisops_tibialis/assembly/curated/idChoTibi2.1/idChoTibi2.1.primary.fa.gz
Chortodes_pygminus	insects	release_reference	ilChoPygm4.hap1.1	ilChoPygm4.1	hap1	1	1	0	0	/data/tol/data/darwin/insects/Chortodes_pygminus/assembly/curated/ilChoPygm4.1/ilChoPygm4.hap1.1.primary.fa.gz
Chroicocephalus_ridibundus	birds	release_reference	bChrRid1.1	bChrRid1.1	primary	1	1	0	0	/data/tol/data/darwin/birds/Chroicocephalus_ridibundus/assembly/curated/bChrRid1.1/bChrRid1.1.primary.fa.gz
Chrysis_angustula	insects	release_reference	iyChrAngu1.hap2.1	iyChrAngu1.1	hap2	1	1	0	0	/data/tol/data/darwin/insects/Chrysis_angustula/assembly/curated/iyChrAngu1.1/iyChrAngu1.hap2.1.primary.fa.gz
Chrysogaster_coemiteriorum	insects	release_reference	idChrCemi1.1	idChrCemi1.1	primary	1	1	0	0	/data/tol/data/darwin/insects/Chrysogaster_coemiteriorum/assembly/curated/idChrCemi1.1/idChrCemi1.1.primary.fa.gz
Chrysolina_americana	insects	release_reference	icChrAmer1.1	icChrAmer1.1	primary	1	1	0	0	/data/tol/data/darwin/insects/Chrysolina_americana/assembly/curated/icChrAmer1.1/icChrAmer1.1.primary.fa.gz
Chrysolina_graminis	insects	release_reference	icChrGram1.hap1.1	icChrGram1.1	hap1	1	1	0	0	/data/tol/data/darwin/insects/Chrysolina_graminis/assembly/curated/icChrGram1.1/icChrGram1.hap1.1.primary.fa.gz
Chrysolina_haemoptera	insects	release_reference	icChrHaem1.1	icChrHaem1.1	primary	1	1	0	0	/data/tol/data/darwin/insects/Chrysolina_haemoptera/assembly/curated/icChrHaem1.1/icChrHaem1.1.primary.fa.gz
Chrysolina_herbacea	insects	release_reference	icChrHerb2.hap1.1	icChrHerb2.1	hap1	1	1	0	0	/data/tol/data/darwin/insects/Chrysolina_herbacea/assembly/curated/icChrHerb2.1/icChrHerb2.hap1.1.primary.fa.gz
Chrysolina_hyperici	insects	release_reference	icChrHype1.hap1.1	icChrHype1.1	hap1	1	1	0	0	/data/tol/data/darwin/insects/Chrysolina_hyperici/assembly/curated/icChrHype1.1/icChrHype1.hap1.1.primary.fa.gz
Chrysolina_oricalcia	insects	release_reference	icChrOric1.2	icChrOric1.2	primary	1	2	0	0	/data/tol/data/darwin/insects/Chrysolina_oricalcia/assembly/curated/icChrOric1.2/icChrOric1.2.primary.fa.gz
Chrysomela_populi	insects	release_reference	icChrPopu2.hap1.1	icChrPopu2.1	hap1	1	1	0	0	/data/tol/data/darwin/insects/Chrysomela_populi/assembly/curated/icChrPopu2.1/icChrPopu2.hap1.1.primary.fa.gz
Chrysomela_saliceti	insects	release_reference	icChrSali1.hap1.1	icChrSali1.1	hap1	1	1	0	0	/data/tol/data/darwin/insects/Chrysomela_saliceti/assembly/curated/icChrSali1.1/icChrSali1.hap1.1.primary.fa.gz
Chrysoperla_carnea	insects	release_reference	inChrCarn1.1	inChrCarn1.1	primary	1	1	0	0	/data/tol/data/darwin/insects/Chrysoperla_carnea/assembly/curated/inChrCarn1.1/inChrCarn1.1.primary.fa.gz
Chrysopilus_asiliformis	insects	release_reference	idChrAsil3.1	idChrAsil3.1	primary	1	1	0	0	/data/tol/data/darwin/insects/Chrysopilus_asiliformis/assembly/curated/idChrAsil3.1/idChrAsil3.1.primary.fa.gz
Chrysops_caecutiens	insects	release_reference	idChrCaec1.1	idChrCaec1.1	primary	1	1	0	0	/data/tol/data/darwin/insects/Chrysops_caecutiens/assembly/curated/idChrCaec1.1/idChrCaec1.1.primary.fa.gz
Chrysops_relictus	insects	release_reference	idChrReli1.hap1.1	idChrReli1.1	hap1	1	1	0	0	/data/tol/data/darwin/insects/Chrysops_relictus/assembly/curated/idChrReli1.1/idChrReli1.hap1.1.primary.fa.gz
Chrysops_viduatus	insects	release_reference	idChrVidu2.1	idChrVidu2.1	primary	1	1	0	0	/data/tol/data/darwin/insects/Chrysops_viduatus/assembly/curated/idChrVidu2.1/idChrVidu2.1.primary.fa.gz
Chrysosplenium_oppositifolium	dicots	release_reference	drChrOppo1.hap1.1	drChrOppo1.1	hap1	1	1	0	0	/data/tol/data/darwin/dicots/Chrysosplenium_oppositifolium/assembly/curated/drChrOppo1.1/drChrOppo1.hap1.1.primary.fa.gz
Chrysoteuchia_culmella	insects	release_reference	ilChrCulm1.1	ilChrCulm1.1	primary	1	1	0	0	/data/tol/data/darwin/insects/Chrysoteuchia_culmella/assembly/curated/ilChrCulm1.1/ilChrCulm1.1.primary.fa.gz
Chrysotoxum_bicinctum	insects	release_reference	idChrBici1.1	idChrBici1.1	primary	1	1	0	0	/data/tol/data/darwin/insects/Chrysotoxum_bicinctum/assembly/curated/idChrBici1.1/idChrBici1.1.primary.fa.gz
Chrysotoxum_festivum	insects	release_reference	idChrFest1.1	idChrFest1.1	primary	1	1	0	0	/data/tol/data/darwin/insects/Chrysotoxum_festivum/assembly/curated/idChrFest1.1/idChrFest1.1.primary.fa.gz
Chrysotoxum_verralli	insects	release_reference	idChrVerr4.hap1.1	idChrVerr4.1	hap1	1	1	1	0	/data/tol/data/darwin/insects/Chrysotoxum_verralli/assembly/curated/idChrVerr4.1/idChrVerr4.hap1.1.primary.fa.gz
Chymomyza_fuscimana	insects	release_reference	idChyFusc2.1	idChyFusc2.1	primary	1	1	0	0	/data/tol/data/darwin/insects/Chymomyza_fuscimana/assembly/curated/idChyFusc2.1/idChyFusc2.1.primary.fa.gz
Cicadella_lasiocarpae	insects	newest_curated_no_reference		ihCicLasi1.1	hap1	1	1	0	0	/data/tol/data/darwin/insects/Cicadella_lasiocarpae/assembly/curated/ihCicLasi1.1/ihCicLasi1.hap1.1.primary.fa.gz
Cicadella_viridis	insects	release_reference	ihCicViri2.1	ihCicViri2.1	primary	1	1	0	0	/data/tol/data/darwin/insects/Cicadella_viridis/assembly/curated/ihCicViri2.1/ihCicViri2.1.primary.fa.gz
Cicerbita_muralis	dicots	release_reference	daCicMura1.hap1.1	daCicMura1.1	hap1	1	1	0	0	/data/tol/data/darwin/dicots/Cicerbita_muralis/assembly/curated/daCicMura1.1/daCicMura1.hap1.1.primary.fa.gz
Ciconia_ciconia	birds	release_reference	bCicCic1.hap1.1	bCicCic1.1	hap1	1	1	0	0	/data/tol/data/darwin/birds/Ciconia_ciconia/assembly/curated/bCicCic1.1/bCicCic1.hap1.1.primary.fa.gz
Ciconia_episcopus	birds	newest_curated_no_reference		bCicEpi1.1	hap1	1	1	0	0	/data/tol/data/darwin/birds/Ciconia_episcopus/assembly/curated/bCicEpi1.1/bCicEpi1.hap1.1.primary.fa.gz
Cidaria_fulvata	insects	release_reference	ilCidFulv1.hap1.1	ilCidFulv1.1	hap1	1	1	0	0	/data/tol/data/darwin/insects/Cidaria_fulvata/assembly/curated/ilCidFulv1.1/ilCidFulv1.hap1.1.primary.fa.gz
Ciliata_mustela	fish	release_reference	fCilMus1.hap1.1	fCilMus1.1	hap1	1	1	0	0	/data/tol/data/darwin/fish/Ciliata_mustela/assembly/curated/fCilMus1.1/fCilMus1.hap1.1.primary.fa.gz
Cinara_cedri	insects	release_reference	ihCinCedr1.hap1.1	ihCinCedr1.1	hap1	1	1	0	0	/data/tol/data/darwin/insects/Cinara_cedri/assembly/curated/ihCinCedr1.1/ihCinCedr1.hap1.1.primary.fa.gz
Cinara_pinea	insects	release_reference	ihCinPine1.hap1.1	ihCinPine1.1	hap1	1	1	0	0	/data/tol/data/darwin/insects/Cinara_pinea/assembly/curated/ihCinPine1.1/ihCinPine1.hap1.1.primary.fa.gz
Cinclus_cinclus	birds	release_reference	bCinCin1.1	bCinCin1.1	primary	1	1	0	0	/data/tol/data/darwin/birds/Cinclus_cinclus/assembly/curated/bCinCin1.1/bCinCin1.1.primary.fa.gz
Circus_cyaneus	birds	release_reference	bCirCya1.hap1.1	bCirCya1.1	hap1	1	1	0	0	/data/tol/data/darwin/birds/Circus_cyaneus/assembly/curated/bCirCya1.1/bCirCya1.hap1.1.primary.fa.gz
Cirriformia_tentaculata	annelids	release_reference	wtCirTent3.hap1.1	wtCirTent3.1	hap1	1	1	0	0	/data/tol/data/darwin/annelids/Cirriformia_tentaculata/assembly/curated/wtCirTent3.1/wtCirTent3.hap1.1.primary.fa.gz
Cirsium_dissectum	dicots	release_reference	daCirDiss1.hap1.1	daCirDiss1.1	hap1	1	1	0	0	/data/tol/data/darwin/dicots/Cirsium_dissectum/assembly/curated/daCirDiss1.1/daCirDiss1.hap1.1.primary.fa.gz
Cirsium_eriophorum	dicots	release_reference	daCirErio1.hap1.2	daCirErio1.2	hap1	1	2	0	0	/data/tol/data/darwin/dicots/Cirsium_eriophorum/assembly/curated/daCirErio1.2/daCirErio1.hap1.2.primary.fa.gz
Cirsium_heterophyllum	dicots	release_reference	daCirHete1.hap1.1	daCirHete1.1	hap1	1	1	0	0	/data/tol/data/darwin/dicots/Cirsium_heterophyllum/assembly/curated/daCirHete1.1/daCirHete1.hap1.1.primary.fa.gz
Cis_bilamellatus	insects	release_reference	icCisBila1.1	icCisBila1.1	primary	1	1	0	0	/data/tol/data/darwin/insects/Cis_bilamellatus/assembly/curated/icCisBila1.1/icCisBila1.1.primary.fa.gz
Cistogaster_globosa	insects	release_reference	idCisGlob1.1	idCisGlob1.1	primary	1	1	0	0	/data/tol/data/darwin/insects/Cistogaster_globosa/assembly/curated/idCisGlob1.1/idCisGlob1.1.primary.fa.gz
Cladonia_squamosa	fungi	release_reference	glClaSqua9.2	glClaSqua9.2	primary	1	2	30	1	/data/tol/data/darwin/fungi/Cladonia_squamosa/assembly/curated/glClaSqua9.2/glClaSqua9.2.primary.fa.gz
Clangula_hyemalis	birds	release_reference	bClaHye2.hap1.2	bClaHye2.2	hap1	1	2	0	0	/data/tol/data/darwin/birds/Clangula_hyemalis/assembly/curated/bClaHye2.2/bClaHye2.hap1.2.primary.fa.gz
Clava_multicornis	jellyfish	newest_curated_no_reference		jhClaMult1.1	primary	1	1	0	0	/data/tol/data/darwin/jellyfish/Clava_multicornis/assembly/curated/jhClaMult1.1/jhClaMult1.1.primary.fa.gz
Clavaria_fumosa	fungi	release_reference	gfClaFumo1.1	gfClaFumo1.1	primary	1	1	0	0	/data/tol/data/darwin/fungi/Clavaria_fumosa/assembly/curated/gfClaFumo1.1/gfClaFumo1.1.primary.fa.gz
Clavariadelphus_pistillaris	fungi	release_reference	gfClaPist2.1	gfClaPist2.1	primary	1	1	0	0	/data/tol/data/darwin/fungi/Clavariadelphus_pistillaris/assembly/curated/gfClaPist2.1/gfClaPist2.1.primary.fa.gz
Clavelina_lepadiformis	chordates	release_reference	kaClaLepa1.1	kaClaLepa1.1	primary	1	1	0	0	/data/tol/data/darwin/chordates/Clavelina_lepadiformis/assembly/curated/kaClaLepa1.1/kaClaLepa1.1.primary.fa.gz
Clavelina_producta	chordates	release_reference	kaClaProd1.hap1.1	kaClaProd1.1	hap1	1	1	0	0	/data/tol/data/darwin/chordates/Clavelina_producta/assembly/curated/kaClaProd1.1/kaClaProd1.hap1.1.primary.fa.gz
Claytonia_sibirica	dicots	release_reference	dcClaSibi1.hap1.1	dcClaSibi1.1	hap1	1	1	0	0	/data/tol/data/darwin/dicots/Claytonia_sibirica/assembly/curated/dcClaSibi1.1/dcClaSibi1.hap1.1.primary.fa.gz
Cleorodes_lichenaria	insects	release_reference	ilCleLich2.hap1.1	ilCleLich2.1	hap1	1	1	0	0	/data/tol/data/darwin/insects/Cleorodes_lichenaria/assembly/curated/ilCleLich2.1/ilCleLich2.hap1.1.primary.fa.gz
Clepsis_consimilana	insects	release_reference	ilCleCons1.hap1.2	ilCleCons1.2	hap1	1	2	0	0	/data/tol/data/darwin/insects/Clepsis_consimilana/assembly/curated/ilCleCons1.2/ilCleCons1.hap1.2.primary.fa.gz
Clepsis_dumicolana	insects	release_reference	ilCleDumi1.1	ilCleDumi1.1	primary	1	1	0	0	/data/tol/data/darwin/insects/Clepsis_dumicolana/assembly/curated/ilCleDumi1.1/ilCleDumi1.1.primary.fa.gz
Climacium_dendroides	non-vascular-plants	release_reference	cbCliDend2.1	cbCliDend2.1	primary	1	1	0	0	/data/tol/data/darwin/non-vascular-plants/Climacium_dendroides/assembly/curated/cbCliDend2.1/cbCliDend2.1.primary.fa.gz
Clistopyga_incitator	insects	release_reference	iyCliInci1.1	iyCliInci1.1	primary	1	1	0	0	/data/tol/data/darwin/insects/Clistopyga_incitator/assembly/curated/iyCliInci1.1/iyCliInci1.1.primary.fa.gz
Clitocybe_odora	fungi	newest_curated_no_reference		gfCliOdor2.1	hap1	1	1	0	0	/data/tol/data/darwin/fungi/Clitocybe_odora/assembly/curated/gfCliOdor2.1/gfCliOdor2.hap1.1.primary.fa.gz
Clitopilus_prunulus	fungi	release_reference	gfCliPrun1.hap2.1	gfCliPrun1.1	hap2	1	1	0	0	/data/tol/data/darwin/fungi/Clitopilus_prunulus/assembly/curated/gfCliPrun1.1/gfCliPrun1.hap2.1.primary.fa.gz
Clivina_fossor	insects	release_reference	icCliFoss2.1	icCliFoss2.1	primary	1	1	2	0	/data/tol/data/darwin/insects/Clivina_fossor/assembly/curated/icCliFoss2.1/icCliFoss2.1.primary.fa.gz
Cloeon_dipterum	insects	release_reference	ieCloDipt1.1	ieCloDipt1.1	primary	1	1	0	0	/data/tol/data/darwin/insects/Cloeon_dipterum/assembly/curated/ieCloDipt1.1/ieCloDipt1.1.primary.fa.gz
Clogmia_albipunctata	insects	release_reference	idCloAlbi1.1	idCloAlbi1.1	primary	1	1	0	0	/data/tol/data/darwin/insects/Clogmia_albipunctata/assembly/curated/idCloAlbi1.1/idCloAlbi1.1.primary.fa.gz
Clostera_curtula	insects	release_reference	ilCloCurt1.2	ilCloCurt1.2	primary	1	2	0	0	/data/tol/data/darwin/insects/Clostera_curtula/assembly/curated/ilCloCurt1.2/ilCloCurt1.2.primary.fa.gz
Closterotomus_norwegicus	insects	release_reference	ihCloNorw1.hap1.1	ihCloNorw1.1	hap1	1	1	0	0	/data/tol/data/darwin/insects/Closterotomus_norwegicus/assembly/curated/ihCloNorw1.1/ihCloNorw1.hap1.1.primary.fa.gz
Closterotomus_trivialis	insects	release_reference	ihCloTriv1.1	ihCloTriv1.1	primary	1	1	0	0	/data/tol/data/darwin/insects/Closterotomus_trivialis/assembly/curated/ihCloTriv1.1/ihCloTriv1.1.primary.fa.gz
Clubiona_comta	arthropods	release_reference	qqCluComt2.hap1.1	qqCluComt2.1	hap1	1	1	0	0	/data/tol/data/darwin/arthropods/Clubiona_comta/assembly/curated/qqCluComt2.1/qqCluComt2.hap1.1.primary.fa.gz
Clubiona_pallidula	arthropods	release_reference	qqCluPall1.hap1.1	qqCluPall1.1	hap1	1	1	0	0	/data/tol/data/darwin/arthropods/Clubiona_pallidula/assembly/curated/qqCluPall1.1/qqCluPall1.hap1.1.primary.fa.gz
Clubiona_phragmitis	arthropods	release_reference	qqCluPhra1.hap1.1	qqCluPhra1.1	hap1	1	1	0	0	/data/tol/data/darwin/arthropods/Clubiona_phragmitis/assembly/curated/qqCluPhra1.1/qqCluPhra1.hap1.1.primary.fa.gz
Clusia_tigrina	insects	release_reference	idCluTigr1.2	idCluTigr1.2	primary	1	2	0	0	/data/tol/data/darwin/insects/Clusia_tigrina/assembly/curated/idCluTigr1.2/idCluTigr1.2.primary.fa.gz
Cnaemidophorus_rhododactyla	insects	release_reference	ilCnaRhod3.1	ilCnaRhod3.1	primary	1	1	0	0	/data/tol/data/darwin/insects/Cnaemidophorus_rhododactyla/assembly/curated/ilCnaRhod3.1/ilCnaRhod3.1.primary.fa.gz
Cnephasia_longana	insects	release_reference	ilCneLong2.hap1.1	ilCneLong2.1	hap1	1	1	0	0	/data/tol/data/darwin/insects/Cnephasia_longana/assembly/curated/ilCneLong2.1/ilCneLong2.hap1.1.primary.fa.gz
Cnephasia_stephensiana	insects	release_reference	ilCneStep1.hap1.1	ilCneStep1.1	hap1	1	1	0	0	/data/tol/data/darwin/insects/Cnephasia_stephensiana/assembly/curated/ilCneStep1.1/ilCneStep1.hap1.1.primary.fa.gz
Cobitis_taenia	fish	release_reference	fCobTae1.hap1.1	fCobTae1.1	hap1	1	1	0	0	/data/tol/data/darwin/fish/Cobitis_taenia/assembly/curated/fCobTae1.1/fCobTae1.hap1.1.primary.fa.gz
Coccidula_rufa	insects	release_reference	icCocRufa1.hap1.1	icCocRufa1.1	hap1	1	1	0	0	/data/tol/data/darwin/insects/Coccidula_rufa/assembly/curated/icCocRufa1.1/icCocRufa1.hap1.1.primary.fa.gz
Coccinella_magnifica	insects	release_reference	icCocMagn1.hap1.1	icCocMagn1.1	hap1	1	1	0	0	/data/tol/data/darwin/insects/Coccinella_magnifica/assembly/curated/icCocMagn1.1/icCocMagn1.hap1.1.primary.fa.gz
Coccinella_septempunctata	insects	release_reference	icCocSept1.1	icCocSept1.1	primary	1	1	0	0	/data/tol/data/darwin/insects/Coccinella_septempunctata/assembly/curated/icCocSept1.1/icCocSept1.1.primary.fa.gz
Coccinella_undecimpunctata	insects	release_reference	icCocUnde3.hap2.1	icCocUnde3.1	hap2	1	1	0	0	/data/tol/data/darwin/insects/Coccinella_undecimpunctata/assembly/curated/icCocUnde3.1/icCocUnde3.hap2.1.primary.fa.gz
Coccus_hesperidum	insects	release_reference	ihCocHesp2.1	ihCocHesp2.1	primary	1	1	0	0	/data/tol/data/darwin/insects/Coccus_hesperidum/assembly/curated/ihCocHesp2.1/ihCocHesp2.1.primary.fa.gz
Cochlearia_danica	dicots	release_reference	ddCocDani1.hap1.1	ddCocDani1.1	hap1	1	1	0	0	/data/tol/data/darwin/dicots/Cochlearia_danica/assembly/curated/ddCocDani1.1/ddCocDani1.hap1.1.primary.fa.gz
Cochlostoma_elegans	molluscs	release_reference	xgPomEleg1.hap1.1	xgPomEleg1.1	hap1	1	1	0	0	/data/tol/data/darwin/molluscs/Cochlostoma_elegans/assembly/curated/xgPomEleg1.1/xgPomEleg1.hap1.1.primary.fa.gz
Cochylidia_implicitana	insects	release_reference	ilCocImpl2.hap1.1	ilCocImpl2.1	hap1	1	1	0	0	/data/tol/data/darwin/insects/Cochylidia_implicitana/assembly/curated/ilCocImpl2.1/ilCocImpl2.hap1.1.primary.fa.gz
Cochylidia_rupicola	insects	release_reference	ilCocRupi2.hap1.1	ilCocRupi2.1	hap1	1	1	0	0	/data/tol/data/darwin/insects/Cochylidia_rupicola/assembly/curated/ilCocRupi2.1/ilCocRupi2.hap1.1.primary.fa.gz
Cochylis_nana	insects	release_reference	ilCocNana1.hap1.1	ilCocNana1.1	hap1	1	1	0	0	/data/tol/data/darwin/insects/Cochylis_nana/assembly/curated/ilCocNana1.1/ilCocNana1.hap1.1.primary.fa.gz
Codriophorus_aciculare	non-vascular-plants	release_reference	cbCodAcic2.1	cbCodAcic2.1	primary	1	1	0	0	/data/tol/data/darwin/non-vascular-plants/Codriophorus_aciculare/assembly/curated/cbCodAcic2.1/cbCodAcic2.1.primary.fa.gz
Coelichneumon_leucocerus	insects	release_reference	iyCoeLeuc1.hap1.1	iyCoeLeuc1.1	hap1	1	1	0	0	/data/tol/data/darwin/insects/Coelichneumon_leucocerus/assembly/curated/iyCoeLeuc1.1/iyCoeLeuc1.hap1.1.primary.fa.gz
Coelioxys_conoideus	insects	release_reference	iyCoeConi1.1	iyCoeConi1.1	primary	1	1	0	0	/data/tol/data/darwin/insects/Coelioxys_conoideus/assembly/curated/iyCoeConi1.1/iyCoeConi1.1.primary.fa.gz
Coelopa_frigida	insects	release_reference	idCoeFrig38.1	idCoeFrig38.1	primary	1	1	0	0	/data/tol/data/darwin/insects/Coelopa_frigida/assembly/curated/idCoeFrig38.1/idCoeFrig38.1.primary.fa.gz
Coelopa_pilipes	insects	release_reference	idCoePili4.1	idCoePili4.1	primary	1	1	0	0	/data/tol/data/darwin/insects/Coelopa_pilipes/assembly/curated/idCoePili4.1/idCoePili4.1.primary.fa.gz
Coelostoma_orbiculare	insects	release_reference	icCoeOrbi2.hap1.1	icCoeOrbi2.1	hap1	1	1	0	0	/data/tol/data/darwin/insects/Coelostoma_orbiculare/assembly/curated/icCoeOrbi2.1/icCoeOrbi2.hap1.1.primary.fa.gz
Coenagrion_pulchellum	insects	newest_curated_no_reference		ioCoePulc1.1	hap1	1	1	0	0	/data/tol/data/darwin/insects/Coenagrion_pulchellum/assembly/curated/ioCoePulc1.1/ioCoePulc1.hap1.1.primary.fa.gz
Coenobia_rufa	insects	release_reference	ilCoeRufa1.hap1.1	ilCoeRufa1.1	hap1	1	1	0	0	/data/tol/data/darwin/insects/Coenobia_rufa/assembly/curated/ilCoeRufa1.1/ilCoeRufa1.hap1.1.primary.fa.gz
Coenosia_tigrina	insects	release_reference	idCoeTigr2.hap1.1	idCoeTigr2.1	hap1	1	1	0	0	/data/tol/data/darwin/insects/Coenosia_tigrina/assembly/curated/idCoeTigr2.1/idCoeTigr2.hap1.1.primary.fa.gz
Coincya_wrightii	dicots	release_reference	ddCoiWrig1.hap2.1	ddCoiWrig1.1	hap2	1	1	0	0	/data/tol/data/darwin/dicots/Coincya_wrightii/assembly/curated/ddCoiWrig1.1/ddCoiWrig1.hap2.1.primary.fa.gz
Colchicum_autumnale	monocots	release_reference	llColAutu1.hap1.1	llColAutu1.1	hap1	1	1	0	0	/data/tol/data/darwin/monocots/Colchicum_autumnale/assembly/curated/llColAutu1.1/llColAutu1.hap1.1.primary.fa.gz
Coleophora_albicosta	insects	newest_curated_no_reference		ilColAlbc2.1	primary	1	1	0	0	/data/tol/data/darwin/insects/Coleophora_albicosta/assembly/curated/ilColAlbc2.1/ilColAlbc2.1.primary.fa.gz
Coleophora_alticolella	insects	release_reference	ilColAlti2.1	ilColAlti2.1	primary	1	1	0	0	/data/tol/data/darwin/insects/Coleophora_alticolella/assembly/curated/ilColAlti2.1/ilColAlti2.1.primary.fa.gz
Coleophora_argentula	insects	release_reference	ilColArge1.hap1.1	ilColArge1.1	hap1	1	1	0	0	/data/tol/data/darwin/insects/Coleophora_argentula/assembly/curated/ilColArge1.1/ilColArge1.hap1.1.primary.fa.gz
Coleophora_deauratella	insects	release_reference	ilColDeau1.1	ilColDeau1.1	primary	1	1	0	0	/data/tol/data/darwin/insects/Coleophora_deauratella/assembly/curated/ilColDeau1.1/ilColDeau1.1.primary.fa.gz
Coleophora_flavipennella	insects	release_reference	ilColFlav1.1	ilColFlav1.1	primary	1	1	0	0	/data/tol/data/darwin/insects/Coleophora_flavipennella/assembly/curated/ilColFlav1.1/ilColFlav1.1.primary.fa.gz
Coleophora_follicularis	insects	release_reference	ilColFoll4.hap1.1	ilColFoll4.1	hap1	1	1	0	0	/data/tol/data/darwin/insects/Coleophora_follicularis/assembly/curated/ilColFoll4.1/ilColFoll4.hap1.1.primary.fa.gz
Coleophora_galbulipennella	insects	release_reference	ilColGalb1.hap1.1	ilColGalb1.1	hap1	1	1	0	0	/data/tol/data/darwin/insects/Coleophora_galbulipennella/assembly/curated/ilColGalb1.1/ilColGalb1.hap1.1.primary.fa.gz
Coleophora_gryphipennella	insects	release_reference	ilColGryp1.hap1.1	ilColGryp1.1	hap1	1	1	0	0	/data/tol/data/darwin/insects/Coleophora_gryphipennella/assembly/curated/ilColGryp1.1/ilColGryp1.hap1.1.primary.fa.gz
Coleophora_lixella	insects	release_reference	ilColLixe3.hap1.1	ilColLixe3.1	hap1	1	1	0	0	/data/tol/data/darwin/insects/Coleophora_lixella/assembly/curated/ilColLixe3.1/ilColLixe3.hap1.1.primary.fa.gz
Coleophora_lutipennella	insects	release_reference	ilColLuti2.1	ilColLuti2.1	primary	1	1	0	0	/data/tol/data/darwin/insects/Coleophora_lutipennella/assembly/curated/ilColLuti2.1/ilColLuti2.1.primary.fa.gz
Coleophora_niveicostella	insects	release_reference	ilColNive1.hap1.1	ilColNive1.1	hap1	1	1	0	0	/data/tol/data/darwin/insects/Coleophora_niveicostella/assembly/curated/ilColNive1.1/ilColNive1.hap1.1.primary.fa.gz
Coleophora_otidipennella	insects	release_reference	ilColOtid1.hap1.1	ilColOtid1.1	hap1	1	1	0	0	/data/tol/data/darwin/insects/Coleophora_otidipennella/assembly/curated/ilColOtid1.1/ilColOtid1.hap1.1.primary.fa.gz
Coleophora_pennella	insects	release_reference	ilColPenn1.hap1.1	ilColPenn1.1	hap1	1	1	0	0	/data/tol/data/darwin/insects/Coleophora_pennella/assembly/curated/ilColPenn1.1/ilColPenn1.hap1.1.primary.fa.gz
Coleophora_solitariella	insects	release_reference	ilColSoli1.hap1.1	ilColSoli1.1	hap1	1	1	0	0	/data/tol/data/darwin/insects/Coleophora_solitariella/assembly/curated/ilColSoli1.1/ilColSoli1.hap1.1.primary.fa.gz
Coleophora_striatipennella	insects	release_reference	ilColStri1.hap1.1	ilColStri1.1	hap1	1	1	0	0	/data/tol/data/darwin/insects/Coleophora_striatipennella/assembly/curated/ilColStri1.1/ilColStri1.hap1.1.primary.fa.gz
Coleophora_sylvaticella	insects	release_reference	ilColSylv1.hap1.1	ilColSylv1.1	hap1	1	1	0	0	/data/tol/data/darwin/insects/Coleophora_sylvaticella/assembly/curated/ilColSylv1.1/ilColSylv1.hap1.1.primary.fa.gz
Colias_croceus	insects	release_reference	ilColCroc2.1	ilColCroc2.1	primary	1	1	2	0	/data/tol/data/darwin/insects/Colias_croceus/assembly/curated/ilColCroc2.1/ilColCroc2.1.primary.fa.gz
Colletes_cunicularius	insects	release_reference	iyColCuni1.hap1.1	iyColCuni1.1	hap1	1	1	1	0	/data/tol/data/darwin/insects/Colletes_cunicularius/assembly/curated/iyColCuni1.1/iyColCuni1.hap1.1.primary.fa.gz
Collyria_trichophthalma	insects	release_reference	iyColTric1.1	iyColTric1.1	primary	1	1	0	0	/data/tol/data/darwin/insects/Collyria_trichophthalma/assembly/curated/iyColTric1.1/iyColTric1.1.primary.fa.gz
Colocasia_coryli	insects	release_reference	ilColCory3.1	ilColCory3.1	primary	1	1	0	0	/data/tol/data/darwin/insects/Colocasia_coryli/assembly/curated/ilColCory3.1/ilColCory3.1.primary.fa.gz
Coloeus_monedula	birds	release_reference	bColMon1.hap1.1	bColMon1.1	hap1	1	1	0	0	/data/tol/data/darwin/birds/Coloeus_monedula/assembly/curated/bColMon1.1/bColMon1.hap1.1.primary.fa.gz
Colostygia_multistrigaria	insects	release_reference	ilColMult2.hap1.1	ilColMult2.1	hap1	1	1	0	0	/data/tol/data/darwin/insects/Colostygia_multistrigaria/assembly/curated/ilColMult2.1/ilColMult2.hap1.1.primary.fa.gz
Colostygia_pectinataria	insects	release_reference	ilColPect1.1	ilColPect1.1	primary	1	1	0	0	/data/tol/data/darwin/insects/Colostygia_pectinataria/assembly/curated/ilColPect1.1/ilColPect1.1.primary.fa.gz
Colotois_pennaria	insects	release_reference	ilColPena1.hap1.1	ilColPena1.1	hap1	1	1	0	0	/data/tol/data/darwin/insects/Colotois_pennaria/assembly/curated/ilColPena1.1/ilColPena1.hap1.1.primary.fa.gz
Columba_oenas	birds	release_reference	bColOen2.hap1.1	bColOen2.1	hap1	1	1	0	0	/data/tol/data/darwin/birds/Columba_oenas/assembly/curated/bColOen2.1/bColOen2.hap1.1.primary.fa.gz
Columba_palumbus	birds	release_reference	bColPal1.hap1.2	bColPal1.2	hap1	1	2	0	0	/data/tol/data/darwin/birds/Columba_palumbus/assembly/curated/bColPal1.2/bColPal1.hap1.2.primary.fa.gz
Colydium_elongatum	insects	release_reference	icColElon2.1	icColElon2.1	primary	1	1	0	0	/data/tol/data/darwin/insects/Colydium_elongatum/assembly/curated/icColElon2.1/icColElon2.1.primary.fa.gz
Comarum_palustre	dicots	release_reference	drComPalu1.1	drComPalu1.1	primary	1	1	0	0	/data/tol/data/darwin/dicots/Comarum_palustre/assembly/curated/drComPalu1.1/drComPalu1.1.primary.fa.gz
Comibaena_bajularia	insects	release_reference	ilComBaju2.1	ilComBaju2.1	primary	1	1	0	0	/data/tol/data/darwin/insects/Comibaena_bajularia/assembly/curated/ilComBaju2.1/ilComBaju2.1.primary.fa.gz
Commophila_aeneana	insects	release_reference	ilComAene1.hap1.1	ilComAene1.1	hap1	1	1	0	0	/data/tol/data/darwin/insects/Commophila_aeneana/assembly/curated/ilComAene1.1/ilComAene1.hap1.1.primary.fa.gz
Conger_conger	fish	release_reference	fConCon1.1	fConCon1.1	primary	1	1	0	0	/data/tol/data/darwin/fish/Conger_conger/assembly/curated/fConCon1.1/fConCon1.1.primary.fa.gz
Conistra_ligula	insects	release_reference	ilConLigu1.hap1.1	ilConLigu1.1	hap1	1	1	0	0	/data/tol/data/darwin/insects/Conistra_ligula/assembly/curated/ilConLigu1.1/ilConLigu1.hap1.1.primary.fa.gz
Conistra_vaccinii	insects	release_reference	ilConVacc3.1	ilConVacc3.1	primary	1	1	0	0	/data/tol/data/darwin/insects/Conistra_vaccinii/assembly/curated/ilConVacc3.1/ilConVacc3.1.primary.fa.gz
Conocephalum_conicum	non-vascular-plants	newest_curated_no_reference		cmConConi3.1	primary	1	1	0	0	/data/tol/data/darwin/non-vascular-plants/Conocephalum_conicum/assembly/curated/cmConConi3.1/cmConConi3.1.primary.fa.gz
Conomelus_anceps	insects	release_reference	ihConAnce4.1	ihConAnce4.1	primary	2	2	0	0	/data/tol/data/darwin/insects/Conomelus_anceps/assembly/curated/ihConAnce4.1/ihConAnce4.1.primary.fa.gz
Conops_quadrifasciatus	insects	release_reference	idConQuad1.1	idConQuad1.1	primary	1	1	1	0	/data/tol/data/darwin/insects/Conops_quadrifasciatus/assembly/curated/idConQuad1.1/idConQuad1.1.primary.fa.gz
Convolvulus_arvensis	dicots	release_reference	daConArve2.hap1.1	daConArve2.1	hap1	1	1	0	0	/data/tol/data/darwin/dicots/Convolvulus_arvensis/assembly/curated/daConArve2.1/daConArve2.hap1.1.primary.fa.gz
Conwentzia_psociformis	insects	release_reference	inConPsoc3.hap1.1	inConPsoc3.1	hap1	1	1	0	0	/data/tol/data/darwin/insects/Conwentzia_psociformis/assembly/curated/inConPsoc3.1/inConPsoc3.hap1.1.primary.fa.gz
Coprinellus_micaceus	fungi	release_reference	gfCopMica1.1	gfCopMica1.1	primary	1	1	0	0	/data/tol/data/darwin/fungi/Coprinellus_micaceus/assembly/curated/gfCopMica1.1/gfCopMica1.1.primary.fa.gz
Coprinopsis_atramentaria	fungi	release_reference	gfCopAtra1.hap1.1	gfCopAtra1.1	hap1	1	1	0	0	/data/tol/data/darwin/fungi/Coprinopsis_atramentaria/assembly/curated/gfCopAtra1.1/gfCopAtra1.hap1.1.primary.fa.gz
Cordilura_impudica	insects	release_reference	idCorImpu1.1	idCorImpu1.1	primary	1	1	0	0	/data/tol/data/darwin/insects/Cordilura_impudica/assembly/curated/idCorImpu1.1/idCorImpu1.1.primary.fa.gz
Cordulegaster_boltonii	insects	release_reference	ioCorBolt2.hap1.1	ioCorBolt2.1	hap1	1	1	0	0	/data/tol/data/darwin/insects/Cordulegaster_boltonii/assembly/curated/ioCorBolt2.1/ioCorBolt2.hap1.1.primary.fa.gz
Cordyceps_fumosorosea	fungi	newest_curated_no_reference		grCorFumo1.1	primary	1	1	0	0	/data/tol/data/darwin/fungi/Cordyceps_fumosorosea/assembly/curated/grCorFumo1.1/grCorFumo1.1.primary.fa.gz
Coregonus_lavaretus	fish	release_reference	fCorLav1.hap1.1	fCorLav1.1	hap1	1	1	0	0	/data/tol/data/darwin/fish/Coregonus_lavaretus/assembly/curated/fCorLav1.1/fCorLav1.hap1.1.primary.fa.gz
Corella_eumyota	chordates	release_reference	kaCorEumy4.1	kaCorEumy4.1	primary	1	1	0	0	/data/tol/data/darwin/chordates/Corella_eumyota/assembly/curated/kaCorEumy4.1/kaCorEumy4.1.primary.fa.gz
Corella_parallelogramma	chordates	release_reference	kaCorPara1.hap1.1	kaCorPara1.1	hap1	1	1	0	0	/data/tol/data/darwin/chordates/Corella_parallelogramma/assembly/curated/kaCorPara1.1/kaCorPara1.hap1.1.primary.fa.gz
Coremacera_marginata	insects	release_reference	idCorMarg1.1	idCorMarg1.1	legacy_curated_primary	1	1	1	0	/data/tol/data/darwin/insects/Coremacera_marginata/assembly/curated/idCorMarg1.1/idCorMarg1_1.curated_primary.fa
Cornu_aspersum	molluscs	release_reference	xgCorAspe16.1	xgCorAspe16.1	primary	1	1	0	0	/data/tol/data/darwin/molluscs/Cornu_aspersum/assembly/curated/xgCorAspe16.1/xgCorAspe16.1.primary.fa.gz
Cornus_sanguinea	dicots	release_reference	drCorSang1.hap1.1	drCorSang1.1	hap1	1	1	0	0	/data/tol/data/darwin/dicots/Cornus_sanguinea/assembly/curated/drCorSang1.1/drCorSang1.hap1.1.primary.fa.gz
Cornus_suecica	dicots	release_reference	drCorSuec2.1	drCorSuec2.1	primary	1	1	0	0	/data/tol/data/darwin/dicots/Cornus_suecica/assembly/curated/drCorSuec2.1/drCorSuec2.1.primary.fa.gz
Corrigiola_litoralis	dicots	release_reference	dcCorLito1.hap1.1	dcCorLito1.1	hap1	1	1	0	0	/data/tol/data/darwin/dicots/Corrigiola_litoralis/assembly/curated/dcCorLito1.1/dcCorLito1.hap1.1.primary.fa.gz
Cortinarius_acutus	fungi	release_reference	gfCorAcut1.1	gfCorAcut1.1	primary	1	1	0	0	/data/tol/data/darwin/fungi/Cortinarius_acutus/assembly/curated/gfCorAcut1.1/gfCorAcut1.1.primary.fa.gz
Cortinarius_anomalus	fungi	release_reference	gfCorAnom1.hap1.1	gfCorAnom1.1	hap1	1	1	0	0	/data/tol/data/darwin/fungi/Cortinarius_anomalus/assembly/curated/gfCorAnom1.1/gfCorAnom1.hap1.1.primary.fa.gz
Cortinarius_bolaris	fungi	release_reference	gfCorBola1.hap2.1	gfCorBola1.1	hap2	1	1	0	0	/data/tol/data/darwin/fungi/Cortinarius_bolaris/assembly/curated/gfCorBola1.1/gfCorBola1.hap2.1.primary.fa.gz
Cortinarius_cisticola	fungi	release_reference	gfCorCist1.hap1.1	gfCorCist1.1	hap1	1	1	0	0	/data/tol/data/darwin/fungi/Cortinarius_cisticola/assembly/curated/gfCorCist1.1/gfCorCist1.hap1.1.primary.fa.gz
Cortinarius_croceocaeruleus	fungi	release_reference	gfCorCroa1.hap1.1	gfCorCroa1.1	hap1	1	1	0	0	/data/tol/data/darwin/fungi/Cortinarius_croceocaeruleus/assembly/curated/gfCorCroa1.1/gfCorCroa1.hap1.1.primary.fa.gz
Cortinarius_elegantissimus	fungi	release_reference	gfCorElea2.hap1.1	gfCorElea2.1	hap1	1	1	0	0	/data/tol/data/darwin/fungi/Cortinarius_elegantissimus/assembly/curated/gfCorElea2.1/gfCorElea2.hap1.1.primary.fa.gz
Cortinarius_flexipes	fungi	release_reference	gfCorFlex1.hap1.1	gfCorFlex1.1	hap1	1	1	0	0	/data/tol/data/darwin/fungi/Cortinarius_flexipes/assembly/curated/gfCorFlex1.1/gfCorFlex1.hap1.1.primary.fa.gz
Cortinarius_hemitrichus	fungi	release_reference	gfCorHemi3.1	gfCorHemi3.1	primary	1	1	0	0	/data/tol/data/darwin/fungi/Cortinarius_hemitrichus/assembly/curated/gfCorHemi3.1/gfCorHemi3.1.primary.fa.gz
Cortinarius_splendens	fungi	release_reference	gfCorSple3.hap1.1	gfCorSple3.1	hap1	1	1	0	0	/data/tol/data/darwin/fungi/Cortinarius_splendens/assembly/curated/gfCorSple3.1/gfCorSple3.hap1.1.primary.fa.gz
Cortinarius_torvus	fungi	release_reference	gfCorTorv1.hap1.1	gfCorTorv1.1	hap1	1	1	0	0	/data/tol/data/darwin/fungi/Cortinarius_torvus/assembly/curated/gfCorTorv1.1/gfCorTorv1.hap1.1.primary.fa.gz
Cortinarius_triumphans	fungi	release_reference	gfCorTriu1.hap1.1	gfCorTriu1.1	hap1	1	1	0	0	/data/tol/data/darwin/fungi/Cortinarius_triumphans/assembly/curated/gfCorTriu1.1/gfCorTriu1.hap1.1.primary.fa.gz
Corvus_corax	birds	release_reference	bCorCor1.hap1.1	bCorCor1.1	hap1	1	1	0	0	/data/tol/data/darwin/birds/Corvus_corax/assembly/curated/bCorCor1.1/bCorCor1.hap1.1.primary.fa.gz
Corvus_corone	birds	release_reference	bCorCoo1.hap1.1	bCorCoo1.1	hap1	1	1	0	0	/data/tol/data/darwin/birds/Corvus_corone/assembly/curated/bCorCoo1.1/bCorCoo1.hap1.1.primary.fa.gz
Corvus_frugilegus	birds	release_reference	bCorFru1.hap1.1	bCorFru1.1	hap1	1	1	0	0	/data/tol/data/darwin/birds/Corvus_frugilegus/assembly/curated/bCorFru1.1/bCorFru1.hap1.1.primary.fa.gz
Corylus_avellana	dicots	release_reference	dhCorAvel1.hap1.2	dhCorAvel1.2	hap1	1	2	0	0	/data/tol/data/darwin/dicots/Corylus_avellana/assembly/curated/dhCorAvel1.2/dhCorAvel1.hap1.2.primary.fa.gz
Corylus_colurna	dicots	release_reference	dhCorColu1.hap1.2	dhCorColu1.2	hap1	1	2	0	0	/data/tol/data/darwin/dicots/Corylus_colurna/assembly/curated/dhCorColu1.2/dhCorColu1.hap1.2.primary.fa.gz
Corynactis_viridis	jellyfish	release_reference	jaCorViri6.1	jaCorViri6.1	primary	1	1	0	0	/data/tol/data/darwin/jellyfish/Corynactis_viridis/assembly/curated/jaCorViri6.1/jaCorViri6.1.primary.fa.gz
Cosmia_affinis	insects	release_reference	ilCosAffi1.hap1.1	ilCosAffi1.1	hap1	1	1	0	0	/data/tol/data/darwin/insects/Cosmia_affinis/assembly/curated/ilCosAffi1.1/ilCosAffi1.hap1.1.primary.fa.gz
Cosmia_pyralina	insects	release_reference	ilCosPyra2.1	ilCosPyra2.1	primary	1	1	0	0	/data/tol/data/darwin/insects/Cosmia_pyralina/assembly/curated/ilCosPyra2.1/ilCosPyra2.1.primary.fa.gz
Cosmia_trapezina	insects	release_reference	ilCosTrap1.3	ilCosTrap1.3	primary	1	3	0	0	/data/tol/data/darwin/insects/Cosmia_trapezina/assembly/curated/ilCosTrap1.3/ilCosTrap1.3.primary.fa.gz
Cosmorhoe_ocellata	insects	release_reference	ilCosOcel1.1	ilCosOcel1.1	primary	1	1	0	0	/data/tol/data/darwin/insects/Cosmorhoe_ocellata/assembly/curated/ilCosOcel1.1/ilCosOcel1.1.primary.fa.gz
Cossus_cossus	insects	release_reference	ilCosCoss1.hap1.1	ilCosCoss1.1	hap1	1	1	0	0	/data/tol/data/darwin/insects/Cossus_cossus/assembly/curated/ilCosCoss1.1/ilCosCoss1.hap1.1.primary.fa.gz
Crabro_cribrarius	insects	release_reference	iyCraCrib2.hap1.1	iyCraCrib2.1	hap1	1	1	0	0	/data/tol/data/darwin/insects/Crabro_cribrarius/assembly/curated/iyCraCrib2.1/iyCraCrib2.hap1.1.primary.fa.gz
Crambus_lathoniellus	insects	release_reference	ilCraLath2.1	ilCraLath2.1	primary	1	1	0	0	/data/tol/data/darwin/insects/Crambus_lathoniellus/assembly/curated/ilCraLath2.1/ilCraLath2.1.primary.fa.gz
Crambus_pascuella	insects	release_reference	ilCraPasc1.hap2.1	ilCraPasc1.1	hap2	1	1	0	0	/data/tol/data/darwin/insects/Crambus_pascuella/assembly/curated/ilCraPasc1.1/ilCraPasc1.hap2.1.primary.fa.gz
Crambus_perlellus	insects	release_reference	ilCraPere1.hap1.1	ilCraPere1.1	hap1	1	1	0	0	/data/tol/data/darwin/insects/Crambus_perlellus/assembly/curated/ilCraPere1.1/ilCraPere1.hap1.1.primary.fa.gz
Craniophora_ligustri	insects	release_reference	ilCraLigu1.1	ilCraLigu1.1	primary	1	1	0	0	/data/tol/data/darwin/insects/Craniophora_ligustri/assembly/curated/ilCraLigu1.1/ilCraLigu1.1.primary.fa.gz
Crassula_aquatica	dicots	release_reference	drCraAqua3.1	drCraAqua3.1	primary	1	1	0	0	/data/tol/data/darwin/dicots/Crassula_aquatica/assembly/curated/drCraAqua3.1/drCraAqua3.1.primary.fa.gz
Crataegus_laevigata	dicots	release_reference	drCraLaev2.1	drCraLaev2.1	primary	1	1	0	0	/data/tol/data/darwin/dicots/Crataegus_laevigata/assembly/curated/drCraLaev2.1/drCraLaev2.1.primary.fa.gz
Crataegus_monogyna	dicots	release_reference	drCraMono1.hap1.1	drCraMono1.1	hap1	1	1	0	0	/data/tol/data/darwin/dicots/Crataegus_monogyna/assembly/curated/drCraMono1.1/drCraMono1.hap1.1.primary.fa.gz
Crataerina_pallida	insects	newer_curation_than_reference	idCraPall2.1	idCraPall2.2	primary	1	2	2	0	/data/tol/data/darwin/insects/Crataerina_pallida/assembly/curated/idCraPall2.2/idCraPall2.2.primary.fa.gz
Craterellus_tubaeformis	fungi	release_reference	gfCraTuba2.hap1.1	gfCraTuba2.1	hap1	1	1	0	0	/data/tol/data/darwin/fungi/Craterellus_tubaeformis/assembly/curated/gfCraTuba2.1/gfCraTuba2.hap1.1.primary.fa.gz
Cratoneuron_filicinum	non-vascular-plants	release_reference	cbCraFili2.2	cbCraFili2.2	primary	1	2	0	0	/data/tol/data/darwin/non-vascular-plants/Cratoneuron_filicinum/assembly/curated/cbCraFili2.2/cbCraFili2.2.primary.fa.gz
Crepidodera_aurata	insects	release_reference	icCreAura1.1	icCreAura1.1	primary	1	1	0	0	/data/tol/data/darwin/insects/Crepidodera_aurata/assembly/curated/icCreAura1.1/icCreAura1.1.primary.fa.gz
Crepidodera_aurea	insects	release_reference	icCreAure2.2	icCreAure2.2	primary	1	2	0	0	/data/tol/data/darwin/insects/Crepidodera_aurea/assembly/curated/icCreAure2.2/icCreAure2.2.primary.fa.gz
Crepidodera_fulvicornis	insects	release_reference	icCreFulv2.1	icCreFulv2.1	primary	1	1	0	0	/data/tol/data/darwin/insects/Crepidodera_fulvicornis/assembly/curated/icCreFulv2.1/icCreFulv2.1.primary.fa.gz
Crepis_capillaris	dicots	release_reference	daCreCapi1.hap1.1	daCreCapi1.1	hap1	1	1	0	0	/data/tol/data/darwin/dicots/Crepis_capillaris/assembly/curated/daCreCapi1.1/daCreCapi1.hap1.1.primary.fa.gz
Crex_crex	birds	release_reference	bCreCre1.hap1.1	bCreCre1.1	hap1	1	1	0	0	/data/tol/data/darwin/birds/Crex_crex/assembly/curated/bCreCre1.1/bCreCre1.hap1.1.primary.fa.gz
Crioceris_asparagi	insects	release_reference	icCriAspa1.1	icCriAspa1.1	primary	1	1	1	0	/data/tol/data/darwin/insects/Crioceris_asparagi/assembly/curated/icCriAspa1.1/icCriAspa1.1.primary.fa.gz
Criorhina_berberina	insects	release_reference	idCriBerb1.2	idCriBerb1.2	primary	1	2	0	0	/data/tol/data/darwin/insects/Criorhina_berberina/assembly/curated/idCriBerb1.2/idCriBerb1.2.primary.fa.gz
Criorhina_ranunculi	insects	release_reference	idCriRanu1.1	idCriRanu1.1	primary	1	1	0	0	/data/tol/data/darwin/insects/Criorhina_ranunculi/assembly/curated/idCriRanu1.1/idCriRanu1.1.primary.fa.gz
Crocallis_elinguaria	insects	release_reference	ilCroElin1.1	ilCroElin1.1	primary	1	1	0	0	/data/tol/data/darwin/insects/Crocallis_elinguaria/assembly/curated/ilCroElin1.1/ilCroElin1.1.primary.fa.gz
Crocus_tommasinianus	monocots	release_reference	lsCroTomm1.hap1.1	lsCroTomm1.1	hap1	1	1	0	0	/data/tol/data/darwin/monocots/Crocus_tommasinianus/assembly/curated/lsCroTomm1.1/lsCroTomm1.hap1.1.primary.fa.gz
Crossocerus_annulipes	insects	release_reference	iyCroAnnu1.hap1.1	iyCroAnnu1.1	hap1	1	1	0	0	/data/tol/data/darwin/insects/Crossocerus_annulipes/assembly/curated/iyCroAnnu1.1/iyCroAnnu1.hap1.1.primary.fa.gz
Crossocerus_cetratus	insects	release_reference	iyCroCetr1.1	iyCroCetr1.1	primary	1	1	0	0	/data/tol/data/darwin/insects/Crossocerus_cetratus/assembly/curated/iyCroCetr1.1/iyCroCetr1.1.primary.fa.gz
Cruciata_laevipes	dicots	release_reference	daCruLaev1.1	daCruLaev1.1	primary	1	1	0	0	/data/tol/data/darwin/dicots/Cruciata_laevipes/assembly/curated/daCruLaev1.1/daCruLaev1.1.primary.fa.gz
Crudosilis_ruficollis	insects	release_reference	icCruRufi1.1	icCruRufi1.1	primary	1	1	0	0	/data/tol/data/darwin/insects/Crudosilis_ruficollis/assembly/curated/icCruRufi1.1/icCruRufi1.1.primary.fa.gz
Cryphaea_heteromalla	non-vascular-plants	release_reference	cbCryHete4.1	cbCryHete4.1	primary	2	2	0	0	/data/tol/data/darwin/non-vascular-plants/Cryphaea_heteromalla/assembly/curated/cbCryHete4.1/cbCryHete4.1.primary.fa.gz
Cryphia_algae	insects	release_reference	ilCryAlga1.hap1.1	ilCryAlga1.1	hap1	1	1	0	0	/data/tol/data/darwin/insects/Cryphia_algae/assembly/curated/ilCryAlga1.1/ilCryAlga1.hap1.1.primary.fa.gz
Cryptocephalus_moraei	insects	release_reference	icCryMora2.1	icCryMora2.1	primary	1	1	0	0	/data/tol/data/darwin/insects/Cryptocephalus_moraei/assembly/curated/icCryMora2.1/icCryMora2.1.primary.fa.gz
Cryptocephalus_primarius	insects	release_reference	icCryPrim1.1	icCryPrim1.1	primary	1	1	0	0	/data/tol/data/darwin/insects/Cryptocephalus_primarius/assembly/curated/icCryPrim1.1/icCryPrim1.1.primary.fa.gz
Cryptocephalus_pusillus	insects	release_reference	icCroPusi3.1	icCroPusi3.1	primary	1	1	0	0	/data/tol/data/darwin/insects/Cryptocephalus_pusillus/assembly/curated/icCroPusi3.1/icCroPusi3.1.primary.fa.gz
Cryptophagus_acutangulus	insects	release_reference	icCryAcut1.1	icCryAcut1.1	primary	1	1	0	0	/data/tol/data/darwin/insects/Cryptophagus_acutangulus/assembly/curated/icCryAcut1.1/icCryAcut1.1.primary.fa.gz
Cryptops_hortensis	arthropods	newest_curated_no_reference		qcCryHort1.1	primary	1	1	0	1	/data/tol/data/darwin/arthropods/Cryptops_hortensis/assembly/curated/qcCryHort1.1/qcCryHort1.1.primary.fa.gz
Cryptopygus_clavatus	arthropods	release_reference	qlCryClav9.1	qlCryClav9.1	primary	1	1	0	0	/data/tol/data/darwin/arthropods/Cryptopygus_clavatus/assembly/curated/qlCryClav9.1/qlCryClav9.1.primary.fa.gz
Cryptorhynchus_lapathi	insects	release_reference	icCryLapa1.hap1.1	icCryLapa1.1	hap1	1	1	0	0	/data/tol/data/darwin/insects/Cryptorhynchus_lapathi/assembly/curated/icCryLapa1.1/icCryLapa1.hap1.1.primary.fa.gz
Cryptosula_pallasiana	other-animal-phyla	release_reference	tzCryPall5.1	tzCryPall5.1	primary	1	1	0	0	/data/tol/data/darwin/other-animal-phyla/Cryptosula_pallasiana/assembly/curated/tzCryPall5.1/tzCryPall5.1.primary.fa.gz
Cryptus_armator	insects	release_reference	iyCryArma1.1	iyCryArma1.1	primary	1	1	0	0	/data/tol/data/darwin/insects/Cryptus_armator/assembly/curated/iyCryArma1.1/iyCryArma1.1.primary.fa.gz
Cryptus_viduatorius	insects	release_reference	iyCryVidu1.1	iyCryVidu1.1	primary	1	1	0	0	/data/tol/data/darwin/insects/Cryptus_viduatorius/assembly/curated/iyCryVidu1.1/iyCryVidu1.1.primary.fa.gz
Ctenicera_cuprea	insects	release_reference	icCteCupr1.1	icCteCupr1.1	primary	1	1	0	0	/data/tol/data/darwin/insects/Ctenicera_cuprea/assembly/curated/icCteCupr1.1/icCteCupr1.1.primary.fa.gz
Culiseta_annulata	insects	release_reference	idCulAnnu2.1	idCulAnnu2.1	primary	1	1	0	0	/data/tol/data/darwin/insects/Culiseta_annulata/assembly/curated/idCulAnnu2.1/idCulAnnu2.1.primary.fa.gz
Cupido_minimus	insects	release_reference	ilCupMini1.1	ilCupMini1.1	primary	1	1	0	0	/data/tol/data/darwin/insects/Cupido_minimus/assembly/curated/ilCupMini1.1/ilCupMini1.1.primary.fa.gz
Curculio_glandium	insects	release_reference	icCurGlan1.1	icCurGlan1.1	primary	1	1	1	0	/data/tol/data/darwin/insects/Curculio_glandium/assembly/curated/icCurGlan1.1/icCurGlan1.1.primary.fa.gz
Curruca_communis	birds	release_reference	bSylCom1.hap1.1	bSylCom1.1	hap1	1	1	0	0	/data/tol/data/darwin/birds/Curruca_communis/assembly/curated/bSylCom1.1/bSylCom1.hap1.1.primary.fa.gz
Cuscuta_epithymum	dicots	release_reference	daCusEpit1.2	daCusEpit1.2	primary	1	2	0	0	/data/tol/data/darwin/dicots/Cuscuta_epithymum/assembly/curated/daCusEpit1.2/daCusEpit1.2.primary.fa.gz
Cyaniris_semiargus	insects	release_reference	ilCyaSemi1.1	ilCyaSemi1.1	primary	1	1	0	0	/data/tol/data/darwin/insects/Cyaniris_semiargus/assembly/curated/ilCyaSemi1.1/ilCyaSemi1.1.primary.fa.gz
Cyanistes_caeruleus	birds	release_reference	bCyaCae1.hap1.1	bCyaCae1.1	hap1	1	1	0	0	/data/tol/data/darwin/birds/Cyanistes_caeruleus/assembly/curated/bCyaCae1.1/bCyaCae1.hap1.1.primary.fa.gz
Cybosia_mesomella	insects	release_reference	ilCybMeso1.1	ilCybMeso1.1	primary	1	1	0	0	/data/tol/data/darwin/insects/Cybosia_mesomella/assembly/curated/ilCybMeso1.1/ilCybMeso1.1.primary.fa.gz
Cyclophora_albipunctata	insects	release_reference	ilCycAlbi1.1	ilCycAlbi1.1	primary	1	1	0	0	/data/tol/data/darwin/insects/Cyclophora_albipunctata/assembly/curated/ilCycAlbi1.1/ilCycAlbi1.1.primary.fa.gz
Cyclophora_annularia	insects	release_reference	ilCycAnnu3.1	ilCycAnnu3.1	primary	1	1	0	0	/data/tol/data/darwin/insects/Cyclophora_annularia/assembly/curated/ilCycAnnu3.1/ilCycAnnu3.1.primary.fa.gz
Cyclophora_linearia	insects	release_reference	ilCycLine1.hap1.1	ilCycLine1.1	hap1	1	1	0	0	/data/tol/data/darwin/insects/Cyclophora_linearia/assembly/curated/ilCycLine1.1/ilCycLine1.hap1.1.primary.fa.gz
Cyclophora_punctaria	insects	release_reference	ilCycPunc2.1	ilCycPunc2.1	primary	1	1	1	0	/data/tol/data/darwin/insects/Cyclophora_punctaria/assembly/curated/ilCycPunc2.1/ilCycPunc2.1.primary.fa.gz
Cyclophora_puppillaria	insects	release_reference	ilCycPupp1.hap2.1	ilCycPupp1.1	hap2	1	1	0	0	/data/tol/data/darwin/insects/Cyclophora_puppillaria/assembly/curated/ilCycPupp1.1/ilCycPupp1.hap2.1.primary.fa.gz
Cyclopterus_lumpus	fish	newest_curated_no_reference		fCycLum2.1	primary	1	1	0	1	/data/tol/data/darwin/fish/Cyclopterus_lumpus/assembly/curated/fCycLum2.1/fCycLum2.1.primary.fa.gz
Cydalima_perspectalis	insects	release_reference	ilCydPers1.1	ilCydPers1.1	primary	1	1	0	0	/data/tol/data/darwin/insects/Cydalima_perspectalis/assembly/curated/ilCydPers1.1/ilCydPers1.1.primary.fa.gz
Cydia_amplana	insects	release_reference	ilCydAmpl1.1	ilCydAmpl1.1	primary	1	1	1	0	/data/tol/data/darwin/insects/Cydia_amplana/assembly/curated/ilCydAmpl1.1/ilCydAmpl1.1.primary.fa.gz
Cydia_fagiglandana	insects	release_reference	ilCydFagi1.1	ilCydFagi1.1	primary	1	1	0	0	/data/tol/data/darwin/insects/Cydia_fagiglandana/assembly/curated/ilCydFagi1.1/ilCydFagi1.1.primary.fa.gz
Cydia_splendana	insects	release_reference	ilCydSple1.2	ilCydSple1.2	primary	1	2	1	0	/data/tol/data/darwin/insects/Cydia_splendana/assembly/curated/ilCydSple1.2/ilCydSple1.2.primary.fa.gz
Cydia_strobilella	insects	release_reference	ilCydStro3.1	ilCydStro3.1	primary	1	1	2	0	/data/tol/data/darwin/insects/Cydia_strobilella/assembly/curated/ilCydStro3.1/ilCydStro3.1.primary.fa.gz
Cygnus_columbianus	birds	release_reference	bCygCol1.hap1.2	bCygCol1.2	hap1	1	2	0	0	/data/tol/data/darwin/birds/Cygnus_columbianus/assembly/curated/bCygCol1.2/bCygCol1.hap1.2.primary.fa.gz
Cygnus_cygnus	birds	release_reference	bCygCyg1.hap1.1	bCygCyg1.1	hap1	1	1	0	0	/data/tol/data/darwin/birds/Cygnus_cygnus/assembly/curated/bCygCyg1.1/bCygCyg1.hap1.1.primary.fa.gz
Cygnus_olor	birds	newest_curated_no_reference		bCygOlo2.1	hap1	1	1	0	2	/data/tol/data/darwin/birds/Cygnus_olor/assembly/curated/bCygOlo2.1/bCygOlo2.hap1.1.primary.fa.gz
Cylindroiulus_punctatus	arthropods	release_reference	qdCylPunc2.1	qdCylPunc2.1	primary	1	1	0	0	/data/tol/data/darwin/arthropods/Cylindroiulus_punctatus/assembly/curated/qdCylPunc2.1/qdCylPunc2.1.primary.fa.gz
Cylindromyia_interrupta	insects	release_reference	idCylInte1.hap1.1	idCylInte1.1	hap1	1	1	0	0	/data/tol/data/darwin/insects/Cylindromyia_interrupta/assembly/curated/idCylInte1.1/idCylInte1.hap1.1.primary.fa.gz
Cylloceria_caligata	insects	release_reference	iyCylCali1.1	iyCylCali1.1	primary	1	1	0	0	/data/tol/data/darwin/insects/Cylloceria_caligata/assembly/curated/iyCylCali1.1/iyCylCali1.1.primary.fa.gz
Cymatophorima_diluta	insects	release_reference	ilCymDilt1.hap1.1	ilCymDilt1.1	hap1	1	1	0	0	/data/tol/data/darwin/insects/Cymatophorima_diluta/assembly/curated/ilCymDilt1.1/ilCymDilt1.hap1.1.primary.fa.gz
Cymbalaria_muralis	dicots	release_reference	daCymMura1.hap1.2	daCymMura1.2	hap1	1	2	0	0	/data/tol/data/darwin/dicots/Cymbalaria_muralis/assembly/curated/daCymMura1.2/daCymMura1.hap1.2.primary.fa.gz
Cynodontium_bruntonii	non-vascular-plants	release_reference	cbCynBrun3.1	cbCynBrun3.1	primary	1	1	0	0	/data/tol/data/darwin/non-vascular-plants/Cynodontium_bruntonii/assembly/curated/cbCynBrun3.1/cbCynBrun3.1.primary.fa.gz
Cynomya_mortuorum	insects	release_reference	idCynMort1.hap1.1	idCynMort1.1	hap1	1	1	0	0	/data/tol/data/darwin/insects/Cynomya_mortuorum/assembly/curated/idCynMort1.1/idCynMort1.hap1.1.primary.fa.gz
Cyperus_fuscus	monocots	release_reference	lpCypFusc1.hap1.2	lpCypFusc1.2	hap1	1	2	0	0	/data/tol/data/darwin/monocots/Cyperus_fuscus/assembly/curated/lpCypFusc1.2/lpCypFusc1.hap1.2.primary.fa.gz
Cyphostethus_tristriatus	insects	release_reference	ihCypTris2.1	ihCypTris2.1	primary	1	1	0	0	/data/tol/data/darwin/insects/Cyphostethus_tristriatus/assembly/curated/ihCypTris2.1/ihCypTris2.1.primary.fa.gz
Cyrtopogon_pulchripes	insects	release_reference	idCyrPulc1.hap1.1	idCyrPulc1.1	hap1	1	1	0	0	/data/tol/data/darwin/insects/Cyrtopogon_pulchripes/assembly/curated/idCyrPulc1.1/idCyrPulc1.hap1.1.primary.fa.gz
Cystoderma_amianthinum	fungi	release_reference	gfCysAmia4.hap1.1	gfCysAmia4.1	hap1	1	1	0	0	/data/tol/data/darwin/fungi/Cystoderma_amianthinum/assembly/curated/gfCysAmia4.1/gfCysAmia4.hap1.1.primary.fa.gz
Dactylorhiza_fuchsii	monocots	release_reference	lsDacFuch1.hap1.1	lsDacFuch1.1	hap1	1	1	0	0	/data/tol/data/darwin/monocots/Dactylorhiza_fuchsii/assembly/curated/lsDacFuch1.1/lsDacFuch1.hap1.1.primary.fa.gz
Dalopius_marginatus	insects	release_reference	icDalMarg2.1	icDalMarg2.1	primary	1	1	0	0	/data/tol/data/darwin/insects/Dalopius_marginatus/assembly/curated/icDalMarg2.1/icDalMarg2.1.primary.fa.gz
Danio_rerio	fish	newest_curated_no_reference		fDanRer4.1	primary	8	9	0	0	/data/tol/data/darwin/fish/Danio_rerio/assembly/curated/fDanRer4.1/fDanRer4.1.primary.fa.gz
Dascillus_cervinus	insects	release_reference	icDasCerv2.1	icDasCerv2.1	primary	1	1	1	0	/data/tol/data/darwin/insects/Dascillus_cervinus/assembly/curated/icDasCerv2.1/icDasCerv2.1.primary.fa.gz
Dasypoda_hirtipes	insects	release_reference	iyDasHirt1.1	iyDasHirt1.1	primary	1	1	0	0	/data/tol/data/darwin/insects/Dasypoda_hirtipes/assembly/curated/iyDasHirt1.1/iyDasHirt1.1.primary.fa.gz
Dasypolia_templi	insects	release_reference	ilDasTemp1.1	ilDasTemp1.1	primary	1	1	0	0	/data/tol/data/darwin/insects/Dasypolia_templi/assembly/curated/ilDasTemp1.1/ilDasTemp1.1.primary.fa.gz
Dasysyrphus_albostriatus	insects	release_reference	idDasAlbo1.1	idDasAlbo1.1	primary	1	1	1	0	/data/tol/data/darwin/insects/Dasysyrphus_albostriatus/assembly/curated/idDasAlbo1.1/idDasAlbo1.1.primary.fa.gz
Dasysyrphus_tricinctus	insects	release_reference	idDasTrii1.1	idDasTrii1.1	primary	1	1	0	0	/data/tol/data/darwin/insects/Dasysyrphus_tricinctus/assembly/curated/idDasTrii1.1/idDasTrii1.1.primary.fa.gz
Daucus_carota	dicots	newest_curated_no_reference		drDauCaro2.1	hap1	1	1	0	0	/data/tol/data/darwin/dicots/Daucus_carota/assembly/curated/drDauCaro2.1/drDauCaro2.hap1.1.primary.fa.gz
Daudebardia_rufa	molluscs	release_reference	xgDauRufa1.hap1.1	xgDauRufa1.1	hap1	1	1	0	0	/data/tol/data/darwin/molluscs/Daudebardia_rufa/assembly/curated/xgDauRufa1.1/xgDauRufa1.hap1.1.primary.fa.gz
Deilephila_elpenor	insects	release_reference	ilDeiElpe2.1	ilDeiElpe2.1	primary	1	1	0	0	/data/tol/data/darwin/insects/Deilephila_elpenor/assembly/curated/ilDeiElpe2.1/ilDeiElpe2.1.primary.fa.gz
Deilephila_porcellus	insects	release_reference	ilDeiPorc1.2	ilDeiPorc1.2	primary	1	2	0	0	/data/tol/data/darwin/insects/Deilephila_porcellus/assembly/curated/ilDeiPorc1.2/ilDeiPorc1.2.primary.fa.gz
Delia_radicum	insects	release_reference	idDelRadi1.hap1.1	idDelRadi1.1	hap1	1	1	0	0	/data/tol/data/darwin/insects/Delia_radicum/assembly/curated/idDelRadi1.1/idDelRadi1.hap1.1.primary.fa.gz
Delichon_urbicum	birds	newest_curated_no_reference		bDelUrb1.1	hap1	1	1	0	0	/data/tol/data/darwin/birds/Delichon_urbicum/assembly/curated/bDelUrb1.1/bDelUrb1.hap1.1.primary.fa.gz
Delphinus_delphis	mammals	release_reference	mDelDel1.2	mDelDel1.2	primary	1	2	0	0	/data/tol/data/darwin/mammals/Delphinus_delphis/assembly/curated/mDelDel1.2/mDelDel1.2.primary.fa.gz
Delplanqueia_inscriptella	insects	release_reference	ilDelInsc2.hap1.1	ilDelInsc2.1	hap1	1	1	0	0	/data/tol/data/darwin/insects/Delplanqueia_inscriptella/assembly/curated/ilDelInsc2.1/ilDelInsc2.hap1.1.primary.fa.gz
Demoticus_plebejus	insects	release_reference	idDemPleb1.hap1.1	idDemPleb1.1	hap1	1	1	0	0	/data/tol/data/darwin/insects/Demoticus_plebejus/assembly/curated/idDemPleb1.1/idDemPleb1.hap1.1.primary.fa.gz
Dendrocopos_major	birds	release_reference	bXipMaj1.hap1.1	bXipMaj1.1	hap1	1	1	0	0	/data/tol/data/darwin/birds/Dendrocopos_major/assembly/curated/bXipMaj1.1/bXipMaj1.hap1.1.primary.fa.gz
Dendrogyra_cylindrus	jellyfish	release_reference	jaDenCyli1.1	jaDenCyli1.1	primary	1	1	0	0	/data/tol/data/darwin/jellyfish/Dendrogyra_cylindrus/assembly/curated/jaDenCyli1.1/jaDenCyli1.1.primary.fa.gz
Dendrolimus_pini	insects	release_reference	ilDenPini1.1	ilDenPini1.1	primary	1	1	2	0	/data/tol/data/darwin/insects/Dendrolimus_pini/assembly/curated/ilDenPini1.1/ilDenPini1.1.primary.fa.gz
Denticollis_linearis	insects	release_reference	icDenLine1.1	icDenLine1.1	primary	1	1	0	0	/data/tol/data/darwin/insects/Denticollis_linearis/assembly/curated/icDenLine1.1/icDenLine1.1.primary.fa.gz
Depressaria_douglasella	insects	release_reference	ilDepDoug3.hap1.1	ilDepDoug3.1	hap1	1	1	0	0	/data/tol/data/darwin/insects/Depressaria_douglasella/assembly/curated/ilDepDoug3.1/ilDepDoug3.hap1.1.primary.fa.gz
Deschampsia_cespitosa	monocots	release_reference	lpDesCesp1.hap1.1	lpDesCesp1.1	hap1	1	1	0	0	/data/tol/data/darwin/monocots/Deschampsia_cespitosa/assembly/curated/lpDesCesp1.1/lpDesCesp1.hap1.1.primary.fa.gz
Descurainia_sophia	dicots	release_reference	ddDesSoph1.hap1.1	ddDesSoph1.1	hap1	1	1	0	0	/data/tol/data/darwin/dicots/Descurainia_sophia/assembly/curated/ddDesSoph1.1/ddDesSoph1.hap1.1.primary.fa.gz
Dexiosoma_caninum	insects	release_reference	idDexCann1.1	idDexCann1.1	primary	1	1	0	0	/data/tol/data/darwin/insects/Dexiosoma_caninum/assembly/curated/idDexCann1.1/idDexCann1.1.primary.fa.gz
Diachrysia_chrysitis	insects	release_reference	ilDiaChry1.1	ilDiaChry1.1	primary	1	1	0	0	/data/tol/data/darwin/insects/Diachrysia_chrysitis/assembly/curated/ilDiaChry1.1/ilDiaChry1.1.primary.fa.gz
Diadocidia_ferruginosa	insects	release_reference	idDiaFerr1.hap1.1	idDiaFerr1.1	hap1	1	1	0	0	/data/tol/data/darwin/insects/Diadocidia_ferruginosa/assembly/curated/idDiaFerr1.1/idDiaFerr1.hap1.1.primary.fa.gz
Diadumene_lineata	jellyfish	release_reference	jaDiaLine6.1	jaDiaLine6.1	primary	1	1	0	0	/data/tol/data/darwin/jellyfish/Diadumene_lineata/assembly/curated/jaDiaLine6.1/jaDiaLine6.1.primary.fa.gz
Diapensia_lapponica	dicots	release_reference	ddDiaLapp1.hap1.1	ddDiaLapp1.1	hap1	1	1	0	0	/data/tol/data/darwin/dicots/Diapensia_lapponica/assembly/curated/ddDiaLapp1.1/ddDiaLapp1.hap1.1.primary.fa.gz
Diaperis_boleti	insects	release_reference	icDiaBole1.1	icDiaBole1.1	primary	1	1	0	0	/data/tol/data/darwin/insects/Diaperis_boleti/assembly/curated/icDiaBole1.1/icDiaBole1.1.primary.fa.gz
Diaphora_mendica	insects	release_reference	ilDiaMend1.1	ilDiaMend1.1	primary	1	1	0	0	/data/tol/data/darwin/insects/Diaphora_mendica/assembly/curated/ilDiaMend1.1/ilDiaMend1.1.primary.fa.gz
Diarsia_brunnea	insects	release_reference	ilDiaBrun1.1	ilDiaBrun1.1	primary	1	1	0	0	/data/tol/data/darwin/insects/Diarsia_brunnea/assembly/curated/ilDiaBrun1.1/ilDiaBrun1.1.primary.fa.gz
Diarsia_dahlii	insects	release_reference	ilDiaDahl1.1	ilDiaDahl1.1	primary	1	1	0	0	/data/tol/data/darwin/insects/Diarsia_dahlii/assembly/curated/ilDiaDahl1.1/ilDiaDahl1.1.primary.fa.gz
Diarsia_mendica	insects	release_reference	ilDiaMeni1.1	ilDiaMeni1.1	primary	1	1	0	0	/data/tol/data/darwin/insects/Diarsia_mendica/assembly/curated/ilDiaMeni1.1/ilDiaMeni1.1.primary.fa.gz
Diarsia_rubi	insects	release_reference	ilDiaRubi1.1	ilDiaRubi1.1	primary	1	1	0	0	/data/tol/data/darwin/insects/Diarsia_rubi/assembly/curated/ilDiaRubi1.1/ilDiaRubi1.1.primary.fa.gz
Diazona_violacea	chordates	release_reference	kaDiaViol1.hap1.1	kaDiaViol1.1	hap1	1	1	0	0	/data/tol/data/darwin/chordates/Diazona_violacea/assembly/curated/kaDiaViol1.1/kaDiaViol1.hap1.1.primary.fa.gz
Dichetophora_obliterata	insects	release_reference	idDicObli2.1	idDicObli2.1	primary	1	1	0	0	/data/tol/data/darwin/insects/Dichetophora_obliterata/assembly/curated/idDicObli2.1/idDicObli2.1.primary.fa.gz
Dichomeris_marginella	insects	release_reference	ilDicMarg1.hap2.1	ilDicMarg1.1	hap2	1	1	0	0	/data/tol/data/darwin/insects/Dichomeris_marginella/assembly/curated/ilDicMarg1.1/ilDicMarg1.hap2.1.primary.fa.gz
Dichrorampha_alpinana	insects	newest_curated_no_reference		ilDicAlpi2.1	hap1	1	1	0	1	/data/tol/data/darwin/insects/Dichrorampha_alpinana/assembly/curated/ilDicAlpi2.1/ilDicAlpi2.hap1.1.primary.fa.gz
Dichrorampha_sequana	insects	release_reference	ilDicSequ4.hap1.1	ilDicSequ4.1	hap1	1	1	0	0	/data/tol/data/darwin/insects/Dichrorampha_sequana/assembly/curated/ilDicSequ4.1/ilDicSequ4.hap1.1.primary.fa.gz
Dicraeus_fennicus	insects	release_reference	idDicFenn1.1	idDicFenn1.1	primary	1	1	0	0	/data/tol/data/darwin/insects/Dicraeus_fennicus/assembly/curated/idDicFenn1.1/idDicFenn1.1.primary.fa.gz
Dicranocephalus_agilis	insects	newest_curated_no_reference		ihDicAgil2.1	hap1	1	1	0	0	/data/tol/data/darwin/insects/Dicranocephalus_agilis/assembly/curated/ihDicAgil2.1/ihDicAgil2.hap1.1.primary.fa.gz
Dicranodontium_denudatum	non-vascular-plants	release_reference	cbDicDenu2.1	cbDicDenu2.1	primary	1	1	0	0	/data/tol/data/darwin/non-vascular-plants/Dicranodontium_denudatum/assembly/curated/cbDicDenu2.1/cbDicDenu2.1.primary.fa.gz
Dicranoweisia_cirrata	non-vascular-plants	release_reference	cbDicCirr2.1	cbDicCirr2.1	primary	1	1	0	0	/data/tol/data/darwin/non-vascular-plants/Dicranoweisia_cirrata/assembly/curated/cbDicCirr2.1/cbDicCirr2.1.primary.fa.gz
Dicranum_bonjeanii	non-vascular-plants	release_reference	cbDicBonj1.1	cbDicBonj1.1	primary	1	1	0	0	/data/tol/data/darwin/non-vascular-plants/Dicranum_bonjeanii/assembly/curated/cbDicBonj1.1/cbDicBonj1.1.primary.fa.gz
Dicranum_flexicaule	non-vascular-plants	release_reference	cbDicFlex1.1	cbDicFlex1.1	primary	1	1	0	0	/data/tol/data/darwin/non-vascular-plants/Dicranum_flexicaule/assembly/curated/cbDicFlex1.1/cbDicFlex1.1.primary.fa.gz
Dicranum_scottianum	non-vascular-plants	release_reference	cbDicScot3.1	cbDicScot3.1	primary	1	1	0	0	/data/tol/data/darwin/non-vascular-plants/Dicranum_scottianum/assembly/curated/cbDicScot3.1/cbDicScot3.1.primary.fa.gz
Dicranum_tauricum	non-vascular-plants	release_reference	cbDicTaur3.1	cbDicTaur3.1	primary	1	1	0	0	/data/tol/data/darwin/non-vascular-plants/Dicranum_tauricum/assembly/curated/cbDicTaur3.1/cbDicTaur3.1.primary.fa.gz
Dicycla_oo	insects	release_reference	ilDicOoxx2.1	ilDicOoxx2.1	primary	1	1	0	0	/data/tol/data/darwin/insects/Dicycla_oo/assembly/curated/ilDicOoxx2.1/ilDicOoxx2.1.primary.fa.gz
Dicyrtoma_fusca	arthropods	release_reference	qlDicFusc7.hap1.1	qlDicFusc7.1	hap1	1	1	0	0	/data/tol/data/darwin/arthropods/Dicyrtoma_fusca/assembly/curated/qlDicFusc7.1/qlDicFusc7.hap1.1.primary.fa.gz
Dicyrtomina_minuta	arthropods	release_reference	qeDicMinu4.1	qeDicMinu4.1	primary	1	1	0	0	/data/tol/data/darwin/arthropods/Dicyrtomina_minuta/assembly/curated/qeDicMinu4.1/qeDicMinu4.1.primary.fa.gz
Dicyrtomina_saundersi	arthropods	release_reference	qlDicSaun7.1	qlDicSaun7.1	primary	1	1	0	0	/data/tol/data/darwin/arthropods/Dicyrtomina_saundersi/assembly/curated/qlDicSaun7.1/qlDicSaun7.1.primary.fa.gz
Didymodon_insulanus	non-vascular-plants	release_reference	cbDidInsu2.1	cbDidInsu2.1	primary	1	1	0	0	/data/tol/data/darwin/non-vascular-plants/Didymodon_insulanus/assembly/curated/cbDidInsu2.1/cbDidInsu2.1.primary.fa.gz
Didymodon_rigidulus	non-vascular-plants	release_reference	cbDidRigi4.1	cbDidRigi4.1	primary	1	1	0	0	/data/tol/data/darwin/non-vascular-plants/Didymodon_rigidulus/assembly/curated/cbDidRigi4.1/cbDidRigi4.1.primary.fa.gz
Digitaria_sanguinalis	monocots	release_reference	lpDigSang1.hap1.1	lpDigSang1.1	hap1	1	1	0	1	/data/tol/data/darwin/monocots/Digitaria_sanguinalis/assembly/curated/lpDigSang1.1/lpDigSang1.hap1.1.primary.fa.gz
Digitivalva_pulicariae	insects	release_reference	ilDigPuli1.hap1.2	ilDigPuli1.2	hap1	1	2	0	0	/data/tol/data/darwin/insects/Digitivalva_pulicariae/assembly/curated/ilDigPuli1.2/ilDigPuli1.hap1.2.primary.fa.gz
Diloba_caeruleocephala	insects	release_reference	ilDilCaer1.1	ilDilCaer1.1	primary	1	1	0	0	/data/tol/data/darwin/insects/Diloba_caeruleocephala/assembly/curated/ilDilCaer1.1/ilDilCaer1.1.primary.fa.gz
Dilophus_febrilis	insects	release_reference	idDilFebr1.1	idDilFebr1.1	primary	1	1	1	0	/data/tol/data/darwin/insects/Dilophus_febrilis/assembly/curated/idDilFebr1.1/idDilFebr1.1.primary.fa.gz
Dilophus_femoratus	insects	release_reference	idDilFemo2.hap1.1	idDilFemo2.1	hap1	1	1	0	0	/data/tol/data/darwin/insects/Dilophus_femoratus/assembly/curated/idDilFemo2.1/idDilFemo2.hap1.1.primary.fa.gz
Dilutineuron_fasciculare	non-vascular-plants	release_reference	cbDilFasc15.1	cbDilFasc15.1	primary	1	1	0	0	/data/tol/data/darwin/non-vascular-plants/Dilutineuron_fasciculare/assembly/curated/cbDilFasc15.1/cbDilFasc15.1.primary.fa.gz
Dinocampus_coccinellae	insects	release_reference	iyDinCocc1.1	iyDinCocc1.1	primary	1	1	1	0	/data/tol/data/darwin/insects/Dinocampus_coccinellae/assembly/curated/iyDinCocc1.1/iyDinCocc1.1.primary.fa.gz
Dinocras_cephalotes	insects	release_reference	ipDinCeph2.hap1.1	ipDinCeph2.1	hap1	1	1	0	0	/data/tol/data/darwin/insects/Dinocras_cephalotes/assembly/curated/ipDinCeph2.1/ipDinCeph2.hap1.1.primary.fa.gz
Dioctria_baumhaueri	insects	release_reference	idDioBaum1.hap1.1	idDioBaum1.1	hap1	1	1	0	0	/data/tol/data/darwin/insects/Dioctria_baumhaueri/assembly/curated/idDioBaum1.1/idDioBaum1.hap1.1.primary.fa.gz
Dioctria_linearis	insects	release_reference	idDioLine1.1	idDioLine1.1	primary	1	1	2	0	/data/tol/data/darwin/insects/Dioctria_linearis/assembly/curated/idDioLine1.1/idDioLine1.1.primary.fa.gz
Dioctria_rufipes	insects	release_reference	idDioRufi1.1	idDioRufi1.1	primary	1	1	2	0	/data/tol/data/darwin/insects/Dioctria_rufipes/assembly/curated/idDioRufi1.1/idDioRufi1.1.primary.fa.gz
Diogma_glabrata	insects	release_reference	idDioGlab1.1	idDioGlab1.1	primary	1	1	0	0	/data/tol/data/darwin/insects/Diogma_glabrata/assembly/curated/idDioGlab1.1/idDioGlab1.1.primary.fa.gz
Diphasiastrum_alpinum	vascular-plants	release_reference	vlDipAlpi1.hap1.1	vlDipAlpi1.1	hap1	1	1	0	0	/data/tol/data/darwin/vascular-plants/Diphasiastrum_alpinum/assembly/curated/vlDipAlpi1.1/vlDipAlpi1.hap1.1.primary.fa.gz
Diplazon_laetatorius	insects	release_reference	iyDipLaet1.1	iyDipLaet1.1	primary	1	1	1	0	/data/tol/data/darwin/insects/Diplazon_laetatorius/assembly/curated/iyDipLaet1.1/iyDipLaet1.1.primary.fa.gz
Diplecogaster_bimaculata	fish	release_reference	fDipBim1.hap2.1	fDipBim1.1	hap2	1	1	0	0	/data/tol/data/darwin/fish/Diplecogaster_bimaculata/assembly/curated/fDipBim1.1/fDipBim1.hap2.1.primary.fa.gz
Diplocoelus_fagi	insects	release_reference	icDipFagi1.hap1.1	icDipFagi1.1	hap1	1	1	0	0	/data/tol/data/darwin/insects/Diplocoelus_fagi/assembly/curated/icDipFagi1.1/icDipFagi1.hap1.1.primary.fa.gz
Diplosoma_listerianum	chordates	release_reference	kaDipList1.hap1.1	kaDipList1.1	hap1	1	1	0	0	/data/tol/data/darwin/chordates/Diplosoma_listerianum/assembly/curated/kaDipList1.1/kaDipList1.hap1.1.primary.fa.gz
Diplosoma_spongiforme	chordates	release_reference	kaDipSpon1.hap1.1	kaDipSpon1.1	hap1	1	1	0	0	/data/tol/data/darwin/chordates/Diplosoma_spongiforme/assembly/curated/kaDipSpon1.1/kaDipSpon1.hap1.1.primary.fa.gz
Dipsacus_fullonum	dicots	release_reference	daDipFull1.hap1.1	daDipFull1.1	hap1	1	1	0	0	/data/tol/data/darwin/dicots/Dipsacus_fullonum/assembly/curated/daDipFull1.1/daDipFull1.hap1.1.primary.fa.gz
Dipturus_intermedius	sharks	release_reference	sDipInt39.hap2.1	sDipInt39.1	hap2	1	1	0	0	/data/tol/data/darwin/sharks/Dipturus_intermedius/assembly/curated/sDipInt39.1/sDipInt39.hap2.1.primary.fa.gz
Distichium_capillaceum	non-vascular-plants	release_reference	cbDisCapi3.1	cbDisCapi3.1	primary	1	1	0	0	/data/tol/data/darwin/non-vascular-plants/Distichium_capillaceum/assembly/curated/cbDisCapi3.1/cbDisCapi3.1.primary.fa.gz
Ditrichum_cornubicum	non-vascular-plants	release_reference	cbDitCorn1.1	cbDitCorn1.1	primary	1	1	0	0	/data/tol/data/darwin/non-vascular-plants/Ditrichum_cornubicum/assembly/curated/cbDitCorn1.1/cbDitCorn1.1.primary.fa.gz
Ditula_angustiorana	insects	release_reference	ilDitAngu1.1	ilDitAngu1.1	primary	1	1	1	0	/data/tol/data/darwin/insects/Ditula_angustiorana/assembly/curated/ilDitAngu1.1/ilDitAngu1.1.primary.fa.gz
Diurnea_fagella	insects	release_reference	ilDiuFage2.1	ilDiuFage2.1	primary	1	1	0	0	/data/tol/data/darwin/insects/Diurnea_fagella/assembly/curated/ilDiuFage2.1/ilDiuFage2.1.primary.fa.gz
Diurnea_lipsiella	insects	release_reference	ilDiuLips1.hap1.1	ilDiuLips1.1	hap1	1	1	0	0	/data/tol/data/darwin/insects/Diurnea_lipsiella/assembly/curated/ilDiuLips1.1/ilDiuLips1.hap1.1.primary.fa.gz
Dixa_nubilipennis	insects	release_reference	idDixNubi2.hap1.2	idDixNubi2.2	hap1	1	2	0	0	/data/tol/data/darwin/insects/Dixa_nubilipennis/assembly/curated/idDixNubi2.2/idDixNubi2.hap1.2.primary.fa.gz
Dolerus_asper	insects	release_reference	iyDolAspe1.hap1.1	iyDolAspe1.1	hap1	1	1	0	0	/data/tol/data/darwin/insects/Dolerus_asper/assembly/curated/iyDolAspe1.1/iyDolAspe1.hap1.1.primary.fa.gz
Dolerus_haematodes	insects	release_reference	iyDolHaem1.hap1.1	iyDolHaem1.1	hap1	1	1	0	0	/data/tol/data/darwin/insects/Dolerus_haematodes/assembly/curated/iyDolHaem1.1/iyDolHaem1.hap1.1.primary.fa.gz
Dolerus_madidus	insects	release_reference	iyDolMadi1.hap1.1	iyDolMadi1.1	hap1	1	1	0	0	/data/tol/data/darwin/insects/Dolerus_madidus/assembly/curated/iyDolMadi1.1/iyDolMadi1.hap1.1.primary.fa.gz
Dolerus_nigratus	insects	release_reference	iyDolNigr1.hap1.1	iyDolNigr1.1	hap1	1	1	0	0	/data/tol/data/darwin/insects/Dolerus_nigratus/assembly/curated/iyDolNigr1.1/iyDolNigr1.hap1.1.primary.fa.gz
Dolerus_triplicatus	insects	release_reference	iyDolTrip1.hap1.1	iyDolTrip1.1	hap1	1	1	0	0	/data/tol/data/darwin/insects/Dolerus_triplicatus/assembly/curated/iyDolTrip1.1/iyDolTrip1.hap1.1.primary.fa.gz
Dolichomitus_mesocentrus	insects	release_reference	iyDolMeso1.1	iyDolMeso1.1	primary	1	1	0	0	/data/tol/data/darwin/insects/Dolichomitus_mesocentrus/assembly/curated/iyDolMeso1.1/iyDolMeso1.1.primary.fa.gz
Dolichopus_griseipennis	insects	release_reference	idDolGris1.1	idDolGris1.1	primary	1	1	0	0	/data/tol/data/darwin/insects/Dolichopus_griseipennis/assembly/curated/idDolGris1.1/idDolGris1.1.primary.fa.gz
Dolichopus_picipes	insects	release_reference	idDolPici1.hap1.1	idDolPici1.1	hap1	1	1	0	0	/data/tol/data/darwin/insects/Dolichopus_picipes/assembly/curated/idDolPici1.1/idDolPici1.hap1.1.primary.fa.gz
Dolichopus_virgultorum	insects	release_reference	idDolVirg1.hap1.1	idDolVirg1.1	hap1	1	1	0	0	/data/tol/data/darwin/insects/Dolichopus_virgultorum/assembly/curated/idDolVirg1.1/idDolVirg1.hap1.1.primary.fa.gz
Dolichovespula_media	insects	newer_curation_than_reference	iyDolMedi1.1	iyDolMedi1.2	primary	1	2	1	0	/data/tol/data/darwin/insects/Dolichovespula_media/assembly/curated/iyDolMedi1.2/iyDolMedi1.2.primary.fa.gz
Dolichovespula_saxonica	insects	release_reference	iyDolSaxo1.1	iyDolSaxo1.1	primary	1	1	0	0	/data/tol/data/darwin/insects/Dolichovespula_saxonica/assembly/curated/iyDolSaxo1.1/iyDolSaxo1.1.primary.fa.gz
Dolichovespula_sylvestris	insects	release_reference	iyDolSylv1.2	iyDolSylv1.2	primary	1	2	0	0	/data/tol/data/darwin/insects/Dolichovespula_sylvestris/assembly/curated/iyDolSylv1.2/iyDolSylv1.2.primary.fa.gz
Dolomedes_plantarius	arthropods	release_reference	qDolPla1.2	qDolPla1.2	primary	1	2	0	0	/data/tol/data/darwin/arthropods/Dolomedes_plantarius/assembly/curated/qDolPla1.2/qDolPla1.2.primary.fa.gz
Donacaula_forficella	insects	release_reference	ilDonForf1.hap1.1	ilDonForf1.1	hap1	1	1	0	0	/data/tol/data/darwin/insects/Donacaula_forficella/assembly/curated/ilDonForf1.1/ilDonForf1.hap1.1.primary.fa.gz
Donacaula_mucronella	insects	release_reference	ilDonMucr1.hap1.1	ilDonMucr1.1	hap1	1	1	0	0	/data/tol/data/darwin/insects/Donacaula_mucronella/assembly/curated/ilDonMucr1.1/ilDonMucr1.hap1.1.primary.fa.gz
Doratura_stylata	insects	release_reference	ihDorStya1.hap1.1	ihDorStya1.1	hap1	1	1	0	0	/data/tol/data/darwin/insects/Doratura_stylata/assembly/curated/ihDorStya1.1/ihDorStya1.hap1.1.primary.fa.gz
Dorcus_parallelipipedus	insects	release_reference	icDorPara1.1	icDorPara1.1	primary	1	1	0	0	/data/tol/data/darwin/insects/Dorcus_parallelipipedus/assembly/curated/icDorPara1.1/icDorPara1.1.primary.fa.gz
Douinia_ovata	non-vascular-plants	release_reference	cjDouOvat2.1	cjDouOvat2.1	primary	1	1	0	0	/data/tol/data/darwin/non-vascular-plants/Douinia_ovata/assembly/curated/cjDouOvat2.1/cjDouOvat2.1.primary.fa.gz
Draba_incana	dicots	release_reference	ddDraInca1.1	ddDraInca1.1	primary	1	1	0	0	/data/tol/data/darwin/dicots/Draba_incana/assembly/curated/ddDraInca1.1/ddDraInca1.1.primary.fa.gz
Draba_verna	dicots	release_reference	ddDraVern1.hap1.1	ddDraVern1.1	hap1	1	1	0	0	/data/tol/data/darwin/dicots/Draba_verna/assembly/curated/ddDraVern1.1/ddDraVern1.hap1.1.primary.fa.gz
Drassodes_cupreus	arthropods	release_reference	qqDraCupr1.hap1.1	qqDraCupr1.1	hap1	1	1	0	0	/data/tol/data/darwin/arthropods/Drassodes_cupreus/assembly/curated/qqDraCupr1.1/qqDraCupr1.hap1.1.primary.fa.gz
Dreisbachia_pictifrons	insects	release_reference	iyDrePict1.1	iyDrePict1.1	primary	1	1	0	0	/data/tol/data/darwin/insects/Dreisbachia_pictifrons/assembly/curated/iyDrePict1.1/iyDrePict1.1.primary.fa.gz
Dreissena_polymorpha	molluscs	newest_curated_no_reference		xbDrePolm1.1	primary	1	1	0	0	/data/tol/data/darwin/molluscs/Dreissena_polymorpha/assembly/curated/xbDrePolm1.1/xbDrePolm1.1.primary.fa.gz
Drepana_falcataria	insects	release_reference	ilDreFalc1.1	ilDreFalc1.1	primary	1	1	0	0	/data/tol/data/darwin/insects/Drepana_falcataria/assembly/curated/ilDreFalc1.1/ilDreFalc1.1.primary.fa.gz
Drepanosiphum_platanoidis	insects	release_reference	ihDrePlat2.1	ihDrePlat2.1	primary	2	2	2	0	/data/tol/data/darwin/insects/Drepanosiphum_platanoidis/assembly/curated/ihDrePlat2.1/ihDrePlat2.1.primary.fa.gz
Drilus_flavescens	insects	release_reference	icDriFlav1.hap1.1	icDriFlav1.1	hap1	1	1	0	0	/data/tol/data/darwin/insects/Drilus_flavescens/assembly/curated/icDriFlav1.1/icDriFlav1.hap1.1.primary.fa.gz
Dromius_quadrimaculatus	insects	release_reference	icDroQuad1.1	icDroQuad1.1	primary	1	1	1	0	/data/tol/data/darwin/insects/Dromius_quadrimaculatus/assembly/curated/icDroQuad1.1/icDroQuad1.1.primary.fa.gz
Drosophila_funebris	insects	newest_curated_no_reference		idDroFune2.1	primary	1	1	0	0	/data/tol/data/darwin/insects/Drosophila_funebris/assembly/curated/idDroFune2.1/idDroFune2.1.primary.fa.gz
Drosophila_helvetica	insects	release_reference	idDroHelv2.1	idDroHelv2.1	primary	1	1	0	0	/data/tol/data/darwin/insects/Drosophila_helvetica/assembly/curated/idDroHelv2.1/idDroHelv2.1.primary.fa.gz
Drosophila_histrio	insects	newer_curation_than_reference	idDroHist2.2	idDroHist2.3	primary	1	3	0	0	/data/tol/data/darwin/insects/Drosophila_histrio/assembly/curated/idDroHist2.3/idDroHist2.3.primary.fa.gz
Drosophila_immigrans	insects	release_reference	idDroImmi8.1	idDroImmi8.1	primary	3	3	0	0	/data/tol/data/darwin/insects/Drosophila_immigrans/assembly/curated/idDroImmi8.1/idDroImmi8.1.primary.fa.gz
Drosophila_limbata	insects	release_reference	idDroLimb2.1	idDroLimb2.1	primary	1	1	0	0	/data/tol/data/darwin/insects/Drosophila_limbata/assembly/curated/idDroLimb2.1/idDroLimb2.1.primary.fa.gz
Drosophila_obscura	insects	newest_curated_no_reference		idDroObsc58.2	primary	3	4	0	0	/data/tol/data/darwin/insects/Drosophila_obscura/assembly/curated/idDroObsc58.2/idDroObsc58.2.primary.fa.gz
Drosophila_phalerata	insects	release_reference	idDroPhal2.2	idDroPhal2.2	primary	1	2	0	0	/data/tol/data/darwin/insects/Drosophila_phalerata/assembly/curated/idDroPhal2.2/idDroPhal2.2.primary.fa.gz
Drosophila_subobscura	insects	newest_curated_no_reference		idDroSubo7.1	primary	3	3	0	0	/data/tol/data/darwin/insects/Drosophila_subobscura/assembly/curated/idDroSubo7.1/idDroSubo7.1.primary.fa.gz
Drosophila_suzukii	insects	newest_curated_no_reference		idDroSuzu1.1	primary	1	1	0	0	/data/tol/data/darwin/insects/Drosophila_suzukii/assembly/curated/idDroSuzu1.1/idDroSuzu1.1.primary.fa.gz
Drusilla_canaliculata	insects	release_reference	icDruCana1.hap1.1	icDruCana1.1	hap1	1	1	0	0	/data/tol/data/darwin/insects/Drusilla_canaliculata/assembly/curated/icDruCana1.1/icDruCana1.hap1.1.primary.fa.gz
Dryas_octopetala	dicots	release_reference	drDryOcto1.1	drDryOcto1.1	primary	1	1	0	0	/data/tol/data/darwin/dicots/Dryas_octopetala/assembly/curated/drDryOcto1.1/drDryOcto1.1.primary.fa.gz
Drymonia_dodonaea	insects	release_reference	ilDryDodo1.hap1.1	ilDryDodo1.1	hap1	1	1	0	0	/data/tol/data/darwin/insects/Drymonia_dodonaea/assembly/curated/ilDryDodo1.1/ilDryDodo1.hap1.1.primary.fa.gz
Drymonia_ruficornis	insects	release_reference	ilDryRufi1.1	ilDryRufi1.1	primary	1	1	0	0	/data/tol/data/darwin/insects/Drymonia_ruficornis/assembly/curated/ilDryRufi1.1/ilDryRufi1.1.primary.fa.gz
Drymus_sylvaticus	insects	release_reference	ihDrySylv1.hap1.1	ihDrySylv1.1	hap1	1	1	0	0	/data/tol/data/darwin/insects/Drymus_sylvaticus/assembly/curated/ihDrySylv1.1/ihDrySylv1.hap1.1.primary.fa.gz
Dryobota_labecula	insects	release_reference	ilDryLabe1.1	ilDryLabe1.1	primary	1	1	0	0	/data/tol/data/darwin/insects/Dryobota_labecula/assembly/curated/ilDryLabe1.1/ilDryLabe1.1.primary.fa.gz
Dryobotodes_eremita	insects	release_reference	ilDryErem1.1	ilDryErem1.1	primary	1	1	0	0	/data/tol/data/darwin/insects/Dryobotodes_eremita/assembly/curated/ilDryErem1.1/ilDryErem1.1.primary.fa.gz
Dryobotodes_tenebrosa	insects	release_reference	ilDryTene1.hap1.1	ilDryTene1.1	hap1	1	1	0	0	/data/tol/data/darwin/insects/Dryobotodes_tenebrosa/assembly/curated/ilDryTene1.1/ilDryTene1.hap1.1.primary.fa.gz
Dryomyza_anilis	insects	release_reference	idDryAnil2.1	idDryAnil2.1	primary	1	1	0	0	/data/tol/data/darwin/insects/Dryomyza_anilis/assembly/curated/idDryAnil2.1/idDryAnil2.1.primary.fa.gz
Dunaliella_primolecta	algae	release_reference	ucDunPrim2.2	ucDunPrim2.2	primary	1	2	0	0	/data/tol/data/darwin/algae/Dunaliella_primolecta/assembly/curated/ucDunPrim2.2/ucDunPrim2.2.primary.fa.gz
Dypterygia_scabriuscula	insects	release_reference	ilDypScab1.hap1.1	ilDypScab1.1	hap1	1	1	0	0	/data/tol/data/darwin/insects/Dypterygia_scabriuscula/assembly/curated/ilDypScab1.1/ilDypScab1.hap1.1.primary.fa.gz
Dysmachus_trigonus	insects	release_reference	idDysTrig1.1	idDysTrig1.1	primary	1	1	0	0	/data/tol/data/darwin/insects/Dysmachus_trigonus/assembly/curated/idDysTrig1.1/idDysTrig1.1.primary.fa.gz
Dyspetes_luteomarginatus	insects	release_reference	iyDysLute2.1	iyDysLute2.1	primary	1	1	0	0	/data/tol/data/darwin/insects/Dyspetes_luteomarginatus/assembly/curated/iyDysLute2.1/iyDysLute2.1.primary.fa.gz
Dytaster_grandis	echinoderms	release_reference	eaDytGran1.hap1.1	eaDytGran1.1	hap1	1	1	0	0	/data/tol/data/darwin/echinoderms/Dytaster_grandis/assembly/curated/eaDytGran1.1/eaDytGran1.hap1.1.primary.fa.gz
Eana_incanana	insects	release_reference	ilEanInca1.hap1.1	ilEanInca1.1	hap1	1	1	0	0	/data/tol/data/darwin/insects/Eana_incanana/assembly/curated/ilEanInca1.1/ilEanInca1.hap1.1.primary.fa.gz
Earias_clorana	insects	release_reference	ilEarClor1.hap1.1	ilEarClor1.1	hap1	1	1	0	0	/data/tol/data/darwin/insects/Earias_clorana/assembly/curated/ilEarClor1.1/ilEarClor1.hap1.1.primary.fa.gz
Earophila_badiata	insects	release_reference	ilEarBadi1.hap1.1	ilEarBadi1.1	hap1	1	1	0	0	/data/tol/data/darwin/insects/Earophila_badiata/assembly/curated/ilEarBadi1.1/ilEarBadi1.hap1.1.primary.fa.gz
Ecdyonurus_torrentis	insects	release_reference	ieEcdTorr1.1	ieEcdTorr1.1	primary	1	1	1	0	/data/tol/data/darwin/insects/Ecdyonurus_torrentis/assembly/curated/ieEcdTorr1.1/ieEcdTorr1.1.primary.fa.gz
Echiichthys_vipera	fish	release_reference	fEchVip8.1	fEchVip8.1	primary	1	1	0	0	/data/tol/data/darwin/fish/Echiichthys_vipera/assembly/curated/fEchVip8.1/fEchVip8.1.primary.fa.gz
Echinocardium_cordatum	echinoderms	release_reference	eeEchCord2.hap1.1	eeEchCord2.1	hap1	1	1	0	0	/data/tol/data/darwin/echinoderms/Echinocardium_cordatum/assembly/curated/eeEchCord2.1/eeEchCord2.hap1.1.primary.fa.gz
Echinus_esculentus	echinoderms	release_reference	eeEchEscu1.hap1.1	eeEchEscu1.1	hap1	1	1	0	0	/data/tol/data/darwin/echinoderms/Echinus_esculentus/assembly/curated/eeEchEscu1.1/eeEchEscu1.hap1.1.primary.fa.gz
Ecliptopera_silaceata	insects	release_reference	ilEclSila1.1	ilEclSila1.1	primary	1	1	0	0	/data/tol/data/darwin/insects/Ecliptopera_silaceata/assembly/curated/ilEclSila1.1/ilEclSila1.1.primary.fa.gz
Ecnomus_tenellus	insects	newest_curated_no_reference		iiEcnTene1.1	hap1	1	1	0	0	/data/tol/data/darwin/insects/Ecnomus_tenellus/assembly/curated/iiEcnTene1.1/iiEcnTene1.hap1.1.primary.fa.gz
Ectemnius_cavifrons	insects	release_reference	iyEctCavi1.1	iyEctCavi1.1	primary	1	1	0	1	/data/tol/data/darwin/insects/Ectemnius_cavifrons/assembly/curated/iyEctCavi1.1/iyEctCavi1.1.primary.fa.gz
Ectemnius_continuus	insects	release_reference	iyEctCont1.1	iyEctCont1.1	primary	1	1	1	0	/data/tol/data/darwin/insects/Ectemnius_continuus/assembly/curated/iyEctCont1.1/iyEctCont1.1.primary.fa.gz
Ectemnius_lituratus	insects	release_reference	iyEctLitu1.2	iyEctLitu1.2	primary	1	2	0	0	/data/tol/data/darwin/insects/Ectemnius_lituratus/assembly/curated/iyEctLitu1.2/iyEctLitu1.2.primary.fa.gz
Ectobius_pallidus	insects	release_reference	ibEctPall1.hap1.1	ibEctPall1.1	hap1	1	1	0	0	/data/tol/data/darwin/insects/Ectobius_pallidus/assembly/curated/ibEctPall1.1/ibEctPall1.hap1.1.primary.fa.gz
Ectoedemia_decentella	insects	release_reference	ilEctDece2.1	ilEctDece2.1	primary	1	1	0	0	/data/tol/data/darwin/insects/Ectoedemia_decentella/assembly/curated/ilEctDece2.1/ilEctDece2.1.primary.fa.gz
Ectopleura_larynx	jellyfish	release_reference	jhEctLary11.hap1.1	jhEctLary11.1	hap1	1	1	0	0	/data/tol/data/darwin/jellyfish/Ectopleura_larynx/assembly/curated/jhEctLary11.1/jhEctLary11.hap1.1.primary.fa.gz
Ectropis_crepuscularia	insects	release_reference	ilEctCrep1.1	ilEctCrep1.1	primary	1	1	0	0	/data/tol/data/darwin/insects/Ectropis_crepuscularia/assembly/curated/ilEctCrep1.1/ilEctCrep1.1.primary.fa.gz
Egira_conspicillaris	insects	release_reference	ilEgiCons1.hap1.1	ilEgiCons1.1	hap1	1	1	0	0	/data/tol/data/darwin/insects/Egira_conspicillaris/assembly/curated/ilEgiCons1.1/ilEgiCons1.hap1.1.primary.fa.gz
Eilema_caniola	insects	release_reference	ilEilCani1.1	ilEilCani1.1	primary	1	1	0	0	/data/tol/data/darwin/insects/Eilema_caniola/assembly/curated/ilEilCani1.1/ilEilCani1.1.primary.fa.gz
Eilema_depressum	insects	release_reference	ilEilDepe1.1	ilEilDepe1.1	legacy_curated_primary	1	1	0	0	/data/tol/data/darwin/insects/Eilema_depressum/assembly/curated/ilEilDepe1.1/ilEilDepe1_1.curated_primary.fa
Eilema_griseolum	insects	release_reference	ilEilGris10.1	ilEilGris10.1	primary	1	1	0	0	/data/tol/data/darwin/insects/Eilema_griseolum/assembly/curated/ilEilGris10.1/ilEilGris10.1.primary.fa.gz
Eilema_lurideolum	insects	release_reference	ilEilLurd6.hap1.1	ilEilLurd6.1	hap1	1	1	0	0	/data/tol/data/darwin/insects/Eilema_lurideolum/assembly/curated/ilEilLurd6.1/ilEilLurd6.hap1.1.primary.fa.gz
Eilema_sororcula	insects	release_reference	ilEilSoro1.1	ilEilSoro1.1	legacy_curated_primary	1	1	0	0	/data/tol/data/darwin/insects/Eilema_sororcula/assembly/curated/ilEilSoro1.1/ilEilSoro1_1.curated_primary.fa
Eimeria_acervulina	protists	newest_curated_no_reference		pxEimAcer1.1	primary	1	1	0	0	/data/tol/data/darwin/protists/Eimeria_acervulina/assembly/curated/pxEimAcer1.1/pxEimAcer1.1.primary.fa.gz
Eimeria_maxima	protists	newest_curated_no_reference		pxEimMaxi1.1	primary	1	1	0	0	/data/tol/data/darwin/protists/Eimeria_maxima/assembly/curated/pxEimMaxi1.1/pxEimMaxi1.1.primary.fa.gz
Eimeria_praecox	protists	release_reference	pxEimPrae1.1	pxEimPrae1.1	primary	1	1	0	0	/data/tol/data/darwin/protists/Eimeria_praecox/assembly/curated/pxEimPrae1.1/pxEimPrae1.1.primary.fa.gz
Eimeria_tenella	protists	newest_curated_no_reference		pEimTen1.1	primary	1	1	0	0	/data/tol/data/darwin/protists/Eimeria_tenella/assembly/curated/pEimTen1.1/pEimTen1.1.primary.fa.gz
Eisenia_eiseni	annelids	release_reference	whEisEise2.1	whEisEise2.1	primary	1	1	0	0	/data/tol/data/darwin/annelids/Eisenia_eiseni/assembly/curated/whEisEise2.1/whEisEise2.1.primary.fa.gz
Elachista_bedellella	insects	release_reference	ilElaBede1.hap1.1	ilElaBede1.1	hap1	1	1	0	0	/data/tol/data/darwin/insects/Elachista_bedellella/assembly/curated/ilElaBede1.1/ilElaBede1.hap1.1.primary.fa.gz
Elachista_cinereopunctella	insects	release_reference	ilElaCine2.hap1.1	ilElaCine2.1	hap1	1	1	0	0	/data/tol/data/darwin/insects/Elachista_cinereopunctella/assembly/curated/ilElaCine2.1/ilElaCine2.hap1.1.primary.fa.gz
Elachista_stabilella	insects	release_reference	ilElaStab3.hap1.1	ilElaStab3.1	hap1	1	1	0	0	/data/tol/data/darwin/insects/Elachista_stabilella/assembly/curated/ilElaStab3.1/ilElaStab3.hap1.1.primary.fa.gz
Elasmostethus_interstinctus	insects	release_reference	ihElaInte2.1	ihElaInte2.1	primary	1	1	0	0	/data/tol/data/darwin/insects/Elasmostethus_interstinctus/assembly/curated/ihElaInte2.1/ihElaInte2.1.primary.fa.gz
Electrona_antarctica	fish	release_reference	fEleAnt2.1	fEleAnt2.1	primary	1	1	0	0	/data/tol/data/darwin/fish/Electrona_antarctica/assembly/curated/fEleAnt2.1/fEleAnt2.1.primary.fa.gz
Electrophaes_corylata	insects	release_reference	ilEleCory1.1	ilEleCory1.1	primary	1	1	0	0	/data/tol/data/darwin/insects/Electrophaes_corylata/assembly/curated/ilEleCory1.1/ilEleCory1.1.primary.fa.gz
Eledona_agricola	insects	release_reference	icEleAgri1.2	icEleAgri1.2	primary	1	2	0	0	/data/tol/data/darwin/insects/Eledona_agricola/assembly/curated/icEleAgri1.2/icEleAgri1.2.primary.fa.gz
Eledone_cirrhosa	molluscs	release_reference	xcEleCirr1.1	xcEleCirr1.1	primary	1	1	0	0	/data/tol/data/darwin/molluscs/Eledone_cirrhosa/assembly/curated/xcEleCirr1.1/xcEleCirr1.1.primary.fa.gz
Elegia_similella	insects	release_reference	ilEleSimi1.1	ilEleSimi1.1	primary	1	1	0	0	/data/tol/data/darwin/insects/Elegia_similella/assembly/curated/ilEleSimi1.1/ilEleSimi1.1.primary.fa.gz
Eleocharis_palustris	monocots	release_reference	lpElePalu1.hap1.1	lpElePalu1.1	hap1	1	1	0	0	/data/tol/data/darwin/monocots/Eleocharis_palustris/assembly/curated/lpElePalu1.1/lpElePalu1.hap1.1.primary.fa.gz
Eleocharis_parvula	monocots	release_reference	lpEleParv1.hap1.2	lpEleParv1.2	hap1	1	2	0	0	/data/tol/data/darwin/monocots/Eleocharis_parvula/assembly/curated/lpEleParv1.2/lpEleParv1.hap1.2.primary.fa.gz
Eleocharis_quinqueflora	monocots	release_reference	lpEleQuin1.1	lpEleQuin1.1	primary	1	1	0	0	/data/tol/data/darwin/monocots/Eleocharis_quinqueflora/assembly/curated/lpEleQuin1.1/lpEleQuin1.1.primary.fa.gz
Elgiva_cucularia	insects	release_reference	idElgCucu4.1	idElgCucu4.1	primary	1	1	0	0	/data/tol/data/darwin/insects/Elgiva_cucularia/assembly/curated/idElgCucu4.1/idElgCucu4.1.primary.fa.gz
Elmis_aenea	insects	release_reference	icElmAene2.1	icElmAene2.1	primary	1	1	0	0	/data/tol/data/darwin/insects/Elmis_aenea/assembly/curated/icElmAene2.1/icElmAene2.1.primary.fa.gz
Eloeophila_maculata	insects	newest_curated_no_reference		idEloMacu1.1	hap1	1	1	0	0	/data/tol/data/darwin/insects/Eloeophila_maculata/assembly/curated/idEloMacu1.1/idEloMacu1.hap1.1.primary.fa.gz
Elophila_nymphaeata	insects	release_reference	ilEloNymp1.1	ilEloNymp1.1	primary	1	1	1	0	/data/tol/data/darwin/insects/Elophila_nymphaeata/assembly/curated/ilEloNymp1.1/ilEloNymp1.1.primary.fa.gz
Emberiza_calandra	birds	release_reference	bEmbCal1.hap1.1	bEmbCal1.1	hap1	1	1	0	0	/data/tol/data/darwin/birds/Emberiza_calandra/assembly/curated/bEmbCal1.1/bEmbCal1.hap1.1.primary.fa.gz
Emberiza_citrinella	birds	release_reference	bEmbCit1.hap1.1	bEmbCit1.1	hap1	1	1	0	0	/data/tol/data/darwin/birds/Emberiza_citrinella/assembly/curated/bEmbCit1.1/bEmbCit1.hap1.1.primary.fa.gz
Emmelina_monodactyla	insects	newer_curation_than_reference	ilEmmMono1.1	ilEmmMono1.2	primary	1	2	1	0	/data/tol/data/darwin/insects/Emmelina_monodactyla/assembly/curated/ilEmmMono1.2/ilEmmMono1.2.primary.fa.gz
Emmesomyia_grisea	insects	release_reference	idEmmGris2.1	idEmmGris2.1	primary	1	1	0	0	/data/tol/data/darwin/insects/Emmesomyia_grisea/assembly/curated/idEmmGris2.1/idEmmGris2.1.primary.fa.gz
Empetrum_nigrum	dicots	release_reference	ddEmpNigr1.hap1.1	ddEmpNigr1.1	hap1	1	1	0	0	/data/tol/data/darwin/dicots/Empetrum_nigrum/assembly/curated/ddEmpNigr1.1/ddEmpNigr1.hap1.1.primary.fa.gz
Empis_livida	insects	release_reference	idEmpLivi1.1	idEmpLivi1.1	primary	1	1	0	0	/data/tol/data/darwin/insects/Empis_livida/assembly/curated/idEmpLivi1.1/idEmpLivi1.1.primary.fa.gz
Empis_opaca	insects	release_reference	idEmpOpac1.hap1.1	idEmpOpac1.1	hap1	1	1	0	0	/data/tol/data/darwin/insects/Empis_opaca/assembly/curated/idEmpOpac1.1/idEmpOpac1.hap1.1.primary.fa.gz
Empis_stercorea	insects	release_reference	idEmpSter1.1	idEmpSter1.1	primary	1	1	0	0	/data/tol/data/darwin/insects/Empis_stercorea/assembly/curated/idEmpSter1.1/idEmpSter1.1.primary.fa.gz
Empoasca_decipiens	insects	release_reference	ihEmpDeci1.1	ihEmpDeci1.1	primary	1	1	0	0	/data/tol/data/darwin/insects/Empoasca_decipiens/assembly/curated/ihEmpDeci1.1/ihEmpDeci1.1.primary.fa.gz
Encalypta_ciliata	non-vascular-plants	release_reference	cbEncCili3.1	cbEncCili3.1	primary	1	1	0	0	/data/tol/data/darwin/non-vascular-plants/Encalypta_ciliata/assembly/curated/cbEncCili3.1/cbEncCili3.1.primary.fa.gz
Encalypta_streptocarpa	non-vascular-plants	release_reference	cbEncStre1.1	cbEncStre1.1	primary	1	1	0	0	/data/tol/data/darwin/non-vascular-plants/Encalypta_streptocarpa/assembly/curated/cbEncStre1.1/cbEncStre1.1.primary.fa.gz
Endeis_spinosa	arthropods	release_reference	qyEndSpin13.1	qyEndSpin13.1	primary	1	2	0	0	/data/tol/data/darwin/arthropods/Endeis_spinosa/assembly/curated/qyEndSpin13.1/qyEndSpin13.1.primary.fa.gz
Endomychus_coccineus	insects	release_reference	icEndCocc1.1	icEndCocc1.1	primary	1	1	0	0	/data/tol/data/darwin/insects/Endomychus_coccineus/assembly/curated/icEndCocc1.1/icEndCocc1.1.primary.fa.gz
Endothenia_marginana	insects	release_reference	ilEndMarg3.hap1.1	ilEndMarg3.1	hap1	1	1	0	0	/data/tol/data/darwin/insects/Endothenia_marginana/assembly/curated/ilEndMarg3.1/ilEndMarg3.hap1.1.primary.fa.gz
Endothenia_ustulana	insects	release_reference	ilEndUstu2.hap1.1	ilEndUstu2.1	hap1	1	1	0	0	/data/tol/data/darwin/insects/Endothenia_ustulana/assembly/curated/ilEndUstu2.1/ilEndUstu2.hap1.1.primary.fa.gz
Endotricha_flammealis	insects	release_reference	ilEndFlam1.2	ilEndFlam1.2	primary	1	2	2	0	/data/tol/data/darwin/insects/Endotricha_flammealis/assembly/curated/ilEndFlam1.2/ilEndFlam1.2.primary.fa.gz
Endromis_versicolora	insects	release_reference	ilEndVers1.hap1.1	ilEndVers1.1	hap1	1	1	0	0	/data/tol/data/darwin/insects/Endromis_versicolora/assembly/curated/ilEndVers1.1/ilEndVers1.hap1.1.primary.fa.gz
Endromopoda_detrita	insects	release_reference	iyEndDetr3.1	iyEndDetr3.1	primary	1	1	0	0	/data/tol/data/darwin/insects/Endromopoda_detrita/assembly/curated/iyEndDetr3.1/iyEndDetr3.1.primary.fa.gz
Endromopoda_phragmitidis	insects	release_reference	iyEndPhra1.hap1.1	iyEndPhra1.1	hap1	1	1	0	0	/data/tol/data/darwin/insects/Endromopoda_phragmitidis/assembly/curated/iyEndPhra1.1/iyEndPhra1.hap1.1.primary.fa.gz
Ennomos_alniaria	insects	newest_curated_no_reference		ilEnnAlni2.1	hap1	1	1	0	0	/data/tol/data/darwin/insects/Ennomos_alniaria/assembly/curated/ilEnnAlni2.1/ilEnnAlni2.hap1.1.primary.fa.gz
Ennomos_erosarius	insects	release_reference	ilEnnEroa1.1	ilEnnEroa1.1	primary	1	1	3	0	/data/tol/data/darwin/insects/Ennomos_erosarius/assembly/curated/ilEnnEroa1.1/ilEnnEroa1.1.primary.fa.gz
Ennomos_fuscantarius	insects	release_reference	ilEnnFusc2.3	ilEnnFusc2.3	primary	1	3	0	0	/data/tol/data/darwin/insects/Ennomos_fuscantarius/assembly/curated/ilEnnFusc2.3/ilEnnFusc2.3.primary.fa.gz
Ennomos_quercinarius	insects	release_reference	ilEnnQuei1.2	ilEnnQuei1.2	primary	1	2	0	0	/data/tol/data/darwin/insects/Ennomos_quercinarius/assembly/curated/ilEnnQuei1.2/ilEnnQuei1.2.primary.fa.gz
Ensis_siliqua	molluscs	release_reference	xbEnsSili1.hap1.1	xbEnsSili1.1	hap1	1	1	0	0	/data/tol/data/darwin/molluscs/Ensis_siliqua/assembly/curated/xbEnsSili1.1/xbEnsSili1.hap1.1.primary.fa.gz
Entoloma_atromadidum	fungi	release_reference	gfEntAtrm2.hap1.1	gfEntAtrm2.1	hap1	1	1	0	0	/data/tol/data/darwin/fungi/Entoloma_atromadidum/assembly/curated/gfEntAtrm2.1/gfEntAtrm2.hap1.1.primary.fa.gz
Entoloma_clypeatum	fungi	release_reference	gfEntClyp1.2	gfEntClyp1.2	primary	1	2	0	0	/data/tol/data/darwin/fungi/Entoloma_clypeatum/assembly/curated/gfEntClyp1.2/gfEntClyp1.2.primary.fa.gz
Entomobrya_nr_imitabilis	arthropods	newest_curated_no_reference		qlEntImit1.1	primary	1	1	0	0	/data/tol/data/darwin/arthropods/Entomobrya_nr_imitabilis/assembly/curated/qlEntImit1.1/qlEntImit1.1.primary.fa.gz
Entomortierella_parvispora	fungi	release_reference	gzEntParv1.1	gzEntParv1.1	primary	1	1	0	0	/data/tol/data/darwin/fungi/Entomortierella_parvispora/assembly/curated/gzEntParv1.1/gzEntParv1.1.primary.fa.gz
Epermenia_chaerophyllella	insects	release_reference	ilEpeChae1.1	ilEpeChae1.1	primary	1	1	0	0	/data/tol/data/darwin/insects/Epermenia_chaerophyllella/assembly/curated/ilEpeChae1.1/ilEpeChae1.1.primary.fa.gz
Ephebe_lanata	fungi	release_reference	glEphLana1.1	glEphLana1.1	primary	1	1	162	1	/data/tol/data/darwin/fungi/Ephebe_lanata/assembly/curated/glEphLana1.1/glEphLana1.1.primary.fa.gz
Ephemera_vulgata	insects	release_reference	ieEphVulg1.hap2.1	ieEphVulg1.1	hap2	1	1	0	0	/data/tol/data/darwin/insects/Ephemera_vulgata/assembly/curated/ieEphVulg1.1/ieEphVulg1.hap2.1.primary.fa.gz
Ephestia_kuehniella	insects	release_reference	ilEphKueh2.hap1.1	ilEphKueh2.1	hap1	1	1	0	0	/data/tol/data/darwin/insects/Ephestia_kuehniella/assembly/curated/ilEphKueh2.1/ilEphKueh2.hap1.1.primary.fa.gz
Ephestia_unicolorella	insects	release_reference	ilEphUnic1.hap1.1	ilEphUnic1.1	hap1	1	1	0	0	/data/tol/data/darwin/insects/Ephestia_unicolorella/assembly/curated/ilEphUnic1.1/ilEphUnic1.hap1.1.primary.fa.gz
Ephialtes_manifestator	insects	release_reference	iyEphMani1.1	iyEphMani1.1	primary	1	1	0	0	/data/tol/data/darwin/insects/Ephialtes_manifestator/assembly/curated/iyEphMani1.1/iyEphMani1.1.primary.fa.gz
Epiblema_cirsiana	insects	release_reference	ilEpiCirs1.hap1.1	ilEpiCirs1.1	hap1	1	1	0	0	/data/tol/data/darwin/insects/Epiblema_cirsiana/assembly/curated/ilEpiCirs1.1/ilEpiCirs1.hap1.1.primary.fa.gz
Epiblema_costipunctana	insects	release_reference	ilEpiCost1.hap1.1	ilEpiCost1.1	hap1	1	1	0	0	/data/tol/data/darwin/insects/Epiblema_costipunctana/assembly/curated/ilEpiCost1.1/ilEpiCost1.hap1.1.primary.fa.gz
Epiblema_foenella	insects	release_reference	ilEpiFoen1.1	ilEpiFoen1.1	primary	1	1	0	0	/data/tol/data/darwin/insects/Epiblema_foenella/assembly/curated/ilEpiFoen1.1/ilEpiFoen1.1.primary.fa.gz
Epicampocera_succincta	insects	release_reference	idEpiSucc1.1	idEpiSucc1.1	primary	1	1	0	0	/data/tol/data/darwin/insects/Epicampocera_succincta/assembly/curated/idEpiSucc1.1/idEpiSucc1.1.primary.fa.gz
Epidalea_calamita	amphibians	release_reference	aEpiCal4.hap2.1	aEpiCal4.1	hap2	1	1	0	0	/data/tol/data/darwin/amphibians/Epidalea_calamita/assembly/curated/aEpiCal4.1/aEpiCal4.hap2.1.primary.fa.gz
Epilobium_ciliatum	dicots	release_reference	drEpiCili1.hap1.1	drEpiCili1.1	hap1	1	1	0	0	/data/tol/data/darwin/dicots/Epilobium_ciliatum/assembly/curated/drEpiCili1.1/drEpiCili1.hap1.1.primary.fa.gz
Epilobium_hirsutum	dicots	release_reference	drEpiHirs1.hap1.1	drEpiHirs1.1	hap1	1	1	0	0	/data/tol/data/darwin/dicots/Epilobium_hirsutum/assembly/curated/drEpiHirs1.1/drEpiHirs1.hap1.1.primary.fa.gz
Epinotia_abbreviana	insects	release_reference	ilEpiAbbr2.hap1.1	ilEpiAbbr2.1	hap1	1	1	0	0	/data/tol/data/darwin/insects/Epinotia_abbreviana/assembly/curated/ilEpiAbbr2.1/ilEpiAbbr2.hap1.1.primary.fa.gz
Epinotia_bilunana	insects	release_reference	ilEpiBilu1.1	ilEpiBilu1.1	primary	1	1	0	0	/data/tol/data/darwin/insects/Epinotia_bilunana/assembly/curated/ilEpiBilu1.1/ilEpiBilu1.1.primary.fa.gz
Epinotia_brunnichana	insects	release_reference	ilEpiBrun1.1	ilEpiBrun1.1	primary	1	1	0	0	/data/tol/data/darwin/insects/Epinotia_brunnichana/assembly/curated/ilEpiBrun1.1/ilEpiBrun1.1.primary.fa.gz
Epinotia_cruciana	insects	release_reference	ilEpiCruc3.1	ilEpiCruc3.1	primary	1	1	0	0	/data/tol/data/darwin/insects/Epinotia_cruciana/assembly/curated/ilEpiCruc3.1/ilEpiCruc3.1.primary.fa.gz
Epinotia_demarniana	insects	release_reference	ilEpiDema1.1	ilEpiDema1.1	primary	1	1	0	0	/data/tol/data/darwin/insects/Epinotia_demarniana/assembly/curated/ilEpiDema1.1/ilEpiDema1.1.primary.fa.gz
Epinotia_nisella	insects	release_reference	ilEpiNise2.1	ilEpiNise2.1	primary	1	1	0	0	/data/tol/data/darwin/insects/Epinotia_nisella/assembly/curated/ilEpiNise2.1/ilEpiNise2.1.primary.fa.gz
Epinotia_ramella	insects	release_reference	ilEpiRame1.1	ilEpiRame1.1	primary	1	1	1	0	/data/tol/data/darwin/insects/Epinotia_ramella/assembly/curated/ilEpiRame1.1/ilEpiRame1.1.primary.fa.gz
Epinotia_subocellana	insects	release_reference	ilEpiSubo1.hap1.1	ilEpiSubo1.1	hap1	1	1	0	0	/data/tol/data/darwin/insects/Epinotia_subocellana/assembly/curated/ilEpiSubo1.1/ilEpiSubo1.hap1.1.primary.fa.gz
Epinotia_tenerana	insects	release_reference	ilEpiTene3.1	ilEpiTene3.1	primary	1	1	0	0	/data/tol/data/darwin/insects/Epinotia_tenerana/assembly/curated/ilEpiTene3.1/ilEpiTene3.1.primary.fa.gz
Epione_repandaria	insects	release_reference	ilEpiRepa2.1	ilEpiRepa2.1	primary	1	1	0	0	/data/tol/data/darwin/insects/Epione_repandaria/assembly/curated/ilEpiRepa2.1/ilEpiRepa2.1.primary.fa.gz
Epirrhoe_alternata	insects	release_reference	ilEpiAlte1.1	ilEpiAlte1.1	primary	2	2	1	0	/data/tol/data/darwin/insects/Epirrhoe_alternata/assembly/curated/ilEpiAlte1.1/ilEpiAlte1.1.primary.fa.gz
Epirrhoe_tristata	insects	release_reference	ilEpiTris1.1	ilEpiTris1.1	primary	1	1	0	0	/data/tol/data/darwin/insects/Epirrhoe_tristata/assembly/curated/ilEpiTris1.1/ilEpiTris1.1.primary.fa.gz
Epirrita_christyi	insects	release_reference	ilEpiChri1.1	ilEpiChri1.1	primary	1	1	0	0	/data/tol/data/darwin/insects/Epirrita_christyi/assembly/curated/ilEpiChri1.1/ilEpiChri1.1.primary.fa.gz
Epistrophe_eligans	insects	release_reference	idEpiElig2.1	idEpiElig2.1	primary	1	1	0	0	/data/tol/data/darwin/insects/Epistrophe_eligans/assembly/curated/idEpiElig2.1/idEpiElig2.1.primary.fa.gz
Epistrophe_grossulariae	insects	release_reference	idEpiGros1.1	idEpiGros1.1	primary	1	1	2	0	/data/tol/data/darwin/insects/Epistrophe_grossulariae/assembly/curated/idEpiGros1.1/idEpiGros1.1.primary.fa.gz
Epistrophella_euchroma	insects	release_reference	idEpiEuco1.1	idEpiEuco1.1	primary	1	1	0	0	/data/tol/data/darwin/insects/Epistrophella_euchroma/assembly/curated/idEpiEuco1.1/idEpiEuco1.1.primary.fa.gz
Episyrphus_balteatus	insects	release_reference	idEpiBalt1.1	idEpiBalt1.1	primary	4	4	1	1	/data/tol/data/darwin/insects/Episyrphus_balteatus/assembly/curated/idEpiBalt1.1/idEpiBalt1.1.primary.fa.gz
Epitonium_clathrus	molluscs	release_reference	xgEpiClah1.hap1.1	xgEpiClah1.1	hap1	1	1	0	0	/data/tol/data/darwin/molluscs/Epitonium_clathrus/assembly/curated/xgEpiClah1.1/xgEpiClah1.hap1.1.primary.fa.gz
Eptesicus_nilssonii	mammals	release_reference	mEptNil1.hap1.2	mEptNil1.2	hap1	1	2	0	0	/data/tol/data/darwin/mammals/Eptesicus_nilssonii/assembly/curated/mEptNil1.2/mEptNil1.hap1.2.primary.fa.gz
Equisetum_palustre	vascular-plants	newer_curation_than_reference	veEquPalu1.hap1.1	veEquPalu1.2	hap1	1	2	0	0	/data/tol/data/darwin/vascular-plants/Equisetum_palustre/assembly/curated/veEquPalu1.2/veEquPalu1.hap1.2.primary.fa.gz
Equisetum_sylvaticum	vascular-plants	newest_curated_no_reference		veEquSylv2.1	primary	1	1	0	0	/data/tol/data/darwin/vascular-plants/Equisetum_sylvaticum/assembly/curated/veEquSylv2.1/veEquSylv2.1.primary.fa.gz
Erannis_defoliaria	insects	release_reference	ilEraDefo1.2	ilEraDefo1.2	primary	1	2	0	0	/data/tol/data/darwin/insects/Erannis_defoliaria/assembly/curated/ilEraDefo1.2/ilEraDefo1.2.primary.fa.gz
Eratigena_atrica	arthropods	release_reference	qqEraAtri1.1	qqEraAtri1.1	primary	1	1	0	0	/data/tol/data/darwin/arthropods/Eratigena_atrica/assembly/curated/qqEraAtri1.1/qqEraAtri1.1.primary.fa.gz
Erebia_aethiops	insects	release_reference	ilEreAeth2.2	ilEreAeth2.2	primary	1	2	0	0	/data/tol/data/darwin/insects/Erebia_aethiops/assembly/curated/ilEreAeth2.2/ilEreAeth2.2.primary.fa.gz
Erebia_epiphron	insects	release_reference	ilEreEpip2.1	ilEreEpip2.1	primary	1	1	0	0	/data/tol/data/darwin/insects/Erebia_epiphron/assembly/curated/ilEreEpip2.1/ilEreEpip2.1.primary.fa.gz
Erebia_ligea	insects	release_reference	ilEreLige1.2	ilEreLige1.2	primary	1	2	1	0	/data/tol/data/darwin/insects/Erebia_ligea/assembly/curated/ilEreLige1.2/ilEreLige1.2.primary.fa.gz
Eremobia_ochroleuca	insects	release_reference	ilEreOchr1.1	ilEreOchr1.1	primary	1	1	0	0	/data/tol/data/darwin/insects/Eremobia_ochroleuca/assembly/curated/ilEreOchr1.1/ilEreOchr1.1.primary.fa.gz
Eremocoris_podagricus	insects	release_reference	ihErePoda1.hap1.1	ihErePoda1.1	hap1	1	1	0	0	/data/tol/data/darwin/insects/Eremocoris_podagricus/assembly/curated/ihErePoda1.1/ihErePoda1.hap1.1.primary.fa.gz
Eremotylus_marginatus	insects	release_reference	iyEreMarg1.hap1.1	iyEreMarg1.1	hap1	1	1	0	0	/data/tol/data/darwin/insects/Eremotylus_marginatus/assembly/curated/iyEreMarg1.1/iyEreMarg1.hap1.1.primary.fa.gz
Erica_ciliaris	dicots	release_reference	ddEriCili1.hap1.2	ddEriCili1.2	hap1	1	2	0	0	/data/tol/data/darwin/dicots/Erica_ciliaris/assembly/curated/ddEriCili1.2/ddEriCili1.hap1.2.primary.fa.gz
Erica_cinerea	dicots	release_reference	ddEriCine1.hap1.1	ddEriCine1.1	hap1	1	1	0	0	/data/tol/data/darwin/dicots/Erica_cinerea/assembly/curated/ddEriCine1.1/ddEriCine1.hap1.1.primary.fa.gz
Erica_tetralix	dicots	release_reference	ddEriTetr1.hap1.1	ddEriTetr1.1	hap1	1	1	0	0	/data/tol/data/darwin/dicots/Erica_tetralix/assembly/curated/ddEriTetr1.1/ddEriTetr1.hap1.1.primary.fa.gz
Erinaceus_europaeus	mammals	release_reference	mEriEur2.1	mEriEur2.1	primary	1	1	0	0	/data/tol/data/darwin/mammals/Erinaceus_europaeus/assembly/curated/mEriEur2.1/mEriEur2.1.primary.fa.gz
Eriocrania_chrysolepidella	insects	release_reference	ilEriChry1.hap1.1	ilEriChry1.1	hap1	1	1	0	0	/data/tol/data/darwin/insects/Eriocrania_chrysolepidella/assembly/curated/ilEriChry1.1/ilEriChry1.hap1.1.primary.fa.gz
Eriocrania_salopiella	insects	release_reference	ilEriSalo1.hap1.1	ilEriSalo1.1	hap1	1	1	0	0	/data/tol/data/darwin/insects/Eriocrania_salopiella/assembly/curated/ilEriSalo1.1/ilEriSalo1.hap1.1.primary.fa.gz
Eriophorum_angustifolium	monocots	release_reference	lpEriAngu1.2	lpEriAngu1.2	primary	1	2	0	0	/data/tol/data/darwin/monocots/Eriophorum_angustifolium/assembly/curated/lpEriAngu1.2/lpEriAngu1.2.primary.fa.gz
Eriophorum_vaginatum	monocots	release_reference	lpEriVagi1.hap1.2	lpEriVagi1.2	hap1	1	2	0	0	/data/tol/data/darwin/monocots/Eriophorum_vaginatum/assembly/curated/lpEriVagi1.2/lpEriVagi1.hap1.2.primary.fa.gz
Eristalinus_aeneus	insects	release_reference	idEriAene1.1	idEriAene1.1	primary	1	1	1	0	/data/tol/data/darwin/insects/Eristalinus_aeneus/assembly/curated/idEriAene1.1/idEriAene1.1.primary.fa.gz
Eristalinus_sepulchralis	insects	release_reference	idEriSepu1.1	idEriSepu1.1	primary	1	1	0	0	/data/tol/data/darwin/insects/Eristalinus_sepulchralis/assembly/curated/idEriSepu1.1/idEriSepu1.1.primary.fa.gz
Eristalis_arbustorum	insects	release_reference	idEriArbu1.1	idEriArbu1.1	legacy_curated_primary	1	1	0	0	/data/tol/data/darwin/insects/Eristalis_arbustorum/assembly/curated/idEriArbu1.1/idEriArbu1_1.curated_primary.fa
Eristalis_intricaria	insects	release_reference	idEriIntr1.1	idEriIntr1.1	primary	1	1	0	0	/data/tol/data/darwin/insects/Eristalis_intricaria/assembly/curated/idEriIntr1.1/idEriIntr1.1.primary.fa.gz
Eristalis_pertinax	insects	release_reference	idEriPert2.1	idEriPert2.1	primary	1	1	0	0	/data/tol/data/darwin/insects/Eristalis_pertinax/assembly/curated/idEriPert2.1/idEriPert2.1.primary.fa.gz
Eristalis_tenax	insects	release_reference	idEriTena2.2	idEriTena2.2	primary	4	6	0	0	/data/tol/data/darwin/insects/Eristalis_tenax/assembly/curated/idEriTena2.2/idEriTena2.2.primary.fa.gz
Erithacus_rubecula	birds	release_reference	bEriRub2.2	bEriRub2.2	primary	1	2	0	0	/data/tol/data/darwin/birds/Erithacus_rubecula/assembly/curated/bEriRub2.2/bEriRub2.2.primary.fa.gz
Erodium_cicutarium	dicots	newest_curated_no_reference		drEroCicu1.1	hap1	1	1	0	0	/data/tol/data/darwin/dicots/Erodium_cicutarium/assembly/curated/drEroCicu1.1/drEroCicu1.hap1.1.primary.fa.gz
Erodium_maritimum	dicots	release_reference	drEroMari8.1	drEroMari8.1	primary	1	1	0	0	/data/tol/data/darwin/dicots/Erodium_maritimum/assembly/curated/drEroMari8.1/drEroMari8.1.primary.fa.gz
Erodium_moschatum	dicots	release_reference	drEroMosc1.hap1.1	drEroMosc1.1	hap1	1	1	0	0	/data/tol/data/darwin/dicots/Erodium_moschatum/assembly/curated/drEroMosc1.1/drEroMosc1.hap1.1.primary.fa.gz
Erpobdella_octoculata	annelids	release_reference	wkErpOcto2.1	wkErpOcto2.1	primary	1	1	0	0	/data/tol/data/darwin/annelids/Erpobdella_octoculata/assembly/curated/wkErpOcto2.1/wkErpOcto2.1.primary.fa.gz
Eryngium_campestre	dicots	release_reference	drEryCamp1.hap1.1	drEryCamp1.1	hap1	1	1	0	0	/data/tol/data/darwin/dicots/Eryngium_campestre/assembly/curated/drEryCamp1.1/drEryCamp1.hap1.1.primary.fa.gz
Erynnis_tages	insects	release_reference	ilEryTage1.1	ilEryTage1.1	primary	1	1	1	0	/data/tol/data/darwin/insects/Erynnis_tages/assembly/curated/ilEryTage1.1/ilEryTage1.1.primary.fa.gz
Esperia_sulphurella	insects	release_reference	ilEspSulp1.1	ilEspSulp1.1	primary	1	1	0	0	/data/tol/data/darwin/insects/Esperia_sulphurella/assembly/curated/ilEspSulp1.1/ilEspSulp1.1.primary.fa.gz
Estheria_cristata	insects	release_reference	idEstCris1.1	idEstCris1.1	primary	1	1	0	0	/data/tol/data/darwin/insects/Estheria_cristata/assembly/curated/idEstCris1.1/idEstCris1.1.primary.fa.gz
Ethiromyia_chalybea	insects	release_reference	idEthChal1.hap1.1	idEthChal1.1	hap1	1	1	0	0	/data/tol/data/darwin/insects/Ethiromyia_chalybea/assembly/curated/idEthChal1.1/idEthChal1.hap1.1.primary.fa.gz
Ethmia_dodecea	insects	release_reference	ilEthDode4.1	ilEthDode4.1	primary	1	1	0	0	/data/tol/data/darwin/insects/Ethmia_dodecea/assembly/curated/ilEthDode4.1/ilEthDode4.1.primary.fa.gz
Ethmia_quadrillella	insects	release_reference	ilEthQuad1.hap1.1	ilEthQuad1.1	hap1	1	1	0	0	/data/tol/data/darwin/insects/Ethmia_quadrillella/assembly/curated/ilEthQuad1.1/ilEthQuad1.hap1.1.primary.fa.gz
Euchoeca_nebulata	insects	release_reference	ilEucNebu1.hap1.1	ilEucNebu1.1	hap1	1	1	0	0	/data/tol/data/darwin/insects/Euchoeca_nebulata/assembly/curated/ilEucNebu1.1/ilEucNebu1.hap1.1.primary.fa.gz
Euclidia_mi	insects	release_reference	ilEucMixx1.2	ilEucMixx1.2	primary	1	2	0	0	/data/tol/data/darwin/insects/Euclidia_mi/assembly/curated/ilEucMixx1.2/ilEucMixx1.2.primary.fa.gz
Eucosma_cana	insects	release_reference	ilCenCana3.hap1.1	ilCenCana3.1	hap1	2	2	1	1	/data/tol/data/darwin/insects/Eucosma_cana/assembly/curated/ilCenCana3.1/ilCenCana3.hap1.1.primary.fa.gz
Eudasyphora_cyanicolor	insects	release_reference	idEudCyai1.1	idEudCyai1.1	primary	1	1	0	0	/data/tol/data/darwin/insects/Eudasyphora_cyanicolor/assembly/curated/idEudCyai1.1/idEudCyai1.1.primary.fa.gz
Eudemis_profundana	insects	release_reference	ilEudProf1.1	ilEudProf1.1	primary	1	1	0	0	/data/tol/data/darwin/insects/Eudemis_profundana/assembly/curated/ilEudProf1.1/ilEudProf1.1.primary.fa.gz
Eudocimus_ruber	birds	newest_curated_no_reference		bEudRub1.1	hap1	1	1	0	0	/data/tol/data/darwin/birds/Eudocimus_ruber/assembly/curated/bEudRub1.1/bEudRub1.hap1.1.primary.fa.gz
Eudonia_lacustrata	insects	release_reference	ilEudLacu3.1	ilEudLacu3.1	primary	1	1	0	0	/data/tol/data/darwin/insects/Eudonia_lacustrata/assembly/curated/ilEudLacu3.1/ilEudLacu3.1.primary.fa.gz
Eudonia_lineola	insects	release_reference	ilEudLine2.hap2.1	ilEudLine2.1	hap2	1	1	0	0	/data/tol/data/darwin/insects/Eudonia_lineola/assembly/curated/ilEudLine2.1/ilEudLine2.hap2.1.primary.fa.gz
Eudonia_mercurella	insects	release_reference	ilEudMerc1.2	ilEudMerc1.2	primary	1	2	0	0	/data/tol/data/darwin/insects/Eudonia_mercurella/assembly/curated/ilEudMerc1.2/ilEudMerc1.2.primary.fa.gz
Eudonia_murana	insects	release_reference	ilEudMura1.hap1.1	ilEudMura1.1	hap1	1	1	0	0	/data/tol/data/darwin/insects/Eudonia_murana/assembly/curated/ilEudMura1.1/ilEudMura1.hap1.1.primary.fa.gz
Eudonia_pallida	insects	release_reference	ilEudPall1.hap1.1	ilEudPall1.1	hap1	1	1	0	0	/data/tol/data/darwin/insects/Eudonia_pallida/assembly/curated/ilEudPall1.1/ilEudPall1.hap1.1.primary.fa.gz
Eudonia_truncicolella	insects	release_reference	ilEudTrun2.1	ilEudTrun2.1	primary	1	1	0	0	/data/tol/data/darwin/insects/Eudonia_truncicolella/assembly/curated/ilEudTrun2.1/ilEudTrun2.1.primary.fa.gz
Eugnorisma_glareosa	insects	release_reference	ilEugGlar6.1	ilEugGlar6.1	primary	1	1	0	0	/data/tol/data/darwin/insects/Eugnorisma_glareosa/assembly/curated/ilEugGlar6.1/ilEugGlar6.1.primary.fa.gz
Eulagius_filicornis	insects	release_reference	icEulFili2.1	icEulFili2.1	primary	1	1	0	0	/data/tol/data/darwin/insects/Eulagius_filicornis/assembly/curated/icEulFili2.1/icEulFili2.1.primary.fa.gz
Eulalia_xanthomucosa	annelids	release_reference	wpEulXant1.hap1.1	wpEulXant1.1	hap1	1	1	0	0	/data/tol/data/darwin/annelids/Eulalia_xanthomucosa/assembly/curated/wpEulXant1.1/wpEulXant1.hap1.1.primary.fa.gz
Eulamprotes_atrella	insects	release_reference	ilOxyAtre4.hap1.1	ilOxyAtre4.1	hap1	2	2	0	0	/data/tol/data/darwin/insects/Eulamprotes_atrella/assembly/curated/ilOxyAtre4.1/ilOxyAtre4.hap1.1.primary.fa.gz
Eulithis_prunata	insects	release_reference	ilEulPrun1.1	ilEulPrun1.1	primary	1	1	0	0	/data/tol/data/darwin/insects/Eulithis_prunata/assembly/curated/ilEulPrun1.1/ilEulPrun1.1.primary.fa.gz
Eulithis_testata	insects	release_reference	ilEulTest2.1	ilEulTest2.1	primary	1	1	0	0	/data/tol/data/darwin/insects/Eulithis_testata/assembly/curated/ilEulTest2.1/ilEulTest2.1.primary.fa.gz
Eumerus_sabulonum	insects	release_reference	idEumSabu1.1	idEumSabu1.1	primary	1	1	0	0	/data/tol/data/darwin/insects/Eumerus_sabulonum/assembly/curated/idEumSabu1.1/idEumSabu1.1.primary.fa.gz
Euonymus_europaeus	dicots	release_reference	drEuoEuro1.1	drEuoEuro1.1	primary	1	1	0	0	/data/tol/data/darwin/dicots/Euonymus_europaeus/assembly/curated/drEuoEuro1.1/drEuoEuro1.1.primary.fa.gz
Eupeodes_corollae	insects	release_reference	idEupCoro1.1	idEupCoro1.1	primary	1	1	0	0	/data/tol/data/darwin/insects/Eupeodes_corollae/assembly/curated/idEupCoro1.1/idEupCoro1.1.primary.fa.gz
Eupeodes_latifasciatus	insects	release_reference	idEupLati1.1	idEupLati1.1	primary	1	1	1	0	/data/tol/data/darwin/insects/Eupeodes_latifasciatus/assembly/curated/idEupLati1.1/idEupLati1.1.primary.fa.gz
Eupeodes_luniger	insects	release_reference	idEupLuni2.1	idEupLuni2.1	primary	1	1	1	0	/data/tol/data/darwin/insects/Eupeodes_luniger/assembly/curated/idEupLuni2.1/idEupLuni2.1.primary.fa.gz
Euphorbia_amygdaloides	dicots	release_reference	ddEupAmyg1.hap2.1	ddEupAmyg1.1	hap2	1	1	0	0	/data/tol/data/darwin/dicots/Euphorbia_amygdaloides/assembly/curated/ddEupAmyg1.1/ddEupAmyg1.hap2.1.primary.fa.gz
Euphorbia_helioscopia	dicots	newest_curated_no_reference		ddEupHeli1.1	hap1	1	1	0	0	/data/tol/data/darwin/dicots/Euphorbia_helioscopia/assembly/curated/ddEupHeli1.1/ddEupHeli1.hap1.1.primary.fa.gz
Euphorbia_lathyris	dicots	release_reference	ddEupLath1.1	ddEupLath1.1	primary	1	1	0	0	/data/tol/data/darwin/dicots/Euphorbia_lathyris/assembly/curated/ddEupLath1.1/ddEupLath1.1.primary.fa.gz
Euphorbia_maculata	dicots	release_reference	ddEupMacu1.hap1.1	ddEupMacu1.1	hap1	1	1	0	0	/data/tol/data/darwin/dicots/Euphorbia_maculata/assembly/curated/ddEupMacu1.1/ddEupMacu1.hap1.1.primary.fa.gz
Euphorbia_peplus	dicots	newest_curated_no_reference		ddEupPepu3.1	primary	1	1	1	0	/data/tol/data/darwin/dicots/Euphorbia_peplus/assembly/curated/ddEupPepu3.1/ddEupPepu3.1.primary.fa.gz
Euphrasia_confusa	dicots	release_reference	daEupConf1.1	daEupConf1.1	primary	1	1	0	0	/data/tol/data/darwin/dicots/Euphrasia_confusa/assembly/curated/daEupConf1.1/daEupConf1.1.primary.fa.gz
Euphrasia_nemorosa	dicots	release_reference	daEupNemo5.hap1.1	daEupNemo5.1	hap1	1	1	0	0	/data/tol/data/darwin/dicots/Euphrasia_nemorosa/assembly/curated/daEupNemo5.1/daEupNemo5.hap1.1.primary.fa.gz
Euphrasia_tetraquetra	dicots	release_reference	daEupTetr3.hap1.1	daEupTetr3.1	hap1	1	1	0	0	/data/tol/data/darwin/dicots/Euphrasia_tetraquetra/assembly/curated/daEupTetr3.1/daEupTetr3.hap1.1.primary.fa.gz
Euphydryas_aurinia	insects	release_reference	ilEupAuri1.2	ilEupAuri1.2	primary	2	3	1	1	/data/tol/data/darwin/insects/Euphydryas_aurinia/assembly/curated/ilEupAuri1.2/ilEupAuri1.2.primary.fa.gz
Eupithecia_abbreviata	insects	release_reference	ilEupAbbr2.1	ilEupAbbr2.1	primary	1	1	0	0	/data/tol/data/darwin/insects/Eupithecia_abbreviata/assembly/curated/ilEupAbbr2.1/ilEupAbbr2.1.primary.fa.gz
Eupithecia_absinthiata	insects	release_reference	ilEupAbsi1.hap2.1	ilEupAbsi1.1	hap2	1	1	0	0	/data/tol/data/darwin/insects/Eupithecia_absinthiata/assembly/curated/ilEupAbsi1.1/ilEupAbsi1.hap2.1.primary.fa.gz
Eupithecia_centaureata	insects	release_reference	ilEupCent1.1	ilEupCent1.1	primary	1	1	0	0	/data/tol/data/darwin/insects/Eupithecia_centaureata/assembly/curated/ilEupCent1.1/ilEupCent1.1.primary.fa.gz
Eupithecia_dodoneata	insects	release_reference	ilEupDodo1.1	ilEupDodo1.1	primary	1	1	0	0	/data/tol/data/darwin/insects/Eupithecia_dodoneata/assembly/curated/ilEupDodo1.1/ilEupDodo1.1.primary.fa.gz
Eupithecia_exiguata	insects	release_reference	ilEupExig1.1	ilEupExig1.1	primary	1	1	0	0	/data/tol/data/darwin/insects/Eupithecia_exiguata/assembly/curated/ilEupExig1.1/ilEupExig1.1.primary.fa.gz
Eupithecia_haworthiata	insects	release_reference	ilEupHawo1.hap1.1	ilEupHawo1.1	hap1	1	1	0	0	/data/tol/data/darwin/insects/Eupithecia_haworthiata/assembly/curated/ilEupHawo1.1/ilEupHawo1.hap1.1.primary.fa.gz
Eupithecia_icterata	insects	release_reference	ilEupIcte2.hap1.1	ilEupIcte2.1	hap1	1	1	0	0	/data/tol/data/darwin/insects/Eupithecia_icterata/assembly/curated/ilEupIcte2.1/ilEupIcte2.hap1.1.primary.fa.gz
Eupithecia_insigniata	insects	release_reference	ilEupInsi1.1	ilEupInsi1.1	primary	1	1	0	0	/data/tol/data/darwin/insects/Eupithecia_insigniata/assembly/curated/ilEupInsi1.1/ilEupInsi1.1.primary.fa.gz
Eupithecia_inturbata	insects	release_reference	ilEupIntu1.1	ilEupIntu1.1	primary	1	1	1	0	/data/tol/data/darwin/insects/Eupithecia_inturbata/assembly/curated/ilEupIntu1.1/ilEupIntu1.1.primary.fa.gz
Eupithecia_lariciata	insects	release_reference	ilEupLari1.hap1.1	ilEupLari1.1	hap1	1	1	0	0	/data/tol/data/darwin/insects/Eupithecia_lariciata/assembly/curated/ilEupLari1.1/ilEupLari1.hap1.1.primary.fa.gz
Eupithecia_linariata	insects	release_reference	ilEupLina1.hap1.1	ilEupLina1.1	hap1	1	1	0	0	/data/tol/data/darwin/insects/Eupithecia_linariata/assembly/curated/ilEupLina1.1/ilEupLina1.hap1.1.primary.fa.gz
Eupithecia_nanata	insects	release_reference	ilEupNana3.hap1.1	ilEupNana3.1	hap1	1	1	0	0	/data/tol/data/darwin/insects/Eupithecia_nanata/assembly/curated/ilEupNana3.1/ilEupNana3.hap1.1.primary.fa.gz
Eupithecia_phoeniceata	insects	release_reference	ilEupPhoe1.hap1.1	ilEupPhoe1.1	hap1	1	1	0	0	/data/tol/data/darwin/insects/Eupithecia_phoeniceata/assembly/curated/ilEupPhoe1.1/ilEupPhoe1.hap1.1.primary.fa.gz
Eupithecia_pimpinellata	insects	release_reference	ilEupPimp1.hap1.1	ilEupPimp1.1	hap1	1	1	0	0	/data/tol/data/darwin/insects/Eupithecia_pimpinellata/assembly/curated/ilEupPimp1.1/ilEupPimp1.hap1.1.primary.fa.gz
Eupithecia_pulchellata	insects	release_reference	ilEupPulc1.1	ilEupPulc1.1	primary	1	1	0	0	/data/tol/data/darwin/insects/Eupithecia_pulchellata/assembly/curated/ilEupPulc1.1/ilEupPulc1.1.primary.fa.gz
Eupithecia_pusillata	insects	release_reference	ilEupPusi2.hap2.1	ilEupPusi2.1	hap2	1	1	0	0	/data/tol/data/darwin/insects/Eupithecia_pusillata/assembly/curated/ilEupPusi2.1/ilEupPusi2.hap2.1.primary.fa.gz
Eupithecia_subfuscata	insects	release_reference	ilEupSubf1.1	ilEupSubf1.1	primary	1	1	0	0	/data/tol/data/darwin/insects/Eupithecia_subfuscata/assembly/curated/ilEupSubf1.1/ilEupSubf1.1.primary.fa.gz
Eupithecia_subumbrata	insects	release_reference	ilEupSubu1.1	ilEupSubu1.1	primary	1	1	0	0	/data/tol/data/darwin/insects/Eupithecia_subumbrata/assembly/curated/ilEupSubu1.1/ilEupSubu1.1.primary.fa.gz
Eupithecia_tripunctaria	insects	release_reference	ilEupTrip1.1	ilEupTrip1.1	primary	1	1	1	0	/data/tol/data/darwin/insects/Eupithecia_tripunctaria/assembly/curated/ilEupTrip1.1/ilEupTrip1.1.primary.fa.gz
Eupithecia_ultimaria	insects	release_reference	ilEupUlti4.hap1.1	ilEupUlti4.1	hap1	1	1	0	0	/data/tol/data/darwin/insects/Eupithecia_ultimaria/assembly/curated/ilEupUlti4.1/ilEupUlti4.hap1.1.primary.fa.gz
Eupithecia_valerianata	insects	release_reference	ilEupVale3.1	ilEupVale3.1	primary	1	1	0	0	/data/tol/data/darwin/insects/Eupithecia_valerianata/assembly/curated/ilEupVale3.1/ilEupVale3.1.primary.fa.gz
Eupithecia_vulgata	insects	release_reference	ilEupVulg1.1	ilEupVulg1.1	primary	1	1	0	0	/data/tol/data/darwin/insects/Eupithecia_vulgata/assembly/curated/ilEupVulg1.1/ilEupVulg1.1.primary.fa.gz
Euplagia_quadripunctaria	insects	release_reference	ilEupQuad1.1	ilEupQuad1.1	primary	1	1	0	0	/data/tol/data/darwin/insects/Euplagia_quadripunctaria/assembly/curated/ilEupQuad1.1/ilEupQuad1.1.primary.fa.gz
Euplexia_lucipara	insects	release_reference	ilEupLuci1.1	ilEupLuci1.1	primary	1	1	0	0	/data/tol/data/darwin/insects/Euplexia_lucipara/assembly/curated/ilEupLuci1.1/ilEupLuci1.1.primary.fa.gz
Eupoecilia_angustana	insects	release_reference	ilEupAngu2.hap1.1	ilEupAngu2.1	hap1	1	1	0	0	/data/tol/data/darwin/insects/Eupoecilia_angustana/assembly/curated/ilEupAngu2.1/ilEupAngu2.hap1.1.primary.fa.gz
Euproctis_chrysorrhoea	insects	release_reference	ilEupChry1.hap1.1	ilEupChry1.1	hap1	1	1	0	0	/data/tol/data/darwin/insects/Euproctis_chrysorrhoea/assembly/curated/ilEupChry1.1/ilEupChry1.hap1.1.primary.fa.gz
Euproctis_similis	insects	release_reference	ilEupSimi1.2	ilEupSimi1.2	primary	1	2	0	0	/data/tol/data/darwin/insects/Euproctis_similis/assembly/curated/ilEupSimi1.2/ilEupSimi1.2.primary.fa.gz
Eupsilia_transversa	insects	release_reference	ilEupTran1.1	ilEupTran1.1	legacy_curated_primary	1	1	0	0	/data/tol/data/darwin/insects/Eupsilia_transversa/assembly/curated/ilEupTran1.1/ilEupTran1_1.curated_primary.fa
Eurhadina_loewii	insects	release_reference	ihEurLoew2.1	ihEurLoew2.1	primary	1	1	0	0	/data/tol/data/darwin/insects/Eurhadina_loewii/assembly/curated/ihEurLoew2.1/ihEurLoew2.1.primary.fa.gz
Eurois_occulta	insects	release_reference	ilEurOccu1.1	ilEurOccu1.1	primary	1	1	0	0	/data/tol/data/darwin/insects/Eurois_occulta/assembly/curated/ilEurOccu1.1/ilEurOccu1.1.primary.fa.gz
Eurygaster_testudinaria	insects	release_reference	ihEurTest3.1	ihEurTest3.1	primary	1	1	0	0	/data/tol/data/darwin/insects/Eurygaster_testudinaria/assembly/curated/ihEurTest3.1/ihEurTest3.1.primary.fa.gz
Eurysa_lineata	insects	release_reference	ihEurLine1.hap1.1	ihEurLine1.1	hap1	1	1	0	0	/data/tol/data/darwin/insects/Eurysa_lineata/assembly/curated/ihEurLine1.1/ihEurLine1.hap1.1.primary.fa.gz
Euscorpius_flavicaudis	arthropods	newest_curated_no_reference		qqEusFlav1.1	hap1	1	1	0	0	/data/tol/data/darwin/arthropods/Euscorpius_flavicaudis/assembly/curated/qqEusFlav1.1/qqEusFlav1.hap1.1.primary.fa.gz
Euspilapteryx_auroguttella	insects	release_reference	ilEusAuro2.1	ilEusAuro2.1	primary	1	1	0	0	/data/tol/data/darwin/insects/Euspilapteryx_auroguttella/assembly/curated/ilEusAuro2.1/ilEusAuro2.1.primary.fa.gz
Eustalomyia_histrio	insects	release_reference	idEusHist1.1	idEusHist1.1	primary	1	1	0	0	/data/tol/data/darwin/insects/Eustalomyia_histrio/assembly/curated/idEusHist1.1/idEusHist1.1.primary.fa.gz
Euthrix_potatoria	insects	release_reference	ilEutPota3.hap1.1	ilEutPota3.1	hap1	1	1	0	0	/data/tol/data/darwin/insects/Euthrix_potatoria/assembly/curated/ilEutPota3.1/ilEutPota3.hap1.1.primary.fa.gz
Euthycera_fumigata	insects	release_reference	idEutFumi1.hap1.1	idEutFumi1.1	hap1	1	1	0	0	/data/tol/data/darwin/insects/Euthycera_fumigata/assembly/curated/idEutFumi1.1/idEutFumi1.hap1.1.primary.fa.gz
Eutolmus_rufibarbis	insects	release_reference	idEutRufi1.1	idEutRufi1.1	primary	1	1	0	0	/data/tol/data/darwin/insects/Eutolmus_rufibarbis/assembly/curated/idEutRufi1.1/idEutRufi1.1.primary.fa.gz
Eutomostethus_luteiventris	insects	release_reference	iyEutLute1.hap1.2	iyEutLute1.2	hap1	1	2	0	0	/data/tol/data/darwin/insects/Eutomostethus_luteiventris/assembly/curated/iyEutLute1.2/iyEutLute1.hap1.2.primary.fa.gz
Eutrigla_gurnardus	fish	release_reference	fEutGur1.1	fEutGur1.1	primary	1	1	0	0	/data/tol/data/darwin/fish/Eutrigla_gurnardus/assembly/curated/fEutGur1.1/fEutGur1.1.primary.fa.gz
Euura_bergmanni	insects	release_reference	iyEuuBerg1.hap1.1	iyEuuBerg1.1	hap1	1	1	0	0	/data/tol/data/darwin/insects/Euura_bergmanni/assembly/curated/iyEuuBerg1.1/iyEuuBerg1.hap1.1.primary.fa.gz
Euura_tibialis	insects	release_reference	iyEuuTibi1.hap1.1	iyEuuTibi1.1	hap1	1	1	0	0	/data/tol/data/darwin/insects/Euura_tibialis/assembly/curated/iyEuuTibi1.1/iyEuuTibi1.hap1.1.primary.fa.gz
Euzophera_pinguis	insects	release_reference	ilEuzPing2.1	ilEuzPing2.1	primary	1	1	0	0	/data/tol/data/darwin/insects/Euzophera_pinguis/assembly/curated/ilEuzPing2.1/ilEuzPing2.1.primary.fa.gz
Evergestis_limbata	insects	release_reference	ilEveLimb2.1	ilEveLimb2.1	primary	1	1	0	0	/data/tol/data/darwin/insects/Evergestis_limbata/assembly/curated/ilEveLimb2.1/ilEveLimb2.1.primary.fa.gz
Exephanes_ischioxanthus	insects	release_reference	iyExeIsch1.1	iyExeIsch1.1	primary	1	1	0	0	/data/tol/data/darwin/insects/Exephanes_ischioxanthus/assembly/curated/iyExeIsch1.1/iyExeIsch1.1.primary.fa.gz
Fabriciana_adippe	insects	release_reference	ilFabAdip1.1	ilFabAdip1.1	primary	1	1	0	0	/data/tol/data/darwin/insects/Fabriciana_adippe/assembly/curated/ilFabAdip1.1/ilFabAdip1.1.primary.fa.gz
Fabulina_fabula	molluscs	release_reference	xbFabFabu2.1	xbFabFabu2.1	primary	1	1	0	0	/data/tol/data/darwin/molluscs/Fabulina_fabula/assembly/curated/xbFabFabu2.1/xbFabFabu2.1.primary.fa.gz
Facelina_auriculata	molluscs	release_reference	xgFacAuri2.hap1.1	xgFacAuri2.1	hap1	1	1	0	0	/data/tol/data/darwin/molluscs/Facelina_auriculata/assembly/curated/xgFacAuri2.1/xgFacAuri2.hap1.1.primary.fa.gz
Fagus_sylvatica	dicots	release_reference	dhFagSylv1.hap1.1	dhFagSylv1.1	hap1	1	1	0	0	/data/tol/data/darwin/dicots/Fagus_sylvatica/assembly/curated/dhFagSylv1.1/dhFagSylv1.hap1.1.primary.fa.gz
Falcaria_lacertinaria	insects	release_reference	ilFalLace1.1	ilFalLace1.1	primary	1	1	1	0	/data/tol/data/darwin/insects/Falcaria_lacertinaria/assembly/curated/ilFalLace1.1/ilFalLace1.1.primary.fa.gz
Falco_peregrinus	birds	newest_curated_no_reference		bFalPer5.1	hap1	1	1	0	0	/data/tol/data/darwin/birds/Falco_peregrinus/assembly/curated/bFalPer5.1/bFalPer5.hap1.1.primary.fa.gz
Falco_punctatus	birds	newer_curation_than_reference	bFalPun1.1	bFalPun1.2	primary	1	2	0	0	/data/tol/data/darwin/birds/Falco_punctatus/assembly/curated/bFalPun1.2/bFalPun1.2.primary.fa.gz
Falco_tinnunculus	birds	release_reference	bFalTin1.hap2.1	bFalTin1.1	hap2	1	1	0	0	/data/tol/data/darwin/birds/Falco_tinnunculus/assembly/curated/bFalTin1.1/bFalTin1.hap2.1.primary.fa.gz
Fallopia_convolvulus	dicots	release_reference	dcFalConv1.1	dcFalConv1.1	primary	1	1	0	0	/data/tol/data/darwin/dicots/Fallopia_convolvulus/assembly/curated/dcFalConv1.1/dcFalConv1.1.primary.fa.gz
Falseuncaria_ruficiliana	insects	release_reference	ilFalRufi1.hap1.1	ilFalRufi1.1	hap1	1	1	0	0	/data/tol/data/darwin/insects/Falseuncaria_ruficiliana/assembly/curated/ilFalRufi1.1/ilFalRufi1.hap1.1.primary.fa.gz
Favorinus_blianus	molluscs	release_reference	xgFavBlia1.hap1.1	xgFavBlia1.1	hap1	1	1	0	0	/data/tol/data/darwin/molluscs/Favorinus_blianus/assembly/curated/xgFavBlia1.1/xgFavBlia1.hap1.1.primary.fa.gz
Ferdinandea_cuprea	insects	release_reference	idFerCupr2.1	idFerCupr2.1	primary	1	1	0	0	/data/tol/data/darwin/insects/Ferdinandea_cuprea/assembly/curated/idFerCupr2.1/idFerCupr2.1.primary.fa.gz
Festuca_heterophylla	monocots	release_reference	lpFesHete1.hap1.1	lpFesHete1.1	hap1	1	1	0	0	/data/tol/data/darwin/monocots/Festuca_heterophylla/assembly/curated/lpFesHete1.1/lpFesHete1.hap1.1.primary.fa.gz
Ficedula_hypoleuca	birds	newest_curated_no_reference		bFicHyp2.1	hap1	1	1	0	0	/data/tol/data/darwin/birds/Ficedula_hypoleuca/assembly/curated/bFicHyp2.1/bFicHyp2.hap1.1.primary.fa.gz
Filago_lutescens	dicots	release_reference	daFilLute1.hap1.1	daFilLute1.1	hap1	1	1	0	0	/data/tol/data/darwin/dicots/Filago_lutescens/assembly/curated/daFilLute1.1/daFilLute1.hap1.1.primary.fa.gz
Filago_pyramidata	dicots	release_reference	daFilPyra1.hap1.1	daFilPyra1.1	hap1	1	1	0	0	/data/tol/data/darwin/dicots/Filago_pyramidata/assembly/curated/daFilPyra1.1/daFilPyra1.hap1.1.primary.fa.gz
Filipendula_ulmaria	dicots	release_reference	drFilUlma1.1	drFilUlma1.1	primary	1	1	1	0	/data/tol/data/darwin/dicots/Filipendula_ulmaria/assembly/curated/drFilUlma1.1/drFilUlma1.1.primary.fa.gz
Filipendula_vulgaris	dicots	release_reference	drFilVulg2.1	drFilVulg2.1	primary	1	1	0	0	/data/tol/data/darwin/dicots/Filipendula_vulgaris/assembly/curated/drFilVulg2.1/drFilVulg2.1.primary.fa.gz
Fissidens_adianthoides	non-vascular-plants	release_reference	cbFisAdia4.1	cbFisAdia4.1	primary	1	1	0	0	/data/tol/data/darwin/non-vascular-plants/Fissidens_adianthoides/assembly/curated/cbFisAdia4.1/cbFisAdia4.1.primary.fa.gz
Fissidens_bryoides	non-vascular-plants	release_reference	cbFisBryo1.1	cbFisBryo1.1	primary	1	1	0	0	/data/tol/data/darwin/non-vascular-plants/Fissidens_bryoides/assembly/curated/cbFisBryo1.1/cbFisBryo1.1.primary.fa.gz
Fissidens_dubius	non-vascular-plants	release_reference	cbFisDubi2.1	cbFisDubi2.1	primary	1	1	0	0	/data/tol/data/darwin/non-vascular-plants/Fissidens_dubius/assembly/curated/cbFisDubi2.1/cbFisDubi2.1.primary.fa.gz
Fissidens_pusillus	non-vascular-plants	release_reference	cbFisPusi2.1	cbFisPusi2.1	primary	1	1	0	0	/data/tol/data/darwin/non-vascular-plants/Fissidens_pusillus/assembly/curated/cbFisPusi2.1/cbFisPusi2.1.primary.fa.gz
Fissidens_taxifolius	non-vascular-plants	release_reference	cbFisTaxi1.1	cbFisTaxi1.1	primary	1	1	0	0	/data/tol/data/darwin/non-vascular-plants/Fissidens_taxifolius/assembly/curated/cbFisTaxi1.1/cbFisTaxi1.1.primary.fa.gz
Fissipunctia_ypsillon	insects	release_reference	ilFisYpsi1.1	ilFisYpsi1.1	primary	1	1	0	0	/data/tol/data/darwin/insects/Fissipunctia_ypsillon/assembly/curated/ilFisYpsi1.1/ilFisYpsi1.1.primary.fa.gz
Flammulina_velutipes	fungi	newest_curated_no_reference		gfFlaVelt1.2	primary	1	2	0	0	/data/tol/data/darwin/fungi/Flammulina_velutipes/assembly/curated/gfFlaVelt1.2/gfFlaVelt1.2.primary.fa.gz
Flavoplaca_marina	fungi	release_reference	glFlaMari1.1	glFlaMari1.1	primary	1	1	12	1	/data/tol/data/darwin/fungi/Flavoplaca_marina/assembly/curated/glFlaMari1.1/glFlaMari1.1.primary.fa.gz
Flexitrichum_flexicaule	non-vascular-plants	release_reference	cbFleFlex1.1	cbFleFlex1.1	primary	1	1	0	0	/data/tol/data/darwin/non-vascular-plants/Flexitrichum_flexicaule/assembly/curated/cbFleFlex1.1/cbFleFlex1.1.primary.fa.gz
Flexitrichum_gracile	non-vascular-plants	release_reference	cbFleGrac2.1	cbFleGrac2.1	primary	1	1	0	0	/data/tol/data/darwin/non-vascular-plants/Flexitrichum_gracile/assembly/curated/cbFleGrac2.1/cbFleGrac2.1.primary.fa.gz
Forcipomyia_palustris	insects	release_reference	idForPals1.1	idForPals1.1	primary	1	1	0	0	/data/tol/data/darwin/insects/Forcipomyia_palustris/assembly/curated/idForPals1.1/idForPals1.1.primary.fa.gz
Formica_rufa	insects	release_reference	iyForRufa2.2	iyForRufa2.2	primary	1	2	0	0	/data/tol/data/darwin/insects/Formica_rufa/assembly/curated/iyForRufa2.2/iyForRufa2.2.primary.fa.gz
Fragaria_moschata	dicots	release_reference	drFraMosc1.hap1.1	drFraMosc1.1	hap1	1	1	0	0	/data/tol/data/darwin/dicots/Fragaria_moschata/assembly/curated/drFraMosc1.1/drFraMosc1.hap1.1.primary.fa.gz
Fragaria_vesca	dicots	newest_curated_no_reference		drFraVesc1.1	hap1	1	1	0	0	/data/tol/data/darwin/dicots/Fragaria_vesca/assembly/curated/drFraVesc1.1/drFraVesc1.hap1.1.primary.fa.gz
Frangula_alnus	dicots	release_reference	drFraAlnu1.hap2.1	drFraAlnu1.1	hap2	1	1	0	0	/data/tol/data/darwin/dicots/Frangula_alnus/assembly/curated/drFraAlnu1.1/drFraAlnu1.hap2.1.primary.fa.gz
Fraxinus_excelsior	dicots	release_reference	daFraExce3.hap1.2	daFraExce3.2	hap1	1	2	0	0	/data/tol/data/darwin/dicots/Fraxinus_excelsior/assembly/curated/daFraExce3.2/daFraExce3.hap1.2.primary.fa.gz
Fringilla_coelebs	birds	release_reference	bFriCoe1.1	bFriCoe1.1	primary	1	1	0	0	/data/tol/data/darwin/birds/Fringilla_coelebs/assembly/curated/bFriCoe1.1/bFriCoe1.1.primary.fa.gz
Fringilla_montifringilla	birds	newest_curated_no_reference		bFriMon1.1	hap1	1	1	0	0	/data/tol/data/darwin/birds/Fringilla_montifringilla/assembly/curated/bFriMon1.1/bFriMon1.hap1.1.primary.fa.gz
Fumaria_muralis	dicots	release_reference	dmFumMura2.hap1.1	dmFumMura2.1	hap1	1	1	0	1	/data/tol/data/darwin/dicots/Fumaria_muralis/assembly/curated/dmFumMura2.1/dmFumMura2.hap1.1.primary.fa.gz
Funaria_hygrometrica	non-vascular-plants	release_reference	cbFunHygr2.1	cbFunHygr2.1	primary	1	1	0	0	/data/tol/data/darwin/non-vascular-plants/Funaria_hygrometrica/assembly/curated/cbFunHygr2.1/cbFunHygr2.1.primary.fa.gz
Furcula_furcula	insects	newer_curation_than_reference	ilFurFurc1.1	ilFurFurc1.2	primary	1	2	0	0	/data/tol/data/darwin/insects/Furcula_furcula/assembly/curated/ilFurFurc1.2/ilFurFurc1.2.primary.fa.gz
Gaidropsarus_vulgaris	fish	release_reference	fGaiVul1.hap1.1	fGaiVul1.1	hap1	1	1	0	0	/data/tol/data/darwin/fish/Gaidropsarus_vulgaris/assembly/curated/fGaiVul1.1/fGaiVul1.hap1.1.primary.fa.gz
Galatella_linosyris	dicots	release_reference	daGalLino1.hap1.1	daGalLino1.1	hap1	1	1	0	0	/data/tol/data/darwin/dicots/Galatella_linosyris/assembly/curated/daGalLino1.1/daGalLino1.hap1.1.primary.fa.gz
Galega_officinalis	dicots	release_reference	drGalOffi1.hap1.1	drGalOffi1.1	hap1	1	1	0	0	/data/tol/data/darwin/dicots/Galega_officinalis/assembly/curated/drGalOffi1.1/drGalOffi1.hap1.1.primary.fa.gz
Galeopsis_angustifolia	dicots	release_reference	daGalAngu1.hap1.1	daGalAngu1.1	hap1	1	1	0	0	/data/tol/data/darwin/dicots/Galeopsis_angustifolia/assembly/curated/daGalAngu1.1/daGalAngu1.hap1.1.primary.fa.gz
Galeopsis_tetrahit	dicots	release_reference	daGalTetr1.2	daGalTetr1.2	primary	1	2	0	0	/data/tol/data/darwin/dicots/Galeopsis_tetrahit/assembly/curated/daGalTetr1.2/daGalTetr1.2.primary.fa.gz
Galeruca_laticollis	insects	release_reference	icGalLati1.1	icGalLati1.1	primary	1	1	0	0	/data/tol/data/darwin/insects/Galeruca_laticollis/assembly/curated/icGalLati1.1/icGalLati1.1.primary.fa.gz
Galerucella_nymphaeae	insects	release_reference	icGalNymp1.1	icGalNymp1.1	primary	1	1	0	0	/data/tol/data/darwin/insects/Galerucella_nymphaeae/assembly/curated/icGalNymp1.1/icGalNymp1.1.primary.fa.gz
Galerucella_sagittariae	insects	release_reference	icGalSagi1.hap1.1	icGalSagi1.1	hap1	1	1	0	0	/data/tol/data/darwin/insects/Galerucella_sagittariae/assembly/curated/icGalSagi1.1/icGalSagi1.hap1.1.primary.fa.gz
Galinsoga_quadriradiata	dicots	release_reference	daGalQuad1.hap1.1	daGalQuad1.1	hap1	1	1	0	0	/data/tol/data/darwin/dicots/Galinsoga_quadriradiata/assembly/curated/daGalQuad1.1/daGalQuad1.hap1.1.primary.fa.gz
Galium_aparine	dicots	release_reference	daGalApar1.hap1.1	daGalApar1.1	hap1	1	1	0	0	/data/tol/data/darwin/dicots/Galium_aparine/assembly/curated/daGalApar1.1/daGalApar1.hap1.1.primary.fa
Galium_boreale	dicots	release_reference	daGalBore1.hap1.1	daGalBore1.1	hap1	1	1	0	0	/data/tol/data/darwin/dicots/Galium_boreale/assembly/curated/daGalBore1.1/daGalBore1.hap1.1.primary.fa.gz
Galium_uliginosum	dicots	release_reference	daGalUlig1.hap1.1	daGalUlig1.1	hap1	1	1	0	0	/data/tol/data/darwin/dicots/Galium_uliginosum/assembly/curated/daGalUlig1.1/daGalUlig1.hap1.1.primary.fa.gz
Galleria_mellonella	insects	newest_curated_no_reference		ilGalMell1.1	primary	1	1	0	0	/data/tol/data/darwin/insects/Galleria_mellonella/assembly/curated/ilGalMell1.1/ilGalMell1.1.primary.fa.gz
Gallinago_gallinago	birds	newest_curated_no_reference		bGalGai1.1	hap1	1	1	0	0	/data/tol/data/darwin/birds/Gallinago_gallinago/assembly/curated/bGalGai1.1/bGalGai1.hap1.1.primary.fa.gz
Gallinula_chloropus	birds	release_reference	bGalChl1.hap1.1	bGalChl1.1	hap1	1	2	0	0	/data/tol/data/darwin/birds/Gallinula_chloropus/assembly/curated/bGalChl1.1/bGalChl1.hap1.1.primary.fa.gz
Gandaritis_pyraliata	insects	release_reference	ilGanPyra1.1	ilGanPyra1.1	primary	1	1	0	0	/data/tol/data/darwin/insects/Gandaritis_pyraliata/assembly/curated/ilGanPyra1.1/ilGanPyra1.1.primary.fa.gz
Ganoderma_resinaceum	fungi	release_reference	gfGanResi1.1	gfGanResi1.1	primary	1	1	0	0	/data/tol/data/darwin/fungi/Ganoderma_resinaceum/assembly/curated/gfGanResi1.1/gfGanResi1.1.primary.fa.gz
Gari_tellinella	molluscs	release_reference	xbGarTell2.3	xbGarTell2.3	primary	1	2	0	0	/data/tol/data/darwin/molluscs/Gari_tellinella/assembly/curated/xbGarTell2.3/xbGarTell2.3.primary.fa.gz
Garrulus_glandarius	birds	release_reference	bGarGla1.hap1.1	bGarGla1.1	hap1	1	1	0	0	/data/tol/data/darwin/birds/Garrulus_glandarius/assembly/curated/bGarGla1.1/bGarGla1.hap1.1.primary.fa.gz
Gasterosteus_aculeatus	fish	release_reference	fGasAcu3.hap1.1	fGasAcu3.1	hap1	1	1	0	0	/data/tol/data/darwin/fish/Gasterosteus_aculeatus/assembly/curated/fGasAcu3.1/fGasAcu3.hap1.1.primary.fa.gz
Gasteruption_assectator	insects	release_reference	iyGasAsse1.hap1.1	iyGasAsse1.1	hap1	1	1	0	0	/data/tol/data/darwin/insects/Gasteruption_assectator/assembly/curated/iyGasAsse1.1/iyGasAsse1.hap1.1.primary.fa.gz
Gasteruption_jaculator	insects	release_reference	iyGasJacu1.1	iyGasJacu1.1	primary	1	1	0	0	/data/tol/data/darwin/insects/Gasteruption_jaculator/assembly/curated/iyGasJacu1.1/iyGasJacu1.1.primary.fa.gz
Gastracanthus_pulcherrimus	insects	release_reference	iyGasPulc2.1	iyGasPulc2.1	primary	1	1	1	0	/data/tol/data/darwin/insects/Gastracanthus_pulcherrimus/assembly/curated/iyGasPulc2.1/iyGasPulc2.1.primary.fa.gz
Gastrophysa_polygoni	insects	release_reference	icGasPoly1.1	icGasPoly1.1	primary	1	1	0	0	/data/tol/data/darwin/insects/Gastrophysa_polygoni/assembly/curated/icGasPoly1.1/icGasPoly1.1.primary.fa.gz
Gastrophysa_viridula	insects	release_reference	icGasViri2.1	icGasViri2.1	primary	1	1	0	0	/data/tol/data/darwin/insects/Gastrophysa_viridula/assembly/curated/icGasViri2.1/icGasViri2.1.primary.fa.gz
Geheebia_maxima	non-vascular-plants	release_reference	cbDidMaxi1.1	cbDidMaxi1.1	primary	1	1	0	0	/data/tol/data/darwin/non-vascular-plants/Geheebia_maxima/assembly/curated/cbDidMaxi1.1/cbDidMaxi1.1.primary.fa.gz
Gelis_areator	insects	release_reference	iyGelArea1.hap1.1	iyGelArea1.1	hap1	1	1	1	1	/data/tol/data/darwin/insects/Gelis_areator/assembly/curated/iyGelArea1.1/iyGelArea1.hap1.1.primary.fa.gz
Genista_pilosa	dicots	release_reference	drGenPilo1.hap1.1	drGenPilo1.1	hap1	1	1	0	0	/data/tol/data/darwin/dicots/Genista_pilosa/assembly/curated/drGenPilo1.1/drGenPilo1.hap1.1.primary.fa.gz
Gentianella_amarella	dicots	release_reference	daGenAmar1.hap1.1	daGenAmar1.1	hap1	1	1	0	0	/data/tol/data/darwin/dicots/Gentianella_amarella/assembly/curated/daGenAmar1.1/daGenAmar1.hap1.1.primary.fa.gz
Geodia_phlegraei	sponges	release_reference	odGeoPhle1.1	odGeoPhle1.1	primary	1	1	248	1	/data/tol/data/darwin/sponges/Geodia_phlegraei/assembly/curated/odGeoPhle1.1/odGeoPhle1.1.primary.fa.gz
Geokichla_citrina	birds	newer_curation_than_reference	bGeoCit1.hap2.1	bGeoCit1.2	hap1	1	2	0	1	/data/tol/data/darwin/birds/Geokichla_citrina/assembly/curated/bGeoCit1.2/bGeoCit1.hap1.2.primary.fa.gz
Geometra_papilionaria	insects	release_reference	ilGeoPapi1.hap1.1	ilGeoPapi1.1	hap1	1	1	0	0	/data/tol/data/darwin/insects/Geometra_papilionaria/assembly/curated/ilGeoPapi1.1/ilGeoPapi1.hap1.1.primary.fa.gz
Geomyza_tripunctata	insects	release_reference	idGeoTrip2.1	idGeoTrip2.1	primary	1	1	0	0	/data/tol/data/darwin/insects/Geomyza_tripunctata/assembly/curated/idGeoTrip2.1/idGeoTrip2.1.primary.fa.gz
Geotrupes_spiniger	insects	release_reference	icGeoSpin1.1	icGeoSpin1.1	primary	1	1	0	0	/data/tol/data/darwin/insects/Geotrupes_spiniger/assembly/curated/icGeoSpin1.1/icGeoSpin1.1.primary.fa.gz
Geranium_dissectum	dicots	release_reference	drGerDiss1.hap1.1	drGerDiss1.1	hap1	1	1	0	0	/data/tol/data/darwin/dicots/Geranium_dissectum/assembly/curated/drGerDiss1.1/drGerDiss1.hap1.1.primary.fa.gz
Geranium_molle	dicots	release_reference	drGerMoll1.hap1.1	drGerMoll1.1	hap1	1	1	0	0	/data/tol/data/darwin/dicots/Geranium_molle/assembly/curated/drGerMoll1.1/drGerMoll1.hap1.1.primary.fa.gz
Geranium_pratense	dicots	release_reference	drGerPrat1.hap1.1	drGerPrat1.1	hap1	1	1	0	0	/data/tol/data/darwin/dicots/Geranium_pratense/assembly/curated/drGerPrat1.1/drGerPrat1.hap1.1.primary.fa.gz
Geranium_rotundifolium	dicots	release_reference	drGerRotu1.1	drGerRotu1.1	primary	1	1	0	0	/data/tol/data/darwin/dicots/Geranium_rotundifolium/assembly/curated/drGerRotu1.1/drGerRotu1.1.primary.fa.gz
Germaria_angustata	insects	release_reference	idGerAngu1.1	idGerAngu1.1	primary	1	1	1	0	/data/tol/data/darwin/insects/Germaria_angustata/assembly/curated/idGerAngu1.1/idGerAngu1.1.primary.fa.gz
Geronticus_eremita	birds	newest_curated_no_reference		bGerEre1.1	hap1	1	1	0	0	/data/tol/data/darwin/birds/Geronticus_eremita/assembly/curated/bGerEre1.1/bGerEre1.hap1.1.primary.fa.gz
Gerris_lacustris	insects	release_reference	ihGerLacu2.1	ihGerLacu2.1	primary	1	1	1	0	/data/tol/data/darwin/insects/Gerris_lacustris/assembly/curated/ihGerLacu2.1/ihGerLacu2.1.primary.fa.gz
Geum_macrophyllum	dicots	newest_curated_no_reference		drGeuMacr1.1	hap1	1	1	0	0	/data/tol/data/darwin/dicots/Geum_macrophyllum/assembly/curated/drGeuMacr1.1/drGeuMacr1.hap1.1.primary.fa.gz
Geum_rivale	dicots	release_reference	drGeuRiva1.hap1.1	drGeuRiva1.1	hap1	1	1	0	0	/data/tol/data/darwin/dicots/Geum_rivale/assembly/curated/drGeuRiva1.1/drGeuRiva1.hap1.1.primary.fa.gz
Geum_urbanum	dicots	release_reference	drGeuUrba1.1	drGeuUrba1.1	primary	1	1	0	0	/data/tol/data/darwin/dicots/Geum_urbanum/assembly/curated/drGeuUrba1.1/drGeuUrba1.1.primary.fa.gz
Gibbaranea_gibbosa	arthropods	release_reference	qqGibGibb2.1	qqGibGibb2.1	primary	1	1	0	0	/data/tol/data/darwin/arthropods/Gibbaranea_gibbosa/assembly/curated/qqGibGibb2.1/qqGibGibb2.1.primary.fa.gz
Gibbula_magus	molluscs	release_reference	xgGibMagu1.1	xgGibMagu1.1	primary	1	1	0	0	/data/tol/data/darwin/molluscs/Gibbula_magus/assembly/curated/xgGibMagu1.1/xgGibMagu1.1.primary.fa.gz
Gillmeria_ochrodactyla	insects	release_reference	ilGilOchr1.hap1.1	ilGilOchr1.1	hap1	1	1	0	0	/data/tol/data/darwin/insects/Gillmeria_ochrodactyla/assembly/curated/ilGilOchr1.1/ilGilOchr1.hap1.1.primary.fa.gz
Gillmeria_pallidactyla	insects	release_reference	ilGilPall1.hap1.1	ilGilPall1.1	hap1	1	1	0	0	/data/tol/data/darwin/insects/Gillmeria_pallidactyla/assembly/curated/ilGilPall1.1/ilGilPall1.hap1.1.primary.fa.gz
Gilpinia_frutetorum	insects	release_reference	iyGilFrut1.hap1.1	iyGilFrut1.1	hap1	1	1	0	0	/data/tol/data/darwin/insects/Gilpinia_frutetorum/assembly/curated/iyGilFrut1.1/iyGilFrut1.hap1.1.primary.fa.gz
Glaucium_flavum	dicots	release_reference	dmGlaFlav1.hap1.1	dmGlaFlav1.1	hap1	1	1	0	0	/data/tol/data/darwin/dicots/Glaucium_flavum/assembly/curated/dmGlaFlav1.1/dmGlaFlav1.hap1.1.primary.fa.gz
Glaucopsyche_alexis	insects	release_reference	ilGlaAlex1.1	ilGlaAlex1.1	primary	1	1	0	0	/data/tol/data/darwin/insects/Glaucopsyche_alexis/assembly/curated/ilGlaAlex1.1/ilGlaAlex1.1.primary.fa.gz
Glaux_maritima	dicots	release_reference	ddGlaMari2.hap1.1	ddGlaMari2.1	hap1	1	1	0	0	/data/tol/data/darwin/dicots/Glaux_maritima/assembly/curated/ddGlaMari2.1/ddGlaMari2.hap1.1.primary.fa.gz
Glechoma_hederacea	dicots	release_reference	daGleHede1.hap1.2	daGleHede1.2	hap1	1	2	0	0	/data/tol/data/darwin/dicots/Glechoma_hederacea/assembly/curated/daGleHede1.2/daGleHede1.hap1.2.primary.fa.gz
Gliophorus_irrigatus	fungi	release_reference	gfGliIrri2.hap2.1	gfGliIrri2.1	hap2	1	1	0	0	/data/tol/data/darwin/fungi/Gliophorus_irrigatus/assembly/curated/gfGliIrri2.1/gfGliIrri2.hap2.1.primary.fa.gz
Glis_glis	mammals	release_reference	mGliGli1.hap2.1	mGliGli1.1	hap2	1	1	0	1	/data/tol/data/darwin/mammals/Glis_glis/assembly/curated/mGliGli1.1/mGliGli1.hap2.1.primary.fa.gz
Globia_sparganii	insects	release_reference	ilGloSpar1.1	ilGloSpar1.1	primary	1	1	0	0	/data/tol/data/darwin/insects/Globia_sparganii/assembly/curated/ilGloSpar1.1/ilGloSpar1.1.primary.fa.gz
Globicephala_melas	mammals	release_reference	mGloMel1.2	mGloMel1.2	primary	1	2	0	0	/data/tol/data/darwin/mammals/Globicephala_melas/assembly/curated/mGloMel1.2/mGloMel1.2.primary.fa.gz
Glyphipterix_forsterella	insects	release_reference	ilGlyFors3.1	ilGlyFors3.1	primary	1	1	0	0	/data/tol/data/darwin/insects/Glyphipterix_forsterella/assembly/curated/ilGlyFors3.1/ilGlyFors3.1.primary.fa.gz
Glyphipterix_fuscoviridella	insects	release_reference	ilGlyFusc1.hap1.1	ilGlyFusc1.1	hap1	1	1	0	0	/data/tol/data/darwin/insects/Glyphipterix_fuscoviridella/assembly/curated/ilGlyFusc1.1/ilGlyFusc1.hap1.1.primary.fa.gz
Glyphipterix_thrasonella	insects	release_reference	ilGlyThra1.hap1.1	ilGlyThra1.1	hap1	1	1	0	0	/data/tol/data/darwin/insects/Glyphipterix_thrasonella/assembly/curated/ilGlyThra1.1/ilGlyThra1.hap1.1.primary.fa.gz
Glyphotaelius_pellucidus	insects	release_reference	iiGlyPell1.1	iiGlyPell1.1	primary	1	1	0	0	/data/tol/data/darwin/insects/Glyphotaelius_pellucidus/assembly/curated/iiGlyPell1.1/iiGlyPell1.1.primary.fa.gz
Gnaphalium_supinum	dicots	release_reference	daGnaSupi1.hap1.1	daGnaSupi1.1	hap1	1	1	0	0	/data/tol/data/darwin/dicots/Gnaphalium_supinum/assembly/curated/daGnaSupi1.1/daGnaSupi1.hap1.1.primary.fa.gz
Gnaphalium_uliginosum	dicots	release_reference	daGnaUlig1.1	daGnaUlig1.1	primary	1	1	0	0	/data/tol/data/darwin/dicots/Gnaphalium_uliginosum/assembly/curated/daGnaUlig1.1/daGnaUlig1.1.primary.fa.gz
Gobio_gobio	fish	release_reference	fGobGob1.1	fGobGob1.1	primary	1	1	0	0	/data/tol/data/darwin/fish/Gobio_gobio/assembly/curated/fGobGob1.1/fGobGob1.1.primary.fa.gz
Gobius_niger	fish	release_reference	fGobNig1.1	fGobNig1.1	primary	1	1	0	0	/data/tol/data/darwin/fish/Gobius_niger/assembly/curated/fGobNig1.1/fGobNig1.1.primary.fa.gz
Gobius_paganellus	fish	newest_curated_no_reference		fGobPag2.1	hap1	1	1	0	0	/data/tol/data/darwin/fish/Gobius_paganellus/assembly/curated/fGobPag2.1/fGobPag2.hap1.1.primary.fa.gz
Gonepteryx_rhamni	insects	release_reference	ilGonRham3.hap1.1	ilGonRham3.1	hap1	1	1	0	0	/data/tol/data/darwin/insects/Gonepteryx_rhamni/assembly/curated/ilGonRham3.1/ilGonRham3.hap1.1.primary.fa.gz
Gonocerus_acuteangulatus	insects	release_reference	ihGonAcut1.1	ihGonAcut1.1	primary	1	1	1	0	/data/tol/data/darwin/insects/Gonocerus_acuteangulatus/assembly/curated/ihGonAcut1.1/ihGonAcut1.1.primary.fa.gz
Gonodera_luperus	insects	release_reference	icGonLupe2.hap1.1	icGonLupe2.1	hap1	1	1	0	0	/data/tol/data/darwin/insects/Gonodera_luperus/assembly/curated/icGonLupe2.1/icGonLupe2.hap1.1.primary.fa.gz
Gortyna_flavago	insects	release_reference	ilGorFlav1.1	ilGorFlav1.1	primary	1	1	0	0	/data/tol/data/darwin/insects/Gortyna_flavago/assembly/curated/ilGorFlav1.1/ilGorFlav1.1.primary.fa.gz
Gorytes_laticinctus	insects	release_reference	iyGorLati1.hap1.1	iyGorLati1.1	hap1	1	1	0	0	/data/tol/data/darwin/insects/Gorytes_laticinctus/assembly/curated/iyGorLati1.1/iyGorLati1.hap1.1.primary.fa.gz
Gracillaria_syringella	insects	release_reference	ilGraSyri3.1	ilGraSyri3.1	primary	1	1	0	0	/data/tol/data/darwin/insects/Gracillaria_syringella/assembly/curated/ilGraSyri3.1/ilGraSyri3.1.primary.fa.gz
Grammoptera_ruficornis	insects	release_reference	icGraRufi3.hap1.1	icGraRufi3.1	hap1	1	1	0	0	/data/tol/data/darwin/insects/Grammoptera_ruficornis/assembly/curated/icGraRufi3.1/icGraRufi3.hap1.1.primary.fa.gz
Grampus_griseus	mammals	release_reference	mGraGri1.hap1.1	mGraGri1.1	hap1	1	1	0	0	/data/tol/data/darwin/mammals/Grampus_griseus/assembly/curated/mGraGri1.1/mGraGri1.hap1.1.primary.fa.gz
Graphiphora_augur	insects	release_reference	ilGraAugu1.hap1.1	ilGraAugu1.1	hap1	1	1	0	0	/data/tol/data/darwin/insects/Graphiphora_augur/assembly/curated/ilGraAugu1.1/ilGraAugu1.hap1.1.primary.fa.gz
Grapholita_janthinana	insects	release_reference	ilGraJant3.1	ilGraJant3.1	primary	1	1	0	0	/data/tol/data/darwin/insects/Grapholita_janthinana/assembly/curated/ilGraJant3.1/ilGraJant3.1.primary.fa.gz
Grapholita_jungiella	insects	release_reference	ilGraJung1.1	ilGraJung1.1	primary	1	1	0	0	/data/tol/data/darwin/insects/Grapholita_jungiella/assembly/curated/ilGraJung1.1/ilGraJung1.1.primary.fa.gz
Grapholita_pallifrontana	insects	release_reference	ilGraPall1.hap1.1	ilGraPall1.1	hap1	1	1	0	0	/data/tol/data/darwin/insects/Grapholita_pallifrontana/assembly/curated/ilGraPall1.1/ilGraPall1.hap1.1.primary.fa.gz
Graphomya_maculata	insects	release_reference	idGraMacu2.2	idGraMacu2.2	primary	1	2	0	0	/data/tol/data/darwin/insects/Graphomya_maculata/assembly/curated/idGraMacu2.2/idGraMacu2.2.primary.fa.gz
Grimmia_atrata	non-vascular-plants	release_reference	cbGriAtra4.1	cbGriAtra4.1	primary	1	1	0	0	/data/tol/data/darwin/non-vascular-plants/Grimmia_atrata/assembly/curated/cbGriAtra4.1/cbGriAtra4.1.primary.fa.gz
Grimmia_decipiens	non-vascular-plants	release_reference	cbGriDeci1.1	cbGriDeci1.1	primary	1	1	0	0	/data/tol/data/darwin/non-vascular-plants/Grimmia_decipiens/assembly/curated/cbGriDeci1.1/cbGriDeci1.1.primary.fa.gz
Grimmia_donniana	non-vascular-plants	release_reference	cbGriDonn2.1	cbGriDonn2.1	primary	1	1	0	0	/data/tol/data/darwin/non-vascular-plants/Grimmia_donniana/assembly/curated/cbGriDonn2.1/cbGriDonn2.1.primary.fa.gz
Grimmia_elongata	non-vascular-plants	release_reference	cbGriElon5.1	cbGriElon5.1	primary	1	1	0	0	/data/tol/data/darwin/non-vascular-plants/Grimmia_elongata/assembly/curated/cbGriElon5.1/cbGriElon5.1.primary.fa.gz
Grimmia_funalis	non-vascular-plants	release_reference	cbGriFuna3.1	cbGriFuna3.1	primary	1	1	0	0	/data/tol/data/darwin/non-vascular-plants/Grimmia_funalis/assembly/curated/cbGriFuna3.1/cbGriFuna3.1.primary.fa.gz
Grimmia_montana	non-vascular-plants	release_reference	cbGriMont1.1	cbGriMont1.1	primary	1	1	0	0	/data/tol/data/darwin/non-vascular-plants/Grimmia_montana/assembly/curated/cbGriMont1.1/cbGriMont1.1.primary.fa.gz
Grimmia_pulvinata	non-vascular-plants	release_reference	cbGriPulv3.1	cbGriPulv3.1	primary	1	1	0	0	/data/tol/data/darwin/non-vascular-plants/Grimmia_pulvinata/assembly/curated/cbGriPulv3.1/cbGriPulv3.1.primary.fa.gz
Grimmia_trichophylla	non-vascular-plants	release_reference	cbGriTric1.1	cbGriTric1.1	primary	1	1	0	0	/data/tol/data/darwin/non-vascular-plants/Grimmia_trichophylla/assembly/curated/cbGriTric1.1/cbGriTric1.1.primary.fa.gz
Griposia_aprilina	insects	release_reference	ilGriApri1.1	ilGriApri1.1	legacy_curated_primary	1	1	0	0	/data/tol/data/darwin/insects/Griposia_aprilina/assembly/curated/ilGriApri1.1/ilGriApri1_1.curated_primary.fa
Grus_grus	birds	release_reference	bGruGru1.hap2.2	bGruGru1.2	hap2	1	2	0	0	/data/tol/data/darwin/birds/Grus_grus/assembly/curated/bGruGru1.2/bGruGru1.hap2.2.primary.fa.gz
Gryllus_bimaculatus	insects	release_reference	iqGryBima1.hap1.1	iqGryBima1.1	hap1	1	1	0	0	/data/tol/data/darwin/insects/Gryllus_bimaculatus/assembly/curated/iqGryBima1.1/iqGryBima1.hap1.1.primary.fa.gz
Gryllus_campestris	insects	release_reference	iqGryCamp1.hap1.1	iqGryCamp1.1	hap1	1	1	0	0	/data/tol/data/darwin/insects/Gryllus_campestris/assembly/curated/iqGryCamp1.1/iqGryCamp1.hap1.1.primary.fa.gz
Grypocoris_stysi	insects	release_reference	ihGryStys1.1	ihGryStys1.1	primary	1	1	0	0	/data/tol/data/darwin/insects/Grypocoris_stysi/assembly/curated/ihGryStys1.1/ihGryStys1.1.primary.fa.gz
Grypus_equiseti	insects	release_reference	icGryEqui2.1	icGryEqui2.1	primary	1	1	0	0	/data/tol/data/darwin/insects/Grypus_equiseti/assembly/curated/icGryEqui2.1/icGryEqui2.1.primary.fa.gz
Gulosus_aristotelis	birds	newer_curation_than_reference	bGulAri2.1	bGulAri2.2	hap1	1	2	0	0	/data/tol/data/darwin/birds/Gulosus_aristotelis/assembly/curated/bGulAri2.2/bGulAri2.hap1.2.primary.fa.gz
Gymnocheta_viridis	insects	release_reference	idGymViri1.1	idGymViri1.1	primary	1	1	0	0	/data/tol/data/darwin/insects/Gymnocheta_viridis/assembly/curated/idGymViri1.1/idGymViri1.1.primary.fa.gz
Gymnoscelis_rufifasciata	insects	release_reference	ilGymRufi1.1	ilGymRufi1.1	primary	1	1	0	0	/data/tol/data/darwin/insects/Gymnoscelis_rufifasciata/assembly/curated/ilGymRufi1.1/ilGymRufi1.1.primary.fa.gz
Gymnosoma_rotundatum	insects	release_reference	idGymRotn1.2	idGymRotn1.2	primary	1	2	1	0	/data/tol/data/darwin/insects/Gymnosoma_rotundatum/assembly/curated/idGymRotn1.2/idGymRotn1.2.primary.fa.gz
Gypsonoma_aceriana	insects	release_reference	ilGypAcer4.hap1.1	ilGypAcer4.1	hap1	1	1	0	0	/data/tol/data/darwin/insects/Gypsonoma_aceriana/assembly/curated/ilGypAcer4.1/ilGypAcer4.hap1.1.primary.fa.gz
Gyrinus_marinus	insects	release_reference	icGyrMari1.hap1.1	icGyrMari1.1	hap1	1	1	0	0	/data/tol/data/darwin/insects/Gyrinus_marinus/assembly/curated/icGyrMari1.1/icGyrMari1.hap1.1.primary.fa.gz
Gyroporus_aff_castaneus	fungi	newest_curated_no_reference		gfGyrCasa2.1	hap1	1	1	0	0	/data/tol/data/darwin/fungi/Gyroporus_aff_castaneus/assembly/curated/gfGyrCasa2.1/gfGyrCasa2.hap1.1.primary.fa.gz
Habrosyne_pyritoides	insects	release_reference	ilHabPyri1.1	ilHabPyri1.1	primary	1	1	0	0	/data/tol/data/darwin/insects/Habrosyne_pyritoides/assembly/curated/ilHabPyri1.1/ilHabPyri1.1.primary.fa.gz
Hada_plebeja	insects	release_reference	ilHadPleb2.1	ilHadPleb2.1	primary	1	1	0	0	/data/tol/data/darwin/insects/Hada_plebeja/assembly/curated/ilHadPleb2.1/ilHadPleb2.1.primary.fa.gz
Hadena_bicruris	insects	release_reference	ilHadBicr1.hap1.1	ilHadBicr1.1	hap1	1	1	0	0	/data/tol/data/darwin/insects/Hadena_bicruris/assembly/curated/ilHadBicr1.1/ilHadBicr1.hap1.1.primary.fa.gz
Hadena_compta	insects	release_reference	ilHadComp1.hap1.1	ilHadComp1.1	hap1	1	1	0	0	/data/tol/data/darwin/insects/Hadena_compta/assembly/curated/ilHadComp1.1/ilHadComp1.hap1.1.primary.fa.gz
Haematopus_ostralegus	birds	release_reference	bHaeOst1.hap2.2	bHaeOst1.2	hap2	1	2	0	1	/data/tol/data/darwin/birds/Haematopus_ostralegus/assembly/curated/bHaeOst1.2/bHaeOst1.hap2.2.primary.fa.gz
Haliaeetus_albicilla	birds	release_reference	bHalAlb1.1	bHalAlb1.1	primary	2	2	0	0	/data/tol/data/darwin/birds/Haliaeetus_albicilla/assembly/curated/bHalAlb1.1/bHalAlb1.1.primary.fa.gz
Halichoerus_grypus	mammals	release_reference	mHalGry1.hap1.1	mHalGry1.1	hap1	1	1	0	0	/data/tol/data/darwin/mammals/Halichoerus_grypus/assembly/curated/mHalGry1.1/mHalGry1.hap1.1.primary.fa.gz
Hallomenus_binotatus	insects	release_reference	icHalBino1.hap1.1	icHalBino1.1	hap1	1	1	0	0	/data/tol/data/darwin/insects/Hallomenus_binotatus/assembly/curated/icHalBino1.1/icHalBino1.hap1.1.primary.fa.gz
Halyzia_sedecimguttata	insects	release_reference	icHalSede1.2	icHalSede1.2	primary	1	2	0	0	/data/tol/data/darwin/insects/Halyzia_sedecimguttata/assembly/curated/icHalSede1.2/icHalSede1.2.primary.fa.gz
Hamearis_lucina	insects	release_reference	ilHamLuci3.hap1.1	ilHamLuci3.1	hap1	1	1	0	0	/data/tol/data/darwin/insects/Hamearis_lucina/assembly/curated/ilHamLuci3.1/ilHamLuci3.hap1.1.primary.fa.gz
Harmonia_axyridis	insects	release_reference	icHarAxyr1.1	icHarAxyr1.1	legacy_curated_primary	1	1	0	0	/data/tol/data/darwin/insects/Harmonia_axyridis/assembly/curated/icHarAxyr1.1/icHarAxyr1_1.curated_primary.fa
Harmonia_quadripunctata	insects	release_reference	icHarQuad1.hap1.1	icHarQuad1.1	hap1	1	1	0	0	/data/tol/data/darwin/insects/Harmonia_quadripunctata/assembly/curated/icHarQuad1.1/icHarQuad1.hap1.1.primary.fa.gz
Harmothoe_impar	annelids	release_reference	wpHarImpa5.1	wpHarImpa5.1	primary	1	1	0	0	/data/tol/data/darwin/annelids/Harmothoe_impar/assembly/curated/wpHarImpa5.1/wpHarImpa5.1.primary.fa.gz
Harpalus_anxius	insects	release_reference	icHarAnxi1.hap1.1	icHarAnxi1.1	hap1	1	1	1	0	/data/tol/data/darwin/insects/Harpalus_anxius/assembly/curated/icHarAnxi1.1/icHarAnxi1.hap1.1.primary.fa.gz
Harpalus_rubripes	insects	release_reference	icHarRubr1.1	icHarRubr1.1	primary	1	1	0	0	/data/tol/data/darwin/insects/Harpalus_rubripes/assembly/curated/icHarRubr1.1/icHarRubr1.1.primary.fa.gz
Harpalus_rufipes	insects	release_reference	icHarRufp1.1	icHarRufp1.1	primary	1	1	0	0	/data/tol/data/darwin/insects/Harpalus_rufipes/assembly/curated/icHarRufp1.1/icHarRufp1.1.primary.fa.gz
Harpocera_thoracica	insects	release_reference	ihHarThor2.1	ihHarThor2.1	primary	1	1	0	0	/data/tol/data/darwin/insects/Harpocera_thoracica/assembly/curated/ihHarThor2.1/ihHarThor2.1.primary.fa.gz
Hecatera_bicolorata	insects	release_reference	ilHecBico1.hap1.1	ilHecBico1.1	hap1	1	1	0	0	/data/tol/data/darwin/insects/Hecatera_bicolorata/assembly/curated/ilHecBico1.1/ilHecBico1.hap1.1.primary.fa.gz
Hecatera_dysodea	insects	release_reference	ilHecDyso1.2	ilHecDyso1.2	primary	1	2	0	0	/data/tol/data/darwin/insects/Hecatera_dysodea/assembly/curated/ilHecDyso1.2/ilHecDyso1.2.primary.fa.gz
Hedera_helix	dicots	release_reference	drHedHeli1.2	drHedHeli1.2	primary	1	2	0	0	/data/tol/data/darwin/dicots/Hedera_helix/assembly/curated/drHedHeli1.2/drHedHeli1.2.primary.fa.gz
Hedwigia_stellata	non-vascular-plants	release_reference	cbHedStel2.2	cbHedStel2.2	primary	1	2	0	0	/data/tol/data/darwin/non-vascular-plants/Hedwigia_stellata/assembly/curated/cbHedStel2.2/cbHedStel2.2.primary.fa.gz
Hedya_nubiferana	insects	release_reference	ilHedNubi2.1	ilHedNubi2.1	primary	1	1	0	0	/data/tol/data/darwin/insects/Hedya_nubiferana/assembly/curated/ilHedNubi2.1/ilHedNubi2.1.primary.fa.gz
Hedya_ochroleucana	insects	release_reference	ilHedOchr3.hap2.1	ilHedOchr3.1	hap2	1	1	0	0	/data/tol/data/darwin/insects/Hedya_ochroleucana/assembly/curated/ilHedOchr3.1/ilHedOchr3.hap2.1.primary.fa.gz
Hedya_pruniana	insects	release_reference	ilHedPrun1.1	ilHedPrun1.1	primary	1	1	0	0	/data/tol/data/darwin/insects/Hedya_pruniana/assembly/curated/ilHedPrun1.1/ilHedPrun1.1.primary.fa.gz
Hedya_salicella	insects	release_reference	ilHedSali1.2	ilHedSali1.2	primary	1	2	0	0	/data/tol/data/darwin/insects/Hedya_salicella/assembly/curated/ilHedSali1.2/ilHedSali1.2.primary.fa.gz
Hedychridium_cupreum	insects	release_reference	iyHedCupr1.hap1.1	iyHedCupr1.1	hap1	1	1	0	0	/data/tol/data/darwin/insects/Hedychridium_cupreum/assembly/curated/iyHedCupr1.1/iyHedCupr1.hap1.1.primary.fa.gz
Hedychridium_roseum	insects	release_reference	iyHedRose1.1	iyHedRose1.1	primary	1	1	3	0	/data/tol/data/darwin/insects/Hedychridium_roseum/assembly/curated/iyHedRose1.1/iyHedRose1.1.primary.fa.gz
Helcystogramma_rufescens	insects	release_reference	ilHelRufe4.hap2.2	ilHelRufe4.2	hap2	1	2	0	0	/data/tol/data/darwin/insects/Helcystogramma_rufescens/assembly/curated/ilHelRufe4.2/ilHelRufe4.hap2.2.primary.fa.gz
Helianthemum_oelandicum	dicots	release_reference	ddHelOela1.hap1.1	ddHelOela1.1	hap1	1	1	0	0	/data/tol/data/darwin/dicots/Helianthemum_oelandicum/assembly/curated/ddHelOela1.1/ddHelOela1.hap1.1.primary.fa.gz
Helicoverpa_armigera	insects	newest_curated_no_reference		ilHelArmi9.1	primary	1	1	0	0	/data/tol/data/darwin/insects/Helicoverpa_armigera/assembly/curated/ilHelArmi9.1/ilHelArmi9.1.primary.fa.gz
Helina_obscurata	insects	release_reference	idHelObsc1.hap1.1	idHelObsc1.1	hap1	1	1	0	1	/data/tol/data/darwin/insects/Helina_obscurata/assembly/curated/idHelObsc1.1/idHelObsc1.hap1.1.primary.fa.gz
Heliothis_peltigera	insects	release_reference	ilHelPelt1.1	ilHelPelt1.1	primary	1	1	0	0	/data/tol/data/darwin/insects/Heliothis_peltigera/assembly/curated/ilHelPelt1.1/ilHelPelt1.1.primary.fa.gz
Hellinsia_carphodactyla	insects	release_reference	ilHelCarp3.hap1.1	ilHelCarp3.1	hap1	1	1	0	0	/data/tol/data/darwin/insects/Hellinsia_carphodactyla/assembly/curated/ilHelCarp3.1/ilHelCarp3.hap1.1.primary.fa.gz
Hellwigia_obscura	insects	release_reference	iyHelObsc1.1	iyHelObsc1.1	primary	1	1	0	0	/data/tol/data/darwin/insects/Hellwigia_obscura/assembly/curated/iyHelObsc1.1/iyHelObsc1.1.primary.fa.gz
Hemaris_fuciformis	insects	release_reference	iHemFuc1.1	iHemFuc1.1	primary	1	1	0	0	/data/tol/data/darwin/insects/Hemaris_fuciformis/assembly/curated/iHemFuc1.1/iHemFuc1.1.primary.fa.gz
Hemicrepidius_hirtus	insects	release_reference	icHemNige1.1	icHemNige1.1	primary	1	1	0	0	/data/tol/data/darwin/insects/Hemicrepidius_hirtus/assembly/curated/icHemNige1.1/icHemNige1.1.primary.fa.gz
Hemicrepidius_niger	insects	release_reference	icHemNige1.1	icHemNige1.1	primary	1	1	0	0	/data/tol/data/darwin/insects/Hemicrepidius_niger/assembly/curated/icHemNige1.1/icHemNige1.1.primary.fa.gz
Hemioniscus_balani	arthropods	release_reference	qmHemBala3.hap1.1	qmHemBala3.1	hap1	1	1	0	0	/data/tol/data/darwin/arthropods/Hemioniscus_balani/assembly/curated/qmHemBala3.1/qmHemBala3.hap1.1.primary.fa.gz
Hemistola_chrysoprasaria	insects	release_reference	ilHemChry1.1	ilHemChry1.1	primary	1	1	0	0	/data/tol/data/darwin/insects/Hemistola_chrysoprasaria/assembly/curated/ilHemChry1.1/ilHemChry1.1.primary.fa.gz
Hemithea_aestivaria	insects	release_reference	ilHemAest2.1	ilHemAest2.1	primary	1	1	0	0	/data/tol/data/darwin/insects/Hemithea_aestivaria/assembly/curated/ilHemAest2.1/ilHemAest2.1.primary.fa.gz
Heracleum_mantegazzianum	dicots	release_reference	drHerMant1.hap1.1	drHerMant1.1	hap1	1	1	0	0	/data/tol/data/darwin/dicots/Heracleum_mantegazzianum/assembly/curated/drHerMant1.1/drHerMant1.hap1.1.primary.fa.gz
Heracleum_sphondylium	dicots	release_reference	drHerSpho1.hap1.1	drHerSpho1.1	hap1	1	1	0	0	/data/tol/data/darwin/dicots/Heracleum_sphondylium/assembly/curated/drHerSpho1.1/drHerSpho1.hap1.1.primary.fa.gz
Herbertus_borealis	non-vascular-plants	newest_curated_no_reference		cjHerBore17.1	primary	1	1	0	0	/data/tol/data/darwin/non-vascular-plants/Herbertus_borealis/assembly/curated/cjHerBore17.1/cjHerBore17.1.primary.fa.gz
Herbertus_hutchinsiae	non-vascular-plants	release_reference	cjHerHutc3.2	cjHerHutc3.2	primary	1	2	0	0	/data/tol/data/darwin/non-vascular-plants/Herbertus_hutchinsiae/assembly/curated/cjHerHutc3.2/cjHerHutc3.2.primary.fa.gz
Herbertus_stramineus	non-vascular-plants	release_reference	cjHerStra2.1	cjHerStra2.1	primary	1	1	0	0	/data/tol/data/darwin/non-vascular-plants/Herbertus_stramineus/assembly/curated/cjHerStra2.1/cjHerStra2.1.primary.fa.gz
Heriades_truncorum	insects	release_reference	iyHerTrun1.hap2.1	iyHerTrun1.1	hap2	1	1	0	0	/data/tol/data/darwin/insects/Heriades_truncorum/assembly/curated/iyHerTrun1.1/iyHerTrun1.hap2.1.primary.fa.gz
Hericium_coralloides	fungi	release_reference	gfHerCora1.1	gfHerCora1.1	primary	1	1	0	0	/data/tol/data/darwin/fungi/Hericium_coralloides/assembly/curated/gfHerCora1.1/gfHerCora1.1.primary.fa.gz
Hericium_erinaceus	fungi	newest_curated_no_reference		gfHerErin3.1	primary	1	1	0	0	/data/tol/data/darwin/fungi/Hericium_erinaceus/assembly/curated/gfHerErin3.1/gfHerErin3.1.primary.fa.gz
Herina_lugubris	insects	release_reference	idHerLugu2.hap1.2	idHerLugu2.2	hap1	1	2	0	0	/data/tol/data/darwin/insects/Herina_lugubris/assembly/curated/idHerLugu2.2/idHerLugu2.hap1.2.primary.fa.gz
Herina_nigrina	insects	release_reference	idHerNign2.hap1.1	idHerNign2.1	hap1	1	1	0	0	/data/tol/data/darwin/insects/Herina_nigrina/assembly/curated/idHerNign2.1/idHerNign2.hap1.1.primary.fa.gz
Hermaeophaga_mercurialis	insects	release_reference	icHerMerc2.1	icHerMerc2.1	primary	1	1	0	0	/data/tol/data/darwin/insects/Hermaeophaga_mercurialis/assembly/curated/icHerMerc2.1/icHerMerc2.1.primary.fa.gz
Herminia_grisealis	insects	release_reference	ilHerGris2.hap1.1	ilHerGris2.1	hap1	1	1	0	1	/data/tol/data/darwin/insects/Herminia_grisealis/assembly/curated/ilHerGris2.1/ilHerGris2.hap1.1.primary.fa.gz
Herminia_tarsipennalis	insects	release_reference	ilHerTari1.2	ilHerTari1.2	primary	1	2	0	0	/data/tol/data/darwin/insects/Herminia_tarsipennalis/assembly/curated/ilHerTari1.2/ilHerTari1.2.primary.fa.gz
Hesperia_comma	insects	release_reference	ilHesComm1.1	ilHesComm1.1	primary	1	1	0	0	/data/tol/data/darwin/insects/Hesperia_comma/assembly/curated/ilHesComm1.1/ilHesComm1.1.primary.fa.gz
Hesperis_matronalis	dicots	release_reference	ddHesMatr1.hap1.1	ddHesMatr1.1	hap1	1	1	0	0	/data/tol/data/darwin/dicots/Hesperis_matronalis/assembly/curated/ddHesMatr1.1/ddHesMatr1.hap1.1.primary.fa.gz
Heteranomia_squamula	molluscs	release_reference	xbHetSqua3.1	xbHetSqua3.1	primary	1	1	0	0	/data/tol/data/darwin/molluscs/Heteranomia_squamula/assembly/curated/xbHetSqua3.1/xbHetSqua3.1.primary.fa.gz
Heterocladium_heteropterum	non-vascular-plants	release_reference	cbHetHete15.2	cbHetHete15.2	primary	1	2	0	0	/data/tol/data/darwin/non-vascular-plants/Heterocladium_heteropterum/assembly/curated/cbHetHete15.2/cbHetHete15.2.primary.fa.gz
Heterogaster_urticae	insects	release_reference	ihHetUrti1.hap1.1	ihHetUrti1.1	hap1	1	1	0	0	/data/tol/data/darwin/insects/Heterogaster_urticae/assembly/curated/ihHetUrti1.1/ihHetUrti1.hap1.1.primary.fa.gz
Heteromyza_rotundicornis	insects	release_reference	idHetRotu1.1	idHetRotu1.1	primary	1	1	0	0	/data/tol/data/darwin/insects/Heteromyza_rotundicornis/assembly/curated/idHetRotu1.1/idHetRotu1.1.primary.fa.gz
Heteropelma_amictum	insects	release_reference	iyHetAmic1.1	iyHetAmic1.1	primary	1	1	0	0	/data/tol/data/darwin/insects/Heteropelma_amictum/assembly/curated/iyHetAmic1.1/iyHetAmic1.1.primary.fa.gz
Heterotoma_planicornis	insects	release_reference	ihHetPlan1.hap1.1	ihHetPlan1.1	hap1	1	1	0	0	/data/tol/data/darwin/insects/Heterotoma_planicornis/assembly/curated/ihHetPlan1.1/ihHetPlan1.hap1.1.primary.fa.gz
Hibiscus_tridactylites	dicots	release_reference	ddHibTrid2.1	ddHibTrid2.1	primary	1	1	0	0	/data/tol/data/darwin/dicots/Hibiscus_tridactylites/assembly/curated/ddHibTrid2.1/ddHibTrid2.1.primary.fa.gz
Hibiscus_verdcourtii	dicots	release_reference	ddHibVerd5.1	ddHibVerd5.1	primary	1	1	0	0	/data/tol/data/darwin/dicots/Hibiscus_verdcourtii/assembly/curated/ddHibVerd5.1/ddHibVerd5.1.primary.fa.gz
Hieracium_snowdoniense	dicots	release_reference	daHieSnow1.hap1.1	daHieSnow1.1	hap1	1	1	0	0	/data/tol/data/darwin/dicots/Hieracium_snowdoniense/assembly/curated/daHieSnow1.1/daHieSnow1.hap1.1.primary.fa.gz
Hierochloe_odorata	monocots	release_reference	lpHieOdor1.hap1.1	lpHieOdor1.1	hap1	1	1	0	0	/data/tol/data/darwin/monocots/Hierochloe_odorata/assembly/curated/lpHieOdor1.1/lpHieOdor1.hap1.1.primary.fa.gz
Hipparchia_semele	insects	release_reference	ilHipSeme1.2	ilHipSeme1.2	primary	1	2	0	0	/data/tol/data/darwin/insects/Hipparchia_semele/assembly/curated/ilHipSeme1.2/ilHipSeme1.2.primary.fa.gz
Hippophae_rhamnoides	dicots	newest_curated_no_reference		drHipRham1.1	hap1	1	1	0	0	/data/tol/data/darwin/dicots/Hippophae_rhamnoides/assembly/curated/drHipRham1.1/drHipRham1.hap1.1.primary.fa.gz
Hippuris_vulgaris	dicots	release_reference	daHipVulg1.hap1.1	daHipVulg1.1	hap1	1	1	0	0	/data/tol/data/darwin/dicots/Hippuris_vulgaris/assembly/curated/daHipVulg1.1/daHipVulg1.hap1.1.primary.fa.gz
Hirtodrosophila_cameraria	insects	release_reference	idHirCame2.1	idHirCame2.1	primary	1	1	0	0	/data/tol/data/darwin/insects/Hirtodrosophila_cameraria/assembly/curated/idHirCame2.1/idHirCame2.1.primary.fa.gz
Hofmannophila_pseudospretella	insects	release_reference	ilHofPseu3.1	ilHofPseu3.1	primary	1	1	1	0	/data/tol/data/darwin/insects/Hofmannophila_pseudospretella/assembly/curated/ilHofPseu3.1/ilHofPseu3.1.primary.fa.gz
Holcus_mollis	monocots	release_reference	lpHolMoll1.hap1.1	lpHolMoll1.1	hap1	1	1	0	0	/data/tol/data/darwin/monocots/Holcus_mollis/assembly/curated/lpHolMoll1.1/lpHolMoll1.hap1.1.primary.fa.gz
Hololepta_plana	insects	release_reference	icHolPlan1.2	icHolPlan1.2	primary	1	2	0	0	/data/tol/data/darwin/insects/Hololepta_plana/assembly/curated/icHolPlan1.2/icHolPlan1.2.primary.fa.gz
Holothuria_forskali	echinoderms	release_reference	ehHolFors1.hap1.1	ehHolFors1.1	hap1	1	1	0	0	/data/tol/data/darwin/echinoderms/Holothuria_forskali/assembly/curated/ehHolFors1.1/ehHolFors1.hap1.1.primary.fa.gz
Homoeosoma_sinuella	insects	release_reference	ilHomSinu1.hap1.1	ilHomSinu1.1	hap1	1	1	0	0	/data/tol/data/darwin/insects/Homoeosoma_sinuella/assembly/curated/ilHomSinu1.1/ilHomSinu1.hap1.1.primary.fa.gz
Honckenya_peploides	dicots	release_reference	dcHonPepl1.hap1.2	dcHonPepl1.2	hap1	1	2	0	0	/data/tol/data/darwin/dicots/Honckenya_peploides/assembly/curated/dcHonPepl1.2/dcHonPepl1.hap1.2.primary.fa.gz
Hookeria_lucens	non-vascular-plants	release_reference	cbHooLuce1.1	cbHooLuce1.1	primary	1	1	0	0	/data/tol/data/darwin/non-vascular-plants/Hookeria_lucens/assembly/curated/cbHooLuce1.1/cbHooLuce1.1.primary.fa.gz
Hoplismenus_bidentatus	insects	release_reference	iyHopBide1.hap1.1	iyHopBide1.1	hap1	1	1	0	0	/data/tol/data/darwin/insects/Hoplismenus_bidentatus/assembly/curated/iyHopBide1.1/iyHopBide1.hap1.1.primary.fa.gz
Hoplocampa_crataegi	insects	release_reference	iyHopCrat1.hap1.1	iyHopCrat1.1	hap1	1	1	0	0	/data/tol/data/darwin/insects/Hoplocampa_crataegi/assembly/curated/iyHopCrat1.1/iyHopCrat1.hap1.1.primary.fa.gz
Hoplodrina_ambigua	insects	release_reference	ilHopAmbi1.1	ilHopAmbi1.1	primary	1	1	0	0	/data/tol/data/darwin/insects/Hoplodrina_ambigua/assembly/curated/ilHopAmbi1.1/ilHopAmbi1.1.primary.fa.gz
Hoplodrina_blanda	insects	release_reference	ilHopBlan1.1	ilHopBlan1.1	primary	1	1	0	0	/data/tol/data/darwin/insects/Hoplodrina_blanda/assembly/curated/ilHopBlan1.1/ilHopBlan1.1.primary.fa.gz
Hoplodrina_octogenaria	insects	release_reference	ilHopOcto1.1	ilHopOcto1.1	primary	1	1	0	0	/data/tol/data/darwin/insects/Hoplodrina_octogenaria/assembly/curated/ilHopOcto1.1/ilHopOcto1.1.primary.fa.gz
Hordeum_vulgare	monocots	newest_curated_no_reference		lpHorVulg1.1	hap1	1	1	0	0	/data/tol/data/darwin/monocots/Hordeum_vulgare/assembly/curated/lpHorVulg1.1/lpHorVulg1.hap1.1.primary.fa.gz
Horisme_tersata	insects	release_reference	ilHorTers1.hap1.1	ilHorTers1.1	hap1	1	1	0	0	/data/tol/data/darwin/insects/Horisme_tersata/assembly/curated/ilHorTers1.1/ilHorTers1.hap1.1.primary.fa.gz
Horisme_vitalbata	insects	release_reference	ilHorVita1.1	ilHorVita1.1	primary	1	1	1	0	/data/tol/data/darwin/insects/Horisme_vitalbata/assembly/curated/ilHorVita1.1/ilHorVita1.1.primary.fa.gz
Hottonia_palustris	dicots	release_reference	ddHotPalu2.hap1.1	ddHotPalu2.1	hap1	1	1	0	0	/data/tol/data/darwin/dicots/Hottonia_palustris/assembly/curated/ddHotPalu2.1/ddHotPalu2.hap1.1.primary.fa.gz
Humulus_lupulus	dicots	release_reference	drHumLupu1.1	drHumLupu1.1	primary	1	1	0	0	/data/tol/data/darwin/dicots/Humulus_lupulus/assembly/curated/drHumLupu1.1/drHumLupu1.1.primary.fa.gz
Hybos_culiciformis	insects	release_reference	idHybCuli1.1	idHybCuli1.1	primary	1	1	1	0	/data/tol/data/darwin/insects/Hybos_culiciformis/assembly/curated/idHybCuli1.1/idHybCuli1.1.primary.fa.gz
Hybos_femoratus	insects	release_reference	idHybFemo1.1	idHybFemo1.1	primary	1	1	0	0	/data/tol/data/darwin/insects/Hybos_femoratus/assembly/curated/idHybFemo1.1/idHybFemo1.1.primary.fa.gz
Hydnum_repandum	fungi	release_reference	gfHydRepa2.hap2.1	gfHydRepa2.1	hap2	1	1	0	0	/data/tol/data/darwin/fungi/Hydnum_repandum/assembly/curated/gfHydRepa2.1/gfHydRepa2.hap2.1.primary.fa.gz
Hydraecia_micacea	insects	release_reference	ilHydMica1.1	ilHydMica1.1	legacy_curated_primary	1	1	0	0	/data/tol/data/darwin/insects/Hydraecia_micacea/assembly/curated/ilHydMica1.1/ilHydMica1_1.curated_primary.fa
Hydriomena_furcata	insects	release_reference	ilHydFurc1.1	ilHydFurc1.1	legacy_curated_primary	1	1	0	0	/data/tol/data/darwin/insects/Hydriomena_furcata/assembly/curated/ilHydFurc1.1/ilHydFurc1_1.curated_primary.fa
Hydrocotyle_vulgaris	dicots	release_reference	drHydVulg1.hap1.1	drHydVulg1.1	hap1	1	1	0	0	/data/tol/data/darwin/dicots/Hydrocotyle_vulgaris/assembly/curated/drHydVulg1.1/drHydVulg1.hap1.1.primary.fa.gz
Hydrotaea_cyrtoneurina	insects	release_reference	idHydCyrt1.1	idHydCyrt1.1	primary	1	1	0	0	/data/tol/data/darwin/insects/Hydrotaea_cyrtoneurina/assembly/curated/idHydCyrt1.1/idHydCyrt1.1.primary.fa.gz
Hydrotaea_diabolus	insects	release_reference	idHydDiab1.1	idHydDiab1.1	primary	1	1	0	0	/data/tol/data/darwin/insects/Hydrotaea_diabolus/assembly/curated/idHydDiab1.1/idHydDiab1.1.primary.fa.gz
Hydrotaea_militaris	insects	release_reference	idHydMili2.hap1.1	idHydMili2.1	hap1	1	1	0	0	/data/tol/data/darwin/insects/Hydrotaea_militaris/assembly/curated/idHydMili2.1/idHydMili2.hap1.1.primary.fa.gz
Hydrotaea_similis	insects	release_reference	idHydSimi1.hap1.1	idHydSimi1.1	hap1	1	1	0	0	/data/tol/data/darwin/insects/Hydrotaea_similis/assembly/curated/idHydSimi1.1/idHydSimi1.hap1.1.primary.fa.gz
Hygrocybe_chlorophana	fungi	release_reference	gfHygChlo1.1	gfHygChlo1.1	primary	1	1	0	0	/data/tol/data/darwin/fungi/Hygrocybe_chlorophana/assembly/curated/gfHygChlo1.1/gfHygChlo1.1.primary.fa.gz
Hygrocybe_citrinovirens	fungi	release_reference	gfHygCiti1.hap1.1	gfHygCiti1.1	hap1	1	1	0	0	/data/tol/data/darwin/fungi/Hygrocybe_citrinovirens/assembly/curated/gfHygCiti1.1/gfHygCiti1.hap1.1.primary.fa.gz
Hygrocybe_coccinea	fungi	release_reference	gfHygCocc2.2	gfHygCocc2.2	primary	1	2	0	0	/data/tol/data/darwin/fungi/Hygrocybe_coccinea/assembly/curated/gfHygCocc2.2/gfHygCocc2.2.primary.fa.gz
Hygrocybe_conica	fungi	release_reference	gfHygConi1.hap1.1	gfHygConi1.1	hap1	1	1	0	0	/data/tol/data/darwin/fungi/Hygrocybe_conica/assembly/curated/gfHygConi1.1/gfHygConi1.hap1.1.primary.fa.gz
Hygrocybe_helobia	fungi	release_reference	gfHygHelo1.hap1.1	gfHygHelo1.1	hap1	1	1	0	0	/data/tol/data/darwin/fungi/Hygrocybe_helobia/assembly/curated/gfHygHelo1.1/gfHygHelo1.hap1.1.primary.fa.gz
Hygrocybe_punicea	fungi	release_reference	gfHygPuni3.1	gfHygPuni3.1	primary	1	1	0	0	/data/tol/data/darwin/fungi/Hygrocybe_punicea/assembly/curated/gfHygPuni3.1/gfHygPuni3.1.primary.fa.gz
Hygrohypnum_duriusculum	non-vascular-plants	release_reference	cbHygDuri1.1	cbHygDuri1.1	primary	1	1	0	0	/data/tol/data/darwin/non-vascular-plants/Hygrohypnum_duriusculum/assembly/curated/cbHygDuri1.1/cbHygDuri1.1.primary.fa.gz
Hygromia_cinctella	molluscs	release_reference	xgHygCinc1.hap1.2	xgHygCinc1.2	hap1	1	2	0	0	/data/tol/data/darwin/molluscs/Hygromia_cinctella/assembly/curated/xgHygCinc1.2/xgHygCinc1.hap1.2.primary.fa.gz
Hylaea_fasciaria	insects	release_reference	ilHylFasc1.1	ilHylFasc1.1	primary	1	1	1	0	/data/tol/data/darwin/insects/Hylaea_fasciaria/assembly/curated/ilHylFasc1.1/ilHylFasc1.1.primary.fa.gz
Hylaeus_dilatatus	insects	release_reference	iyHylDila1.hap1.1	iyHylDila1.1	hap1	1	1	0	0	/data/tol/data/darwin/insects/Hylaeus_dilatatus/assembly/curated/iyHylDila1.1/iyHylDila1.hap1.1.primary.fa.gz
Hylaeus_hyalinatus	insects	release_reference	iyHylHyal1.hap1.1	iyHylHyal1.1	hap1	1	1	0	0	/data/tol/data/darwin/insects/Hylaeus_hyalinatus/assembly/curated/iyHylHyal1.1/iyHylHyal1.hap1.1.primary.fa.gz
Hylaeus_signatus	insects	release_reference	iyHylSign1.1	iyHylSign1.1	primary	1	1	0	0	/data/tol/data/darwin/insects/Hylaeus_signatus/assembly/curated/iyHylSign1.1/iyHylSign1.1.primary.fa.gz
Hylobius_abietis	insects	release_reference	icHylAbie1.hap1.1	icHylAbie1.1	hap1	1	1	0	0	/data/tol/data/darwin/insects/Hylobius_abietis/assembly/curated/icHylAbie1.1/icHylAbie1.hap1.1.primary.fa.gz
Hylocomiadelphus_triquetrus	non-vascular-plants	release_reference	cbHylTriq8.1	cbHylTriq8.1	primary	1	1	0	0	/data/tol/data/darwin/non-vascular-plants/Hylocomiadelphus_triquetrus/assembly/curated/cbHylTriq8.1/cbHylTriq8.1.primary.fa.gz
Hymenoloma_crispulum	non-vascular-plants	newest_curated_no_reference		cbHymCris6.1	primary	1	1	0	0	/data/tol/data/darwin/non-vascular-plants/Hymenoloma_crispulum/assembly/curated/cbHymCris6.1/cbHymCris6.1.primary.fa.gz
Hyocomium_armoricum	non-vascular-plants	release_reference	cbHyoArmo16.1	cbHyoArmo16.1	primary	1	1	0	0	/data/tol/data/darwin/non-vascular-plants/Hyocomium_armoricum/assembly/curated/cbHyoArmo16.1/cbHyoArmo16.1.primary.fa.gz
Hypatima_rhomboidella	insects	release_reference	ilHypRhom1.hap1.1	ilHypRhom1.1	hap1	1	1	0	0	/data/tol/data/darwin/insects/Hypatima_rhomboidella/assembly/curated/ilHypRhom1.1/ilHypRhom1.hap1.1.primary.fa.gz
Hypena_proboscidalis	insects	release_reference	ilHypProb1.1	ilHypProb1.1	primary	1	1	0	0	/data/tol/data/darwin/insects/Hypena_proboscidalis/assembly/curated/ilHypProb1.1/ilHypProb1.1.primary.fa.gz
Hypera_postica	insects	release_reference	icHypPost1.hap1.1	icHypPost1.1	hap1	1	1	0	0	/data/tol/data/darwin/insects/Hypera_postica/assembly/curated/icHypPost1.1/icHypPost1.hap1.1.primary.fa.gz
Hypera_rumicis	insects	release_reference	icHypRumi1.hap1.1	icHypRumi1.1	hap1	1	1	0	0	/data/tol/data/darwin/insects/Hypera_rumicis/assembly/curated/icHypRumi1.1/icHypRumi1.hap1.1.primary.fa
Hypericum_androsaemum	dicots	release_reference	ddHypAndr1.1	ddHypAndr1.1	primary	1	1	0	0	/data/tol/data/darwin/dicots/Hypericum_androsaemum/assembly/curated/ddHypAndr1.1/ddHypAndr1.1.primary.fa.gz
Hypericum_hircinum	dicots	release_reference	ddHypHirc1.hap1.1	ddHypHirc1.1	hap1	1	1	0	0	/data/tol/data/darwin/dicots/Hypericum_hircinum/assembly/curated/ddHypHirc1.1/ddHypHirc1.hap1.1.primary.fa.gz
Hypericum_hirsutum	dicots	release_reference	ddHypHirs1.hap1.1	ddHypHirs1.1	hap1	1	1	0	0	/data/tol/data/darwin/dicots/Hypericum_hirsutum/assembly/curated/ddHypHirs1.1/ddHypHirs1.hap1.1.primary.fa.gz
Hypericum_maculatum	dicots	release_reference	ddHypMacu1.hap1.1	ddHypMacu1.1	hap1	1	1	0	0	/data/tol/data/darwin/dicots/Hypericum_maculatum/assembly/curated/ddHypMacu1.1/ddHypMacu1.hap1.1.primary.fa.gz
Hypericum_perforatum	dicots	release_reference	ddHypPerf1.hap1.1	ddHypPerf1.1	hap1	1	1	0	0	/data/tol/data/darwin/dicots/Hypericum_perforatum/assembly/curated/ddHypPerf1.1/ddHypPerf1.hap1.1.primary.fa.gz
Hypericum_pulchrum	dicots	release_reference	ddHypPulc1.hap1.1	ddHypPulc1.1	hap1	1	1	0	0	/data/tol/data/darwin/dicots/Hypericum_pulchrum/assembly/curated/ddHypPulc1.1/ddHypPulc1.hap1.1.primary.fa.gz
Hyperoodon_ampullatus	mammals	release_reference	mHypAmp2.1	mHypAmp2.1	primary	1	1	0	0	/data/tol/data/darwin/mammals/Hyperoodon_ampullatus/assembly/curated/mHypAmp2.1/mHypAmp2.1.primary.fa.gz
Hyperoplus_immaculatus	fish	release_reference	fHypImm3.1	fHypImm3.1	primary	1	1	0	0	/data/tol/data/darwin/fish/Hyperoplus_immaculatus/assembly/curated/fHypImm3.1/fHypImm3.1.primary.fa
Hypnum_cupressiforme	non-vascular-plants	release_reference	cbHypCupr5.2	cbHypCupr5.2	primary	1	2	0	0	/data/tol/data/darwin/non-vascular-plants/Hypnum_cupressiforme/assembly/curated/cbHypCupr5.2/cbHypCupr5.2.primary.fa.gz
Hypochaeris_maculata	dicots	release_reference	daHypMacu1.hap1.1	daHypMacu1.1	hap1	1	1	0	0	/data/tol/data/darwin/dicots/Hypochaeris_maculata/assembly/curated/daHypMacu1.1/daHypMacu1.hap1.1.primary.fa.gz
Hypomecis_atomaria	insects	release_reference	ilHypAtoa1.1	ilHypAtoa1.1	primary	1	1	0	0	/data/tol/data/darwin/insects/Hypomecis_atomaria/assembly/curated/ilHypAtoa1.1/ilHypAtoa1.1.primary.fa.gz
Hypomecis_punctinalis	insects	release_reference	ilHypPunc1.1	ilHypPunc1.1	primary	1	1	0	0	/data/tol/data/darwin/insects/Hypomecis_punctinalis/assembly/curated/ilHypPunc1.1/ilHypPunc1.1.primary.fa.gz
Hyposoter_dolosus	insects	release_reference	iyHypDolo1.1	iyHypDolo1.1	primary	1	1	0	0	/data/tol/data/darwin/insects/Hyposoter_dolosus/assembly/curated/iyHypDolo1.1/iyHypDolo1.1.primary.fa.gz
Hyppa_rectilinea	insects	release_reference	ilHypRect1.1	ilHypRect1.1	primary	1	1	0	0	/data/tol/data/darwin/insects/Hyppa_rectilinea/assembly/curated/ilHypRect1.1/ilHypRect1.1.primary.fa.gz
Hypsopygia_costalis	insects	release_reference	ilHypCost1.2	ilHypCost1.2	primary	1	2	0	0	/data/tol/data/darwin/insects/Hypsopygia_costalis/assembly/curated/ilHypCost1.2/ilHypCost1.2.primary.fa.gz
Hysterophora_maculosana	insects	newest_curated_no_reference		ilHysMacu3.1	primary	1	1	0	0	/data/tol/data/darwin/insects/Hysterophora_maculosana/assembly/curated/ilHysMacu3.1/ilHysMacu3.1.primary.fa.gz
Icerya_purchasi	insects	release_reference	ihIcePurc2.1	ihIcePurc2.1	primary	1	1	2	1	/data/tol/data/darwin/insects/Icerya_purchasi/assembly/curated/ihIcePurc2.1/ihIcePurc2.1.primary.fa.gz
Ichneumon_extensorius	insects	release_reference	iyIchExte1.hap1.1	iyIchExte1.1	hap1	1	1	0	0	/data/tol/data/darwin/insects/Ichneumon_extensorius/assembly/curated/iyIchExte1.1/iyIchExte1.hap1.1.primary.fa.gz
Ichneumon_xanthorius	insects	release_reference	iyIchXant1.1	iyIchXant1.1	hap1	1	1	0	1	/data/tol/data/darwin/insects/Ichneumon_xanthorius/assembly/curated/iyIchXant1.1/iyIchXant1.hap1.1.primary.fa.gz
Idaea_aversata	insects	release_reference	ilIdaAver1.1	ilIdaAver1.1	primary	1	1	1	0	/data/tol/data/darwin/insects/Idaea_aversata/assembly/curated/ilIdaAver1.1/ilIdaAver1.1.primary.fa.gz
Idaea_biselata	insects	release_reference	ilIdaBise2.1	ilIdaBise2.1	primary	1	1	2	1	/data/tol/data/darwin/insects/Idaea_biselata/assembly/curated/ilIdaBise2.1/ilIdaBise2.1.primary.fa.gz
Idaea_dimidiata	insects	release_reference	ilIdaDimi2.1	ilIdaDimi2.1	primary	1	1	0	0	/data/tol/data/darwin/insects/Idaea_dimidiata/assembly/curated/ilIdaDimi2.1/ilIdaDimi2.1.primary.fa.gz
Idaea_emarginata	insects	release_reference	ilIdaEmar3.hap1.1	ilIdaEmar3.1	hap1	1	1	0	0	/data/tol/data/darwin/insects/Idaea_emarginata/assembly/curated/ilIdaEmar3.1/ilIdaEmar3.hap1.1.primary.fa.gz
Idaea_fuscovenosa	insects	release_reference	ilIdaFusc1.hap1.1	ilIdaFusc1.1	hap1	1	1	0	0	/data/tol/data/darwin/insects/Idaea_fuscovenosa/assembly/curated/ilIdaFusc1.1/ilIdaFusc1.hap1.1.primary.fa.gz
Idaea_ochrata	insects	release_reference	ilIdaOchr1.hap2.1	ilIdaOchr1.1	hap2	1	1	0	0	/data/tol/data/darwin/insects/Idaea_ochrata/assembly/curated/ilIdaOchr1.1/ilIdaOchr1.hap2.1.primary.fa.gz
Idaea_rusticata	insects	release_reference	ilIdaRust2.1	ilIdaRust2.1	primary	1	1	0	0	/data/tol/data/darwin/insects/Idaea_rusticata/assembly/curated/ilIdaRust2.1/ilIdaRust2.1.primary.fa.gz
Idaea_seriata	insects	release_reference	ilIdaSeri2.1	ilIdaSeri2.1	primary	1	1	0	0	/data/tol/data/darwin/insects/Idaea_seriata/assembly/curated/ilIdaSeri2.1/ilIdaSeri2.1.primary.fa.gz
Idaea_straminata	insects	release_reference	ilIdaStra1.1	ilIdaStra1.1	primary	1	1	0	0	/data/tol/data/darwin/insects/Idaea_straminata/assembly/curated/ilIdaStra1.1/ilIdaStra1.1.primary.fa.gz
Idaea_sylvestraria	insects	release_reference	ilIdaSylv1.hap1.1	ilIdaSylv1.1	hap1	1	1	0	0	/data/tol/data/darwin/insects/Idaea_sylvestraria/assembly/curated/ilIdaSylv1.1/ilIdaSylv1.hap1.1.primary.fa.gz
Idaea_trigeminata	insects	release_reference	ilIdaTrig2.1	ilIdaTrig2.1	primary	1	1	0	0	/data/tol/data/darwin/insects/Idaea_trigeminata/assembly/curated/ilIdaTrig2.1/ilIdaTrig2.1.primary.fa.gz
Ilex_aquifolium	dicots	release_reference	drIleAqui2.1	drIleAqui2.1	primary	1	1	0	0	/data/tol/data/darwin/dicots/Ilex_aquifolium/assembly/curated/drIleAqui2.1/drIleAqui2.1.primary.fa.gz
Ilione_lineata	insects	release_reference	idIliLine1.hap1.1	idIliLine1.1	hap1	1	1	0	0	/data/tol/data/darwin/insects/Ilione_lineata/assembly/curated/idIliLine1.1/idIliLine1.hap1.1.primary.fa.gz
Ilybius_aenescens	insects	release_reference	icIlyAene1.hap1.1	icIlyAene1.1	hap1	1	1	0	0	/data/tol/data/darwin/insects/Ilybius_aenescens/assembly/curated/icIlyAene1.1/icIlyAene1.hap1.1.primary.fa.gz
Impatiens_glandulifera	dicots	release_reference	dImpGla2.1	dImpGla2.1	primary	1	1	0	0	/data/tol/data/darwin/dicots/Impatiens_glandulifera/assembly/curated/dImpGla2.1/dImpGla2.1.primary.fa.gz
Impatiens_noli_tangere	dicots	release_reference	ddImpNoli1.hap1.1	ddImpNoli1.1	hap1	1	1	0	0	/data/tol/data/darwin/dicots/Impatiens_noli_tangere/assembly/curated/ddImpNoli1.1/ddImpNoli1.hap1.1.primary.fa.gz
Impatiens_parviflora	dicots	release_reference	ddImpParv1.hap1.1	ddImpParv1.1	hap1	1	1	0	0	/data/tol/data/darwin/dicots/Impatiens_parviflora/assembly/curated/ddImpParv1.1/ddImpParv1.hap1.1.primary.fa.gz
Inachis_io	insects	release_reference	ilAglIoxx1.1	ilAglIoxx1.1	primary	1	1	0	1	/data/tol/data/darwin/insects/Inachis_io/assembly/curated/ilAglIoxx1.1/ilAglIoxx1.1.primary.fa.gz
Incurvaria_masculella	insects	release_reference	ilIncMasc1.2	ilIncMasc1.2	primary	1	2	0	0	/data/tol/data/darwin/insects/Incurvaria_masculella/assembly/curated/ilIncMasc1.2/ilIncMasc1.2.primary.fa.gz
Incurvaria_pectinea	insects	release_reference	ilIncPect1.hap1.1	ilIncPect1.1	hap1	1	1	0	0	/data/tol/data/darwin/insects/Incurvaria_pectinea/assembly/curated/ilIncPect1.1/ilIncPect1.hap1.1.primary.fa.gz
Inocybe_asterospora	fungi	release_reference	gfInoAste3.hap1.1	gfInoAste3.1	hap1	1	1	0	0	/data/tol/data/darwin/fungi/Inocybe_asterospora/assembly/curated/gfInoAste3.1/gfInoAste3.hap1.1.primary.fa.gz
Inocybe_fraudans	fungi	release_reference	gfInoFrau1.1	gfInoFrau1.1	primary	1	1	0	0	/data/tol/data/darwin/fungi/Inocybe_fraudans/assembly/curated/gfInoFrau1.1/gfInoFrau1.1.primary.fa.gz
Inocybe_grammopodia	fungi	release_reference	gfInoGrao2.1	gfInoGrao2.1	primary	1	1	0	0	/data/tol/data/darwin/fungi/Inocybe_grammopodia/assembly/curated/gfInoGrao2.1/gfInoGrao2.1.primary.fa.gz
Inocybe_obscuroides	fungi	release_reference	gfInoObsi1.1	gfInoObsi1.1	primary	1	1	0	0	/data/tol/data/darwin/fungi/Inocybe_obscuroides/assembly/curated/gfInoObsi1.1/gfInoObsi1.1.primary.fa.gz
Inocybe_petiginosa	fungi	release_reference	gfInoPeti2.1	gfInoPeti2.1	primary	1	1	0	0	/data/tol/data/darwin/fungi/Inocybe_petiginosa/assembly/curated/gfInoPeti2.1/gfInoPeti2.1.primary.fa.gz
Inocybe_sindonia	fungi	release_reference	gfInoSind2.hap1.1	gfInoSind2.1	hap1	1	1	0	0	/data/tol/data/darwin/fungi/Inocybe_sindonia/assembly/curated/gfInoSind2.1/gfInoSind2.hap1.1.primary.fa.gz
Inocybe_tigrina	fungi	release_reference	gfInoTigr1.1	gfInoTigr1.1	primary	1	1	0	0	/data/tol/data/darwin/fungi/Inocybe_tigrina/assembly/curated/gfInoTigr1.1/gfInoTigr1.1.primary.fa.gz
Inula_conyza	dicots	release_reference	daInuConz1.hap1.1	daInuConz1.1	hap1	1	1	0	0	/data/tol/data/darwin/dicots/Inula_conyza/assembly/curated/daInuConz1.1/daInuConz1.hap1.1.primary.fa.gz
Inula_salicina	dicots	release_reference	daInuSali1.hap2.1	daInuSali1.1	hap2	1	1	0	0	/data/tol/data/darwin/dicots/Inula_salicina/assembly/curated/daInuSali1.1/daInuSali1.hap2.1.primary.fa.gz
Ipimorpha_subtusa	insects	release_reference	ilIpiSubt1.hap1.1	ilIpiSubt1.1	hap1	1	1	0	0	/data/tol/data/darwin/insects/Ipimorpha_subtusa/assembly/curated/ilIpiSubt1.1/ilIpiSubt1.hap1.1.primary.fa.gz
Ips_sexdentatus	insects	release_reference	icIpsSexd1.hap1.1	icIpsSexd1.1	hap1	1	1	0	0	/data/tol/data/darwin/insects/Ips_sexdentatus/assembly/curated/icIpsSexd1.1/icIpsSexd1.hap1.1.primary.fa.gz
Iris_foetidissima	monocots	release_reference	lsIriFoet1.hap1.1	lsIriFoet1.1	hap1	1	1	0	0	/data/tol/data/darwin/monocots/Iris_foetidissima/assembly/curated/lsIriFoet1.1/lsIriFoet1.hap1.1.primary.fa.gz
Ischnodemus_sabuleti	insects	release_reference	ihIscSabu2.hap1.1	ihIscSabu2.1	hap1	1	1	0	0	/data/tol/data/darwin/insects/Ischnodemus_sabuleti/assembly/curated/ihIscSabu2.1/ihIscSabu2.hap1.1.primary.fa.gz
Ischnura_elegans	insects	release_reference	ioIscEleg1.2	ioIscEleg1.2	primary	1	2	1	0	/data/tol/data/darwin/insects/Ischnura_elegans/assembly/curated/ioIscEleg1.2/ioIscEleg1.2.primary.fa.gz
Ischnus_inquisitorius	insects	release_reference	iyIscInqu1.1	iyIscInqu1.1	primary	1	1	1	1	/data/tol/data/darwin/insects/Ischnus_inquisitorius/assembly/curated/iyIscInqu1.1/iyIscInqu1.1.primary.fa.gz
Isochrysis_galbana	protists	newest_curated_no_reference		uhIsoGalb1.1	primary	1	1	0	0	/data/tol/data/darwin/protists/Isochrysis_galbana/assembly/curated/uhIsoGalb1.1/uhIsoGalb1.1.primary.fa.gz
Isolepis_cernua	monocots	release_reference	lpIsoCern1.hap1.1	lpIsoCern1.1	hap1	1	1	0	0	/data/tol/data/darwin/monocots/Isolepis_cernua/assembly/curated/lpIsoCern1.1/lpIsoCern1.hap1.1.primary.fa.gz
Isoperla_grammatica	insects	release_reference	ipIsoGram3.1	ipIsoGram3.1	primary	1	1	0	0	/data/tol/data/darwin/insects/Isoperla_grammatica/assembly/curated/ipIsoGram3.1/ipIsoGram3.1.primary.fa.gz
Isopterygiella_pulchella	non-vascular-plants	release_reference	cbIsoPulc3.4	cbIsoPulc3.4	primary	1	4	0	0	/data/tol/data/darwin/non-vascular-plants/Isopterygiella_pulchella/assembly/curated/cbIsoPulc3.4/cbIsoPulc3.4.primary.fa.gz
Isothecium_myosuroides	non-vascular-plants	release_reference	cbIsoMyos1.1	cbIsoMyos1.1	primary	1	1	0	0	/data/tol/data/darwin/non-vascular-plants/Isothecium_myosuroides/assembly/curated/cbIsoMyos1.1/cbIsoMyos1.1.primary.fa.gz
Itoplectis_maculator	insects	release_reference	iyItoMacu1.1	iyItoMacu1.1	primary	1	1	0	0	/data/tol/data/darwin/insects/Itoplectis_maculator/assembly/curated/iyItoMacu1.1/iyItoMacu1.1.primary.fa.gz
Jacobaea_maritima	dicots	release_reference	daJacMari1.hap1.1	daJacMari1.1	hap1	1	1	0	0	/data/tol/data/darwin/dicots/Jacobaea_maritima/assembly/curated/daJacMari1.1/daJacMari1.hap1.1.primary.fa.gz
Jacobaea_vulgaris	dicots	release_reference	daJacVulg1.hap1.1	daJacVulg1.1	hap1	1	1	0	0	/data/tol/data/darwin/dicots/Jacobaea_vulgaris/assembly/curated/daJacVulg1.1/daJacVulg1.hap1.1.primary.fa.gz
Jaera_albifrons	arthropods	release_reference	qmJaeAlbi1.1	qmJaeAlbi1.1	primary	1	1	0	0	/data/tol/data/darwin/arthropods/Jaera_albifrons/assembly/curated/qmJaeAlbi1.1/qmJaeAlbi1.1.primary.fa.gz
Janolus_hyalinus	molluscs	release_reference	xgJanHyal1.hap1.1	xgJanHyal1.1	hap1	1	1	0	0	/data/tol/data/darwin/molluscs/Janolus_hyalinus/assembly/curated/xgJanHyal1.1/xgJanHyal1.hap1.1.primary.fa.gz
Jasione_montana	dicots	release_reference	daJasMont1.hap1.1	daJasMont1.1	hap1	1	1	0	0	/data/tol/data/darwin/dicots/Jasione_montana/assembly/curated/daJasMont1.1/daJasMont1.hap1.1.primary.fa.gz
Juglans_regia	dicots	newest_curated_no_reference		dhJugRegi1.1	hap1	1	1	0	0	/data/tol/data/darwin/dicots/Juglans_regia/assembly/curated/dhJugRegi1.1/dhJugRegi1.hap1.1.primary.fa.gz
Juncus_bufonius	monocots	release_reference	lpJunBufo1.hap1.1	lpJunBufo1.1	hap1	1	1	0	0	/data/tol/data/darwin/monocots/Juncus_bufonius/assembly/curated/lpJunBufo1.1/lpJunBufo1.hap1.1.primary.fa.gz
Juncus_conglomeratus	monocots	release_reference	lpJunCong1.hap1.1	lpJunCong1.1	hap1	1	1	0	0	/data/tol/data/darwin/monocots/Juncus_conglomeratus/assembly/curated/lpJunCong1.1/lpJunCong1.hap1.1.primary.fa.gz
Juncus_effusus	monocots	release_reference	lpJunEffu1.1	lpJunEffu1.1	primary	1	1	0	0	/data/tol/data/darwin/monocots/Juncus_effusus/assembly/curated/lpJunEffu1.1/lpJunEffu1.1.primary.fa.gz
Juncus_inflexus	monocots	release_reference	lpJunInfl1.hap1.2	lpJunInfl1.2	hap1	1	2	0	0	/data/tol/data/darwin/monocots/Juncus_inflexus/assembly/curated/lpJunInfl1.2/lpJunInfl1.hap1.2.primary.fa.gz
Juncus_squarrosus	monocots	release_reference	lpJunSqua1.hap1.2	lpJunSqua1.2	hap1	1	2	0	0	/data/tol/data/darwin/monocots/Juncus_squarrosus/assembly/curated/lpJunSqua1.2/lpJunSqua1.hap1.2.primary.fa.gz
Kellia_suborbicularis	molluscs	release_reference	xbKelSubo2.1	xbKelSubo2.1	primary	1	1	0	0	/data/tol/data/darwin/molluscs/Kellia_suborbicularis/assembly/curated/xbKelSubo2.1/xbKelSubo2.1.primary.fa.gz
Kiaeria_blyttii	non-vascular-plants	release_reference	cbKiaBlyt5.1	cbKiaBlyt5.1	primary	1	1	0	0	/data/tol/data/darwin/non-vascular-plants/Kiaeria_blyttii/assembly/curated/cbKiaBlyt5.1/cbKiaBlyt5.1.primary.fa.gz
Koelreuteria_paniculata	dicots	release_reference	drKoePani1.hap1.1	drKoePani1.1	hap1	1	1	0	0	/data/tol/data/darwin/dicots/Koelreuteria_paniculata/assembly/curated/drKoePani1.1/drKoePani1.hap1.1.primary.fa.gz
Korscheltellus_lupulinus	insects	release_reference	ilKorLupu2.1	ilKorLupu2.1	primary	1	1	0	0	/data/tol/data/darwin/insects/Korscheltellus_lupulinus/assembly/curated/ilKorLupu2.1/ilKorLupu2.1.primary.fa.gz
Kuehneromyces_mutabilis	fungi	release_reference	gfKueMuta1.hap1.1	gfKueMuta1.1	hap1	1	1	0	0	/data/tol/data/darwin/fungi/Kuehneromyces_mutabilis/assembly/curated/gfKueMuta1.1/gfKueMuta1.hap1.1.primary.fa.gz
Kurzia_trichoclados	non-vascular-plants	release_reference	cjKurTric4.1	cjKurTric4.1	primary	1	1	0	0	/data/tol/data/darwin/non-vascular-plants/Kurzia_trichoclados/assembly/curated/cjKurTric4.1/cjKurTric4.1.primary.fa.gz
Kybos_smaragdulus	insects	release_reference	ihKybSmar2.1	ihKybSmar2.1	primary	1	1	0	0	/data/tol/data/darwin/insects/Kybos_smaragdulus/assembly/curated/ihKybSmar2.1/ihKybSmar2.1.primary.fa.gz
Kyklioacalles_roboris	insects	release_reference	icKykRobo1.hap1.1	icKykRobo1.1	hap1	1	1	0	0	/data/tol/data/darwin/insects/Kyklioacalles_roboris/assembly/curated/icKykRobo1.1/icKykRobo1.hap1.1.primary.fa.gz
Labia_minor	insects	release_reference	igLabMino1.1	igLabMino1.1	primary	1	1	1	0	/data/tol/data/darwin/insects/Labia_minor/assembly/curated/igLabMino1.1/igLabMino1.1.primary.fa.gz
Labrus_bergylta	fish	release_reference	fLabBer1.1	fLabBer1.1	primary	1	1	0	0	/data/tol/data/darwin/fish/Labrus_bergylta/assembly/curated/fLabBer1.1/fLabBer1.1.primary.fa.gz
Labrus_mixtus	fish	release_reference	fLabMix1.1	fLabMix1.1	primary	1	1	0	0	/data/tol/data/darwin/fish/Labrus_mixtus/assembly/curated/fLabMix1.1/fLabMix1.1.primary.fa.gz
Laburnum_anagyroides	dicots	release_reference	drLabAnag1.hap1.1	drLabAnag1.1	hap1	1	1	0	0	/data/tol/data/darwin/dicots/Laburnum_anagyroides/assembly/curated/drLabAnag1.1/drLabAnag1.hap1.1.primary.fa.gz
Lacanobia_contigua	insects	release_reference	ilLacCont1.hap1.1	ilLacCont1.1	hap1	1	1	0	0	/data/tol/data/darwin/insects/Lacanobia_contigua/assembly/curated/ilLacCont1.1/ilLacCont1.hap1.1.primary.fa.gz
Lacanobia_oleracea	insects	release_reference	ilLacOler1.1	ilLacOler1.1	primary	1	1	0	0	/data/tol/data/darwin/insects/Lacanobia_oleracea/assembly/curated/ilLacOler1.1/ilLacOler1.1.primary.fa.gz
Lacanobia_wlatinum	insects	release_reference	ilLacWlai2.1	ilLacWlai2.1	primary	1	1	0	0	/data/tol/data/darwin/insects/Lacanobia_wlatinum/assembly/curated/ilLacWlai2.1/ilLacWlai2.1.primary.fa.gz
Laccobius_striatulus	insects	release_reference	icLacStri1.hap2.1	icLacStri1.1	hap2	1	1	0	0	/data/tol/data/darwin/insects/Laccobius_striatulus/assembly/curated/icLacStri1.1/icLacStri1.hap2.1.primary.fa.gz
Laccophilus_minutus	insects	release_reference	icLacMint3.hap1.1	icLacMint3.1	hap1	1	1	0	0	/data/tol/data/darwin/insects/Laccophilus_minutus/assembly/curated/icLacMint3.1/icLacMint3.hap1.1.primary.fa.gz
Lactarius_blennius	fungi	release_reference	gfLacBlen1.hap1.1	gfLacBlen1.1	hap1	1	1	0	0	/data/tol/data/darwin/fungi/Lactarius_blennius/assembly/curated/gfLacBlen1.1/gfLacBlen1.hap1.1.primary.fa.gz
Lactarius_evosmus	fungi	release_reference	gfLacEvos1.1	gfLacEvos1.1	primary	1	1	0	0	/data/tol/data/darwin/fungi/Lactarius_evosmus/assembly/curated/gfLacEvos1.1/gfLacEvos1.1.primary.fa.gz
Lactarius_fulvissimus	fungi	release_reference	gfLacFulv1.hap1.1	gfLacFulv1.1	hap1	1	1	0	0	/data/tol/data/darwin/fungi/Lactarius_fulvissimus/assembly/curated/gfLacFulv1.1/gfLacFulv1.hap1.1.primary.fa.gz
Lactarius_pubescens	fungi	release_reference	gfLacPube1.hap1.1	gfLacPube1.1	hap1	1	1	0	0	/data/tol/data/darwin/fungi/Lactarius_pubescens/assembly/curated/gfLacPube1.1/gfLacPube1.hap1.1.primary.fa.gz
Lactarius_tabidus	fungi	release_reference	gfLacTabi1.1	gfLacTabi1.1	primary	1	1	0	0	/data/tol/data/darwin/fungi/Lactarius_tabidus/assembly/curated/gfLacTabi1.1/gfLacTabi1.1.primary.fa.gz
Lactarius_vellereus	fungi	release_reference	gfLacVell1.hap1.1	gfLacVell1.1	hap1	1	1	0	0	/data/tol/data/darwin/fungi/Lactarius_vellereus/assembly/curated/gfLacVell1.1/gfLacVell1.hap1.1.primary.fa.gz
Lactuca_saligna	dicots	newest_curated_no_reference		daLacSali1.2	hap1	1	2	0	0	/data/tol/data/darwin/dicots/Lactuca_saligna/assembly/curated/daLacSali1.2/daLacSali1.hap1.2.primary.fa.gz
Ladona_depressa	insects	release_reference	ioLadDepr2.hap1.1	ioLadDepr2.1	hap1	1	1	0	0	/data/tol/data/darwin/insects/Ladona_depressa/assembly/curated/ioLadDepr2.1/ioLadDepr2.hap1.1.primary.fa.gz
Laetiporus_sulphureus	fungi	newest_curated_no_reference		gfLaeSulp1.3	primary	1	3	0	0	/data/tol/data/darwin/fungi/Laetiporus_sulphureus/assembly/curated/gfLaeSulp1.3/gfLaeSulp1.3.primary.fa.gz
Lagenorhynchus_albirostris	mammals	release_reference	mLagAlb1.1	mLagAlb1.1	primary	1	1	0	0	/data/tol/data/darwin/mammals/Lagenorhynchus_albirostris/assembly/curated/mLagAlb1.1/mLagAlb1.1.primary.fa.gz
Lagria_hirta	insects	release_reference	icLagHirt1.1	icLagHirt1.1	primary	1	1	0	0	/data/tol/data/darwin/insects/Lagria_hirta/assembly/curated/icLagHirt1.1/icLagHirt1.1.primary.fa.gz
Lamium_amplexicaule	dicots	release_reference	daLamAmpl1.hap1.1	daLamAmpl1.1	hap1	1	1	0	0	/data/tol/data/darwin/dicots/Lamium_amplexicaule/assembly/curated/daLamAmpl1.1/daLamAmpl1.hap1.1.primary.fa.gz
Lamium_purpureum	dicots	release_reference	daLamPurp1.hap1.2	daLamPurp1.2	hap1	1	2	0	1	/data/tol/data/darwin/dicots/Lamium_purpureum/assembly/curated/daLamPurp1.2/daLamPurp1.hap1.2.primary.fa.gz
Lampetra_fluviatilis	chordates	release_reference	kcLamFluv1.1	kcLamFluv1.1	primary	1	1	0	0	/data/tol/data/darwin/chordates/Lampetra_fluviatilis/assembly/curated/kcLamFluv1.1/kcLamFluv1.1.primary.fa.gz
Lampronia_capitella	insects	release_reference	ilLamCapi1.hap1.1	ilLamCapi1.1	hap1	1	1	0	0	/data/tol/data/darwin/insects/Lampronia_capitella/assembly/curated/ilLamCapi1.1/ilLamCapi1.hap1.1.primary.fa.gz
Lampropteryx_suffumata	insects	release_reference	ilLamSuff1.1	ilLamSuff1.1	primary	1	1	0	0	/data/tol/data/darwin/insects/Lampropteryx_suffumata/assembly/curated/ilLamSuff1.1/ilLamSuff1.1.primary.fa.gz
Lamprotettix_nitidulus	insects	release_reference	ihLamNiti2.1	ihLamNiti2.1	primary	1	1	0	0	/data/tol/data/darwin/insects/Lamprotettix_nitidulus/assembly/curated/ihLamNiti2.1/ihLamNiti2.1.primary.fa.gz
Laothoe_populi	insects	release_reference	ilLaoPopu1.1	ilLaoPopu1.1	primary	1	1	0	0	/data/tol/data/darwin/insects/Laothoe_populi/assembly/curated/ilLaoPopu1.1/ilLaoPopu1.1.primary.fa.gz
Lapsana_communis	dicots	release_reference	daLapComm1.hap1.1	daLapComm1.1	hap1	1	1	0	0	/data/tol/data/darwin/dicots/Lapsana_communis/assembly/curated/daLapComm1.1/daLapComm1.hap1.1.primary.fa.gz
Larentia_clavaria	insects	release_reference	ilLarClav1.hap2.1	ilLarClav1.1	hap2	1	1	0	0	/data/tol/data/darwin/insects/Larentia_clavaria/assembly/curated/ilLarClav1.1/ilLarClav1.hap2.1.primary.fa.gz
Larinioides_cornutus	arthropods	release_reference	qqLarCorn3.hap1.1	qqLarCorn3.1	hap1	1	1	0	0	/data/tol/data/darwin/arthropods/Larinioides_cornutus/assembly/curated/qqLarCorn3.1/qqLarCorn3.hap1.1.primary.fa.gz
Larinus_planus	insects	release_reference	icLarPlan3.hap1.1	icLarPlan3.1	hap1	1	1	0	0	/data/tol/data/darwin/insects/Larinus_planus/assembly/curated/icLarPlan3.1/icLarPlan3.hap1.1.primary.fa.gz
Larus_argentatus	birds	newer_curation_than_reference	bLarArg3.hap1.1	bLarArg3.2	hap1	1	2	0	0	/data/tol/data/darwin/birds/Larus_argentatus/assembly/curated/bLarArg3.2/bLarArg3.hap1.2.primary.fa.gz
Larus_canus	birds	newer_curation_than_reference	bLarCan2.hap1.1	bLarCan2.2	hap1	1	2	0	0	/data/tol/data/darwin/birds/Larus_canus/assembly/curated/bLarCan2.2/bLarCan2.hap1.2.primary.fa.gz
Larus_fuscus	birds	newer_curation_than_reference	bLarFus1.hap2.2	bLarFus1.3	hap1	1	3	0	0	/data/tol/data/darwin/birds/Larus_fuscus/assembly/curated/bLarFus1.3/bLarFus1.hap1.3.primary.fa.gz
Larus_glaucescens	birds	release_reference	bLarGla1.hap2.1	bLarGla1.1	hap2	1	1	0	0	/data/tol/data/darwin/birds/Larus_glaucescens/assembly/curated/bLarGla1.1/bLarGla1.hap2.1.primary.fa.gz
Larus_hyperboreus	birds	release_reference	bLarHyp1.hap2.1	bLarHyp1.1	hap2	1	1	0	0	/data/tol/data/darwin/birds/Larus_hyperboreus/assembly/curated/bLarHyp1.1/bLarHyp1.hap2.1.primary.fa.gz
Larus_marinus	birds	newer_curation_than_reference	bLarMar3.hap2.1	bLarMar3.2	hap1	1	2	0	1	/data/tol/data/darwin/birds/Larus_marinus/assembly/curated/bLarMar3.2/bLarMar3.hap1.2.primary.fa.gz
Larus_michahellis	birds	newer_curation_than_reference	bLarMic1.hap1.2	bLarMic1.3	hap1	1	3	0	0	/data/tol/data/darwin/birds/Larus_michahellis/assembly/curated/bLarMic1.3/bLarMic1.hap1.3.primary.fa.gz
Larus_occidentalis	birds	release_reference	bLarOcc1.hap2.1	bLarOcc1.1	hap2	1	1	0	0	/data/tol/data/darwin/birds/Larus_occidentalis/assembly/curated/bLarOcc1.1/bLarOcc1.hap2.1.primary.fa.gz
Lasioglossum_calceatum	insects	release_reference	iyLasCalc2.1	iyLasCalc2.1	primary	2	2	3	0	/data/tol/data/darwin/insects/Lasioglossum_calceatum/assembly/curated/iyLasCalc2.1/iyLasCalc2.1.primary.fa.gz
Lasioglossum_lativentre	insects	newer_curation_than_reference	iyLasLatv2.1	iyLasLatv2.2	primary	1	2	1	0	/data/tol/data/darwin/insects/Lasioglossum_lativentre/assembly/curated/iyLasLatv2.2/iyLasLatv2.2.primary.fa.gz
Lasioglossum_leucozonium	insects	release_reference	iyLasLeuo1.1	iyLasLeuo1.1	primary	1	1	0	0	/data/tol/data/darwin/insects/Lasioglossum_leucozonium/assembly/curated/iyLasLeuo1.1/iyLasLeuo1.1.primary.fa.gz
Lasioglossum_morio	insects	release_reference	iyLasMori1.2	iyLasMori1.2	primary	1	2	3	0	/data/tol/data/darwin/insects/Lasioglossum_morio/assembly/curated/iyLasMori1.2/iyLasMori1.2.primary.fa.gz
Lasioglossum_pauxillum	insects	release_reference	iyLasPaux1.1	iyLasPaux1.1	primary	1	1	0	0	/data/tol/data/darwin/insects/Lasioglossum_pauxillum/assembly/curated/iyLasPaux1.1/iyLasPaux1.1.primary.fa.gz
Lasioglossum_prasinum	insects	release_reference	iyLasPras1.hap2.1	iyLasPras1.1	hap2	1	1	0	0	/data/tol/data/darwin/insects/Lasioglossum_prasinum/assembly/curated/iyLasPras1.1/iyLasPras1.hap2.1.primary.fa.gz
Lasioglossum_villosulum	insects	release_reference	iyLasVill1.1	iyLasVill1.1	primary	1	1	3	0	/data/tol/data/darwin/insects/Lasioglossum_villosulum/assembly/curated/iyLasVill1.1/iyLasVill1.1.primary.fa.gz
Lasiommata_megera	insects	release_reference	ilLasMege1.1	ilLasMege1.1	primary	1	1	0	0	/data/tol/data/darwin/insects/Lasiommata_megera/assembly/curated/ilLasMege1.1/ilLasMege1.1.primary.fa.gz
Lasiorhynchites_cavifrons	insects	release_reference	icLasCavi1.hap1.1	icLasCavi1.1	hap1	1	1	0	0	/data/tol/data/darwin/insects/Lasiorhynchites_cavifrons/assembly/curated/icLasCavi1.1/icLasCavi1.hap1.1.primary.fa.gz
Lasius_brunneus	insects	release_reference	iyLasBrun3.1	iyLasBrun3.1	primary	1	1	0	0	/data/tol/data/darwin/insects/Lasius_brunneus/assembly/curated/iyLasBrun3.1/iyLasBrun3.1.primary.fa.gz
Lasius_flavus	insects	newest_curated_no_reference		iyLasFlav2.1	hap1	1	1	0	0	/data/tol/data/darwin/insects/Lasius_flavus/assembly/curated/iyLasFlav2.1/iyLasFlav2.hap1.1.primary.fa.gz
Lasius_fuliginosus	insects	release_reference	iyLasFuli2.1	iyLasFuli2.1	primary	1	1	0	0	/data/tol/data/darwin/insects/Lasius_fuliginosus/assembly/curated/iyLasFuli2.1/iyLasFuli2.1.primary.fa.gz
Lasius_platythorax	insects	release_reference	iyLasPlat18.1	iyLasPlat18.1	primary	1	1	0	0	/data/tol/data/darwin/insects/Lasius_platythorax/assembly/curated/iyLasPlat18.1/iyLasPlat18.1.primary.fa.gz
Laspeyria_flexula	insects	release_reference	ilLasFlex1.1	ilLasFlex1.1	primary	1	1	0	0	/data/tol/data/darwin/insects/Laspeyria_flexula/assembly/curated/ilLasFlex1.1/ilLasFlex1.1.primary.fa.gz
Lathraea_clandestina	dicots	release_reference	daLatClan1.hap1.1	daLatClan1.1	hap1	1	1	0	0	/data/tol/data/darwin/dicots/Lathraea_clandestina/assembly/curated/daLatClan1.1/daLatClan1.hap1.1.primary.fa.gz
Lathraea_squamaria	dicots	release_reference	daLatSqua1.hap1.1	daLatSqua1.1	hap1	1	1	0	0	/data/tol/data/darwin/dicots/Lathraea_squamaria/assembly/curated/daLatSqua1.1/daLatSqua1.hap1.1.primary.fa.gz
Lathrobium_brunnipes	insects	release_reference	icLatBrun2.hap1.1	icLatBrun2.1	hap1	1	1	0	0	/data/tol/data/darwin/insects/Lathrobium_brunnipes/assembly/curated/icLatBrun2.1/icLatBrun2.hap1.1.primary.fa.gz
Lathrobium_fulvipenne	insects	release_reference	icLatFulv2.1	icLatFulv2.1	primary	1	1	0	0	/data/tol/data/darwin/insects/Lathrobium_fulvipenne/assembly/curated/icLatFulv2.1/icLatFulv2.1.primary.fa.gz
Lathronympha_strigana	insects	release_reference	ilLatStri6.1	ilLatStri6.1	primary	1	1	0	0	/data/tol/data/darwin/insects/Lathronympha_strigana/assembly/curated/ilLatStri6.1/ilLatStri6.1.primary.fa.gz
Lathyrus_aphaca	dicots	release_reference	drLatApha1.1	drLatApha1.1	primary	1	1	0	0	/data/tol/data/darwin/dicots/Lathyrus_aphaca/assembly/curated/drLatApha1.1/drLatApha1.1.primary.fa.gz
Lathyrus_linifolius	dicots	release_reference	drLatLini1.hap1.1	drLatLini1.1	hap1	1	1	0	0	/data/tol/data/darwin/dicots/Lathyrus_linifolius/assembly/curated/drLatLini1.1/drLatLini1.hap1.1.primary.fa.gz
Lecanipa_bicincta	insects	release_reference	idLecBici1.hap1.1	idLecBici1.1	hap1	1	1	0	0	/data/tol/data/darwin/insects/Lecanipa_bicincta/assembly/curated/idLecBici1.1/idLecBici1.hap1.1.primary.fa.gz
Leersia_oryzoides	monocots	release_reference	lpLeeOryz1.hap1.2	lpLeeOryz1.2	hap1	1	2	0	0	/data/tol/data/darwin/monocots/Leersia_oryzoides/assembly/curated/lpLeeOryz1.2/lpLeeOryz1.hap1.2.primary.fa.gz
Leia_fascipennis	insects	release_reference	idLeiFasc1.hap1.1	idLeiFasc1.1	hap1	1	1	0	0	/data/tol/data/darwin/insects/Leia_fascipennis/assembly/curated/idLeiFasc1.1/idLeiFasc1.hap1.1.primary.fa.gz
Leia_winthemii	insects	release_reference	idLeiWinh2.1	idLeiWinh2.1	primary	1	1	0	0	/data/tol/data/darwin/insects/Leia_winthemii/assembly/curated/idLeiWinh2.1/idLeiWinh2.1.primary.fa.gz
Leiosoma_deflexum	insects	release_reference	icLeiDefl1.hap1.1	icLeiDefl1.1	hap1	1	1	0	0	/data/tol/data/darwin/insects/Leiosoma_deflexum/assembly/curated/icLeiDefl1.1/icLeiDefl1.hap1.1.primary.fa.gz
Leiothrix_argentauris	birds	newest_curated_no_reference		bLeiArg1.1	hap1	1	1	0	0	/data/tol/data/darwin/birds/Leiothrix_argentauris/assembly/curated/bLeiArg1.1/bLeiArg1.hap1.1.primary.fa.gz
Leistus_fulvibarbis	insects	release_reference	icLeiFulv1.hap1.1	icLeiFulv1.1	hap1	1	1	0	0	/data/tol/data/darwin/insects/Leistus_fulvibarbis/assembly/curated/icLeiFulv1.1/icLeiFulv1.hap1.1.primary.fa.gz
Leistus_rufomarginatus	insects	release_reference	icLeiRufo1.hap1.1	icLeiRufo1.1	hap1	1	1	0	0	/data/tol/data/darwin/insects/Leistus_rufomarginatus/assembly/curated/icLeiRufo1.1/icLeiRufo1.hap1.1.primary.fa.gz
Leistus_spinibarbis	insects	release_reference	icLeiSpin1.1	icLeiSpin1.1	primary	1	1	0	0	/data/tol/data/darwin/insects/Leistus_spinibarbis/assembly/curated/icLeiSpin1.1/icLeiSpin1.1.primary.fa.gz
Lemna_minuta	monocots	newest_curated_no_reference		laLemMinu1.2	hap1	1	2	43	2	/data/tol/data/darwin/monocots/Lemna_minuta/assembly/curated/laLemMinu1.2/laLemMinu1.hap1.2.primary.fa.gz
Leontodon_hispidus	dicots	release_reference	daLeoHisp1.hap1.1	daLeoHisp1.1	hap1	1	1	0	0	/data/tol/data/darwin/dicots/Leontodon_hispidus/assembly/curated/daLeoHisp1.1/daLeoHisp1.hap1.1.primary.fa.gz
Leotia_lubrica	fungi	release_reference	gyLeoLubr2.1	gyLeoLubr2.1	primary	1	1	0	0	/data/tol/data/darwin/fungi/Leotia_lubrica/assembly/curated/gyLeoLubr2.1/gyLeoLubr2.1.primary.fa.gz
Lepas_anatifera	arthropods	newest_curated_no_reference		qxLepAnat2.1	primary	1	1	0	0	/data/tol/data/darwin/arthropods/Lepas_anatifera/assembly/curated/qxLepAnat2.1/qxLepAnat2.1.primary.fa.gz
Lepeophtheirus_nordmannii	arthropods	release_reference	qhLepNord3.1	qhLepNord3.1	primary	1	1	0	0	/data/tol/data/darwin/arthropods/Lepeophtheirus_nordmannii/assembly/curated/qhLepNord3.1/qhLepNord3.1.primary.fa.gz
Lepidium_campestre	dicots	release_reference	ddLepCamp1.hap2.1	ddLepCamp1.1	hap2	1	1	0	0	/data/tol/data/darwin/dicots/Lepidium_campestre/assembly/curated/ddLepCamp1.1/ddLepCamp1.hap2.1.primary.fa.gz
Lepidium_didymum	dicots	release_reference	ddLepDidy1.1	ddLepDidy1.1	primary	1	1	0	0	/data/tol/data/darwin/dicots/Lepidium_didymum/assembly/curated/ddLepDidy1.1/ddLepDidy1.1.primary.fa.gz
Lepidium_draba	dicots	release_reference	ddLepDrab1.hap4.1	ddLepDrab1.1	hap4	1	1	0	0	/data/tol/data/darwin/dicots/Lepidium_draba/assembly/curated/ddLepDrab1.1/ddLepDrab1.hap4.1.primary.fa.gz
Lepidium_latifolium	dicots	release_reference	ddLepLati1.hap2.1	ddLepLati1.1	hap2	1	1	0	0	/data/tol/data/darwin/dicots/Lepidium_latifolium/assembly/curated/ddLepLati1.1/ddLepLati1.hap2.1.primary.fa.gz
Lepidochitona_cinerea	molluscs	release_reference	xpLepCine2.1	xpLepCine2.1	primary	1	1	0	0	/data/tol/data/darwin/molluscs/Lepidochitona_cinerea/assembly/curated/xpLepCine2.1/xpLepCine2.1.primary.fa.gz
Lepidocyrtus_curvicollis	arthropods	release_reference	qeLepCurv1.1	qeLepCurv1.1	primary	1	1	0	0	/data/tol/data/darwin/arthropods/Lepidocyrtus_curvicollis/assembly/curated/qeLepCurv1.1/qeLepCurv1.1.primary.fa.gz
Lepidonotus_clava	annelids	release_reference	wpLepClav1.1	wpLepClav1.1	primary	1	1	0	0	/data/tol/data/darwin/annelids/Lepidonotus_clava/assembly/curated/wpLepClav1.1/wpLepClav1.1.primary.fa.gz
Lepidozia_cupressina	non-vascular-plants	release_reference	cjLepCupr1.1	cjLepCupr1.1	primary	1	1	0	0	/data/tol/data/darwin/non-vascular-plants/Lepidozia_cupressina/assembly/curated/cjLepCupr1.1/cjLepCupr1.1.primary.fa.gz
Lepidozia_reptans	non-vascular-plants	release_reference	cjLepRept2.1	cjLepRept2.1	primary	1	1	0	0	/data/tol/data/darwin/non-vascular-plants/Lepidozia_reptans/assembly/curated/cjLepRept2.1/cjLepRept2.1.primary.fa.gz
Lepisma_saccharina	insects	release_reference	izLepSacc3.1	izLepSacc3.1	primary	1	1	0	0	/data/tol/data/darwin/insects/Lepisma_saccharina/assembly/curated/izLepSacc3.1/izLepSacc3.1.primary.fa.gz
Lepista_sordida	fungi	release_reference	gfLepSord1.hap1.1	gfLepSord1.1	hap1	1	1	0	0	/data/tol/data/darwin/fungi/Lepista_sordida/assembly/curated/gfLepSord1.1/gfLepSord1.hap1.1.primary.fa.gz
Leptarthrus_brevirostris	insects	release_reference	idLepBrev1.hap1.1	idLepBrev1.1	hap1	1	1	0	0	/data/tol/data/darwin/insects/Leptarthrus_brevirostris/assembly/curated/idLepBrev1.1/idLepBrev1.hap1.1.primary.fa.gz
Leptidea_sinapis	insects	release_reference	ilLepSina1.1	ilLepSina1.1	primary	1	1	1	0	/data/tol/data/darwin/insects/Leptidea_sinapis/assembly/curated/ilLepSina1.1/ilLepSina1.1.primary.fa.gz
Leptocerus_tineiformis	insects	release_reference	iiLepTine3.1	iiLepTine3.1	primary	1	1	0	0	/data/tol/data/darwin/insects/Leptocerus_tineiformis/assembly/curated/iiLepTine3.1/iiLepTine3.1.primary.fa.gz
Leptogaster_cylindrica	insects	release_reference	idLepCyli1.1	idLepCyli1.1	primary	1	1	0	0	/data/tol/data/darwin/insects/Leptogaster_cylindrica/assembly/curated/idLepCyli1.1/idLepCyli1.1.primary.fa.gz
Leptographium_flavum	fungi	release_reference	grLepFlav1.1	grLepFlav1.1	primary	1	1	0	0	/data/tol/data/darwin/fungi/Leptographium_flavum/assembly/curated/grLepFlav1.1/grLepFlav1.1.primary.fa.gz
Leptopterna_dolabrata	insects	release_reference	ihLepDola1.1	ihLepDola1.1	primary	1	1	0	0	/data/tol/data/darwin/insects/Leptopterna_dolabrata/assembly/curated/ihLepDola1.1/ihLepDola1.1.primary.fa.gz
Leptura_quadrifasciata	insects	release_reference	icLepQuad1.1	icLepQuad1.1	primary	1	1	0	0	/data/tol/data/darwin/insects/Leptura_quadrifasciata/assembly/curated/icLepQuad1.1/icLepQuad1.1.primary.fa.gz
Lestes_sponsa	insects	newest_curated_no_reference		ioLesSpon1.1	hap1	1	1	0	0	/data/tol/data/darwin/insects/Lestes_sponsa/assembly/curated/ioLesSpon1.1/ioLesSpon1.hap1.1.primary.fa.gz
Lesteva_pubescens	insects	release_reference	icLesPube1.hap1.1	icLesPube1.1	hap1	1	1	0	0	/data/tol/data/darwin/insects/Lesteva_pubescens/assembly/curated/icLesPube1.1/icLesPube1.hap1.1.primary.fa.gz
Lesteva_punctata	insects	release_reference	icLesPunc1.hap1.1	icLesPunc1.1	hap1	1	1	0	0	/data/tol/data/darwin/insects/Lesteva_punctata/assembly/curated/icLesPunc1.1/icLesPunc1.hap1.1.primary.fa.gz
Lestiphorus_bicinctus	insects	release_reference	iyLesBici1.1	iyLesBici1.1	primary	1	1	0	0	/data/tol/data/darwin/insects/Lestiphorus_bicinctus/assembly/curated/iyLesBici1.1/iyLesBici1.1.primary.fa.gz
Leucania_comma	insects	release_reference	ilLeuComm1.1	ilLeuComm1.1	primary	1	1	0	0	/data/tol/data/darwin/insects/Leucania_comma/assembly/curated/ilLeuComm1.1/ilLeuComm1.1.primary.fa.gz
Leuciscus_leuciscus	fish	release_reference	fLeuLeu2.hap1.1	fLeuLeu2.1	hap1	1	1	0	0	/data/tol/data/darwin/fish/Leuciscus_leuciscus/assembly/curated/fLeuLeu2.1/fLeuLeu2.hap1.1.primary.fa.gz
Leucobryum_glaucum	non-vascular-plants	release_reference	cbLeuGlau1.1	cbLeuGlau1.1	primary	1	1	55	1	/data/tol/data/darwin/non-vascular-plants/Leucobryum_glaucum/assembly/curated/cbLeuGlau1.1/cbLeuGlau1.1.primary.fa.gz
Leucobryum_juniperoideum	non-vascular-plants	release_reference	cbLeuJuni4.1	cbLeuJuni4.1	primary	1	1	0	0	/data/tol/data/darwin/non-vascular-plants/Leucobryum_juniperoideum/assembly/curated/cbLeuJuni4.1/cbLeuJuni4.1.primary.fa.gz
Leucocephalonemertes_aurantiaca	other-animal-phyla	release_reference	tnLeuAura1.hap1.1	tnLeuAura1.1	hap1	1	1	0	0	/data/tol/data/darwin/other-animal-phyla/Leucocephalonemertes_aurantiaca/assembly/curated/tnLeuAura1.1/tnLeuAura1.hap1.1.primary.fa.gz
Leucodon_sciuroides	non-vascular-plants	release_reference	cbLeuSciu3.1	cbLeuSciu3.1	primary	1	1	0	0	/data/tol/data/darwin/non-vascular-plants/Leucodon_sciuroides/assembly/curated/cbLeuSciu3.1/cbLeuSciu3.1.primary.fa.gz
Leucoma_salicis	insects	release_reference	ilLeuSali1.1	ilLeuSali1.1	primary	1	1	0	0	/data/tol/data/darwin/insects/Leucoma_salicis/assembly/curated/ilLeuSali1.1/ilLeuSali1.1.primary.fa.gz
Leucophora_obtusa	insects	release_reference	idLeuObtu2.1	idLeuObtu2.1	primary	1	1	0	0	/data/tol/data/darwin/insects/Leucophora_obtusa/assembly/curated/idLeuObtu2.1/idLeuObtu2.1.primary.fa.gz
Leucophora_personata	insects	newest_curated_no_reference		idLeuPers1.1	primary	1	1	0	0	/data/tol/data/darwin/insects/Leucophora_personata/assembly/curated/idLeuPers1.1/idLeuPers1.1.primary.fa.gz
Leucophora_sponsa	insects	release_reference	idLeuSpon1.hap1.1	idLeuSpon1.1	hap1	1	1	0	0	/data/tol/data/darwin/insects/Leucophora_sponsa/assembly/curated/idLeuSpon1.1/idLeuSpon1.hap1.1.primary.fa.gz
Leucopleurus_acutus	mammals	release_reference	mLagAcu1.hap1.1	mLagAcu1.1	hap1	1	1	0	0	/data/tol/data/darwin/mammals/Leucopleurus_acutus/assembly/curated/mLagAcu1.1/mLagAcu1.hap1.1.primary.fa.gz
Leucoraja_naevus	sharks	newest_curated_no_reference		sLeuNae1.1	hap1	1	1	0	0	/data/tol/data/darwin/sharks/Leucoraja_naevus/assembly/curated/sLeuNae1.1/sLeuNae1.hap1.1.primary.fa.gz
Leucozona_glaucia	insects	release_reference	idLeuGlau4.1	idLeuGlau4.1	primary	1	1	1	0	/data/tol/data/darwin/insects/Leucozona_glaucia/assembly/curated/idLeuGlau4.1/idLeuGlau4.1.primary.fa.gz
Leucozona_laternaria	insects	release_reference	idLeuLate1.2	idLeuLate1.2	primary	1	2	0	0	/data/tol/data/darwin/insects/Leucozona_laternaria/assembly/curated/idLeuLate1.2/idLeuLate1.2.primary.fa.gz
Leuctra_nigra	insects	release_reference	ipLeuNigr2.1	ipLeuNigr2.1	primary	1	1	0	0	/data/tol/data/darwin/insects/Leuctra_nigra/assembly/curated/ipLeuNigr2.1/ipLeuNigr2.1.primary.fa.gz
Levisticum_officinale	dicots	release_reference	drLevOffi1.hap1.1	drLevOffi1.1	hap1	1	1	0	0	/data/tol/data/darwin/dicots/Levisticum_officinale/assembly/curated/drLevOffi1.1/drLevOffi1.hap1.1.primary.fa.gz
Lewinskya_affinis	non-vascular-plants	release_reference	cbLewAffi3.1	cbLewAffi3.1	primary	1	1	0	0	/data/tol/data/darwin/non-vascular-plants/Lewinskya_affinis/assembly/curated/cbLewAffi3.1/cbLewAffi3.1.primary.fa.gz
Lewinskya_rupestris	non-vascular-plants	release_reference	cbLewRupe4.1	cbLewRupe4.1	primary	1	1	0	0	/data/tol/data/darwin/non-vascular-plants/Lewinskya_rupestris/assembly/curated/cbLewRupe4.1/cbLewRupe4.1.primary.fa.gz
Lewinskya_speciosa	non-vascular-plants	release_reference	cbLewSpec2.1	cbLewSpec2.1	primary	1	1	0	0	/data/tol/data/darwin/non-vascular-plants/Lewinskya_speciosa/assembly/curated/cbLewSpec2.1/cbLewSpec2.1.primary.fa.gz
Lichina_confinis	fungi	release_reference	glLicConf4.1	glLicConf4.1	primary	1	1	122	1	/data/tol/data/darwin/fungi/Lichina_confinis/assembly/curated/glLicConf4.1/glLicConf4.1.primary.fa.gz
Lichina_pygmaea	fungi	release_reference	glLicPygm2.1	glLicPygm2.1	primary	1	1	25	2	/data/tol/data/darwin/fungi/Lichina_pygmaea/assembly/curated/glLicPygm2.1/glLicPygm2.1.primary.fa.gz
Ligdia_adustata	insects	release_reference	ilLigAdus1.1	ilLigAdus1.1	primary	1	1	0	0	/data/tol/data/darwin/insects/Ligdia_adustata/assembly/curated/ilLigAdus1.1/ilLigAdus1.1.primary.fa.gz
Ligusticum_scoticum	dicots	release_reference	drLigScot1.hap1.1	drLigScot1.1	hap1	1	1	0	0	/data/tol/data/darwin/dicots/Ligusticum_scoticum/assembly/curated/drLigScot1.1/drLigScot1.hap1.1.primary.fa.gz
Ligustrum_vulgare	dicots	release_reference	daLigVulg1.1	daLigVulg1.1	primary	1	1	0	0	/data/tol/data/darwin/dicots/Ligustrum_vulgare/assembly/curated/daLigVulg1.1/daLigVulg1.1.primary.fa.gz
Lilioceris_lilii	insects	release_reference	icLilLili1.hap1.1	icLilLili1.1	hap1	1	1	0	0	/data/tol/data/darwin/insects/Lilioceris_lilii/assembly/curated/icLilLili1.1/icLilLili1.hap1.1.primary.fa.gz
Limacia_clavigera	molluscs	release_reference	xgLimClav4.hap1.1	xgLimClav4.1	hap1	1	1	0	0	/data/tol/data/darwin/molluscs/Limacia_clavigera/assembly/curated/xgLimClav4.1/xgLimClav4.hap1.1.primary.fa.gz
Limanda_limanda	fish	release_reference	fLimLim1.1	fLimLim1.1	primary	1	1	0	0	/data/tol/data/darwin/fish/Limanda_limanda/assembly/curated/fLimLim1.1/fLimLim1.1.primary.fa.gz
Limaria_hians	molluscs	release_reference	xbLimHian1.1	xbLimHian1.1	primary	1	1	0	0	/data/tol/data/darwin/molluscs/Limaria_hians/assembly/curated/xbLimHian1.1/xbLimHian1.1.primary.fa.gz
Limbarda_crithmoides	dicots	release_reference	daLimCrit1.hap1.1	daLimCrit1.1	hap1	1	1	0	0	/data/tol/data/darwin/dicots/Limbarda_crithmoides/assembly/curated/daLimCrit1.1/daLimCrit1.hap1.1.primary.fa.gz
Limecola_balthica	molluscs	release_reference	xbLimBalt2.1	xbLimBalt2.1	primary	1	1	0	0	/data/tol/data/darwin/molluscs/Limecola_balthica/assembly/curated/xbLimBalt2.1/xbLimBalt2.1.primary.fa.gz
Limenitis_camilla	insects	release_reference	ilLimCami1.1	ilLimCami1.1	primary	1	1	0	0	/data/tol/data/darwin/insects/Limenitis_camilla/assembly/curated/ilLimCami1.1/ilLimCami1.1.primary.fa.gz
Limnaecia_phragmitella	insects	release_reference	ilLimPhra2.hap1.1	ilLimPhra2.1	hap1	1	1	0	0	/data/tol/data/darwin/insects/Limnaecia_phragmitella/assembly/curated/ilLimPhra2.1/ilLimPhra2.hap1.1.primary.fa.gz
Limnephilus_auricula	insects	release_reference	iiLimAuri1.1	iiLimAuri1.1	primary	1	1	0	0	/data/tol/data/darwin/insects/Limnephilus_auricula/assembly/curated/iiLimAuri1.1/iiLimAuri1.1.primary.fa.gz
Limnephilus_lunatus	insects	newer_curation_than_reference	iiLimLuna2.2	iiLimLuna2.3	primary	1	3	0	0	/data/tol/data/darwin/insects/Limnephilus_lunatus/assembly/curated/iiLimLuna2.3/iiLimLuna2.3.primary.fa
Limnephilus_marmoratus	insects	newer_curation_than_reference	iiLimMarm1.1	iiLimMarm1.2	primary	1	2	0	0	/data/tol/data/darwin/insects/Limnephilus_marmoratus/assembly/curated/iiLimMarm1.2/iiLimMarm1.2.primary.fa.gz
Limnephilus_rhombicus	insects	release_reference	iiLimRhom1.2	iiLimRhom1.2	primary	1	2	0	0	/data/tol/data/darwin/insects/Limnephilus_rhombicus/assembly/curated/iiLimRhom1.2/iiLimRhom1.2.primary.fa.gz
Limnia_unguicornis	insects	release_reference	idLimUngu3.1	idLimUngu3.1	primary	1	1	0	0	/data/tol/data/darwin/insects/Limnia_unguicornis/assembly/curated/idLimUngu3.1/idLimUngu3.1.primary.fa.gz
Limnophora_tigrina	insects	release_reference	idLimTigr1.hap1.2	idLimTigr1.2	hap1	1	2	2	0	/data/tol/data/darwin/insects/Limnophora_tigrina/assembly/curated/idLimTigr1.2/idLimTigr1.hap1.2.primary.fa.gz
Limonia_nubeculosa	insects	release_reference	idLimNube2.hap1.1	idLimNube2.1	hap1	1	1	0	0	/data/tol/data/darwin/insects/Limonia_nubeculosa/assembly/curated/idLimNube2.1/idLimNube2.hap1.1.primary.fa.gz
Limonius_poneli	insects	release_reference	icLimPone1.hap1.1	icLimPone1.1	hap1	1	1	0	0	/data/tol/data/darwin/insects/Limonius_poneli/assembly/curated/icLimPone1.1/icLimPone1.hap1.1.primary.fa.gz
Limosa_lapponica	birds	release_reference	bLimLap1.hap1.1	bLimLap1.1	hap1	1	1	0	0	/data/tol/data/darwin/birds/Limosa_lapponica/assembly/curated/bLimLap1.1/bLimLap1.hap1.1.primary.fa.gz
Limosa_limosa	birds	release_reference	bLimLim1.hap1.1	bLimLim1.1	hap1	1	1	0	0	/data/tol/data/darwin/birds/Limosa_limosa/assembly/curated/bLimLim1.1/bLimLim1.hap1.1.primary.fa.gz
Limosella_australis	dicots	release_reference	daLimAust1.hap1.1	daLimAust1.1	hap1	1	1	0	0	/data/tol/data/darwin/dicots/Limosella_australis/assembly/curated/daLimAust1.1/daLimAust1.hap1.1.primary.fa.gz
Linaria_cannabina	birds	release_reference	bLinCan2.hap1.1	bLinCan2.1	hap1	1	1	0	0	/data/tol/data/darwin/birds/Linaria_cannabina/assembly/curated/bLinCan2.1/bLinCan2.hap1.1.primary.fa.gz
Linaria_repens	dicots	release_reference	daLinRepe1.hap1.1	daLinRepe1.1	hap1	1	1	0	0	/data/tol/data/darwin/dicots/Linaria_repens/assembly/curated/daLinRepe1.1/daLinRepe1.hap1.1.primary.fa.gz
Linaria_vulgaris	dicots	release_reference	daLinVulg1.1	daLinVulg1.1	primary	1	1	0	1	/data/tol/data/darwin/dicots/Linaria_vulgaris/assembly/curated/daLinVulg1.1/daLinVulg1.1.primary.fa.gz
Lineus_longissimus	other-animal-phyla	release_reference	tnLinLong1.2	tnLinLong1.2	primary	1	2	0	0	/data/tol/data/darwin/other-animal-phyla/Lineus_longissimus/assembly/curated/tnLinLong1.2/tnLinLong1.2.primary.fa.gz
Lineus_ruber	other-animal-phyla	release_reference	tnLinRube2.hap1.1	tnLinRube2.1	hap1	1	1	0	0	/data/tol/data/darwin/other-animal-phyla/Lineus_ruber/assembly/curated/tnLinRube2.1/tnLinRube2.hap1.1.primary.fa.gz
Linnaea_borealis	dicots	release_reference	daLinBore1.hap1.2	daLinBore1.2	hap1	1	2	0	0	/data/tol/data/darwin/dicots/Linnaea_borealis/assembly/curated/daLinBore1.2/daLinBore1.hap1.2.primary.fa.gz
Linnaemya_tessellans	insects	release_reference	idLinTess1.1	idLinTess1.1	primary	1	1	0	0	/data/tol/data/darwin/insects/Linnaemya_tessellans/assembly/curated/idLinTess1.1/idLinTess1.1.primary.fa.gz
Linnaemya_vulpina	insects	release_reference	idLinVulp1.1	idLinVulp1.1	primary	1	1	0	0	/data/tol/data/darwin/insects/Linnaemya_vulpina/assembly/curated/idLinVulp1.1/idLinVulp1.1.primary.fa.gz
Linum_bienne	dicots	release_reference	ddLinBien1.hap1.1	ddLinBien1.1	hap1	1	1	0	0	/data/tol/data/darwin/dicots/Linum_bienne/assembly/curated/ddLinBien1.1/ddLinBien1.hap1.1.primary.fa.gz
Linum_catharticum	dicots	release_reference	ddLinCath4.1	ddLinCath4.1	primary	1	1	0	0	/data/tol/data/darwin/dicots/Linum_catharticum/assembly/curated/ddLinCath4.1/ddLinCath4.1.primary.fa.gz
Linyphia_triangularis	arthropods	release_reference	qqLinTria7.1	qqLinTria7.1	primary	1	1	0	0	/data/tol/data/darwin/arthropods/Linyphia_triangularis/assembly/curated/qqLinTria7.1/qqLinTria7.1.primary.fa.gz
Liophloeus_tessulatus	insects	release_reference	icLioTess1.hap1.1	icLioTess1.1	hap1	1	1	0	0	/data/tol/data/darwin/insects/Liophloeus_tessulatus/assembly/curated/icLioTess1.1/icLioTess1.hap1.1.primary.fa.gz
Liopterus_haemorrhoidalis	insects	release_reference	icLioHaem2.1	icLioHaem2.1	primary	1	1	0	0	/data/tol/data/darwin/insects/Liopterus_haemorrhoidalis/assembly/curated/icLioHaem2.1/icLioHaem2.1.primary.fa.gz
Lipara_lucens	insects	release_reference	idLipLuce1.hap1.1	idLipLuce1.1	hap1	1	1	0	0	/data/tol/data/darwin/insects/Lipara_lucens/assembly/curated/idLipLuce1.1/idLipLuce1.hap1.1.primary.fa.gz
Lipophrys_pholis	fish	release_reference	fLipPho2.2	fLipPho2.2	primary	1	2	0	0	/data/tol/data/darwin/fish/Lipophrys_pholis/assembly/curated/fLipPho2.2/fLipPho2.2.primary.fa.gz
Lipoptena_cervi	insects	newest_curated_no_reference		idLipCerv2.1	primary	1	1	1	0	/data/tol/data/darwin/insects/Lipoptena_cervi/assembly/curated/idLipCerv2.1/idLipCerv2.1.primary.fa.gz
Lispocephala_erythrocera	insects	release_reference	idLisEryt1.hap1.1	idLisEryt1.1	hap1	1	1	0	0	/data/tol/data/darwin/insects/Lispocephala_erythrocera/assembly/curated/idLisEryt1.1/idLisEryt1.hap1.1.primary.fa.gz
Lispocephala_verna	insects	release_reference	idLisVern1.hap1.1	idLisVern1.1	hap1	1	1	0	0	/data/tol/data/darwin/insects/Lispocephala_verna/assembly/curated/idLisVern1.1/idLisVern1.hap1.1.primary.fa.gz
Lissotriton_helveticus	amphibians	release_reference	aLisHel1.2	aLisHel1.2	primary	1	2	0	0	/data/tol/data/darwin/amphibians/Lissotriton_helveticus/assembly/curated/aLisHel1.2/aLisHel1.2.primary.fa.gz
Lissotriton_montandoni	amphibians	newest_curated_no_reference		aLisMon1.1	hap1	1	1	0	0	/data/tol/data/darwin/amphibians/Lissotriton_montandoni/assembly/curated/aLisMon1.1/aLisMon1.hap1.1.primary.fa.gz
Lissotriton_vulgaris	amphibians	release_reference	aLisVul1.2	aLisVul1.2	primary	1	2	0	0	/data/tol/data/darwin/amphibians/Lissotriton_vulgaris/assembly/curated/aLisVul1.2/aLisVul1.2.primary.fa.gz
Listrodromus_nycthemerus	insects	release_reference	iyLisNyct1.1	iyLisNyct1.1	primary	1	1	0	0	/data/tol/data/darwin/insects/Listrodromus_nycthemerus/assembly/curated/iyLisNyct1.1/iyLisNyct1.1.primary.fa.gz
Lithobius_variegatus	arthropods	release_reference	qcLitVari1.hap1.1	qcLitVari1.1	hap1	1	1	0	0	/data/tol/data/darwin/arthropods/Lithobius_variegatus/assembly/curated/qcLitVari1.1/qcLitVari1.hap1.1.primary.fa.gz
Lithophane_leautieri	insects	release_reference	ilLitLeau1.1	ilLitLeau1.1	primary	1	1	0	0	/data/tol/data/darwin/insects/Lithophane_leautieri/assembly/curated/ilLitLeau1.1/ilLitLeau1.1.primary.fa.gz
Lithophane_ornitopus	insects	release_reference	ilLitOrni1.1	ilLitOrni1.1	primary	1	1	0	0	/data/tol/data/darwin/insects/Lithophane_ornitopus/assembly/curated/ilLitOrni1.1/ilLitOrni1.1.primary.fa.gz
Lithophane_semibrunnea	insects	release_reference	ilLitSemi2.1	ilLitSemi2.1	primary	1	1	0	0	/data/tol/data/darwin/insects/Lithophane_semibrunnea/assembly/curated/ilLitSemi2.1/ilLitSemi2.1.primary.fa.gz
Lithophane_socia	insects	release_reference	ilLitSoci1.1	ilLitSoci1.1	primary	1	1	0	0	/data/tol/data/darwin/insects/Lithophane_socia/assembly/curated/ilLitSoci1.1/ilLitSoci1.1.primary.fa.gz
Lithosia_quadra	insects	release_reference	ilLitQuad1.1	ilLitQuad1.1	primary	1	1	0	0	/data/tol/data/darwin/insects/Lithosia_quadra/assembly/curated/ilLitQuad1.1/ilLitQuad1.1.primary.fa.gz
Lithospermum_officinale	dicots	release_reference	daLitOffi1.hap1.1	daLitOffi1.1	hap1	1	1	0	0	/data/tol/data/darwin/dicots/Lithospermum_officinale/assembly/curated/daLitOffi1.1/daLitOffi1.hap1.1.primary.fa.gz
Littorina_arcana	molluscs	newest_curated_no_reference		xgLitArca7.1	primary	1	1	0	0	/data/tol/data/darwin/molluscs/Littorina_arcana/assembly/curated/xgLitArca7.1/xgLitArca7.1.primary.fa.gz
Littorina_littorea	molluscs	release_reference	xgLitLitt3.hap1.1	xgLitLitt3.1	hap1	1	1	0	0	/data/tol/data/darwin/molluscs/Littorina_littorea/assembly/curated/xgLitLitt3.1/xgLitLitt3.hap1.1.primary.fa.gz
Littorina_obtusata	molluscs	release_reference	xgLitObtu2.1	xgLitObtu2.1	primary	1	1	0	0	/data/tol/data/darwin/molluscs/Littorina_obtusata/assembly/curated/xgLitObtu2.1/xgLitObtu2.1.primary.fa.gz
Littorina_saxatilis	molluscs	newest_curated_no_reference		xgLitSaxa7.1	primary	1	1	0	0	/data/tol/data/darwin/molluscs/Littorina_saxatilis/assembly/curated/xgLitSaxa7.1/xgLitSaxa7.1.primary.fa.gz
Lobelia_dortmanna	dicots	release_reference	daLobDort1.hap1.1	daLobDort1.1	hap1	1	1	0	0	/data/tol/data/darwin/dicots/Lobelia_dortmanna/assembly/curated/daLobDort1.1/daLobDort1.hap1.1.primary.fa.gz
Lobelia_urens	dicots	release_reference	daLobUren4.hap2.2	daLobUren4.2	hap2	1	2	0	0	/data/tol/data/darwin/dicots/Lobelia_urens/assembly/curated/daLobUren4.2/daLobUren4.hap2.2.primary.fa.gz
Lobesia_abscisana	insects	release_reference	ilLobAbsc1.hap1.1	ilLobAbsc1.1	hap1	1	1	0	0	/data/tol/data/darwin/insects/Lobesia_abscisana/assembly/curated/ilLobAbsc1.1/ilLobAbsc1.hap1.1.primary.fa.gz
Lobesia_littoralis	insects	release_reference	ilLobLitt1.hap1.1	ilLobLitt1.1	hap1	1	1	0	0	/data/tol/data/darwin/insects/Lobesia_littoralis/assembly/curated/ilLobLitt1.1/ilLobLitt1.hap1.1.primary.fa.gz
Lobesia_reliquana	insects	release_reference	ilLobReli2.hap1.1	ilLobReli2.1	hap1	1	1	0	0	/data/tol/data/darwin/insects/Lobesia_reliquana/assembly/curated/ilLobReli2.1/ilLobReli2.hap1.1.primary.fa.gz
Lobophora_halterata	insects	release_reference	ilLobHalt1.1	ilLobHalt1.1	primary	1	1	0	0	/data/tol/data/darwin/insects/Lobophora_halterata/assembly/curated/ilLobHalt1.1/ilLobHalt1.1.primary.fa.gz
Lochmaea_capreae	insects	release_reference	icLocCapr1.1	icLocCapr1.1	primary	1	1	0	0	/data/tol/data/darwin/insects/Lochmaea_capreae/assembly/curated/icLocCapr1.1/icLocCapr1.1.primary.fa.gz
Lochmaea_crataegi	insects	release_reference	icLocCrat2.1	icLocCrat2.1	primary	1	1	0	0	/data/tol/data/darwin/insects/Lochmaea_crataegi/assembly/curated/icLocCrat2.1/icLocCrat2.1.primary.fa.gz
Loensia_variegata	insects	release_reference	iuLoeVari1.hap1.1	iuLoeVari1.1	hap1	1	1	0	0	/data/tol/data/darwin/insects/Loensia_variegata/assembly/curated/iuLoeVari1.1/iuLoeVari1.hap1.1.primary.fa.gz
Loeskeobryum_brevirostre	non-vascular-plants	release_reference	cbLoeBrev3.2	cbLoeBrev3.2	primary	1	2	0	0	/data/tol/data/darwin/non-vascular-plants/Loeskeobryum_brevirostre/assembly/curated/cbLoeBrev3.2/cbLoeBrev3.2.primary.fa.gz
Loewia_submetallica	insects	release_reference	idLoeSubm1.1	idLoeSubm1.1	primary	1	1	0	0	/data/tol/data/darwin/insects/Loewia_submetallica/assembly/curated/idLoeSubm1.1/idLoeSubm1.1.primary.fa.gz
Logfia_minima	dicots	release_reference	daLogMini1.1	daLogMini1.1	primary	1	1	0	0	/data/tol/data/darwin/dicots/Logfia_minima/assembly/curated/daLogMini1.1/daLogMini1.1.primary.fa.gz
Lomaspilis_marginata	insects	newest_curated_no_reference		ilLomMarg3.1	primary	1	1	0	0	/data/tol/data/darwin/insects/Lomaspilis_marginata/assembly/curated/ilLomMarg3.1/ilLomMarg3.1.primary.fa.gz
Lomographa_bimaculata	insects	release_reference	ilLomBima1.1	ilLomBima1.1	primary	1	1	0	0	/data/tol/data/darwin/insects/Lomographa_bimaculata/assembly/curated/ilLomBima1.1/ilLomBima1.1.primary.fa.gz
Lomographa_temerata	insects	release_reference	ilLomTeme1.hap1.1	ilLomTeme1.1	hap1	1	1	0	0	/data/tol/data/darwin/insects/Lomographa_temerata/assembly/curated/ilLomTeme1.1/ilLomTeme1.hap1.1.primary.fa.gz
Lonchoptera_bifurcata	insects	release_reference	idLonBifu1.hap1.1	idLonBifu1.1	hap1	1	1	0	0	/data/tol/data/darwin/insects/Lonchoptera_bifurcata/assembly/curated/idLonBifu1.1/idLonBifu1.hap1.1.primary.fa.gz
Lonchoptera_lutea	insects	release_reference	idLonLute3.1	idLonLute3.1	primary	1	1	1	0	/data/tol/data/darwin/insects/Lonchoptera_lutea/assembly/curated/idLonLute3.1/idLonLute3.1.primary.fa.gz
Longitarsus_dorsalis	insects	release_reference	icLonDors1.hap1.1	icLonDors1.1	hap1	1	1	0	0	/data/tol/data/darwin/insects/Longitarsus_dorsalis/assembly/curated/icLonDors1.1/icLonDors1.hap1.1.primary.fa.gz
Longitarsus_flavicornis	insects	release_reference	icLonFlav1.hap1.1	icLonFlav1.1	hap1	1	1	2	0	/data/tol/data/darwin/insects/Longitarsus_flavicornis/assembly/curated/icLonFlav1.1/icLonFlav1.hap1.1.primary.fa.gz
Lophozia_ventricosa	non-vascular-plants	release_reference	cjLopVent2.1	cjLopVent2.1	primary	1	1	0	0	/data/tol/data/darwin/non-vascular-plants/Lophozia_ventricosa/assembly/curated/cjLopVent2.1/cjLopVent2.1.primary.fa.gz
Lordithon_lunulatus	insects	release_reference	icLorLunu1.1	icLorLunu1.1	primary	1	1	0	0	/data/tol/data/darwin/insects/Lordithon_lunulatus/assembly/curated/icLorLunu1.1/icLorLunu1.1.primary.fa.gz
Lotus_pedunculatus	dicots	release_reference	drLotPedu3.1	drLotPedu3.1	primary	1	1	0	0	/data/tol/data/darwin/dicots/Lotus_pedunculatus/assembly/curated/drLotPedu3.1/drLotPedu3.1.primary.fa.gz
Lotus_subbiflorus	dicots	release_reference	drLotSubb1.hap1.1	drLotSubb1.1	hap1	1	1	0	0	/data/tol/data/darwin/dicots/Lotus_subbiflorus/assembly/curated/drLotSubb1.1/drLotSubb1.hap1.1.primary.fa.gz
Lozotaenia_forsterana	insects	release_reference	ilLozFors1.hap1.1	ilLozFors1.1	hap1	1	1	0	0	/data/tol/data/darwin/insects/Lozotaenia_forsterana/assembly/curated/ilLozFors1.1/ilLozFors1.hap1.1.primary.fa.gz
Lucilia_caesar	insects	release_reference	idLucCaes4.1	idLucCaes4.1	primary	1	1	0	0	/data/tol/data/darwin/insects/Lucilia_caesar/assembly/curated/idLucCaes4.1/idLucCaes4.1.primary.fa.gz
Luffia_ferchaultella	insects	release_reference	ilLufFerc1.1	ilLufFerc1.1	primary	1	1	0	0	/data/tol/data/darwin/insects/Luffia_ferchaultella/assembly/curated/ilLufFerc1.1/ilLufFerc1.1.primary.fa.gz
Luidia_sarsii	echinoderms	release_reference	eaLuiSars1.1	eaLuiSars1.1	primary	1	1	0	0	/data/tol/data/darwin/echinoderms/Luidia_sarsii/assembly/curated/eaLuiSars1.1/eaLuiSars1.1.primary.fa.gz
Lullula_arborea	birds	release_reference	bLulArb1.hap1.1	bLulArb1.1	hap1	1	1	0	0	/data/tol/data/darwin/birds/Lullula_arborea/assembly/curated/bLulArb1.1/bLulArb1.hap1.1.primary.fa.gz
Lumbricus_rubellus	annelids	release_reference	wcLumRube1.1	wcLumRube1.1	primary	1	1	0	0	/data/tol/data/darwin/annelids/Lumbricus_rubellus/assembly/curated/wcLumRube1.1/wcLumRube1.1.primary.fa.gz
Lumbricus_terrestris	annelids	release_reference	wcLumTerr1.1	wcLumTerr1.1	primary	1	1	0	0	/data/tol/data/darwin/annelids/Lumbricus_terrestris/assembly/curated/wcLumTerr1.1/wcLumTerr1.1.primary.fa.gz
Lunularia_cruciata	non-vascular-plants	release_reference	cmLunCruc20.1	cmLunCruc20.1	primary	1	1	0	0	/data/tol/data/darwin/non-vascular-plants/Lunularia_cruciata/assembly/curated/cmLunCruc20.1/cmLunCruc20.1.primary.fa.gz
Luperina_nickerlii	insects	release_reference	ilLupNick1.1	ilLupNick1.1	primary	1	1	0	0	/data/tol/data/darwin/insects/Luperina_nickerlii/assembly/curated/ilLupNick1.1/ilLupNick1.1.primary.fa.gz
Luperina_testacea	insects	release_reference	ilLupTest1.1	ilLupTest1.1	primary	1	1	0	0	/data/tol/data/darwin/insects/Luperina_testacea/assembly/curated/ilLupTest1.1/ilLupTest1.1.primary.fa.gz
Luperus_flavipes	insects	release_reference	icLupFlai1.hap1.1	icLupFlai1.1	hap1	1	1	0	0	/data/tol/data/darwin/insects/Luperus_flavipes/assembly/curated/icLupFlai1.1/icLupFlai1.hap1.1.primary.fa.gz
Luperus_longicornis	insects	release_reference	icLupLong2.1	icLupLong2.1	primary	1	1	0	0	/data/tol/data/darwin/insects/Luperus_longicornis/assembly/curated/icLupLong2.1/icLupLong2.1.primary.fa.gz
Luquetia_lobella	insects	release_reference	ilLuqLobe2.hap2.1	ilLuqLobe2.1	hap2	1	1	0	0	/data/tol/data/darwin/insects/Luquetia_lobella/assembly/curated/ilLuqLobe2.1/ilLuqLobe2.hap2.1.primary.fa.gz
Lutra_lutra	mammals	release_reference	mLutLut1.2	mLutLut1.2	primary	1	2	0	0	/data/tol/data/darwin/mammals/Lutra_lutra/assembly/curated/mLutLut1.2/mLutLut1.2.primary.fa.gz
Lutraria_lutraria	molluscs	release_reference	xbLutLutr1.1	xbLutLutr1.1	primary	1	1	0	0	/data/tol/data/darwin/molluscs/Lutraria_lutraria/assembly/curated/xbLutLutr1.1/xbLutLutr1.1.primary.fa.gz
Luzula_pallescens	monocots	release_reference	lpLuzPall1.1	lpLuzPall1.1	primary	1	1	0	0	/data/tol/data/darwin/monocots/Luzula_pallescens/assembly/curated/lpLuzPall1.1/lpLuzPall1.1.primary.fa.gz
Luzula_sylvatica	monocots	release_reference	lpLuzSylv1.1	lpLuzSylv1.1	primary	1	1	0	0	/data/tol/data/darwin/monocots/Luzula_sylvatica/assembly/curated/lpLuzSylv1.1/lpLuzSylv1.1.primary.fa.gz
Lycaena_phlaeas	insects	release_reference	ilLycPhla1.2	ilLycPhla1.2	primary	1	2	1	0	/data/tol/data/darwin/insects/Lycaena_phlaeas/assembly/curated/ilLycPhla1.2/ilLycPhla1.2.primary.fa.gz
Lycia_hirtaria	insects	release_reference	ilLycHirt1.1	ilLycHirt1.1	primary	1	1	0	0	/data/tol/data/darwin/insects/Lycia_hirtaria/assembly/curated/ilLycHirt1.1/ilLycHirt1.1.primary.fa.gz
Lyciella_decipiens	insects	release_reference	idLycDeci1.1	idLycDeci1.1	primary	1	1	0	0	/data/tol/data/darwin/insects/Lyciella_decipiens/assembly/curated/idLycDeci1.1/idLycDeci1.1.primary.fa.gz
Lyciella_platycephala	insects	release_reference	idLycPlat1.1	idLycPlat1.1	primary	1	1	0	0	/data/tol/data/darwin/insects/Lyciella_platycephala/assembly/curated/idLycPlat1.1/idLycPlat1.1.primary.fa.gz
Lycophotia_porphyrea	insects	release_reference	ilLycPorp1.1	ilLycPorp1.1	primary	1	1	0	0	/data/tol/data/darwin/insects/Lycophotia_porphyrea/assembly/curated/ilLycPorp1.1/ilLycPorp1.1.primary.fa.gz
Lycopus_europaeus	dicots	release_reference	daLycEuro1.hap1.1	daLycEuro1.1	hap1	1	1	0	2	/data/tol/data/darwin/dicots/Lycopus_europaeus/assembly/curated/daLycEuro1.1/daLycEuro1.hap1.1.primary.fa.gz
Lygephila_pastinum	insects	release_reference	ilLygPast2.1	ilLygPast2.1	primary	1	1	0	0	/data/tol/data/darwin/insects/Lygephila_pastinum/assembly/curated/ilLygPast2.1/ilLygPast2.1.primary.fa.gz
Lymantria_dispar	insects	newest_curated_no_reference		ilLymDisp1.1	primary	1	1	0	0	/data/tol/data/darwin/insects/Lymantria_dispar/assembly/curated/ilLymDisp1.1/ilLymDisp1.1.primary.fa.gz
Lymantria_monacha	insects	release_reference	ilLymMona1.2	ilLymMona1.2	primary	1	2	0	0	/data/tol/data/darwin/insects/Lymantria_monacha/assembly/curated/ilLymMona1.2/ilLymMona1.2.primary.fa.gz
Lyonetia_clerkella	insects	release_reference	ilLyoCler1.1	ilLyoCler1.1	primary	1	1	0	0	/data/tol/data/darwin/insects/Lyonetia_clerkella/assembly/curated/ilLyoCler1.1/ilLyoCler1.1.primary.fa.gz
Lypha_dubia	insects	release_reference	idLypDubi1.1	idLypDubi1.1	primary	1	1	1	0	/data/tol/data/darwin/insects/Lypha_dubia/assembly/curated/idLypDubi1.1/idLypDubi1.1.primary.fa.gz
Lysandra_bellargus	insects	release_reference	ilLysBell1.1	ilLysBell1.1	primary	1	1	0	0	/data/tol/data/darwin/insects/Lysandra_bellargus/assembly/curated/ilLysBell1.1/ilLysBell1.1.primary.fa.gz
Lysandra_coridon	insects	release_reference	ilLysCori1.1	ilLysCori1.1	primary	8	8	0	0	/data/tol/data/darwin/insects/Lysandra_coridon/assembly/curated/ilLysCori1.1/ilLysCori1.1.primary.fa.gz
Lysimachia_thyrsiflora	dicots	release_reference	ddLysThyr1.hap1.2	ddLysThyr1.2	hap1	1	2	0	0	/data/tol/data/darwin/dicots/Lysimachia_thyrsiflora/assembly/curated/ddLysThyr1.2/ddLysThyr1.hap1.2.primary.fa.gz
Lythrum_hyssopifolia	dicots	release_reference	drLytHyso1.hap1.2	drLytHyso1.2	hap1	1	2	0	0	/data/tol/data/darwin/dicots/Lythrum_hyssopifolia/assembly/curated/drLytHyso1.2/drLytHyso1.hap1.2.primary.fa.gz
Lythrum_portula	dicots	release_reference	drLytPort2.1	drLytPort2.1	primary	1	1	0	0	/data/tol/data/darwin/dicots/Lythrum_portula/assembly/curated/drLytPort2.1/drLytPort2.1.primary.fa.gz
Lythrum_salicaria	dicots	newest_curated_no_reference		drLytSali1.1	hap1	1	1	0	0	/data/tol/data/darwin/dicots/Lythrum_salicaria/assembly/curated/drLytSali1.1/drLytSali1.hap1.1.primary.fa.gz
Macaria_brunneata	insects	release_reference	ilMacBrun1.hap1.1	ilMacBrun1.1	hap1	1	1	0	0	/data/tol/data/darwin/insects/Macaria_brunneata/assembly/curated/ilMacBrun1.1/ilMacBrun1.hap1.1.primary.fa.gz
Macaria_liturata	insects	release_reference	ilMacLitu1.2	ilMacLitu1.2	primary	1	2	0	0	/data/tol/data/darwin/insects/Macaria_liturata/assembly/curated/ilMacLitu1.2/ilMacLitu1.2.primary.fa.gz
Macaria_notata	insects	release_reference	ilMacNota1.1	ilMacNota1.1	primary	1	1	0	0	/data/tol/data/darwin/insects/Macaria_notata/assembly/curated/ilMacNota1.1/ilMacNota1.1.primary.fa.gz
Machimus_atricapillus	insects	release_reference	idMacAtri3.1	idMacAtri3.1	primary	1	1	1	0	/data/tol/data/darwin/insects/Machimus_atricapillus/assembly/curated/idMacAtri3.1/idMacAtri3.1.primary.fa.gz
Machimus_rusticus	insects	release_reference	idMacRust1.1	idMacRust1.1	primary	1	1	0	0	/data/tol/data/darwin/insects/Machimus_rusticus/assembly/curated/idMacRust1.1/idMacRust1.1.primary.fa.gz
Macomangulus_tenuis	molluscs	release_reference	xbMacTenu1.hap1.1	xbMacTenu1.1	hap1	1	1	0	1	/data/tol/data/darwin/molluscs/Macomangulus_tenuis/assembly/curated/xbMacTenu1.1/xbMacTenu1.hap1.1.primary.fa.gz
Macrocera_phalerata	insects	release_reference	idMacPhal2.1	idMacPhal2.1	primary	1	1	0	0	/data/tol/data/darwin/insects/Macrocera_phalerata/assembly/curated/idMacPhal2.1/idMacPhal2.1.primary.fa.gz
Macrochilo_cribrumalis	insects	release_reference	ilMacCrib3.hap1.1	ilMacCrib3.1	hap1	1	1	0	0	/data/tol/data/darwin/insects/Macrochilo_cribrumalis/assembly/curated/ilMacCrib3.1/ilMacCrib3.hap1.1.primary.fa.gz
Macrodema_micropterum	insects	release_reference	ihMacMicr1.hap1.1	ihMacMicr1.1	hap1	1	1	0	0	/data/tol/data/darwin/insects/Macrodema_micropterum/assembly/curated/ihMacMicr1.1/ihMacMicr1.hap1.1.primary.fa.gz
Macroglossum_stellatarum	insects	release_reference	ilMacStel1.hap1.1	ilMacStel1.1	hap1	1	1	0	0	/data/tol/data/darwin/insects/Macroglossum_stellatarum/assembly/curated/ilMacStel1.1/ilMacStel1.hap1.1.primary.fa.gz
Macrophya_alboannulata	insects	release_reference	iyMacAlbo1.1	iyMacAlbo1.1	primary	1	1	0	0	/data/tol/data/darwin/insects/Macrophya_alboannulata/assembly/curated/iyMacAlbo1.1/iyMacAlbo1.1.primary.fa.gz
Macrophya_annulata	insects	release_reference	iyMacAnnu1.1	iyMacAnnu1.1	primary	1	1	0	0	/data/tol/data/darwin/insects/Macrophya_annulata/assembly/curated/iyMacAnnu1.1/iyMacAnnu1.1.primary.fa.gz
Macrophya_punctumalbum	insects	release_reference	iyMacPunc1.1	iyMacPunc1.1	primary	1	1	0	0	/data/tol/data/darwin/insects/Macrophya_punctumalbum/assembly/curated/iyMacPunc1.1/iyMacPunc1.1.primary.fa.gz
Macrophya_ribis	insects	release_reference	iyMacRibi1.1	iyMacRibi1.1	primary	1	1	0	0	/data/tol/data/darwin/insects/Macrophya_ribis/assembly/curated/iyMacRibi1.1/iyMacRibi1.1.primary.fa.gz
Macropis_europaea	insects	release_reference	iyMacEuro1.2	iyMacEuro1.2	primary	1	2	1	0	/data/tol/data/darwin/insects/Macropis_europaea/assembly/curated/iyMacEuro1.2/iyMacEuro1.2.primary.fa.gz
Macrothylacia_rubi	insects	release_reference	ilMacRubi1.hap1.1	ilMacRubi1.1	hap1	1	1	0	0	/data/tol/data/darwin/insects/Macrothylacia_rubi/assembly/curated/ilMacRubi1.1/ilMacRubi1.hap1.1.primary.fa.gz
Maea_johnstoni	annelids	release_reference	wdMagJohn1.1	wdMagJohn1.1	primary	1	1	2	1	/data/tol/data/darwin/annelids/Maea_johnstoni/assembly/curated/wdMagJohn1.1/wdMagJohn1.1.primary.fa.gz
Magallana_gigas	molluscs	release_reference	xbMagGiga1.1	xbMagGiga1.1	primary	1	1	0	0	/data/tol/data/darwin/molluscs/Magallana_gigas/assembly/curated/xbMagGiga1.1/xbMagGiga1.1.primary.fa.gz
Magdalis_barbicornis	insects	release_reference	icMagBarb1.hap1.1	icMagBarb1.1	hap1	1	1	0	0	/data/tol/data/darwin/insects/Magdalis_barbicornis/assembly/curated/icMagBarb1.1/icMagBarb1.hap1.1.primary.fa.gz
Magdalis_cerasi	insects	newer_curation_than_reference	icMagCera1.1	icMagCera1.2	primary	1	2	0	0	/data/tol/data/darwin/insects/Magdalis_cerasi/assembly/curated/icMagCera1.2/icMagCera1.2.primary.fa.gz
Malachius_bipustulatus	insects	release_reference	icMalBipu1.1	icMalBipu1.1	primary	1	1	0	0	/data/tol/data/darwin/insects/Malachius_bipustulatus/assembly/curated/icMalBipu1.1/icMalBipu1.1.primary.fa.gz
Malacoceros_girardi	annelids	release_reference	wdMalGira1.hap1.1	wdMalGira1.1	hap1	1	1	0	0	/data/tol/data/darwin/annelids/Malacoceros_girardi/assembly/curated/wdMalGira1.1/wdMalGira1.hap1.1.primary.fa.gz
Malacosoma_castrense	insects	newest_curated_no_reference		ilMalCast1.1	hap1	1	1	0	0	/data/tol/data/darwin/insects/Malacosoma_castrense/assembly/curated/ilMalCast1.1/ilMalCast1.hap1.1.primary.fa.gz
Malacosoma_neustria	insects	release_reference	ilMalNeus2.1	ilMalNeus2.1	primary	1	1	0	0	/data/tol/data/darwin/insects/Malacosoma_neustria/assembly/curated/ilMalNeus2.1/ilMalNeus2.1.primary.fa.gz
Malthinus_flaveolus	insects	release_reference	icMalFlav1.1	icMalFlav1.1	primary	1	1	0	0	/data/tol/data/darwin/insects/Malthinus_flaveolus/assembly/curated/icMalFlav1.1/icMalFlav1.1.primary.fa.gz
Malthinus_seriepunctatus	insects	release_reference	icMalSeri1.1	icMalSeri1.1	primary	1	1	0	0	/data/tol/data/darwin/insects/Malthinus_seriepunctatus/assembly/curated/icMalSeri1.1/icMalSeri1.1.primary.fa.gz
Malthodes_marginatus	insects	release_reference	icMalMarg1.hap1.1	icMalMarg1.1	hap1	1	1	0	0	/data/tol/data/darwin/insects/Malthodes_marginatus/assembly/curated/icMalMarg1.1/icMalMarg1.hap1.1.primary.fa.gz
Malthodes_minimus	insects	release_reference	icMalMini1.1	icMalMini1.1	primary	1	1	0	0	/data/tol/data/darwin/insects/Malthodes_minimus/assembly/curated/icMalMini1.1/icMalMini1.1.primary.fa.gz
Malus_domestica	dicots	newest_curated_no_reference		drMalDome5.3	primary	4	10	0	0	/data/tol/data/darwin/dicots/Malus_domestica/assembly/curated/drMalDome5.3/drMalDome5.3.primary.fa.gz
Malus_sylvestris	dicots	release_reference	drMalSylv7.3	drMalSylv7.3	primary	1	3	0	0	/data/tol/data/darwin/dicots/Malus_sylvestris/assembly/curated/drMalSylv7.3/drMalSylv7.3.primary.fa.gz
Malus_x_robusta	dicots	release_reference	drMalRobu1.1	drMalRobu1.1	primary	1	1	0	0	/data/tol/data/darwin/dicots/Malus_x_robusta/assembly/curated/drMalRobu1.1/drMalRobu1.1.primary.fa.gz
Malva_arborea	dicots	release_reference	ddMalArbo1.hap1.1	ddMalArbo1.1	hap1	1	1	0	0	/data/tol/data/darwin/dicots/Malva_arborea/assembly/curated/ddMalArbo1.1/ddMalArbo1.hap1.1.primary.fa.gz
Malva_neglecta	dicots	release_reference	ddMalNegl1.hap1.2	ddMalNegl1.2	hap1	1	2	0	0	/data/tol/data/darwin/dicots/Malva_neglecta/assembly/curated/ddMalNegl1.2/ddMalNegl1.hap1.2.primary.fa.gz
Malva_sylvestris	dicots	release_reference	ddMalSylv1.hap1.2	ddMalSylv1.2	hap1	1	2	0	0	/data/tol/data/darwin/dicots/Malva_sylvestris/assembly/curated/ddMalSylv1.2/ddMalSylv1.hap1.2.primary.fa.gz
Mamestra_brassicae	insects	release_reference	ilMamBras1.1	ilMamBras1.1	primary	1	1	0	0	/data/tol/data/darwin/insects/Mamestra_brassicae/assembly/curated/ilMamBras1.1/ilMamBras1.1.primary.fa.gz
Maniola_jurtina	insects	release_reference	ilManJurt1.1	ilManJurt1.1	primary	1	1	0	0	/data/tol/data/darwin/insects/Maniola_jurtina/assembly/curated/ilManJurt1.1/ilManJurt1.1.primary.fa.gz
Maniola_tithonus	insects	release_reference	ilManTith1.hap1.1	ilManTith1.1	hap1	1	1	0	0	/data/tol/data/darwin/insects/Maniola_tithonus/assembly/curated/ilManTith1.1/ilManTith1.hap1.1.primary.fa.gz
Marasmarcha_lunaedactyla	insects	release_reference	ilMarLuna1.1	ilMarLuna1.1	primary	1	1	0	0	/data/tol/data/darwin/insects/Marasmarcha_lunaedactyla/assembly/curated/ilMarLuna1.1/ilMarLuna1.1.primary.fa.gz
Marasmius_cohaerens	fungi	release_reference	gfMarCoha1.1	gfMarCoha1.1	primary	1	1	0	1	/data/tol/data/darwin/fungi/Marasmius_cohaerens/assembly/curated/gfMarCoha1.1/gfMarCoha1.1.primary.fa.gz
Marchantia_polymorpha	non-vascular-plants	newest_curated_no_reference		cmMarPoly1.2	primary	1	2	0	0	/data/tol/data/darwin/non-vascular-plants/Marchantia_polymorpha/assembly/curated/cmMarPoly1.2/cmMarPoly1.2.primary.fa.gz
Marchantia_quadrata	non-vascular-plants	release_reference	cmMarQuad2.1	cmMarQuad2.1	primary	1	1	0	0	/data/tol/data/darwin/non-vascular-plants/Marchantia_quadrata/assembly/curated/cmMarQuad2.1/cmMarQuad2.1.primary.fa.gz
Mareca_penelope	birds	release_reference	bMarPen1.hap2.1	bMarPen1.1	hap2	1	1	0	0	/data/tol/data/darwin/birds/Mareca_penelope/assembly/curated/bMarPen1.1/bMarPen1.hap2.1.primary.fa.gz
Mareca_strepera	birds	release_reference	bMarStr1.hap1.1	bMarStr1.1	hap1	1	1	0	0	/data/tol/data/darwin/birds/Mareca_strepera/assembly/curated/bMarStr1.1/bMarStr1.hap1.1.primary.fa.gz
Marsupella_aquatica	non-vascular-plants	release_reference	cjMarAqua2.1	cjMarAqua2.1	primary	1	1	0	0	/data/tol/data/darwin/non-vascular-plants/Marsupella_aquatica/assembly/curated/cjMarAqua2.1/cjMarAqua2.1.primary.fa.gz
Marsupella_emarginata	non-vascular-plants	release_reference	cjMarEmar2.1	cjMarEmar2.1	primary	1	1	0	0	/data/tol/data/darwin/non-vascular-plants/Marsupella_emarginata/assembly/curated/cjMarEmar2.1/cjMarEmar2.1.primary.fa.gz
Martes_martes	mammals	release_reference	mMarMar1.1	mMarMar1.1	primary	1	1	0	0	/data/tol/data/darwin/mammals/Martes_martes/assembly/curated/mMarMar1.1/mMarMar1.1.primary.fa.gz
Marthasterias_glacialis	echinoderms	release_reference	eaMarGlac1.2	eaMarGlac1.2	primary	1	2	0	0	/data/tol/data/darwin/echinoderms/Marthasterias_glacialis/assembly/curated/eaMarGlac1.2/eaMarGlac1.2.primary.fa.gz
Marvania_coccoides	algae	release_reference	ucMarCocc1.1	ucMarCocc1.1	primary	1	1	0	0	/data/tol/data/darwin/algae/Marvania_coccoides/assembly/curated/ucMarCocc1.1/ucMarCocc1.1.primary.fa.gz
Mastigophora_woodsii	non-vascular-plants	release_reference	cjMasWood2.2	cjMasWood2.2	primary	1	2	0	0	/data/tol/data/darwin/non-vascular-plants/Mastigophora_woodsii/assembly/curated/cjMasWood2.2/cjMasWood2.2.primary.fa.gz
Matricaria_chamomilla	dicots	release_reference	daMatCham1.hap1.1	daMatCham1.1	hap1	1	1	0	0	/data/tol/data/darwin/dicots/Matricaria_chamomilla/assembly/curated/daMatCham1.1/daMatCham1.hap1.1.primary.fa.gz
Matricaria_discoidea	dicots	release_reference	daMatDisc1.hap1.1	daMatDisc1.1	hap1	1	1	0	0	/data/tol/data/darwin/dicots/Matricaria_discoidea/assembly/curated/daMatDisc1.1/daMatDisc1.hap1.1.primary.fa.gz
Matthiola_sinuata	dicots	release_reference	ddMatSinu1.hap1.1	ddMatSinu1.1	hap1	1	1	0	0	/data/tol/data/darwin/dicots/Matthiola_sinuata/assembly/curated/ddMatSinu1.1/ddMatSinu1.hap1.1.primary.fa.gz
Mechanitis_lysimnia	insects	release_reference	ilMecLysi317.hap2.1	ilMecLysi317.1	hap2	6	6	0	0	/data/tol/data/darwin/insects/Mechanitis_lysimnia/assembly/curated/ilMecLysi317.1/ilMecLysi317.hap2.1.primary.fa.gz
Mechanitis_polymnia	insects	release_reference	ilMecPoly75.hap2.1	ilMecPoly75.1	hap2	7	7	0	0	/data/tol/data/darwin/insects/Mechanitis_polymnia/assembly/curated/ilMecPoly75.1/ilMecPoly75.hap2.1.primary.fa.gz
Meconema_thalassinum	insects	release_reference	iqMecThal1.2	iqMecThal1.2	primary	1	2	0	0	/data/tol/data/darwin/insects/Meconema_thalassinum/assembly/curated/iqMecThal1.2/iqMecThal1.2.primary.fa.gz
Mecyna_asinalis	insects	release_reference	ilMecAsin2.hap1.1	ilMecAsin2.1	hap1	1	1	0	0	/data/tol/data/darwin/insects/Mecyna_asinalis/assembly/curated/ilMecAsin2.1/ilMecAsin2.hap1.1.primary.fa.gz
Mecyna_flavalis	insects	release_reference	ilMecFlav1.1	ilMecFlav1.1	primary	1	1	0	0	/data/tol/data/darwin/insects/Mecyna_flavalis/assembly/curated/ilMecFlav1.1/ilMecFlav1.1.primary.fa.gz
Medicago_arabica	dicots	release_reference	drMedArab1.1	drMedArab1.1	primary	1	1	0	0	/data/tol/data/darwin/dicots/Medicago_arabica/assembly/curated/drMedArab1.1/drMedArab1.1.primary.fa.gz
Medicago_lupulina	dicots	release_reference	drMedLupu1.1	drMedLupu1.1	primary	1	1	0	0	/data/tol/data/darwin/dicots/Medicago_lupulina/assembly/curated/drMedLupu1.1/drMedLupu1.1.primary.fa.gz
Meesia_triquetra	non-vascular-plants	release_reference	cbMeeTriq1.1	cbMeeTriq1.1	primary	1	1	0	0	/data/tol/data/darwin/non-vascular-plants/Meesia_triquetra/assembly/curated/cbMeeTriq1.1/cbMeeTriq1.1.primary.fa.gz
Megachile_leachella	insects	release_reference	iyMegLeac1.1	iyMegLeac1.1	primary	1	1	0	0	/data/tol/data/darwin/insects/Megachile_leachella/assembly/curated/iyMegLeac1.1/iyMegLeac1.1.primary.fa.gz
Megachile_ligniseca	insects	release_reference	iyMegLign1.1	iyMegLign1.1	primary	1	1	0	0	/data/tol/data/darwin/insects/Megachile_ligniseca/assembly/curated/iyMegLign1.1/iyMegLign1.1.primary.fa.gz
Megachile_maritima	insects	release_reference	iyMegMari1.hap2.1	iyMegMari1.1	hap2	1	1	0	0	/data/tol/data/darwin/insects/Megachile_maritima/assembly/curated/iyMegMari1.1/iyMegMari1.hap2.1.primary.fa.gz
Megachile_willughbiella	insects	release_reference	iyMegWill1.2	iyMegWill1.2	primary	1	2	1	0	/data/tol/data/darwin/insects/Megachile_willughbiella/assembly/curated/iyMegWill1.2/iyMegWill1.2.primary.fa.gz
Megalepthyphantes_collinus	arthropods	release_reference	qqMegColl2.1	qqMegColl2.1	primary	1	1	0	0	/data/tol/data/darwin/arthropods/Megalepthyphantes_collinus/assembly/curated/qqMegColl2.1/qqMegColl2.1.primary.fa.gz
Megalonotus_praetextatus	insects	release_reference	ihMegPrae1.hap1.1	ihMegPrae1.1	hap1	1	1	0	0	/data/tol/data/darwin/insects/Megalonotus_praetextatus/assembly/curated/ihMegPrae1.1/ihMegPrae1.hap1.1.primary.fa.gz
Megamerina_dolium	insects	release_reference	idMegDoli1.1	idMegDoli1.1	primary	1	1	0	0	/data/tol/data/darwin/insects/Megamerina_dolium/assembly/curated/idMegDoli1.1/idMegDoli1.1.primary.fa.gz
Meganola_albula	insects	release_reference	ilMegAlbu1.1	ilMegAlbu1.1	primary	1	1	0	0	/data/tol/data/darwin/insects/Meganola_albula/assembly/curated/ilMegAlbu1.1/ilMegAlbu1.1.primary.fa.gz
Megatoma_undata	insects	release_reference	icMegUnda1.hap1.1	icMegUnda1.1	hap1	1	1	0	0	/data/tol/data/darwin/insects/Megatoma_undata/assembly/curated/icMegUnda1.1/icMegUnda1.hap1.1.primary.fa.gz
Melampyrum_pratense	dicots	release_reference	daMelPrat2.hap1.1	daMelPrat2.1	hap1	1	1	0	0	/data/tol/data/darwin/dicots/Melampyrum_pratense/assembly/curated/daMelPrat2.1/daMelPrat2.hap1.1.primary.fa.gz
Melampyrum_sylvaticum	dicots	release_reference	daMelSylv1.2	daMelSylv1.2	primary	1	2	0	0	/data/tol/data/darwin/dicots/Melampyrum_sylvaticum/assembly/curated/daMelSylv1.2/daMelSylv1.2.primary.fa.gz
Melanargia_galathea	insects	release_reference	ilMelGala2.1	ilMelGala2.1	primary	1	1	2	0	/data/tol/data/darwin/insects/Melanargia_galathea/assembly/curated/ilMelGala2.1/ilMelGala2.1.primary.fa.gz
Melanchra_persicariae	insects	release_reference	ilMelPers1.1	ilMelPers1.1	primary	1	1	0	0	/data/tol/data/darwin/insects/Melanchra_persicariae/assembly/curated/ilMelPers1.1/ilMelPers1.1.primary.fa.gz
Melangyna_compositarum	insects	release_reference	idMelComo1.hap1.1	idMelComo1.1	hap1	1	1	0	0	/data/tol/data/darwin/insects/Melangyna_compositarum/assembly/curated/idMelComo1.1/idMelComo1.hap1.1.primary.fa.gz
Melangyna_quadrimaculata	insects	release_reference	idMelQuad1.1	idMelQuad1.1	primary	1	1	0	0	/data/tol/data/darwin/insects/Melangyna_quadrimaculata/assembly/curated/idMelQuad1.1/idMelQuad1.1.primary.fa.gz
Melanomya_nana	insects	release_reference	idMelNana4.hap1.1	idMelNana4.1	hap1	1	1	0	0	/data/tol/data/darwin/insects/Melanomya_nana/assembly/curated/idMelNana4.1/idMelNana4.hap1.1.primary.fa.gz
Melanophora_roralis	insects	release_reference	idMelRora1.1	idMelRora1.1	primary	1	1	1	0	/data/tol/data/darwin/insects/Melanophora_roralis/assembly/curated/idMelRora1.1/idMelRora1.1.primary.fa.gz
Melanostoma_mellinum	insects	newer_curation_than_reference	idMelMell2.1	idMelMell2.2	primary	1	2	1	0	/data/tol/data/darwin/insects/Melanostoma_mellinum/assembly/curated/idMelMell2.2/idMelMell2.2.primary.fa.gz
Melanostoma_scalare	insects	release_reference	idMelScal2.1	idMelScal2.1	primary	1	1	0	0	/data/tol/data/darwin/insects/Melanostoma_scalare/assembly/curated/idMelScal2.1/idMelScal2.1.primary.fa.gz
Melanotus_villosus	insects	release_reference	icMelVill1.1	icMelVill1.1	primary	1	1	0	0	/data/tol/data/darwin/insects/Melanotus_villosus/assembly/curated/icMelVill1.1/icMelVill1.1.primary.fa.gz
Melanthia_procellata	insects	release_reference	ilMelProc2.hap1.1	ilMelProc2.1	hap1	1	1	0	0	/data/tol/data/darwin/insects/Melanthia_procellata/assembly/curated/ilMelProc2.1/ilMelProc2.hap1.1.primary.fa.gz
Melica_uniflora	monocots	release_reference	lpMelUnif1.hap1.1	lpMelUnif1.1	hap1	1	1	0	0	/data/tol/data/darwin/monocots/Melica_uniflora/assembly/curated/lpMelUnif1.1/lpMelUnif1.hap1.1.primary.fa.gz
Melieria_crassipennis	insects	release_reference	idMelCras1.1	idMelCras1.1	primary	1	1	0	0	/data/tol/data/darwin/insects/Melieria_crassipennis/assembly/curated/idMelCras1.1/idMelCras1.1.primary.fa.gz
Melieria_omissa	insects	release_reference	idMelOmis1.1	idMelOmis1.1	primary	1	1	2	0	/data/tol/data/darwin/insects/Melieria_omissa/assembly/curated/idMelOmis1.1/idMelOmis1.1.primary.fa.gz
Melieria_picta	insects	release_reference	idMelPict1.hap1.1	idMelPict1.1	hap1	1	1	0	0	/data/tol/data/darwin/insects/Melieria_picta/assembly/curated/idMelPict1.1/idMelPict1.hap1.1.primary.fa.gz
Melilotus_altissimus	dicots	release_reference	drMelAlti1.hap1.1	drMelAlti1.1	hap1	1	1	0	0	/data/tol/data/darwin/dicots/Melilotus_altissimus/assembly/curated/drMelAlti1.1/drMelAlti1.hap1.1.primary.fa.gz
Melinna_palmata	annelids	release_reference	wtMelPalm2.hap1.1	wtMelPalm2.1	hap1	1	1	0	0	/data/tol/data/darwin/annelids/Melinna_palmata/assembly/curated/wtMelPalm2.1/wtMelPalm2.hap1.1.primary.fa.gz
Melinopterus_prodromus	insects	release_reference	icMelProd3.1	icMelProd3.1	primary	1	1	0	0	/data/tol/data/darwin/insects/Melinopterus_prodromus/assembly/curated/icMelProd3.1/icMelProd3.1.primary.fa.gz
Meliscaeva_auricollis	insects	release_reference	idMelAuri2.1	idMelAuri2.1	primary	1	1	0	0	/data/tol/data/darwin/insects/Meliscaeva_auricollis/assembly/curated/idMelAuri2.1/idMelAuri2.1.primary.fa.gz
Meliscaeva_cinctella	insects	release_reference	idMelCint3.1	idMelCint3.1	primary	1	1	0	0	/data/tol/data/darwin/insects/Meliscaeva_cinctella/assembly/curated/idMelCint3.1/idMelCint3.1.primary.fa.gz
Melitaea_athalia	insects	release_reference	ilMelAtha1.2	ilMelAtha1.2	primary	1	2	0	0	/data/tol/data/darwin/insects/Melitaea_athalia/assembly/curated/ilMelAtha1.2/ilMelAtha1.2.primary.fa.gz
Melitaea_cinxia	insects	release_reference	ilMelCinx1.1	ilMelCinx1.1	primary	1	1	0	0	/data/tol/data/darwin/insects/Melitaea_cinxia/assembly/curated/ilMelCinx1.1/ilMelCinx1.1.primary.fa.gz
Melitta_haemorrhoidalis	insects	release_reference	iyMelHaem1.1	iyMelHaem1.1	primary	1	1	1	0	/data/tol/data/darwin/insects/Melitta_haemorrhoidalis/assembly/curated/iyMelHaem1.1/iyMelHaem1.1.primary.fa.gz
Melittis_melissophyllum	dicots	release_reference	daMelMeli1.1	daMelMeli1.1	primary	1	1	0	0	/data/tol/data/darwin/dicots/Melittis_melissophyllum/assembly/curated/daMelMeli1.1/daMelMeli1.1.primary.fa.gz
Mellicta_athalia	insects	release_reference	ilMelAtha1.2	ilMelAtha1.2	primary	1	2	0	0	/data/tol/data/darwin/insects/Mellicta_athalia/assembly/curated/ilMelAtha1.2/ilMelAtha1.2.primary.fa.gz
Melolontha_melolontha	insects	release_reference	icMelMelo1.2	icMelMelo1.2	primary	1	2	0	0	/data/tol/data/darwin/insects/Melolontha_melolontha/assembly/curated/icMelMelo1.2/icMelMelo1.2.primary.fa.gz
Membranipora_membranacea	other-animal-phyla	release_reference	tzMemMemb1.1	tzMemMemb1.1	legacy_curated_primary	1	1	0	0	/data/tol/data/darwin/other-animal-phyla/Membranipora_membranacea/assembly/curated/tzMemMemb1.1/tzMemMemb1_1.curated_primary.fa
Menophra_abruptaria	insects	release_reference	ilMenAbru1.hap1.1	ilMenAbru1.1	hap1	1	1	0	0	/data/tol/data/darwin/insects/Menophra_abruptaria/assembly/curated/ilMenAbru1.1/ilMenAbru1.hap1.1.primary.fa.gz
Mentha_aquatica	dicots	release_reference	daMenAqua1.hap1.2	daMenAqua1.2	hap1	1	2	0	0	/data/tol/data/darwin/dicots/Mentha_aquatica/assembly/curated/daMenAqua1.2/daMenAqua1.hap1.2.primary.fa.gz
Mercurialis_annua	dicots	release_reference	ddMerAnnu1.2	ddMerAnnu1.2	primary	1	2	0	0	/data/tol/data/darwin/dicots/Mercurialis_annua/assembly/curated/ddMerAnnu1.2/ddMerAnnu1.2.primary.fa.gz
Mergellus_albellus	birds	release_reference	bMerAlb1.hap1.1	bMerAlb1.1	hap1	1	1	0	0	/data/tol/data/darwin/birds/Mergellus_albellus/assembly/curated/bMerAlb1.1/bMerAlb1.hap1.1.primary.fa.gz
Mergus_serrator	birds	newer_curation_than_reference	bMerSer1.hap1.1	bMerSer1.2	hap1	1	2	0	1	/data/tol/data/darwin/birds/Mergus_serrator/assembly/curated/bMerSer1.2/bMerSer1.hap1.2.primary.fa.gz
Merodon_equestris	insects	release_reference	idMerEque2.1	idMerEque2.1	primary	1	1	0	0	/data/tol/data/darwin/insects/Merodon_equestris/assembly/curated/idMerEque2.1/idMerEque2.1.primary.fa.gz
Meromyza_pratorum	insects	release_reference	idMerPrat1.hap1.1	idMerPrat1.1	hap1	1	1	0	0	/data/tol/data/darwin/insects/Meromyza_pratorum/assembly/curated/idMerPrat1.1/idMerPrat1.hap1.1.primary.fa.gz
Merrifieldia_baliodactyla	insects	release_reference	ilMerBalo2.hap1.1	ilMerBalo2.1	hap1	1	1	0	0	/data/tol/data/darwin/insects/Merrifieldia_baliodactyla/assembly/curated/ilMerBalo2.1/ilMerBalo2.hap1.1.primary.fa.gz
Merrifieldia_leucodactyla	insects	release_reference	ilMerLeuc2.hap1.1	ilMerLeuc2.1	hap1	1	1	0	0	/data/tol/data/darwin/insects/Merrifieldia_leucodactyla/assembly/curated/ilMerLeuc2.1/ilMerLeuc2.hap1.1.primary.fa.gz
Merzomyia_westermanni	insects	release_reference	idMerWest1.1	idMerWest1.1	primary	1	1	1	0	/data/tol/data/darwin/insects/Merzomyia_westermanni/assembly/curated/idMerWest1.1/idMerWest1.1.primary.fa.gz
Mesapamea_secalis	insects	release_reference	ilMesSeca1.hap1.1	ilMesSeca1.1	hap1	1	1	0	0	/data/tol/data/darwin/insects/Mesapamea_secalis/assembly/curated/ilMesSeca1.1/ilMesSeca1.hap1.1.primary.fa.gz
Mesoleptidea_cingulata	insects	release_reference	iyMesCing1.hap1.1	iyMesCing1.1	hap1	1	1	0	0	/data/tol/data/darwin/insects/Mesoleptidea_cingulata/assembly/curated/iyMesCing1.1/iyMesCing1.hap1.1.primary.fa.gz
Mesoligia_furuncula	insects	release_reference	ilMesFuru1.1	ilMesFuru1.1	legacy_curated_primary	1	1	0	0	/data/tol/data/darwin/insects/Mesoligia_furuncula/assembly/curated/ilMesFuru1.1/ilMesFuru1_1.curated_primary.fa
Mesoligia_literosa	insects	release_reference	ilMesLite2.hap1.1	ilMesLite2.1	hap1	1	1	0	0	/data/tol/data/darwin/insects/Mesoligia_literosa/assembly/curated/ilMesLite2.1/ilMesLite2.hap1.1.primary.fa.gz
Mesoplodon_mirus	mammals	release_reference	mMesMir1.hap1.2	mMesMir1.2	hap1	1	2	0	0	/data/tol/data/darwin/mammals/Mesoplodon_mirus/assembly/curated/mMesMir1.2/mMesMir1.hap1.2.primary.fa.gz
Mesopsocus_fuscifrons	insects	release_reference	iuMesFusc1.1	iuMesFusc1.1	primary	1	1	0	0	/data/tol/data/darwin/insects/Mesopsocus_fuscifrons/assembly/curated/iuMesFusc1.1/iuMesFusc1.1.primary.fa.gz
Mesoptychia_rutheana	non-vascular-plants	release_reference	cjMesRuth1.1	cjMesRuth1.1	primary	1	1	0	0	/data/tol/data/darwin/non-vascular-plants/Mesoptychia_rutheana/assembly/curated/cjMesRuth1.1/cjMesRuth1.1.primary.fa.gz
Meta_bourneti	arthropods	release_reference	qqMetBour1.1	qqMetBour1.1	primary	1	1	0	0	/data/tol/data/darwin/arthropods/Meta_bourneti/assembly/curated/qqMetBour1.1/qqMetBour1.1.primary.fa.gz
Metalampra_italica	insects	release_reference	ilMetItal3.1	ilMetItal3.1	primary	1	1	0	0	/data/tol/data/darwin/insects/Metalampra_italica/assembly/curated/ilMetItal3.1/ilMetItal3.1.primary.fa.gz
Metellina_segmentata	arthropods	release_reference	qqMetSegm1.1	qqMetSegm1.1	primary	1	1	1	0	/data/tol/data/darwin/arthropods/Metellina_segmentata/assembly/curated/qqMetSegm1.1/qqMetSegm1.1.primary.fa.gz
Meteorus_filator	insects	release_reference	iyMetFila2.1	iyMetFila2.1	primary	1	1	0	0	/data/tol/data/darwin/insects/Meteorus_filator/assembly/curated/iyMetFila2.1/iyMetFila2.1.primary.fa.gz
Meteorus_ictericus	insects	release_reference	iyMetIcte1.hap1.1	iyMetIcte1.1	hap1	1	1	0	0	/data/tol/data/darwin/insects/Meteorus_ictericus/assembly/curated/iyMetIcte1.1/iyMetIcte1.hap1.1.primary.fa.gz
Meteorus_pendulus	insects	release_reference	iyMetPend1.hap1.1	iyMetPend1.1	hap1	1	1	0	0	/data/tol/data/darwin/insects/Meteorus_pendulus/assembly/curated/iyMetPend1.1/iyMetPend1.hap1.1.primary.fa.gz
Meteorus_rubens	insects	release_reference	iyMetRube1.hap1.1	iyMetRube1.1	hap1	1	1	0	0	/data/tol/data/darwin/insects/Meteorus_rubens/assembly/curated/iyMetRube1.1/iyMetRube1.hap1.1.primary.fa.gz
Metoecus_paradoxus	insects	release_reference	icMetPara1.1	icMetPara1.1	primary	1	1	0	0	/data/tol/data/darwin/insects/Metoecus_paradoxus/assembly/curated/icMetPara1.1/icMetPara1.1.primary.fa.gz
Metopia_argyrocephala	insects	release_reference	idMetArgy1.1	idMetArgy1.1	primary	1	1	0	0	/data/tol/data/darwin/insects/Metopia_argyrocephala/assembly/curated/idMetArgy1.1/idMetArgy1.1.primary.fa.gz
Metridium_senile	jellyfish	release_reference	jaMetSeni4.1	jaMetSeni4.1	primary	1	1	0	0	/data/tol/data/darwin/jellyfish/Metridium_senile/assembly/curated/jaMetSeni4.1/jaMetSeni4.1.primary.fa.gz
Metriotes_lutarea	insects	release_reference	ilMetLuta1.hap1.1	ilMetLuta1.1	hap1	1	1	0	0	/data/tol/data/darwin/insects/Metriotes_lutarea/assembly/curated/ilMetLuta1.1/ilMetLuta1.hap1.1.primary.fa.gz
Metschnikowia_zobellii	fungi	release_reference	gsMetZobe1.1	gsMetZobe1.1	primary	1	1	0	0	/data/tol/data/darwin/fungi/Metschnikowia_zobellii/assembly/curated/gsMetZobe1.1/gsMetZobe1.1.primary.fa.gz
Metzneria_aprilella	insects	release_reference	ilMetApri1.hap1.1	ilMetApri1.1	hap1	1	1	0	0	/data/tol/data/darwin/insects/Metzneria_aprilella/assembly/curated/ilMetApri1.1/ilMetApri1.hap1.1.primary.fa.gz
Metzneria_lappella	insects	release_reference	ilMetLapp10.hap1.1	ilMetLapp10.1	hap1	1	1	0	0	/data/tol/data/darwin/insects/Metzneria_lappella/assembly/curated/ilMetLapp10.1/ilMetLapp10.hap1.1.primary.fa.gz
Metzneria_neuropterella	insects	release_reference	ilMetNeur1.hap1.1	ilMetNeur1.1	hap1	1	1	0	0	/data/tol/data/darwin/insects/Metzneria_neuropterella/assembly/curated/ilMetNeur1.1/ilMetNeur1.hap1.1.primary.fa.gz
Microcara_testacea	insects	release_reference	icMicTest2.1	icMicTest2.1	primary	1	1	0	0	/data/tol/data/darwin/insects/Microcara_testacea/assembly/curated/icMicTest2.1/icMicTest2.1.primary.fa.gz
Microchirus_variegatus	fish	release_reference	fMicVar1.1	fMicVar1.1	primary	1	1	0	0	/data/tol/data/darwin/fish/Microchirus_variegatus/assembly/curated/fMicVar1.1/fMicVar1.1.primary.fa.gz
Microchrysa_polita	insects	release_reference	idMicPoli1.1	idMicPoli1.1	primary	1	1	0	0	/data/tol/data/darwin/insects/Microchrysa_polita/assembly/curated/idMicPoli1.1/idMicPoli1.1.primary.fa.gz
Microdon_myrmicae	insects	release_reference	idMicMyrm1.1	idMicMyrm1.1	primary	1	1	1	0	/data/tol/data/darwin/insects/Microdon_myrmicae/assembly/curated/idMicMyrm1.1/idMicMyrm1.1.primary.fa.gz
Microlinyphia_pusilla	arthropods	release_reference	qqMicPusi1.hap1.1	qqMicPusi1.1	hap1	1	1	0	0	/data/tol/data/darwin/arthropods/Microlinyphia_pusilla/assembly/curated/qqMicPusi1.1/qqMicPusi1.hap1.1.primary.fa.gz
Microlophium_carnosum	insects	release_reference	ihMicCarn4.1	ihMicCarn4.1	primary	1	1	0	0	/data/tol/data/darwin/insects/Microlophium_carnosum/assembly/curated/ihMicCarn4.1/ihMicCarn4.1.primary.fa.gz
Micromesistius_poutassou	fish	release_reference	fMicPou1.1	fMicPou1.1	primary	1	1	0	0	/data/tol/data/darwin/fish/Micromesistius_poutassou/assembly/curated/fMicPou1.1/fMicPou1.1.primary.fa.gz
Micromys_minutus	mammals	release_reference	mMicMin1.1	mMicMin1.1	primary	1	1	0	0	/data/tol/data/darwin/mammals/Micromys_minutus/assembly/curated/mMicMin1.1/mMicMin1.1.primary.fa.gz
Microphor_holosericeus	insects	release_reference	idMicHolo1.hap2.1	idMicHolo1.1	hap2	1	1	0	1	/data/tol/data/darwin/insects/Microphor_holosericeus/assembly/curated/idMicHolo1.1/idMicHolo1.hap2.1.primary.fa.gz
Microplitis_deprimator	insects	release_reference	iyMicDepi1.1	iyMicDepi1.1	primary	1	1	0	0	/data/tol/data/darwin/insects/Microplitis_deprimator/assembly/curated/iyMicDepi1.1/iyMicDepi1.1.primary.fa.gz
Micropterix_aruncella	insects	release_reference	ilMicArun2.1	ilMicArun2.1	primary	1	1	1	0	/data/tol/data/darwin/insects/Micropterix_aruncella/assembly/curated/ilMicArun2.1/ilMicArun2.1.primary.fa.gz
Microrhagus_pygmaeus	insects	release_reference	icMicPygm2.1	icMicPygm2.1	primary	1	1	0	0	/data/tol/data/darwin/insects/Microrhagus_pygmaeus/assembly/curated/icMicPygm2.1/icMicPygm2.1.primary.fa.gz
Microstomus_kitt	fish	newest_curated_no_reference		fMicKit1.1	primary	1	1	0	0	/data/tol/data/darwin/fish/Microstomus_kitt/assembly/curated/fMicKit1.1/fMicKit1.1.primary.fa.gz
Microtus_agrestis	mammals	release_reference	mMicAgr2.hap1.1	mMicAgr2.1	hap1	1	1	0	0	/data/tol/data/darwin/mammals/Microtus_agrestis/assembly/curated/mMicAgr2.1/mMicAgr2.hap1.1.primary.fa.gz
Miltochrista_miniata	insects	release_reference	ilMilMini2.1	ilMilMini2.1	primary	1	1	1	0	/data/tol/data/darwin/insects/Miltochrista_miniata/assembly/curated/ilMilMini2.1/ilMilMini2.1.primary.fa.gz
Mimachlamys_varia	molluscs	release_reference	xbMimVari1.1	xbMimVari1.1	primary	1	1	0	0	/data/tol/data/darwin/molluscs/Mimachlamys_varia/assembly/curated/xbMimVari1.1/xbMimVari1.1.primary.fa.gz
Mimas_tiliae	insects	release_reference	ilMimTili1.1	ilMimTili1.1	primary	1	1	0	0	/data/tol/data/darwin/insects/Mimas_tiliae/assembly/curated/ilMimTili1.1/ilMimTili1.1.primary.fa.gz
Mimulus_peregrinus	dicots	release_reference	daMimPere1.hap1.1	daMimPere1.1	hap1	1	1	0	0	/data/tol/data/darwin/dicots/Mimulus_peregrinus/assembly/curated/daMimPere1.1/daMimPere1.hap1.1.primary.fa.gz
Mimumesa_dahlbomi	insects	release_reference	iyMimDahl1.3	iyMimDahl1.3	primary	1	3	0	0	/data/tol/data/darwin/insects/Mimumesa_dahlbomi/assembly/curated/iyMimDahl1.3/iyMimDahl1.3.primary.fa.gz
Minettia_fasciata	insects	release_reference	idMinFasc2.hap1.1	idMinFasc2.1	hap1	1	1	0	0	/data/tol/data/darwin/insects/Minettia_fasciata/assembly/curated/idMinFasc2.1/idMinFasc2.hap1.1.primary.fa.gz
Miniopterus_schreibersii	mammals	release_reference	mMinSch1.hap1.2	mMinSch1.2	hap1	1	2	0	0	/data/tol/data/darwin/mammals/Miniopterus_schreibersii/assembly/curated/mMinSch1.2/mMinSch1.hap1.2.primary.fa.gz
Mirificarma_mulinella	insects	release_reference	ilMirMuli1.hap1.1	ilMirMuli1.1	hap1	1	1	0	0	/data/tol/data/darwin/insects/Mirificarma_mulinella/assembly/curated/ilMirMuli1.1/ilMirMuli1.hap1.1.primary.fa.gz
Miris_striatus	insects	newest_curated_no_reference		ihMirStri1.1	primary	1	1	0	0	/data/tol/data/darwin/insects/Miris_striatus/assembly/curated/ihMirStri1.1/ihMirStri1.1.primary.fa.gz
Misopates_orontium	dicots	release_reference	daMisOron1.1	daMisOron1.1	primary	1	1	0	0	/data/tol/data/darwin/dicots/Misopates_orontium/assembly/curated/daMisOron1.1/daMisOron1.1.primary.fa.gz
Moehringia_trinervia	dicots	release_reference	dcMoeTrin1.hap1.1	dcMoeTrin1.1	hap1	1	1	0	0	/data/tol/data/darwin/dicots/Moehringia_trinervia/assembly/curated/dcMoeTrin1.1/dcMoeTrin1.hap1.1.primary.fa.gz
Molanna_angustata	insects	release_reference	iiMolAngu1.1	iiMolAngu1.1	primary	1	1	0	0	/data/tol/data/darwin/insects/Molanna_angustata/assembly/curated/iiMolAngu1.1/iiMolAngu1.1.primary.fa.gz
Mompha_epilobiella	insects	release_reference	ilMomEpil1.1	ilMomEpil1.1	primary	1	1	0	0	/data/tol/data/darwin/insects/Mompha_epilobiella/assembly/curated/ilMomEpil1.1/ilMomEpil1.1.primary.fa.gz
Mompha_miscella	insects	release_reference	ilMomMisc2.1	ilMomMisc2.1	primary	1	1	0	0	/data/tol/data/darwin/insects/Mompha_miscella/assembly/curated/ilMomMisc2.1/ilMomMisc2.1.primary.fa.gz
Mompha_subbistrigella	insects	release_reference	ilMomSubb2.hap1.1	ilMomSubb2.1	hap1	1	1	0	0	/data/tol/data/darwin/insects/Mompha_subbistrigella/assembly/curated/ilMomSubb2.1/ilMomSubb2.hap1.1.primary.fa.gz
Monacha_cantiana	molluscs	release_reference	xgMonCant1.hap1.1	xgMonCant1.1	hap1	1	1	0	0	/data/tol/data/darwin/molluscs/Monacha_cantiana/assembly/curated/xgMonCant1.1/xgMonCant1.hap1.1.primary.fa.gz
Monochroa_lutulentella	insects	release_reference	ilMonLutu3.hap1.1	ilMonLutu3.1	hap1	1	1	0	0	/data/tol/data/darwin/insects/Monochroa_lutulentella/assembly/curated/ilMonLutu3.1/ilMonLutu3.hap1.1.primary.fa.gz
Monochroa_tenebrella	insects	release_reference	ilMonTene1.hap1.1	ilMonTene1.1	hap1	1	1	0	0	/data/tol/data/darwin/insects/Monochroa_tenebrella/assembly/curated/ilMonTene1.1/ilMonTene1.hap1.1.primary.fa.gz
Mononychus_punctumalbum	insects	release_reference	icMonPunc1.hap1.1	icMonPunc1.1	hap1	1	1	0	0	/data/tol/data/darwin/insects/Mononychus_punctumalbum/assembly/curated/icMonPunc1.1/icMonPunc1.hap1.1.primary.fa.gz
Monopis_laevigella	insects	release_reference	ilMonLaev1.1	ilMonLaev1.1	primary	2	2	1	0	/data/tol/data/darwin/insects/Monopis_laevigella/assembly/curated/ilMonLaev1.1/ilMonLaev1.1.primary.fa.gz
Monopis_weaverella	insects	release_reference	ilMonWeav1.1	ilMonWeav1.1	primary	1	1	0	0	/data/tol/data/darwin/insects/Monopis_weaverella/assembly/curated/ilMonWeav1.1/ilMonWeav1.1.primary.fa.gz
Monostegia_abdominalis	insects	release_reference	iyMonAbdo1.hap1.1	iyMonAbdo1.1	hap1	1	1	0	0	/data/tol/data/darwin/insects/Monostegia_abdominalis/assembly/curated/iyMonAbdo1.1/iyMonAbdo1.hap1.1.primary.fa.gz
Monotoma_picipes	insects	release_reference	icMonPici2.1	icMonPici2.1	primary	1	1	0	0	/data/tol/data/darwin/insects/Monotoma_picipes/assembly/curated/icMonPici2.1/icMonPici2.1.primary.fa.gz
Mormo_maura	insects	release_reference	ilMorMaur1.hap1.1	ilMorMaur1.1	hap1	1	1	0	0	/data/tol/data/darwin/insects/Mormo_maura/assembly/curated/ilMorMaur1.1/ilMorMaur1.hap1.1.primary.fa.gz
Mortierella_fluviae	fungi	release_reference	ggMorFluv1.1	ggMorFluv1.1	primary	1	1	0	0	/data/tol/data/darwin/fungi/Mortierella_fluviae/assembly/curated/ggMorFluv1.1/ggMorFluv1.1.primary.fa.gz
Motacilla_cinerea	birds	release_reference	bMotCin1.hap1.1	bMotCin1.1	hap1	1	1	0	0	/data/tol/data/darwin/birds/Motacilla_cinerea/assembly/curated/bMotCin1.1/bMotCin1.hap1.1.primary.fa.gz
Motacilla_flava	birds	release_reference	bMotFla1.hap1.1	bMotFla1.1	hap1	1	1	0	0	/data/tol/data/darwin/birds/Motacilla_flava/assembly/curated/bMotFla1.1/bMotFla1.hap1.1.primary.fa.gz
Mucor_piriformis	fungi	release_reference	gzMucPiri1.1	gzMucPiri1.1	primary	1	1	0	0	/data/tol/data/darwin/fungi/Mucor_piriformis/assembly/curated/gzMucPiri1.1/gzMucPiri1.1.primary.fa.gz
Mullus_surmuletus	fish	release_reference	fMulSur1.hap1.1	fMulSur1.1	hap1	1	1	0	0	/data/tol/data/darwin/fish/Mullus_surmuletus/assembly/curated/fMulSur1.1/fMulSur1.hap1.1.primary.fa.gz
Muntiacus_reevesi	mammals	release_reference	mMunRee1.2	mMunRee1.2	primary	1	2	0	0	/data/tol/data/darwin/mammals/Muntiacus_reevesi/assembly/curated/mMunRee1.2/mMunRee1.2.primary.fa.gz
Mus_musculus	mammals	newest_curated_no_reference		mMusMuc1.1	primary	1	1	0	0	/data/tol/data/darwin/mammals/Mus_musculus/assembly/curated/mMusMuc1.1/mMusMuc1.1.primary.fa.gz
Muscardinus_avellanarius	mammals	release_reference	mMusAve1.1	mMusAve1.1	primary	1	1	0	0	/data/tol/data/darwin/mammals/Muscardinus_avellanarius/assembly/curated/mMusAve1.1/mMusAve1.1.primary.fa.gz
Muscicapa_striata	birds	release_reference	bMusSti1.hap1.1	bMusSti1.1	hap1	1	1	0	0	/data/tol/data/darwin/birds/Muscicapa_striata/assembly/curated/bMusSti1.1/bMusSti1.hap1.1.primary.fa.gz
Muscina_levida	insects	release_reference	idMusLevi1.1	idMusLevi1.1	primary	1	1	0	0	/data/tol/data/darwin/insects/Muscina_levida/assembly/curated/idMusLevi1.1/idMusLevi1.1.primary.fa.gz
Musotima_nitidalis	insects	release_reference	ilMusNiti1.1	ilMusNiti1.1	primary	1	1	0	0	/data/tol/data/darwin/insects/Musotima_nitidalis/assembly/curated/ilMusNiti1.1/ilMusNiti1.1.primary.fa.gz
Mustela_erminea	mammals	newest_curated_no_reference		mMusErm2.1	hap1	1	1	0	1	/data/tol/data/darwin/mammals/Mustela_erminea/assembly/curated/mMusErm2.1/mMusErm2.hap1.1.primary.fa.gz
Mustela_nivalis	mammals	release_reference	mMusNiv2.hap1.1	mMusNiv2.1	hap1	1	1	0	0	/data/tol/data/darwin/mammals/Mustela_nivalis/assembly/curated/mMusNiv2.1/mMusNiv2.hap1.1.primary.fa.gz
Mustelus_asterias	sharks	release_reference	sMusAst1.hap1.1	sMusAst1.1	hap1	1	1	0	0	/data/tol/data/darwin/sharks/Mustelus_asterias/assembly/curated/sMusAst1.1/sMusAst1.hap1.1.primary.fa.gz
Myathropa_florea	insects	release_reference	idMyaFlor2.1	idMyaFlor2.1	primary	1	1	0	0	/data/tol/data/darwin/insects/Myathropa_florea/assembly/curated/idMyaFlor2.1/idMyaFlor2.1.primary.fa.gz
Mycena_galericulata	fungi	release_reference	gfMycGale1.hap1.1	gfMycGale1.1	hap1	1	1	0	0	/data/tol/data/darwin/fungi/Mycena_galericulata/assembly/curated/gfMycGale1.1/gfMycGale1.hap1.1.primary.fa.gz
Mycetophagus_atomarius	insects	release_reference	icMycAtom3.1	icMycAtom3.1	primary	1	1	0	0	/data/tol/data/darwin/insects/Mycetophagus_atomarius/assembly/curated/icMycAtom3.1/icMycAtom3.1.primary.fa.gz
Mycetophagus_piceus	insects	release_reference	icMycPice2.hap1.1	icMycPice2.1	hap1	1	1	0	0	/data/tol/data/darwin/insects/Mycetophagus_piceus/assembly/curated/icMycPice2.1/icMycPice2.hap1.1.primary.fa.gz
Mycetophagus_quadripustulatus	insects	newest_curated_no_reference		icMycQuar2.1	primary	1	1	0	0	/data/tol/data/darwin/insects/Mycetophagus_quadripustulatus/assembly/curated/icMycQuar2.1/icMycQuar2.1.primary.fa.gz
Mycetophila_formosa	insects	release_reference	idMycForm1.hap1.1	idMycForm1.1	hap1	1	1	0	0	/data/tol/data/darwin/insects/Mycetophila_formosa/assembly/curated/idMycForm1.1/idMycForm1.hap1.1.primary.fa.gz
Mycetophila_fungorum	insects	release_reference	idMycFung1.hap1.1	idMycFung1.1	hap1	1	1	0	0	/data/tol/data/darwin/insects/Mycetophila_fungorum/assembly/curated/idMycFung1.1/idMycFung1.hap1.1.primary.fa.gz
Myennis_octopunctata	insects	release_reference	idMyeOcto1.hap1.1	idMyeOcto1.1	hap1	1	1	0	0	/data/tol/data/darwin/insects/Myennis_octopunctata/assembly/curated/idMyeOcto1.1/idMyeOcto1.hap1.1.primary.fa.gz
Myodes_glareolus	mammals	release_reference	mMyoGla1.1	mMyoGla1.1	primary	1	1	0	0	/data/tol/data/darwin/mammals/Myodes_glareolus/assembly/curated/mMyoGla1.1/mMyoGla1.1.primary.fa.gz
Myopa_buccata	insects	release_reference	idMyoBucc1.hap1.1	idMyoBucc1.1	hap1	1	1	0	0	/data/tol/data/darwin/insects/Myopa_buccata/assembly/curated/idMyoBucc1.1/idMyoBucc1.hap1.1.primary.fa.gz
Myopa_tessellatipennis	insects	release_reference	idMyoTess1.2	idMyoTess1.2	primary	1	2	1	0	/data/tol/data/darwin/insects/Myopa_tessellatipennis/assembly/curated/idMyoTess1.2/idMyoTess1.2.primary.fa.gz
Myopa_testacea	insects	release_reference	idMyoTest4.hap1.1	idMyoTest4.1	hap1	2	3	3	0	/data/tol/data/darwin/insects/Myopa_testacea/assembly/curated/idMyoTest4.1/idMyoTest4.hap1.1.primary.fa.gz
Myotis_daubentonii	mammals	release_reference	mMyoDau2.hap1.2	mMyoDau2.2	hap1	1	2	0	0	/data/tol/data/darwin/mammals/Myotis_daubentonii/assembly/curated/mMyoDau2.2/mMyoDau2.hap1.2.primary.fa.gz
Myotis_emarginatus	mammals	release_reference	mMyoEma1.hap1.2	mMyoEma1.2	hap1	1	2	0	0	/data/tol/data/darwin/mammals/Myotis_emarginatus/assembly/curated/mMyoEma1.2/mMyoEma1.hap1.2.primary.fa.gz
Myotis_mystacinus	mammals	release_reference	mMyoMys1.hap1.3	mMyoMys1.3	hap1	1	3	0	0	/data/tol/data/darwin/mammals/Myotis_mystacinus/assembly/curated/mMyoMys1.3/mMyoMys1.hap1.3.primary.fa.gz
Myotis_nattereri	mammals	release_reference	mMyoNat1.hap1.2	mMyoNat1.2	hap1	1	2	0	0	/data/tol/data/darwin/mammals/Myotis_nattereri/assembly/curated/mMyoNat1.2/mMyoNat1.hap1.2.primary.fa.gz
Myrica_gale	dicots	release_reference	dhMyrGale1.1	dhMyrGale1.1	primary	1	1	0	0	/data/tol/data/darwin/dicots/Myrica_gale/assembly/curated/dhMyrGale1.1/dhMyrGale1.1.primary.fa.gz
Myriophyllum_alterniflorum	dicots	release_reference	drMyrAlte1.1	drMyrAlte1.1	primary	1	1	0	0	/data/tol/data/darwin/dicots/Myriophyllum_alterniflorum/assembly/curated/drMyrAlte1.1/drMyrAlte1.1.primary.fa.gz
Myriophyllum_aquaticum	dicots	release_reference	drMyrAqua2.hap1.1	drMyrAqua2.1	hap1	1	1	0	0	/data/tol/data/darwin/dicots/Myriophyllum_aquaticum/assembly/curated/drMyrAqua2.1/drMyrAqua2.hap1.1.primary.fa.gz
Myriophyllum_spicatum	dicots	release_reference	drMyrSpic1.hap1.1	drMyrSpic1.1	hap1	1	1	0	0	/data/tol/data/darwin/dicots/Myriophyllum_spicatum/assembly/curated/drMyrSpic1.1/drMyrSpic1.hap1.1.primary.fa.gz
Myriophyllum_verticillatum	dicots	release_reference	drMyrVert1.hap1.1	drMyrVert1.1	hap1	1	1	0	0	/data/tol/data/darwin/dicots/Myriophyllum_verticillatum/assembly/curated/drMyrVert1.1/drMyrVert1.hap1.1.primary.fa.gz
Myrrha_octodecimguttata	insects	release_reference	icMyrOcto1.1	icMyrOcto1.1	primary	1	1	0	0	/data/tol/data/darwin/insects/Myrrha_octodecimguttata/assembly/curated/icMyrOcto1.1/icMyrOcto1.1.primary.fa.gz
Myrrhis_odorata	dicots	release_reference	drMyrOdor1.hap1.1	drMyrOdor1.1	hap1	1	1	0	0	/data/tol/data/darwin/dicots/Myrrhis_odorata/assembly/curated/drMyrOdor1.1/drMyrOdor1.hap1.1.primary.fa.gz
Mysia_undata	molluscs	release_reference	xbMysUnda1.hap1.1	xbMysUnda1.1	hap1	1	1	0	0	/data/tol/data/darwin/molluscs/Mysia_undata/assembly/curated/xbMysUnda1.1/xbMysUnda1.hap1.1.primary.fa.gz
Mystacides_azureus	insects	release_reference	iiMysAzur1.1	iiMysAzur1.1	primary	1	1	0	0	/data/tol/data/darwin/insects/Mystacides_azureus/assembly/curated/iiMysAzur1.1/iiMysAzur1.1.primary.fa.gz
Mystacides_longicornis	insects	release_reference	iiMysLong1.1	iiMysLong1.1	primary	1	1	2	0	/data/tol/data/darwin/insects/Mystacides_longicornis/assembly/curated/iiMysLong1.1/iiMysLong1.1.primary.fa.gz
Mythimna_albipuncta	insects	release_reference	ilMytAlbi1.1	ilMytAlbi1.1	primary	1	1	0	0	/data/tol/data/darwin/insects/Mythimna_albipuncta/assembly/curated/ilMytAlbi1.1/ilMytAlbi1.1.primary.fa.gz
Mythimna_conigera	insects	release_reference	ilMytConi1.hap1.1	ilMytConi1.1	hap1	1	1	0	0	/data/tol/data/darwin/insects/Mythimna_conigera/assembly/curated/ilMytConi1.1/ilMytConi1.hap1.1.primary.fa.gz
Mythimna_ferrago	insects	release_reference	ilMytFerr1.2	ilMytFerr1.2	primary	1	2	0	1	/data/tol/data/darwin/insects/Mythimna_ferrago/assembly/curated/ilMytFerr1.2/ilMytFerr1.2.primary.fa.gz
Mythimna_impura	insects	release_reference	ilMytImpu1.3	ilMytImpu1.3	primary	1	3	0	0	/data/tol/data/darwin/insects/Mythimna_impura/assembly/curated/ilMytImpu1.3/ilMytImpu1.3.primary.fa.gz
Mythimna_lalbum	insects	release_reference	ilMytLalu1.1	ilMytLalu1.1	primary	1	1	0	0	/data/tol/data/darwin/insects/Mythimna_lalbum/assembly/curated/ilMytLalu1.1/ilMytLalu1.1.primary.fa.gz
Mythimna_pallens	insects	release_reference	ilMytPall1.1	ilMytPall1.1	primary	1	1	0	0	/data/tol/data/darwin/insects/Mythimna_pallens/assembly/curated/ilMytPall1.1/ilMytPall1.1.primary.fa.gz
Mythimna_pudorina	insects	release_reference	ilMytPudo1.hap1.1	ilMytPudo1.1	hap1	1	1	0	0	/data/tol/data/darwin/insects/Mythimna_pudorina/assembly/curated/ilMytPudo1.1/ilMytPudo1.hap1.1.primary.fa.gz
Mythimna_straminea	insects	release_reference	ilMytStra2.1	ilMytStra2.1	primary	1	1	0	0	/data/tol/data/darwin/insects/Mythimna_straminea/assembly/curated/ilMytStra2.1/ilMytStra2.1.primary.fa.gz
Mythimna_vitellina	insects	release_reference	ilMytVite1.1	ilMytVite1.1	primary	1	1	0	0	/data/tol/data/darwin/insects/Mythimna_vitellina/assembly/curated/ilMytVite1.1/ilMytVite1.1.primary.fa.gz
Mytilus_edulis	molluscs	release_reference	xbMytEdul2.2	xbMytEdul2.2	primary	1	2	0	0	/data/tol/data/darwin/molluscs/Mytilus_edulis/assembly/curated/xbMytEdul2.2/xbMytEdul2.2.primary.fa.gz
Mytilus_galloprovincialis	molluscs	release_reference	xbMytGall1.hap1.1	xbMytGall1.1	hap1	1	1	0	0	/data/tol/data/darwin/molluscs/Mytilus_galloprovincialis/assembly/curated/xbMytGall1.1/xbMytGall1.hap1.1.primary.fa.gz
Myxine_glutinosa	chordates	release_reference	kmMyxGlut1.1	kmMyxGlut1.1	primary	1	1	0	0	/data/tol/data/darwin/chordates/Myxine_glutinosa/assembly/curated/kmMyxGlut1.1/kmMyxGlut1.1.primary.fa.gz
Myzus_persicae	insects	newest_curated_no_reference		ihMyzPers6.1	hap1	1	1	0	0	/data/tol/data/darwin/insects/Myzus_persicae/assembly/curated/ihMyzPers6.1/ihMyzPers6.hap1.1.primary.fa.gz
Nacerdes_melanura	insects	release_reference	icNacMela1.hap1.1	icNacMela1.1	hap1	1	1	0	0	/data/tol/data/darwin/insects/Nacerdes_melanura/assembly/curated/icNacMela1.1/icNacMela1.hap1.1.primary.fa.gz
Nalassus_laevioctostriatus	insects	release_reference	icNalLaev1.hap1.1	icNalLaev1.1	hap1	1	1	0	0	/data/tol/data/darwin/insects/Nalassus_laevioctostriatus/assembly/curated/icNalLaev1.1/icNalLaev1.hap1.1.primary.fa.gz
Nanogona_polydesmoides	arthropods	release_reference	qdNanPoly8.1	qdNanPoly8.1	primary	1	1	0	0	/data/tol/data/darwin/arthropods/Nanogona_polydesmoides/assembly/curated/qdNanPoly8.1/qdNanPoly8.1.primary.fa.gz
Nansenia_antarctica	fish	release_reference	fNanAnt1.1	fNanAnt1.1	primary	1	1	0	0	/data/tol/data/darwin/fish/Nansenia_antarctica/assembly/curated/fNanAnt1.1/fNanAnt1.1.primary.fa.gz
Nardia_scalaris	non-vascular-plants	release_reference	cjNarScal3.1	cjNarScal3.1	primary	1	1	0	0	/data/tol/data/darwin/non-vascular-plants/Nardia_scalaris/assembly/curated/cjNarScal3.1/cjNarScal3.1.primary.fa.gz
Narthecium_ossifragum	monocots	release_reference	ldNarOssi1.1	ldNarOssi1.1	primary	1	1	0	0	/data/tol/data/darwin/monocots/Narthecium_ossifragum/assembly/curated/ldNarOssi1.1/ldNarOssi1.1.primary.fa.gz
Nasturtium_officinale	dicots	release_reference	ddNasOffi1.1	ddNasOffi1.1	primary	1	1	0	0	/data/tol/data/darwin/dicots/Nasturtium_officinale/assembly/curated/ddNasOffi1.1/ddNasOffi1.1.primary.fa.gz
Natrix_helvetica	reptiles	release_reference	rNatHel1.hap1.1	rNatHel1.1	hap1	1	2	0	0	/data/tol/data/darwin/reptiles/Natrix_helvetica/assembly/curated/rNatHel1.1/rNatHel1.hap1.1.primary.fa.gz
Nebria_brevicollis	insects	release_reference	icNebBrev1.1	icNebBrev1.1	primary	1	1	1	0	/data/tol/data/darwin/insects/Nebria_brevicollis/assembly/curated/icNebBrev1.1/icNebBrev1.1.primary.fa.gz
Nebria_salina	insects	release_reference	icNebSali1.1	icNebSali1.1	primary	1	1	0	0	/data/tol/data/darwin/insects/Nebria_salina/assembly/curated/icNebSali1.1/icNebSali1.1.primary.fa.gz
Neckera_pumila	non-vascular-plants	release_reference	cbNecPumi1.1	cbNecPumi1.1	primary	1	1	0	0	/data/tol/data/darwin/non-vascular-plants/Neckera_pumila/assembly/curated/cbNecPumi1.1/cbNecPumi1.1.primary.fa.gz
Nedyus_quadrimaculatus	insects	release_reference	icNedQuad3.1	icNedQuad3.1	primary	1	1	1	0	/data/tol/data/darwin/insects/Nedyus_quadrimaculatus/assembly/curated/icNedQuad3.1/icNedQuad3.1.primary.fa.gz
Nemapogon_clematella	insects	release_reference	ilNemClem1.hap2.1	ilNemClem1.1	hap2	1	1	0	0	/data/tol/data/darwin/insects/Nemapogon_clematella/assembly/curated/ilNemClem1.1/ilNemClem1.hap2.1.primary.fa.gz
Nemapogon_koenigi	insects	release_reference	ilNemKoen2.1	ilNemKoen2.1	primary	1	1	0	0	/data/tol/data/darwin/insects/Nemapogon_koenigi/assembly/curated/ilNemKoen2.1/ilNemKoen2.1.primary.fa.gz
Nemapogon_ruricolella	insects	release_reference	ilNemRuri1.hap1.1	ilNemRuri1.1	hap1	1	1	0	0	/data/tol/data/darwin/insects/Nemapogon_ruricolella/assembly/curated/ilNemRuri1.1/ilNemRuri1.hap1.1.primary.fa.gz
Nematopogon_swammerdamellus	insects	release_reference	ilNemSwae1.1	ilNemSwae1.1	primary	1	1	0	0	/data/tol/data/darwin/insects/Nematopogon_swammerdamellus/assembly/curated/ilNemSwae1.1/ilNemSwae1.1.primary.fa.gz
Nematostella_vectensis	jellyfish	release_reference	jaNemVect1.2	jaNemVect1.2	primary	1	2	0	0	/data/tol/data/darwin/jellyfish/Nematostella_vectensis/assembly/curated/jaNemVect1.2/jaNemVect1.2.primary.fa.gz
Nemophora_degeerella	insects	release_reference	ilNemDege5.hap1.1	ilNemDege5.1	hap1	1	1	0	0	/data/tol/data/darwin/insects/Nemophora_degeerella/assembly/curated/ilNemDege5.1/ilNemDege5.hap1.1.primary.fa.gz
Nemophora_metallica	insects	release_reference	ilNemMetl5.hap1.1	ilNemMetl5.1	hap1	1	1	0	0	/data/tol/data/darwin/insects/Nemophora_metallica/assembly/curated/ilNemMetl5.1/ilNemMetl5.hap1.1.primary.fa.gz
Nemopoda_nitidula	insects	release_reference	idNemNiti2.1	idNemNiti2.1	primary	1	1	0	0	/data/tol/data/darwin/insects/Nemopoda_nitidula/assembly/curated/idNemNiti2.1/idNemNiti2.1.primary.fa.gz
Nemotelus_nigrinus	insects	release_reference	idNemNigr1.1	idNemNigr1.1	primary	1	1	1	0	/data/tol/data/darwin/insects/Nemotelus_nigrinus/assembly/curated/idNemNigr1.1/idNemNigr1.1.primary.fa.gz
Nemotelus_notatus	insects	release_reference	idNemNota1.hap1.1	idNemNota1.1	hap1	1	1	0	0	/data/tol/data/darwin/insects/Nemotelus_notatus/assembly/curated/idNemNota1.1/idNemNota1.hap1.1.primary.fa.gz
Nemotelus_pantherinus	insects	release_reference	idNemPant2.1	idNemPant2.1	primary	1	1	0	0	/data/tol/data/darwin/insects/Nemotelus_pantherinus/assembly/curated/idNemPant2.1/idNemPant2.1.primary.fa.gz
Nemotelus_uliginosus	insects	release_reference	idNemUlig1.hap2.1	idNemUlig1.1	hap2	1	1	3	0	/data/tol/data/darwin/insects/Nemotelus_uliginosus/assembly/curated/idNemUlig1.1/idNemUlig1.hap2.1.primary.fa.gz
Nemoura_dubitans	insects	release_reference	ipNemDubi1.1	ipNemDubi1.1	primary	1	1	0	0	/data/tol/data/darwin/insects/Nemoura_dubitans/assembly/curated/ipNemDubi1.1/ipNemDubi1.1.primary.fa.gz
Nemurella_pictetii	insects	release_reference	ipNemPict2.2	ipNemPict2.2	primary	1	2	0	0	/data/tol/data/darwin/insects/Nemurella_pictetii/assembly/curated/ipNemPict2.2/ipNemPict2.2.primary.fa.gz
Neoascia_interrupta	insects	release_reference	idNeoInte1.1	idNeoInte1.1	primary	1	1	0	0	/data/tol/data/darwin/insects/Neoascia_interrupta/assembly/curated/idNeoInte1.1/idNeoInte1.1.primary.fa.gz
Neoascia_tenur	insects	release_reference	idNeoTenu2.1	idNeoTenu2.1	primary	1	1	0	0	/data/tol/data/darwin/insects/Neoascia_tenur/assembly/curated/idNeoTenu2.1/idNeoTenu2.1.primary.fa.gz
Neocochylis_molliculana	insects	release_reference	ilNeoMoll1.1	ilNeoMoll1.1	primary	1	1	0	0	/data/tol/data/darwin/insects/Neocochylis_molliculana/assembly/curated/ilNeoMoll1.1/ilNeoMoll1.1.primary.fa.gz
Neocrepidodera_transversa	insects	release_reference	icNeoTran1.1	icNeoTran1.1	primary	1	1	0	0	/data/tol/data/darwin/insects/Neocrepidodera_transversa/assembly/curated/icNeoTran1.1/icNeoTran1.1.primary.fa.gz
Neofaculta_ericetella	insects	release_reference	ilNeoEric1.hap1.1	ilNeoEric1.1	hap1	1	1	0	0	/data/tol/data/darwin/insects/Neofaculta_ericetella/assembly/curated/ilNeoEric1.1/ilNeoEric1.hap1.1.primary.fa.gz
Neoitamus_cothurnatus	insects	release_reference	idNeoCoth1.hap1.1	idNeoCoth1.1	hap1	1	1	0	0	/data/tol/data/darwin/insects/Neoitamus_cothurnatus/assembly/curated/idNeoCoth1.1/idNeoCoth1.hap1.1.primary.fa.gz
Neoitamus_cyanurus	insects	release_reference	idNeoCyan1.1	idNeoCyan1.1	primary	1	1	0	0	/data/tol/data/darwin/insects/Neoitamus_cyanurus/assembly/curated/idNeoCyan1.1/idNeoCyan1.1.primary.fa.gz
Neoorthocaulis_attenuatus	non-vascular-plants	release_reference	cjNeoAtte2.2	cjNeoAtte2.2	primary	1	2	0	0	/data/tol/data/darwin/non-vascular-plants/Neoorthocaulis_attenuatus/assembly/curated/cjNeoAtte2.2/cjNeoAtte2.2.primary.fa.gz
Neottiglossa_pusilla	insects	release_reference	ihNeoPusi1.hap1.1	ihNeoPusi1.1	hap1	1	1	0	0	/data/tol/data/darwin/insects/Neottiglossa_pusilla/assembly/curated/ihNeoPusi1.1/ihNeoPusi1.hap1.1.primary.fa.gz
Neovison_vison	mammals	newest_curated_no_reference		mNeoVis2.1	hap1	1	2	0	0	/data/tol/data/darwin/mammals/Neovison_vison/assembly/curated/mNeoVis2.1/mNeoVis2.hap1.1.primary.fa.gz
Nephrocerus_scutellatus	insects	release_reference	idNepScut1.1	idNepScut1.1	primary	1	1	0	0	/data/tol/data/darwin/insects/Nephrocerus_scutellatus/assembly/curated/idNepScut1.1/idNepScut1.1.primary.fa.gz
Nephrotoma_appendiculata	insects	release_reference	idNepAppe1.1	idNepAppe1.1	primary	1	1	0	0	/data/tol/data/darwin/insects/Nephrotoma_appendiculata/assembly/curated/idNepAppe1.1/idNepAppe1.1.primary.fa.gz
Nephrotoma_flavescens	insects	release_reference	idNepFlae1.1	idNepFlae1.1	primary	1	1	1	0	/data/tol/data/darwin/insects/Nephrotoma_flavescens/assembly/curated/idNepFlae1.1/idNepFlae1.1.primary.fa.gz
Nephrotoma_guestfalica	insects	release_reference	idNepGues1.1	idNepGues1.1	primary	1	1	0	0	/data/tol/data/darwin/insects/Nephrotoma_guestfalica/assembly/curated/idNepGues1.1/idNepGues1.1.primary.fa.gz
Nereis_zonata	annelids	release_reference	wpNerZona1.hap1.1	wpNerZona1.1	hap1	1	1	0	0	/data/tol/data/darwin/annelids/Nereis_zonata/assembly/curated/wpNerZona1.1/wpNerZona1.hap1.1.primary.fa.gz
Neria_commutata	insects	release_reference	idNerComm1.1	idNerComm1.1	primary	1	1	1	0	/data/tol/data/darwin/insects/Neria_commutata/assembly/curated/idNerComm1.1/idNerComm1.1.primary.fa.gz
Netelia_cristata	insects	newest_curated_no_reference		iyNetCris1.1	hap1	1	1	0	0	/data/tol/data/darwin/insects/Netelia_cristata/assembly/curated/iyNetCris1.1/iyNetCris1.hap1.1.primary.fa.gz
Netelia_fuscicornis	insects	release_reference	iyNetDila1.1	iyNetDila1.1	primary	1	1	0	0	/data/tol/data/darwin/insects/Netelia_fuscicornis/assembly/curated/iyNetDila1.1/iyNetDila1.1.primary.fa.gz
Netelia_inedita	insects	release_reference	iyNetThom1.1	iyNetThom1.1	primary	1	1	0	0	/data/tol/data/darwin/insects/Netelia_inedita/assembly/curated/iyNetThom1.1/iyNetThom1.1.primary.fa.gz
Netelia_infractor	insects	release_reference	iyNetInfr4.1	iyNetInfr4.1	primary	1	1	0	0	/data/tol/data/darwin/insects/Netelia_infractor/assembly/curated/iyNetInfr4.1/iyNetInfr4.1.primary.fa.gz
Netelia_melanura	insects	release_reference	iyNetMela1.1	iyNetMela1.1	primary	1	1	0	0	/data/tol/data/darwin/insects/Netelia_melanura/assembly/curated/iyNetMela1.1/iyNetMela1.1.primary.fa.gz
Netelia_thomsonii	insects	release_reference	iyNetThom1.1	iyNetThom1.1	primary	1	1	0	0	/data/tol/data/darwin/insects/Netelia_thomsonii/assembly/curated/iyNetThom1.1/iyNetThom1.1.primary.fa.gz
Netelia_virgata	insects	release_reference	iyNetVirg2.1	iyNetVirg2.1	primary	1	1	0	0	/data/tol/data/darwin/insects/Netelia_virgata/assembly/curated/iyNetVirg2.1/iyNetVirg2.1.primary.fa.gz
Netta_rufina	birds	release_reference	bNetRuf1.1	bNetRuf1.1	primary	1	1	0	0	/data/tol/data/darwin/birds/Netta_rufina/assembly/curated/bNetRuf1.1/bNetRuf1.1.primary.fa.gz
Neurigona_quadrifasciata	insects	release_reference	idNeuQuad1.1	idNeuQuad1.1	primary	1	1	0	0	/data/tol/data/darwin/insects/Neurigona_quadrifasciata/assembly/curated/idNeuQuad1.1/idNeuQuad1.1.primary.fa.gz
Nicotiana_alata	dicots	release_reference	daNicAlat1.hap1.1	daNicAlat1.1	hap1	1	1	0	0	/data/tol/data/darwin/dicots/Nicotiana_alata/assembly/curated/daNicAlat1.1/daNicAlat1.hap1.1.primary.fa.gz
Nicrophorus_investigator	insects	release_reference	icNicInve2.1	icNicInve2.1	primary	1	1	0	0	/data/tol/data/darwin/insects/Nicrophorus_investigator/assembly/curated/icNicInve2.1/icNicInve2.1.primary.fa.gz
Nigrotipula_nigra	insects	release_reference	idNigNigr1.hap1.1	idNigNigr1.1	hap1	1	1	0	0	/data/tol/data/darwin/insects/Nigrotipula_nigra/assembly/curated/idNigNigr1.1/idNigNigr1.hap1.1.primary.fa.gz
Nineta_flava	insects	release_reference	inNinFlav1.1	inNinFlav1.1	primary	1	1	0	0	/data/tol/data/darwin/insects/Nineta_flava/assembly/curated/inNinFlav1.1/inNinFlav1.1.primary.fa.gz
Noctua_comes	insects	release_reference	ilNocCome1.1	ilNocCome1.1	primary	1	1	0	0	/data/tol/data/darwin/insects/Noctua_comes/assembly/curated/ilNocCome1.1/ilNocCome1.1.primary.fa.gz
Noctua_fimbriata	insects	release_reference	ilNocFimb1.1	ilNocFimb1.1	primary	1	1	0	0	/data/tol/data/darwin/insects/Noctua_fimbriata/assembly/curated/ilNocFimb1.1/ilNocFimb1.1.primary.fa.gz
Noctua_janthe	insects	release_reference	ilNocJant1.1	ilNocJant1.1	primary	1	1	0	0	/data/tol/data/darwin/insects/Noctua_janthe/assembly/curated/ilNocJant1.1/ilNocJant1.1.primary.fa.gz
Noctua_janthina	insects	release_reference	ilNocJanh1.1	ilNocJanh1.1	primary	1	1	0	0	/data/tol/data/darwin/insects/Noctua_janthina/assembly/curated/ilNocJanh1.1/ilNocJanh1.1.primary.fa.gz
Noctua_pronuba	insects	release_reference	ilNocPron1.1	ilNocPron1.1	primary	1	1	0	0	/data/tol/data/darwin/insects/Noctua_pronuba/assembly/curated/ilNocPron1.1/ilNocPron1.1.primary.fa.gz
Noctuidae_sp_SAN22000473	insects	newest_curated_no_reference		ilNocSpea1.1	hap1	1	1	0	0	/data/tol/data/darwin/insects/Noctuidae_sp_SAN22000473/assembly/curated/ilNocSpea1.1/ilNocSpea1.hap1.1.primary.fa.gz
Nogopterium_gracile	non-vascular-plants	release_reference	cbNogGrac3.1	cbNogGrac3.1	primary	1	1	0	0	/data/tol/data/darwin/non-vascular-plants/Nogopterium_gracile/assembly/curated/cbNogGrac3.1/cbNogGrac3.1.primary.fa.gz
Nomada_fabriciana	insects	release_reference	iyNomFabr1.1	iyNomFabr1.1	primary	1	1	1	0	/data/tol/data/darwin/insects/Nomada_fabriciana/assembly/curated/iyNomFabr1.1/iyNomFabr1.1.primary.fa.gz
Nomada_ferruginata	insects	release_reference	iyNomFerr1.1	iyNomFerr1.1	primary	1	1	2	0	/data/tol/data/darwin/insects/Nomada_ferruginata/assembly/curated/iyNomFerr1.1/iyNomFerr1.1.primary.fa.gz
Nomada_flava	insects	release_reference	iyNomFlav1.1	iyNomFlav1.1	primary	1	1	1	0	/data/tol/data/darwin/insects/Nomada_flava/assembly/curated/iyNomFlav1.1/iyNomFlav1.1.primary.fa.gz
Nomada_fucata	insects	release_reference	iyNomFuca1.1	iyNomFuca1.1	primary	1	1	1	0	/data/tol/data/darwin/insects/Nomada_fucata/assembly/curated/iyNomFuca1.1/iyNomFuca1.1.primary.fa.gz
Nomada_goodeniana	insects	release_reference	iyNomGood2.1	iyNomGood2.1	primary	1	1	2	0	/data/tol/data/darwin/insects/Nomada_goodeniana/assembly/curated/iyNomGood2.1/iyNomGood2.1.primary.fa.gz
Nomada_hirtipes	insects	release_reference	iyNomHirt1.1	iyNomHirt1.1	primary	1	1	2	0	/data/tol/data/darwin/insects/Nomada_hirtipes/assembly/curated/iyNomHirt1.1/iyNomHirt1.1.primary.fa.gz
Nomada_lathburiana	insects	release_reference	iyNomLath1.1	iyNomLath1.1	primary	1	1	0	0	/data/tol/data/darwin/insects/Nomada_lathburiana/assembly/curated/iyNomLath1.1/iyNomLath1.1.primary.fa.gz
Nomada_panzeri	insects	release_reference	iyNomPanz2.1	iyNomPanz2.1	primary	1	1	0	0	/data/tol/data/darwin/insects/Nomada_panzeri/assembly/curated/iyNomPanz2.1/iyNomPanz2.1.primary.fa.gz
Nomada_ruficornis	insects	release_reference	iyNomRufi1.1	iyNomRufi1.1	primary	1	1	1	0	/data/tol/data/darwin/insects/Nomada_ruficornis/assembly/curated/iyNomRufi1.1/iyNomRufi1.1.primary.fa.gz
Nomada_rufipes	insects	release_reference	iyNomRufp1.1	iyNomRufp1.1	primary	1	1	2	0	/data/tol/data/darwin/insects/Nomada_rufipes/assembly/curated/iyNomRufp1.1/iyNomRufp1.1.primary.fa.gz
Nomada_zonata	insects	release_reference	iyNomZona1.1	iyNomZona1.1	primary	1	1	0	0	/data/tol/data/darwin/insects/Nomada_zonata/assembly/curated/iyNomZona1.1/iyNomZona1.1.primary.fa.gz
Nomophila_noctuella	insects	release_reference	ilNomNoct1.1	ilNomNoct1.1	primary	2	2	0	0	/data/tol/data/darwin/insects/Nomophila_noctuella/assembly/curated/ilNomNoct1.1/ilNomNoct1.1.primary.fa.gz
Norellia_spinipes	insects	release_reference	idNorSpin2.hap1.1	idNorSpin2.1	hap1	1	1	1	0	/data/tol/data/darwin/insects/Norellia_spinipes/assembly/curated/idNorSpin2.1/idNorSpin2.hap1.1.primary.fa.gz
Nothochrysa_capitata	insects	release_reference	inNotCapi1.hap1.1	inNotCapi1.1	hap1	1	1	0	0	/data/tol/data/darwin/insects/Nothochrysa_capitata/assembly/curated/inNotCapi1.1/inNotCapi1.hap1.1.primary.fa.gz
Notiophilus_biguttatus	insects	release_reference	icNotBigu1.1	icNotBigu1.1	primary	1	1	1	0	/data/tol/data/darwin/insects/Notiophilus_biguttatus/assembly/curated/icNotBigu1.1/icNotBigu1.1.primary.fa.gz
Notocelia_roborana	insects	release_reference	ilNotRobo1.hap1.1	ilNotRobo1.1	hap1	1	1	0	0	/data/tol/data/darwin/insects/Notocelia_roborana/assembly/curated/ilNotRobo1.1/ilNotRobo1.hap1.1.primary.fa.gz
Notocelia_uddmanniana	insects	release_reference	ilNotUddm1.1	ilNotUddm1.1	primary	1	1	0	0	/data/tol/data/darwin/insects/Notocelia_uddmanniana/assembly/curated/ilNotUddm1.1/ilNotUddm1.1.primary.fa.gz
Notodonta_dromedarius	insects	release_reference	ilNotDrom1.1	ilNotDrom1.1	primary	1	1	0	0	/data/tol/data/darwin/insects/Notodonta_dromedarius/assembly/curated/ilNotDrom1.1/ilNotDrom1.1.primary.fa.gz
Notodonta_ziczac	insects	release_reference	ilNotZicz1.1	ilNotZicz1.1	primary	1	1	0	0	/data/tol/data/darwin/insects/Notodonta_ziczac/assembly/curated/ilNotZicz1.1/ilNotZicz1.1.primary.fa.gz
Notolepis_coatsi	fish	release_reference	fNotCoa1.1	fNotCoa1.1	primary	1	1	0	0	/data/tol/data/darwin/fish/Notolepis_coatsi/assembly/curated/fNotCoa1.1/fNotCoa1.1.primary.fa.gz
Notoxus_monoceros	insects	release_reference	icNotMono1.hap1.1	icNotMono1.1	hap1	1	1	0	0	/data/tol/data/darwin/insects/Notoxus_monoceros/assembly/curated/icNotMono1.1/icNotMono1.hap1.1.primary.fa.gz
Nowickia_ferox	insects	release_reference	idNowFero1.1	idNowFero1.1	primary	1	1	0	0	/data/tol/data/darwin/insects/Nowickia_ferox/assembly/curated/idNowFero1.1/idNowFero1.1.primary.fa.gz
Nudaria_mundana	insects	release_reference	ilNudMund1.1	ilNudMund1.1	primary	1	1	0	0	/data/tol/data/darwin/insects/Nudaria_mundana/assembly/curated/ilNudMund1.1/ilNudMund1.1.primary.fa.gz
Numenius_arquata	birds	newer_curation_than_reference	bNumArq3.hap1.1	bNumArq3.2	hap1	1	2	0	0	/data/tol/data/darwin/birds/Numenius_arquata/assembly/curated/bNumArq3.2/bNumArq3.hap1.2.primary.fa.gz
Nuphar_lutea	dicots	newest_curated_no_reference		dmNupLute1.1	hap1	1	1	0	0	/data/tol/data/darwin/dicots/Nuphar_lutea/assembly/curated/dmNupLute1.1/dmNupLute1.hap1.1.primary.fa.gz
Nuphar_pumila	dicots	release_reference	dmNupPumi1.hap1.1	dmNupPumi1.1	hap1	1	1	0	0	/data/tol/data/darwin/dicots/Nuphar_pumila/assembly/curated/dmNupPumi1.1/dmNupPumi1.hap1.1.primary.fa.gz
Nyctalus_leisleri	mammals	release_reference	mNycLei1.hap1.2	mNycLei1.2	hap1	1	2	0	0	/data/tol/data/darwin/mammals/Nyctalus_leisleri/assembly/curated/mNycLei1.2/mNycLei1.hap1.2.primary.fa.gz
Nycteola_revayana	insects	release_reference	ilNycReva1.2	ilNycReva1.2	primary	1	2	0	0	/data/tol/data/darwin/insects/Nycteola_revayana/assembly/curated/ilNycReva1.2/ilNycReva1.2.primary.fa.gz
Nyctia_halterata	insects	release_reference	idNycHalt1.1	idNycHalt1.1	primary	1	1	0	0	/data/tol/data/darwin/insects/Nyctia_halterata/assembly/curated/idNycHalt1.1/idNycHalt1.1.primary.fa.gz
Nymphalis_c_album	insects	release_reference	ilPolCalb1.1	ilPolCalb1.1	primary	1	1	2	0	/data/tol/data/darwin/insects/Nymphalis_c_album/assembly/curated/ilPolCalb1.1/ilPolCalb1.1.primary.fa.gz
Nymphalis_io	insects	release_reference	ilAglIoxx1.1	ilAglIoxx1.1	primary	1	1	0	1	/data/tol/data/darwin/insects/Nymphalis_io/assembly/curated/ilAglIoxx1.1/ilAglIoxx1.1.primary.fa.gz
Nymphalis_polychloros	insects	release_reference	ilNymPoly1.2	ilNymPoly1.2	primary	1	2	0	0	/data/tol/data/darwin/insects/Nymphalis_polychloros/assembly/curated/ilNymPoly1.2/ilNymPoly1.2.primary.fa.gz
Nymphalis_urticae	insects	release_reference	ilAglUrti1.2	ilAglUrti1.2	primary	1	2	0	0	/data/tol/data/darwin/insects/Nymphalis_urticae/assembly/curated/ilAglUrti1.2/ilAglUrti1.2.primary.fa.gz
Nymphoides_peltata	dicots	release_reference	daNymPelt1.hap1.1	daNymPelt1.1	hap1	1	1	0	0	/data/tol/data/darwin/dicots/Nymphoides_peltata/assembly/curated/daNymPelt1.1/daNymPelt1.hap1.1.primary.fa.gz
Nymphula_nitidulata	insects	release_reference	ilNymNiti1.1	ilNymNiti1.1	primary	1	1	0	0	/data/tol/data/darwin/insects/Nymphula_nitidulata/assembly/curated/ilNymNiti1.1/ilNymNiti1.1.primary.fa.gz
Nysson_spinosus	insects	release_reference	iyNysSpin1.2	iyNysSpin1.2	primary	1	2	0	0	/data/tol/data/darwin/insects/Nysson_spinosus/assembly/curated/iyNysSpin1.2/iyNysSpin1.2.primary.fa.gz
Nysson_trimaculatus	insects	release_reference	iyNysTrim1.hap1.1	iyNysTrim1.1	hap1	1	1	0	0	/data/tol/data/darwin/insects/Nysson_trimaculatus/assembly/curated/iyNysTrim1.1/iyNysTrim1.hap1.1.primary.fa.gz
Ochlerotatus_rusticus	insects	release_reference	idOchRust3.1	idOchRust3.1	primary	1	1	0	0	/data/tol/data/darwin/insects/Ochlerotatus_rusticus/assembly/curated/idOchRust3.1/idOchRust3.1.primary.fa.gz
Ochlodes_sylvanus	insects	release_reference	ilOchSylv3.2	ilOchSylv3.2	primary	1	2	1	0	/data/tol/data/darwin/insects/Ochlodes_sylvanus/assembly/curated/ilOchSylv3.2/ilOchSylv3.2.primary.fa.gz
Ochropacha_duplaris	insects	release_reference	ilOchDupl1.1	ilOchDupl1.1	primary	1	1	0	0	/data/tol/data/darwin/insects/Ochropacha_duplaris/assembly/curated/ilOchDupl1.1/ilOchDupl1.1.primary.fa.gz
Ochropleura_leucogaster	insects	release_reference	ilOchLeuc1.1	ilOchLeuc1.1	primary	1	1	0	0	/data/tol/data/darwin/insects/Ochropleura_leucogaster/assembly/curated/ilOchLeuc1.1/ilOchLeuc1.1.primary.fa.gz
Ochropleura_plecta	insects	release_reference	ilOchPlec1.1	ilOchPlec1.1	primary	1	1	0	0	/data/tol/data/darwin/insects/Ochropleura_plecta/assembly/curated/ilOchPlec1.1/ilOchPlec1.1.primary.fa.gz
Ocypus_olens	insects	release_reference	icOcyOlen1.2	icOcyOlen1.2	primary	1	2	0	0	/data/tol/data/darwin/insects/Ocypus_olens/assembly/curated/icOcyOlen1.2/icOcyOlen1.2.primary.fa.gz
Ocys_tachysoides	insects	release_reference	icOcyTach1.1	icOcyTach1.1	primary	1	1	0	0	/data/tol/data/darwin/insects/Ocys_tachysoides/assembly/curated/icOcyTach1.1/icOcyTach1.1.primary.fa.gz
Odiellus_spinosus	arthropods	release_reference	qqOdiSpin1.1	qqOdiSpin1.1	primary	1	1	0	0	/data/tol/data/darwin/arthropods/Odiellus_spinosus/assembly/curated/qqOdiSpin1.1/qqOdiSpin1.1.primary.fa.gz
Odontocerum_albicorne	insects	release_reference	iiOdoAlbi1.1	iiOdoAlbi1.1	primary	1	1	0	0	/data/tol/data/darwin/insects/Odontocerum_albicorne/assembly/curated/iiOdoAlbi1.1/iiOdoAlbi1.1.primary.fa.gz
Odontomyia_argentata	insects	release_reference	idOdoArge1.hap1.1	idOdoArge1.1	hap1	1	1	0	0	/data/tol/data/darwin/insects/Odontomyia_argentata/assembly/curated/idOdoArge1.1/idOdoArge1.hap1.1.primary.fa.gz
Odontomyia_ornata	insects	release_reference	idOdoOrna1.1	idOdoOrna1.1	primary	1	1	0	0	/data/tol/data/darwin/insects/Odontomyia_ornata/assembly/curated/idOdoOrna1.1/idOdoOrna1.1.primary.fa.gz
Odontomyia_tigrina	insects	release_reference	idOdoTigr1.hap1.1	idOdoTigr1.1	hap1	1	1	0	0	/data/tol/data/darwin/insects/Odontomyia_tigrina/assembly/curated/idOdoTigr1.1/idOdoTigr1.hap1.1.primary.fa.gz
Odontopera_bidentata	insects	release_reference	ilOdoBide1.hap1.1	ilOdoBide1.1	hap1	1	1	0	0	/data/tol/data/darwin/insects/Odontopera_bidentata/assembly/curated/ilOdoBide1.1/ilOdoBide1.hap1.1.primary.fa.gz
Odontoschisma_sphagni	non-vascular-plants	release_reference	cjOdoSpha1.1	cjOdoSpha1.1	primary	1	1	0	0	/data/tol/data/darwin/non-vascular-plants/Odontoschisma_sphagni/assembly/curated/cjOdoSpha1.1/cjOdoSpha1.1.primary.fa.gz
Oecetis_lacustris	insects	release_reference	iiOecLacu2.hap1.1	iiOecLacu2.1	hap1	1	1	0	0	/data/tol/data/darwin/insects/Oecetis_lacustris/assembly/curated/iiOecLacu2.1/iiOecLacu2.hap1.1.primary.fa.gz
Oedemera_lurida	insects	release_reference	icOedLuri2.1	icOedLuri2.1	primary	1	1	0	0	/data/tol/data/darwin/insects/Oedemera_lurida/assembly/curated/icOedLuri2.1/icOedLuri2.1.primary.fa.gz
Oedipodium_griffithianum	non-vascular-plants	release_reference	cbOedGrif2.1	cbOedGrif2.1	primary	1	1	0	0	/data/tol/data/darwin/non-vascular-plants/Oedipodium_griffithianum/assembly/curated/cbOedGrif2.1/cbOedGrif2.1.primary.fa.gz
Oegoconia_quadripuncta	insects	release_reference	ilOegQuad1.1	ilOegQuad1.1	primary	1	1	0	0	/data/tol/data/darwin/insects/Oegoconia_quadripuncta/assembly/curated/ilOegQuad1.1/ilOegQuad1.1.primary.fa.gz
Oenanthe_lachenalii	dicots	release_reference	drOenLach1.hap1.1	drOenLach1.1	hap1	1	1	0	0	/data/tol/data/darwin/dicots/Oenanthe_lachenalii/assembly/curated/drOenLach1.1/drOenLach1.hap1.1.primary.fa.gz
Oenanthe_oenanthe	birds	release_reference	bOenOen1.hap1.1	bOenOen1.1	hap1	1	1	0	0	/data/tol/data/darwin/birds/Oenanthe_oenanthe/assembly/curated/bOenOen1.1/bOenOen1.hap1.1.primary.fa.gz
Oenothera_biennis	dicots	release_reference	drOenBien1.hap2.1	drOenBien1.1	hap2	1	1	0	0	/data/tol/data/darwin/dicots/Oenothera_biennis/assembly/curated/drOenBien1.1/drOenBien1.hap2.1.primary.fa.gz
Oidaematophorus_lithodactyla	insects	release_reference	ilOidLith1.hap1.1	ilOidLith1.1	hap1	1	1	0	0	/data/tol/data/darwin/insects/Oidaematophorus_lithodactyla/assembly/curated/ilOidLith1.1/ilOidLith1.hap1.1.primary.fa.gz
Oligia_fasciuncula	insects	release_reference	ilOliFasc1.1	ilOliFasc1.1	primary	1	1	0	0	/data/tol/data/darwin/insects/Oligia_fasciuncula/assembly/curated/ilOliFasc1.1/ilOliFasc1.1.primary.fa.gz
Oligia_latruncula	insects	release_reference	ilOliLatr1.1	ilOliLatr1.1	primary	1	1	0	0	/data/tol/data/darwin/insects/Oligia_latruncula/assembly/curated/ilOliLatr1.1/ilOliLatr1.1.primary.fa.gz
Oligia_strigilis	insects	release_reference	ilOliStri1.1	ilOliStri1.1	primary	1	1	0	0	/data/tol/data/darwin/insects/Oligia_strigilis/assembly/curated/ilOliStri1.1/ilOliStri1.1.primary.fa.gz
Oligotrichum_hercynicum	non-vascular-plants	release_reference	cbOliHerc1.1	cbOliHerc1.1	primary	1	1	0	0	/data/tol/data/darwin/non-vascular-plants/Oligotrichum_hercynicum/assembly/curated/cbOliHerc1.1/cbOliHerc1.1.primary.fa.gz
Omonadus_floralis	insects	release_reference	icOmoFlor1.hap1.1	icOmoFlor1.1	hap1	1	1	0	0	/data/tol/data/darwin/insects/Omonadus_floralis/assembly/curated/icOmoFlor1.1/icOmoFlor1.hap1.1.primary.fa.gz
Omosita_discoidea	insects	release_reference	icOmoDisc4.hap1.1	icOmoDisc4.1	hap1	1	1	0	0	/data/tol/data/darwin/insects/Omosita_discoidea/assembly/curated/icOmoDisc4.1/icOmoDisc4.hap1.1.primary.fa.gz
Omphaloscelis_lunosa	insects	release_reference	ilOmpLuno1.1	ilOmpLuno1.1	legacy_curated_primary	1	1	0	0	/data/tol/data/darwin/insects/Omphaloscelis_lunosa/assembly/curated/ilOmpLuno1.1/ilOmpLuno1_1.curated_primary.fa
Omphiscola_glabra	molluscs	release_reference	xgOmpGlab2.1	xgOmpGlab2.1	primary	1	1	0	0	/data/tol/data/darwin/molluscs/Omphiscola_glabra/assembly/curated/xgOmpGlab2.1/xgOmpGlab2.1.primary.fa.gz
Onchidella_celtica	molluscs	release_reference	xgOncCelt3.1	xgOncCelt3.1	primary	1	1	0	0	/data/tol/data/darwin/molluscs/Onchidella_celtica/assembly/curated/xgOncCelt3.1/xgOncCelt3.1.primary.fa.gz
Ononis_reclinata	dicots	release_reference	drOnoRecl1.hap1.1	drOnoRecl1.1	hap1	1	1	0	0	/data/tol/data/darwin/dicots/Ononis_reclinata/assembly/curated/drOnoRecl1.1/drOnoRecl1.hap1.1.primary.fa.gz
Ontholestes_murinus	insects	release_reference	icOntMuri1.1	icOntMuri1.1	primary	1	1	0	0	/data/tol/data/darwin/insects/Ontholestes_murinus/assembly/curated/icOntMuri1.1/icOntMuri1.1.primary.fa.gz
Operophtera_brumata	insects	release_reference	ilOpeBrum1.1	ilOpeBrum1.1	primary	2	2	0	0	/data/tol/data/darwin/insects/Operophtera_brumata/assembly/curated/ilOpeBrum1.1/ilOpeBrum1.1.primary.fa.gz
Ophiocomina_nigra	echinoderms	release_reference	eoOphNigr1.hap1.1	eoOphNigr1.1	hap1	1	1	0	0	/data/tol/data/darwin/echinoderms/Ophiocomina_nigra/assembly/curated/eoOphNigr1.1/eoOphNigr1.hap1.1.primary.fa.gz
Ophion_confusus	insects	release_reference	iyOphConf2.1	iyOphConf2.1	primary	1	1	0	0	/data/tol/data/darwin/insects/Ophion_confusus/assembly/curated/iyOphConf2.1/iyOphConf2.1.primary.fa.gz
Ophion_costatus	insects	release_reference	iyOphCost1.1	iyOphCost1.1	primary	1	1	1	0	/data/tol/data/darwin/insects/Ophion_costatus/assembly/curated/iyOphCost1.1/iyOphCost1.1.primary.fa.gz
Ophion_crassicornis	insects	release_reference	iyOphCras1.1	iyOphCras1.1	primary	1	1	0	0	/data/tol/data/darwin/insects/Ophion_crassicornis/assembly/curated/iyOphCras1.1/iyOphCras1.1.primary.fa.gz
Ophion_ellenae	insects	release_reference	iyOphElle1.1	iyOphElle1.1	primary	1	1	1	0	/data/tol/data/darwin/insects/Ophion_ellenae/assembly/curated/iyOphElle1.1/iyOphElle1.1.primary.fa.gz
Ophion_forticornis	insects	release_reference	iyOphFort1.1	iyOphFort1.1	primary	1	1	0	0	/data/tol/data/darwin/insects/Ophion_forticornis/assembly/curated/iyOphFort1.1/iyOphFort1.1.primary.fa.gz
Ophion_obscuratus	insects	release_reference	iyOphObsc1.1	iyOphObsc1.1	primary	1	1	0	0	/data/tol/data/darwin/insects/Ophion_obscuratus/assembly/curated/iyOphObsc1.1/iyOphObsc1.1.primary.fa.gz
Ophion_slaviceki	insects	release_reference	iyOphLute1.1	iyOphLute1.1	primary	1	1	0	0	/data/tol/data/darwin/insects/Ophion_slaviceki/assembly/curated/iyOphLute1.1/iyOphLute1.1.primary.fa.gz
Ophion_variegatus	insects	newest_curated_no_reference		iyOphVari1.1	primary	1	1	0	0	/data/tol/data/darwin/insects/Ophion_variegatus/assembly/curated/iyOphVari1.1/iyOphVari1.1.primary.fa.gz
Ophion_ventricosus	insects	release_reference	iyOphVent1.1	iyOphVent1.1	primary	1	1	0	0	/data/tol/data/darwin/insects/Ophion_ventricosus/assembly/curated/iyOphVent1.1/iyOphVent1.1.primary.fa.gz
Ophion_wuestneii	insects	release_reference	iyOphWues1.hap1.1	iyOphWues1.1	hap1	1	1	0	0	/data/tol/data/darwin/insects/Ophion_wuestneii/assembly/curated/iyOphWues1.1/iyOphWues1.hap1.1.primary.fa.gz
Ophiothrix_fragilis	echinoderms	release_reference	eoOphFrag13.hap1.1	eoOphFrag13.1	hap1	1	1	0	0	/data/tol/data/darwin/echinoderms/Ophiothrix_fragilis/assembly/curated/eoOphFrag13.1/eoOphFrag13.hap1.1.primary.fa.gz
Ophonus_ardosiacus	insects	release_reference	icOphArdo1.1	icOphArdo1.1	primary	1	1	0	0	/data/tol/data/darwin/insects/Ophonus_ardosiacus/assembly/curated/icOphArdo1.1/icOphArdo1.1.primary.fa.gz
Opilo_mollis	insects	release_reference	icOpiMoll1.hap1.1	icOpiMoll1.1	hap1	1	1	0	0	/data/tol/data/darwin/insects/Opilo_mollis/assembly/curated/icOpiMoll1.1/icOpiMoll1.hap1.1.primary.fa.gz
Opisthograptis_luteolata	insects	release_reference	ilOpiLute1.2	ilOpiLute1.2	primary	1	2	0	0	/data/tol/data/darwin/insects/Opisthograptis_luteolata/assembly/curated/ilOpiLute1.2/ilOpiLute1.2.primary.fa.gz
Opomyza_florum	insects	release_reference	idOpoFlor2.1	idOpoFlor2.1	primary	1	1	0	0	/data/tol/data/darwin/insects/Opomyza_florum/assembly/curated/idOpoFlor2.1/idOpoFlor2.1.primary.fa.gz
Opomyza_germinationis	insects	release_reference	idOpoGerm2.hap1.1	idOpoGerm2.1	hap1	1	1	1	0	/data/tol/data/darwin/insects/Opomyza_germinationis/assembly/curated/idOpoGerm2.1/idOpoGerm2.hap1.1.primary.fa.gz
Orchesella_cincta	arthropods	release_reference	qlOrcCinc1.hap2.1	qlOrcCinc1.1	hap2	2	2	0	0	/data/tol/data/darwin/arthropods/Orchesella_cincta/assembly/curated/qlOrcCinc1.1/qlOrcCinc1.hap2.1.primary.fa.gz
Orchesella_flavescens	arthropods	release_reference	qeOrcFlav1.1	qeOrcFlav1.1	primary	1	1	0	0	/data/tol/data/darwin/arthropods/Orchesella_flavescens/assembly/curated/qeOrcFlav1.1/qeOrcFlav1.1.primary.fa.gz
Orchesia_undulata	insects	release_reference	icOrcUndu1.hap1.1	icOrcUndu1.1	hap1	1	1	0	0	/data/tol/data/darwin/insects/Orchesia_undulata/assembly/curated/icOrcUndu1.1/icOrcUndu1.hap1.1.primary.fa.gz
Orchestes_rusci	insects	release_reference	icOrcRusc1.1	icOrcRusc1.1	primary	1	1	1	0	/data/tol/data/darwin/insects/Orchestes_rusci/assembly/curated/icOrcRusc1.1/icOrcRusc1.1.primary.fa.gz
Orcinus_orca	mammals	release_reference	mOrcOrc1.1	mOrcOrc1.1	primary	1	1	0	0	/data/tol/data/darwin/mammals/Orcinus_orca/assembly/curated/mOrcOrc1.1/mOrcOrc1.1.primary.fa.gz
Orgyia_antiqua	insects	release_reference	ilOrgAnti1.1	ilOrgAnti1.1	legacy_curated_primary	1	1	1	0	/data/tol/data/darwin/insects/Orgyia_antiqua/assembly/curated/ilOrgAnti1.1/ilOrgAnti1_1.curated_primary.fa
Orgyia_recens	insects	release_reference	ilOrgRece1.hap1.1	ilOrgRece1.1	hap1	1	1	0	0	/data/tol/data/darwin/insects/Orgyia_recens/assembly/curated/ilOrgRece1.1/ilOrgRece1.hap1.1.primary.fa.gz
Ormyrus_nitidulus	insects	release_reference	iyOrmNiti2.hap1.1	iyOrmNiti2.1	hap1	1	1	0	0	/data/tol/data/darwin/insects/Ormyrus_nitidulus/assembly/curated/iyOrmNiti2.1/iyOrmNiti2.hap1.1.primary.fa.gz
Ornithomya_avicularia	insects	release_reference	idOrnAvic1.hap1.1	idOrnAvic1.1	hap1	1	1	0	0	/data/tol/data/darwin/insects/Ornithomya_avicularia/assembly/curated/idOrnAvic1.1/idOrnAvic1.hap1.1.primary.fa.gz
Ornithomya_chloropus	insects	release_reference	idOrnChlo1.1	idOrnChlo1.1	primary	1	1	1	0	/data/tol/data/darwin/insects/Ornithomya_chloropus/assembly/curated/idOrnChlo1.1/idOrnChlo1.1.primary.fa.gz
Ornithomya_fringillina	insects	release_reference	idOrnFrin1.1	idOrnFrin1.1	primary	1	1	0	0	/data/tol/data/darwin/insects/Ornithomya_fringillina/assembly/curated/idOrnFrin1.1/idOrnFrin1.1.primary.fa.gz
Ornithopus_perpusillus	dicots	release_reference	drOrnPerp1.hap1.1	drOrnPerp1.1	hap1	1	1	0	0	/data/tol/data/darwin/dicots/Ornithopus_perpusillus/assembly/curated/drOrnPerp1.1/drOrnPerp1.hap1.1.primary.fa.gz
Orobanche_alba	dicots	release_reference	daOroAlba1.hap2.1	daOroAlba1.1	hap2	1	1	0	0	/data/tol/data/darwin/dicots/Orobanche_alba/assembly/curated/daOroAlba1.1/daOroAlba1.hap2.1.primary.fa.gz
Orobanche_hederae	dicots	release_reference	daOroHede2.hap1.1	daOroHede2.1	hap1	1	1	0	0	/data/tol/data/darwin/dicots/Orobanche_hederae/assembly/curated/daOroHede2.1/daOroHede2.hap1.1.primary.fa.gz
Orobanche_minor	dicots	newest_curated_no_reference		daOroMino1.1	hap1	1	1	0	0	/data/tol/data/darwin/dicots/Orobanche_minor/assembly/curated/daOroMino1.1/daOroMino1.hap1.1.primary.fa.gz
Orthetrum_coerulescens	insects	release_reference	ioOrtCoer1.hap1.1	ioOrtCoer1.1	hap1	1	1	0	0	/data/tol/data/darwin/insects/Orthetrum_coerulescens/assembly/curated/ioOrtCoer1.1/ioOrtCoer1.hap1.1.primary.fa.gz
Orthonevra_brevicornis	insects	release_reference	idOrtBrev1.hap1.2	idOrtBrev1.2	hap1	1	2	0	0	/data/tol/data/darwin/insects/Orthonevra_brevicornis/assembly/curated/idOrtBrev1.2/idOrtBrev1.hap1.2.primary.fa.gz
Orthonevra_nobilis	insects	release_reference	idOrtNobi1.1	idOrtNobi1.1	primary	1	1	0	0	/data/tol/data/darwin/insects/Orthonevra_nobilis/assembly/curated/idOrtNobi1.1/idOrtNobi1.1.primary.fa.gz
Orthosia_cerasi	insects	release_reference	ilOrtCera1.1	ilOrtCera1.1	primary	1	1	0	0	/data/tol/data/darwin/insects/Orthosia_cerasi/assembly/curated/ilOrtCera1.1/ilOrtCera1.1.primary.fa.gz
Orthosia_cruda	insects	release_reference	ilOrtCrud1.hap2.1	ilOrtCrud1.1	hap2	1	1	0	0	/data/tol/data/darwin/insects/Orthosia_cruda/assembly/curated/ilOrtCrud1.1/ilOrtCrud1.hap2.1.primary.fa.gz
Orthosia_gothica	insects	release_reference	ilOrtGoth1.1	ilOrtGoth1.1	primary	1	1	0	0	/data/tol/data/darwin/insects/Orthosia_gothica/assembly/curated/ilOrtGoth1.1/ilOrtGoth1.1.primary.fa.gz
Orthosia_gracilis	insects	release_reference	ilOrtGrac1.1	ilOrtGrac1.1	primary	1	1	0	0	/data/tol/data/darwin/insects/Orthosia_gracilis/assembly/curated/ilOrtGrac1.1/ilOrtGrac1.1.primary.fa.gz
Orthosia_incerta	insects	release_reference	ilOrtInce1.1	ilOrtInce1.1	primary	1	1	0	0	/data/tol/data/darwin/insects/Orthosia_incerta/assembly/curated/ilOrtInce1.1/ilOrtInce1.1.primary.fa.gz
Orthotaenia_undulana	insects	release_reference	ilOrtUndu1.hap1.1	ilOrtUndu1.1	hap1	1	1	0	0	/data/tol/data/darwin/insects/Orthotaenia_undulana/assembly/curated/ilOrtUndu1.1/ilOrtUndu1.hap1.1.primary.fa.gz
Orthothecium_rufescens	non-vascular-plants	release_reference	cbOrtRufe2.2	cbOrtRufe2.2	primary	1	2	0	0	/data/tol/data/darwin/non-vascular-plants/Orthothecium_rufescens/assembly/curated/cbOrtRufe2.2/cbOrtRufe2.2.primary.fa.gz
Orthotrichum_anomalum	non-vascular-plants	newest_curated_no_reference		cbOrtAnom1.1	primary	1	1	0	0	/data/tol/data/darwin/non-vascular-plants/Orthotrichum_anomalum/assembly/curated/cbOrtAnom1.1/cbOrtAnom1.1.primary.fa.gz
Orthotrichum_lyellii	non-vascular-plants	release_reference	cbOrtLyel3.1	cbOrtLyel3.1	primary	1	1	0	0	/data/tol/data/darwin/non-vascular-plants/Orthotrichum_lyellii/assembly/curated/cbOrtLyel3.1/cbOrtLyel3.1.primary.fa.gz
Orthotrichum_pulchellum	non-vascular-plants	release_reference	cbOrtPulc3.1	cbOrtPulc3.1	primary	1	1	0	0	/data/tol/data/darwin/non-vascular-plants/Orthotrichum_pulchellum/assembly/curated/cbOrtPulc3.1/cbOrtPulc3.1.primary.fa.gz
Orthotrichum_striatum	non-vascular-plants	release_reference	cbOrtStri1.1	cbOrtStri1.1	primary	1	1	0	0	/data/tol/data/darwin/non-vascular-plants/Orthotrichum_striatum/assembly/curated/cbOrtStri1.1/cbOrtStri1.1.primary.fa.gz
Oryctolagus_cuniculus	mammals	release_reference	mOryCun1.1	mOryCun1.1	primary	1	1	0	0	/data/tol/data/darwin/mammals/Oryctolagus_cuniculus/assembly/curated/mOryCun1.1/mOryCun1.1.primary.fa.gz
Orygma_luctuosum	insects	release_reference	idOryLuct2.1	idOryLuct2.1	primary	2	2	0	0	/data/tol/data/darwin/insects/Orygma_luctuosum/assembly/curated/idOryLuct2.1/idOryLuct2.1.primary.fa.gz
Osmerus_eperlanus	fish	release_reference	fOsmEpe2.1	fOsmEpe2.1	primary	1	1	0	0	/data/tol/data/darwin/fish/Osmerus_eperlanus/assembly/curated/fOsmEpe2.1/fOsmEpe2.1.primary.fa.gz
Osmia_bicolor	insects	release_reference	iyOsmBico2.1	iyOsmBico2.1	primary	1	1	0	0	/data/tol/data/darwin/insects/Osmia_bicolor/assembly/curated/iyOsmBico2.1/iyOsmBico2.1.primary.fa.gz
Osmia_bicornis	insects	release_reference	iOsmBic2.1	iOsmBic2.1	primary	1	1	0	0	/data/tol/data/darwin/insects/Osmia_bicornis/assembly/curated/iOsmBic2.1/iOsmBic2.1.primary.fa.gz
Osmia_bicornis_bicornis	insects	release_reference	iOsmBic2.1	iOsmBic2.1	primary	1	1	0	0	/data/tol/data/darwin/insects/Osmia_bicornis_bicornis/assembly/curated/iOsmBic2.1/iOsmBic2.1.primary.fa.gz
Osphya_bipunctata	insects	newest_curated_no_reference		icOspBipu2.1	hap1	1	1	0	0	/data/tol/data/darwin/insects/Osphya_bipunctata/assembly/curated/icOspBipu2.1/icOspBipu2.hap1.1.primary.fa.gz
Ostrea_edulis	molluscs	release_reference	xbOstEdul1.1	xbOstEdul1.1	primary	1	1	0	0	/data/tol/data/darwin/molluscs/Ostrea_edulis/assembly/curated/xbOstEdul1.1/xbOstEdul1.1.primary.fa.gz
Ostrinia_nubilalis	insects	release_reference	ilOstNubi1.1	ilOstNubi1.1	primary	1	1	0	0	/data/tol/data/darwin/insects/Ostrinia_nubilalis/assembly/curated/ilOstNubi1.1/ilOstNubi1.1.primary.fa.gz
Othius_punctulatus	insects	release_reference	icOthPunc1.1	icOthPunc1.1	primary	1	1	1	0	/data/tol/data/darwin/insects/Othius_punctulatus/assembly/curated/icOthPunc1.1/icOthPunc1.1.primary.fa.gz
Otiorhynchus_armadillo	insects	release_reference	icOtiArmd2.1	icOtiArmd2.1	primary	1	1	0	0	/data/tol/data/darwin/insects/Otiorhynchus_armadillo/assembly/curated/icOtiArmd2.1/icOtiArmd2.1.primary.fa.gz
Otiorhynchus_porcatus	insects	newest_curated_no_reference		icOtiPorc1.1	hap1	1	1	0	0	/data/tol/data/darwin/insects/Otiorhynchus_porcatus/assembly/curated/icOtiPorc1.1/icOtiPorc1.hap1.1.primary.fa.gz
Otiorhynchus_rugosostriatus	insects	release_reference	icOtiRugo1.hap1.1	icOtiRugo1.1	hap1	1	1	0	0	/data/tol/data/darwin/insects/Otiorhynchus_rugosostriatus/assembly/curated/icOtiRugo1.1/icOtiRugo1.hap1.1.primary.fa.gz
Otis_tarda	birds	newest_curated_no_reference		bOtiTar7.1	hap1	1	1	0	0	/data/tol/data/darwin/birds/Otis_tarda/assembly/curated/bOtiTar7.1/bOtiTar7.hap1.1.primary.fa.gz
Ourapteryx_sambucaria	insects	release_reference	ilOurSamb2.hap1.1	ilOurSamb2.1	hap1	1	1	0	0	/data/tol/data/darwin/insects/Ourapteryx_sambucaria/assembly/curated/ilOurSamb2.1/ilOurSamb2.hap1.1.primary.fa.gz
Oxalis_acetosella	dicots	newest_curated_no_reference		drOxaAcet3.1	primary	1	1	0	0	/data/tol/data/darwin/dicots/Oxalis_acetosella/assembly/curated/drOxaAcet3.1/drOxaAcet3.1.primary.fa.gz
Oxalis_corniculata	dicots	newest_curated_no_reference		drOxaCorn1.1	hap1	1	1	0	0	/data/tol/data/darwin/dicots/Oxalis_corniculata/assembly/curated/drOxaCorn1.1/drOxaCorn1.hap1.1.primary.fa.gz
Oxycera_nigricornis	insects	release_reference	idOxyNigr1.1	idOxyNigr1.1	primary	1	1	0	0	/data/tol/data/darwin/insects/Oxycera_nigricornis/assembly/curated/idOxyNigr1.1/idOxyNigr1.1.primary.fa.gz
Oxycera_pygmaea	insects	release_reference	idOxyPygm2.1	idOxyPygm2.1	primary	1	1	0	0	/data/tol/data/darwin/insects/Oxycera_pygmaea/assembly/curated/idOxyPygm2.1/idOxyPygm2.1.primary.fa.gz
Oxycera_trilineata	insects	release_reference	idOxyTril1.hap1.1	idOxyTril1.1	hap1	1	1	0	0	/data/tol/data/darwin/insects/Oxycera_trilineata/assembly/curated/idOxyTril1.1/idOxyTril1.hap1.1.primary.fa.gz
Oxypselaphus_obscurus	insects	release_reference	icOxyObsc1.hap1.1	icOxyObsc1.1	hap1	1	1	0	0	/data/tol/data/darwin/insects/Oxypselaphus_obscurus/assembly/curated/icOxyObsc1.1/icOxyObsc1.hap1.1.primary.fa.gz
Oxypteryx_atrella	insects	release_reference	ilOxyAtre4.hap1.1	ilOxyAtre4.1	hap1	2	2	0	0	/data/tol/data/darwin/insects/Oxypteryx_atrella/assembly/curated/ilOxyAtre4.1/ilOxyAtre4.hap1.1.primary.fa.gz
Oxyptilus_pilosellae	insects	release_reference	ilOxyPilo3.hap1.1	ilOxyPilo3.1	hap1	1	1	0	0	/data/tol/data/darwin/insects/Oxyptilus_pilosellae/assembly/curated/ilOxyPilo3.1/ilOxyPilo3.hap1.1.primary.fa.gz
Oxyria_digyna	dicots	newest_curated_no_reference		dcOxyDigy1.1	hap1	1	1	0	0	/data/tol/data/darwin/dicots/Oxyria_digyna/assembly/curated/dcOxyDigy1.1/dcOxyDigy1.hap1.1.primary.fa.gz
Oxystoma_pomonae	insects	release_reference	icOxyPomo2.1	icOxyPomo2.1	primary	1	1	0	0	/data/tol/data/darwin/insects/Oxystoma_pomonae/assembly/curated/icOxyPomo2.1/icOxyPomo2.1.primary.fa.gz
Oxytorus_armatus	insects	release_reference	iyOxyArmt1.1	iyOxyArmt1.1	primary	1	1	1	0	/data/tol/data/darwin/insects/Oxytorus_armatus/assembly/curated/iyOxyArmt1.1/iyOxyArmt1.1.primary.fa.gz
Pachygaster_atra	insects	release_reference	idPacAtra2.1	idPacAtra2.1	primary	1	1	0	0	/data/tol/data/darwin/insects/Pachygaster_atra/assembly/curated/idPacAtra2.1/idPacAtra2.1.primary.fa.gz
Pachygaster_leachii	insects	release_reference	idPacLeac2.1	idPacLeac2.1	primary	1	1	0	0	/data/tol/data/darwin/insects/Pachygaster_leachii/assembly/curated/idPacLeac2.1/idPacLeac2.1.primary.fa.gz
Pachygnatha_clercki	arthropods	release_reference	qqPacCler2.hap1.1	qqPacCler2.1	hap1	1	1	0	0	/data/tol/data/darwin/arthropods/Pachygnatha_clercki/assembly/curated/qqPacCler2.1/qqPacCler2.hap1.1.primary.fa.gz
Pachyrhinus_lethierryi	insects	release_reference	icPacLeth1.hap1.1	icPacLeth1.1	hap1	1	1	0	0	/data/tol/data/darwin/insects/Pachyrhinus_lethierryi/assembly/curated/icPacLeth1.1/icPacLeth1.hap1.1.primary.fa.gz
Pachythelia_villosella	insects	release_reference	ilPacVill1.hap1.1	ilPacVill1.1	hap1	1	1	0	0	/data/tol/data/darwin/insects/Pachythelia_villosella/assembly/curated/ilPacVill1.1/ilPacVill1.hap1.1.primary.fa.gz
Paederus_riparius	insects	release_reference	icPaeRipa1.hap1.1	icPaeRipa1.1	hap1	1	1	0	0	/data/tol/data/darwin/insects/Paederus_riparius/assembly/curated/icPaeRipa1.1/icPaeRipa1.hap1.1.primary.fa.gz
Pagrus_pagrus	fish	release_reference	fPagPag1.hap1.1	fPagPag1.1	hap1	1	1	0	0	/data/tol/data/darwin/fish/Pagrus_pagrus/assembly/curated/fPagPag1.1/fPagPag1.hap1.1.primary.fa.gz
Palloptera_scutellata	insects	release_reference	idPalScut3.1	idPalScut3.1	primary	1	1	0	0	/data/tol/data/darwin/insects/Palloptera_scutellata/assembly/curated/idPalScut3.1/idPalScut3.1.primary.fa.gz
Palpita_vitrealis	insects	release_reference	ilPalVitr2.hap1.1	ilPalVitr2.1	hap1	1	1	0	0	/data/tol/data/darwin/insects/Palpita_vitrealis/assembly/curated/ilPalVitr2.1/ilPalVitr2.hap1.1.primary.fa.gz
Pammene_aurita	insects	release_reference	ilPamAuri1.1	ilPamAuri1.1	primary	1	1	0	0	/data/tol/data/darwin/insects/Pammene_aurita/assembly/curated/ilPamAuri1.1/ilPamAuri1.1.primary.fa.gz
Pammene_fasciana	insects	newer_curation_than_reference	ilPamFasc1.1	ilPamFasc1.2	primary	1	2	1	0	/data/tol/data/darwin/insects/Pammene_fasciana/assembly/curated/ilPamFasc1.2/ilPamFasc1.2.primary.fa.gz
Pammene_giganteana	insects	release_reference	ilPamGiga2.1	ilPamGiga2.1	primary	1	1	0	0	/data/tol/data/darwin/insects/Pammene_giganteana/assembly/curated/ilPamGiga2.1/ilPamGiga2.1.primary.fa.gz
Pammene_regiana	insects	release_reference	ilPamRegi1.1	ilPamRegi1.1	primary	1	1	0	0	/data/tol/data/darwin/insects/Pammene_regiana/assembly/curated/ilPamRegi1.1/ilPamRegi1.1.primary.fa.gz
Pammene_rhediella	insects	release_reference	ilPamRhed1.hap1.1	ilPamRhed1.1	hap1	1	1	0	0	/data/tol/data/darwin/insects/Pammene_rhediella/assembly/curated/ilPamRhed1.1/ilPamRhed1.hap1.1.primary.fa.gz
Pammene_suspectana	insects	newer_curation_than_reference	ilPamSusp1.hap1.2	ilPamSusp1.3	hap1	1	3	0	0	/data/tol/data/darwin/insects/Pammene_suspectana/assembly/curated/ilPamSusp1.3/ilPamSusp1.hap1.3.primary.fa.gz
Pamponerus_germanicus	insects	release_reference	idPamGerm1.hap1.1	idPamGerm1.1	hap1	1	1	0	0	/data/tol/data/darwin/insects/Pamponerus_germanicus/assembly/curated/idPamGerm1.1/idPamGerm1.hap1.1.primary.fa.gz
Pandarus_bicolor	arthropods	release_reference	qhPanBico5.1	qhPanBico5.1	primary	1	1	0	0	/data/tol/data/darwin/arthropods/Pandarus_bicolor/assembly/curated/qhPanBico5.1/qhPanBico5.1.primary.fa.gz
Pandemis_cerasana	insects	release_reference	ilPanCera3.1	ilPanCera3.1	primary	1	1	0	1	/data/tol/data/darwin/insects/Pandemis_cerasana/assembly/curated/ilPanCera3.1/ilPanCera3.1.primary.fa.gz
Pandemis_cinnamomeana	insects	release_reference	ilPanCinn1.1	ilPanCinn1.1	primary	1	1	1	0	/data/tol/data/darwin/insects/Pandemis_cinnamomeana/assembly/curated/ilPanCinn1.1/ilPanCinn1.1.primary.fa.gz
Pandemis_corylana	insects	release_reference	ilPanCory1.1	ilPanCory1.1	primary	1	1	1	0	/data/tol/data/darwin/insects/Pandemis_corylana/assembly/curated/ilPanCory1.1/ilPanCory1.1.primary.fa.gz
Pandemis_heparana	insects	release_reference	ilPanHepa1.1	ilPanHepa1.1	primary	1	1	0	0	/data/tol/data/darwin/insects/Pandemis_heparana/assembly/curated/ilPanHepa1.1/ilPanHepa1.1.primary.fa.gz
Pandivirilia_melaleuca	insects	release_reference	idPanMela1.hap1.1	idPanMela1.1	hap1	1	1	0	0	/data/tol/data/darwin/insects/Pandivirilia_melaleuca/assembly/curated/idPanMela1.1/idPanMela1.hap1.1.primary.fa.gz
Panellus_stipticus	fungi	release_reference	gfPanStip1.1	gfPanStip1.1	primary	1	1	0	0	/data/tol/data/darwin/fungi/Panellus_stipticus/assembly/curated/gfPanStip1.1/gfPanStip1.1.primary.fa.gz
Panorpa_germanica	insects	release_reference	ijPanGerm4.1	ijPanGerm4.1	primary	1	1	1	0	/data/tol/data/darwin/insects/Panorpa_germanica/assembly/curated/ijPanGerm4.1/ijPanGerm4.1.primary.fa.gz
Panzeria_rudis	insects	release_reference	idPanRudi1.1	idPanRudi1.1	primary	1	1	1	0	/data/tol/data/darwin/insects/Panzeria_rudis/assembly/curated/idPanRudi1.1/idPanRudi1.1.primary.fa.gz
Papestra_biren	insects	release_reference	ilPapBire1.hap1.1	ilPapBire1.1	hap1	1	1	0	0	/data/tol/data/darwin/insects/Papestra_biren/assembly/curated/ilPapBire1.1/ilPapBire1.hap1.1.primary.fa.gz
Papilio_machaon	insects	newer_curation_than_reference	ilPapMach1.1	ilPapMach1.2	primary	1	2	0	0	/data/tol/data/darwin/insects/Papilio_machaon/assembly/curated/ilPapMach1.2/ilPapMach1.2.primary.fa.gz
Parachronistis_albiceps	insects	release_reference	ilParAlbi1.1	ilParAlbi1.1	primary	1	1	0	0	/data/tol/data/darwin/insects/Parachronistis_albiceps/assembly/curated/ilParAlbi1.1/ilParAlbi1.1.primary.fa.gz
Paracoenia_fumosa	insects	release_reference	idParFumo1.hap1.1	idParFumo1.1	hap1	1	1	0	0	/data/tol/data/darwin/insects/Paracoenia_fumosa/assembly/curated/idParFumo1.1/idParFumo1.hap1.1.primary.fa.gz
Paracorymbia_fulva	insects	release_reference	icParFulv1.hap1.1	icParFulv1.1	hap1	1	1	0	0	/data/tol/data/darwin/insects/Paracorymbia_fulva/assembly/curated/icParFulv1.1/icParFulv1.hap1.1.primary.fa.gz
Paracraspedothrix_montivaga	insects	release_reference	idParMont1.hap1.1	idParMont1.1	hap1	1	1	0	0	/data/tol/data/darwin/insects/Paracraspedothrix_montivaga/assembly/curated/idParMont1.1/idParMont1.hap1.1.primary.fa.gz
Paragus_haemorrhous	insects	release_reference	idParHaem1.hap1.1	idParHaem1.1	hap1	1	1	0	0	/data/tol/data/darwin/insects/Paragus_haemorrhous/assembly/curated/idParHaem1.1/idParHaem1.hap1.1.primary.fa.gz
Paraperithous_gnathaulax	insects	release_reference	iyParGnat1.1	iyParGnat1.1	primary	1	1	1	0	/data/tol/data/darwin/insects/Paraperithous_gnathaulax/assembly/curated/iyParGnat1.1/iyParGnat1.1.primary.fa.gz
Parapoynx_stratiotata	insects	release_reference	ilParStra1.1	ilParStra1.1	primary	1	1	1	0	/data/tol/data/darwin/insects/Parapoynx_stratiotata/assembly/curated/ilParStra1.1/ilParStra1.1.primary.fa.gz
Pararge_aegeria	insects	release_reference	ilParAegt1.1	ilParAegt1.1	primary	1	1	1	0	/data/tol/data/darwin/insects/Pararge_aegeria/assembly/curated/ilParAegt1.1/ilParAegt1.1.primary.fa.gz
Parascotia_fuliginaria	insects	release_reference	ilParFuli1.1	ilParFuli1.1	primary	1	1	0	0	/data/tol/data/darwin/insects/Parascotia_fuliginaria/assembly/curated/ilParFuli1.1/ilParFuli1.1.primary.fa.gz
Parasmittina_trispinosa	other-animal-phyla	release_reference	tzParTris1.hap1.1	tzParTris1.1	hap1	1	1	0	0	/data/tol/data/darwin/other-animal-phyla/Parasmittina_trispinosa/assembly/curated/tzParTris1.1/tzParTris1.hap1.1.primary.fa.gz
Parasteatoda_lunata	arthropods	release_reference	qqParLuna2.1	qqParLuna2.1	primary	1	1	1	0	/data/tol/data/darwin/arthropods/Parasteatoda_lunata/assembly/curated/qqParLuna2.1/qqParLuna2.1.primary.fa.gz
Parastichtis_suspecta	insects	release_reference	ilParSusp1.hap2.1	ilParSusp1.1	hap2	1	1	0	0	/data/tol/data/darwin/insects/Parastichtis_suspecta/assembly/curated/ilParSusp1.1/ilParSusp1.hap2.1.primary.fa.gz
Paraswammerdamia_albicapitella	insects	release_reference	ilParAlbc1.hap1.1	ilParAlbc1.1	hap1	1	1	0	0	/data/tol/data/darwin/insects/Paraswammerdamia_albicapitella/assembly/curated/ilParAlbc1.1/ilParAlbc1.hap1.1.primary.fa.gz
Paratalanta_hyalinalis	insects	release_reference	ilParHyal1.hap1.1	ilParHyal1.1	hap1	1	1	0	0	/data/tol/data/darwin/insects/Paratalanta_hyalinalis/assembly/curated/ilParHyal1.1/ilParHyal1.hap1.1.primary.fa.gz
Pardosa_nigriceps	arthropods	release_reference	qqParNigr1.hap1.1	qqParNigr1.1	hap1	1	1	0	0	/data/tol/data/darwin/arthropods/Pardosa_nigriceps/assembly/curated/qqParNigr1.1/qqParNigr1.hap1.1.primary.fa.gz
Parectropis_similaria	insects	release_reference	ilParSimi1.1	ilParSimi1.1	primary	1	1	0	0	/data/tol/data/darwin/insects/Parectropis_similaria/assembly/curated/ilParSimi1.1/ilParSimi1.1.primary.fa.gz
Parhelophilus_frutetorum	insects	release_reference	idParFrut1.hap1.1	idParFrut1.1	hap1	1	1	0	0	/data/tol/data/darwin/insects/Parhelophilus_frutetorum/assembly/curated/idParFrut1.1/idParFrut1.hap1.1.primary.fa.gz
Parietaria_judaica	dicots	release_reference	drParJuda1.1	drParJuda1.1	primary	1	2	0	0	/data/tol/data/darwin/dicots/Parietaria_judaica/assembly/curated/drParJuda1.1/drParJuda1.1.primary.fa.gz
Parydra_coarctata	insects	release_reference	idParCoar2.1	idParCoar2.1	primary	1	1	0	0	/data/tol/data/darwin/insects/Parydra_coarctata/assembly/curated/idParCoar2.1/idParCoar2.1.primary.fa.gz
Pasiphila_chloerata	insects	release_reference	ilPasChlo1.hap1.1	ilPasChlo1.1	hap1	1	1	0	0	/data/tol/data/darwin/insects/Pasiphila_chloerata/assembly/curated/ilPasChlo1.1/ilPasChlo1.hap1.1.primary.fa.gz
Pasiphila_rectangulata	insects	release_reference	ilPasRect1.1	ilPasRect1.1	primary	1	1	0	0	/data/tol/data/darwin/insects/Pasiphila_rectangulata/assembly/curated/ilPasRect1.1/ilPasRect1.1.primary.fa.gz
Pastinaca_sativa	dicots	release_reference	drPasSati1.hap1.1	drPasSati1.1	hap1	1	1	0	0	/data/tol/data/darwin/dicots/Pastinaca_sativa/assembly/curated/drPasSati1.1/drPasSati1.hap1.1.primary.fa.gz
Patella_depressa	molluscs	release_reference	xgPatDepr1.1	xgPatDepr1.1	primary	1	1	0	0	/data/tol/data/darwin/molluscs/Patella_depressa/assembly/curated/xgPatDepr1.1/xgPatDepr1.1.primary.fa.gz
Patella_pellucida	molluscs	release_reference	xgPatPell1.1	xgPatPell1.1	primary	1	1	0	0	/data/tol/data/darwin/molluscs/Patella_pellucida/assembly/curated/xgPatPell1.1/xgPatPell1.1.primary.fa.gz
Patella_ulyssiponensis	molluscs	release_reference	xgPatUlys2.1	xgPatUlys2.1	primary	1	1	0	0	/data/tol/data/darwin/molluscs/Patella_ulyssiponensis/assembly/curated/xgPatUlys2.1/xgPatUlys2.1.primary.fa.gz
Patella_vulgata	molluscs	release_reference	xgPatVulg1.2	xgPatVulg1.2	primary	1	2	0	0	/data/tol/data/darwin/molluscs/Patella_vulgata/assembly/curated/xgPatVulg1.2/xgPatVulg1.2.primary.fa.gz
Paulownia_tomentosa	dicots	release_reference	daPauTome1.hap1.1	daPauTome1.1	hap1	1	1	0	0	/data/tol/data/darwin/dicots/Paulownia_tomentosa/assembly/curated/daPauTome1.1/daPauTome1.hap1.1.primary.fa.gz
Pecten_maximus	molluscs	release_reference	xPecMax1.1	xPecMax1.1	primary	1	1	0	0	/data/tol/data/darwin/molluscs/Pecten_maximus/assembly/curated/xPecMax1.1/xPecMax1.1.primary.fa.gz
Pediacus_dermestoides	insects	release_reference	icPedDerm1.1	icPedDerm1.1	primary	1	1	0	0	/data/tol/data/darwin/insects/Pediacus_dermestoides/assembly/curated/icPedDerm1.1/icPedDerm1.1.primary.fa.gz
Pedicia_rivosa	insects	release_reference	idPedRivo1.1	idPedRivo1.1	primary	1	1	0	0	/data/tol/data/darwin/insects/Pedicia_rivosa/assembly/curated/idPedRivo1.1/idPedRivo1.1.primary.fa
Pegoplata_infirma	insects	release_reference	idPegInfi2.1	idPegInfi2.1	primary	1	1	0	0	/data/tol/data/darwin/insects/Pegoplata_infirma/assembly/curated/idPegInfi2.1/idPegInfi2.1.primary.fa.gz
Pelochrista_caecimaculana	insects	release_reference	ilPelCaec1.hap1.1	ilPelCaec1.1	hap1	1	1	0	0	/data/tol/data/darwin/insects/Pelochrista_caecimaculana/assembly/curated/ilPelCaec1.1/ilPelCaec1.hap1.1.primary.fa.gz
Pelophylax_lessonae	amphibians	release_reference	aPelLes1.hap1.1	aPelLes1.1	hap1	1	1	0	0	/data/tol/data/darwin/amphibians/Pelophylax_lessonae/assembly/curated/aPelLes1.1/aPelLes1.hap1.1.primary.fa.gz
Pelosia_muscerda	insects	release_reference	ilPelMusc1.1	ilPelMusc1.1	primary	1	1	0	0	/data/tol/data/darwin/insects/Pelosia_muscerda/assembly/curated/ilPelMusc1.1/ilPelMusc1.1.primary.fa.gz
Pempelia_genistella	insects	release_reference	ilPemGeni4.hap1.1	ilPemGeni4.1	hap1	1	1	0	0	/data/tol/data/darwin/insects/Pempelia_genistella/assembly/curated/ilPemGeni4.1/ilPemGeni4.hap1.1.primary.fa.gz
Pemphredon_inornata	insects	release_reference	iyPemInor1.hap1.1	iyPemInor1.1	hap1	1	1	0	0	/data/tol/data/darwin/insects/Pemphredon_inornata/assembly/curated/iyPemInor1.1/iyPemInor1.hap1.1.primary.fa.gz
Pemphredon_lugubris	insects	release_reference	iyPemLugu1.1	iyPemLugu1.1	primary	1	1	0	0	/data/tol/data/darwin/insects/Pemphredon_lugubris/assembly/curated/iyPemLugu1.1/iyPemLugu1.1.primary.fa.gz
Pentaglottis_sempervirens	dicots	release_reference	daPenSemp1.hap1.1	daPenSemp1.1	hap1	1	1	0	0	/data/tol/data/darwin/dicots/Pentaglottis_sempervirens/assembly/curated/daPenSemp1.1/daPenSemp1.hap1.1.primary.fa.gz
Peplomyza_litura	insects	release_reference	idPepLitu1.hap1.1	idPepLitu1.1	hap1	1	1	0	0	/data/tol/data/darwin/insects/Peplomyza_litura/assembly/curated/idPepLitu1.1/idPepLitu1.hap1.1.primary.fa.gz
Perdix_perdix	birds	release_reference	bPerPer1.hap1.1	bPerPer1.1	hap1	1	1	0	0	/data/tol/data/darwin/birds/Perdix_perdix/assembly/curated/bPerPer1.1/bPerPer1.hap1.1.primary.fa.gz
Perforatus_perforatus	arthropods	release_reference	qxPerPerf4.1	qxPerPerf4.1	primary	1	1	0	0	/data/tol/data/darwin/arthropods/Perforatus_perforatus/assembly/curated/qxPerPerf4.1/qxPerPerf4.1.primary.fa.gz
Peribatodes_rhomboidaria	insects	release_reference	ilPerRhom1.1	ilPerRhom1.1	primary	2	2	0	0	/data/tol/data/darwin/insects/Peribatodes_rhomboidaria/assembly/curated/ilPerRhom1.1/ilPerRhom1.1.primary.fa.gz
Peridea_anceps	insects	release_reference	ilPerAnce2.1	ilPerAnce2.1	primary	1	1	0	0	/data/tol/data/darwin/insects/Peridea_anceps/assembly/curated/ilPerAnce2.1/ilPerAnce2.1.primary.fa.gz
Periphyllus_acericola	insects	release_reference	ihPerAcec1.1	ihPerAcec1.1	primary	1	1	2	0	/data/tol/data/darwin/insects/Periphyllus_acericola/assembly/curated/ihPerAcec1.1/ihPerAcec1.1.primary.fa.gz
Perithous_albicinctus	insects	release_reference	iyPerAlbc1.1	iyPerAlbc1.1	primary	1	1	0	0	/data/tol/data/darwin/insects/Perithous_albicinctus/assembly/curated/iyPerAlbc1.1/iyPerAlbc1.1.primary.fa.gz
Perithous_divinator	insects	release_reference	iyPerDivi1.hap1.1	iyPerDivi1.1	hap1	1	1	0	0	/data/tol/data/darwin/insects/Perithous_divinator/assembly/curated/iyPerDivi1.1/iyPerDivi1.hap1.1.primary.fa.gz
Perizoma_affinitatum	insects	release_reference	ilPerAffn1.1	ilPerAffn1.1	primary	1	1	0	0	/data/tol/data/darwin/insects/Perizoma_affinitatum/assembly/curated/ilPerAffn1.1/ilPerAffn1.1.primary.fa.gz
Perizoma_albulatum	insects	release_reference	ilPerAlbl1.hap1.1	ilPerAlbl1.1	hap1	1	1	0	0	/data/tol/data/darwin/insects/Perizoma_albulatum/assembly/curated/ilPerAlbl1.1/ilPerAlbl1.hap1.1.primary.fa.gz
Perizoma_blandiatum	insects	release_reference	ilPerBlad1.hap1.1	ilPerBlad1.1	hap1	1	1	0	0	/data/tol/data/darwin/insects/Perizoma_blandiatum/assembly/curated/ilPerBlad1.1/ilPerBlad1.hap1.1.primary.fa.gz
Perizoma_didymatum	insects	release_reference	ilPerDidy1.hap1.1	ilPerDidy1.1	hap1	1	1	0	0	/data/tol/data/darwin/insects/Perizoma_didymatum/assembly/curated/ilPerDidy1.1/ilPerDidy1.hap1.1.primary.fa.gz
Perizoma_flavofasciatum	insects	release_reference	ilPerFlao1.1	ilPerFlao1.1	primary	1	1	0	0	/data/tol/data/darwin/insects/Perizoma_flavofasciatum/assembly/curated/ilPerFlao1.1/ilPerFlao1.1.primary.fa.gz
Perophora_japonica	chordates	release_reference	kaPerJapo1.hap1.1	kaPerJapo1.1	hap1	1	1	0	0	/data/tol/data/darwin/chordates/Perophora_japonica/assembly/curated/kaPerJapo1.1/kaPerJapo1.hap1.1.primary.fa.gz
Persicaria_amphibia	dicots	release_reference	dcPerAmph1.hap1.1	dcPerAmph1.1	hap1	1	1	0	0	/data/tol/data/darwin/dicots/Persicaria_amphibia/assembly/curated/dcPerAmph1.1/dcPerAmph1.hap1.1.primary.fa.gz
Persicaria_maculosa	dicots	release_reference	dcPerMacu1.1	dcPerMacu1.1	primary	1	1	0	0	/data/tol/data/darwin/dicots/Persicaria_maculosa/assembly/curated/dcPerMacu1.1/dcPerMacu1.1.primary.fa.gz
Persicaria_nepalensis	dicots	release_reference	dcPerNepa1.hap1.1	dcPerNepa1.1	hap1	1	1	0	0	/data/tol/data/darwin/dicots/Persicaria_nepalensis/assembly/curated/dcPerNepa1.1/dcPerNepa1.hap1.1.primary.fa.gz
Petalophyllum_ralfsii	non-vascular-plants	release_reference	cjPetRalf1.1	cjPetRalf1.1	primary	1	1	0	0	/data/tol/data/darwin/non-vascular-plants/Petalophyllum_ralfsii/assembly/curated/cjPetRalf1.1/cjPetRalf1.1.primary.fa.gz
Petasites_albus	dicots	release_reference	daPetAlbu1.hap1.1	daPetAlbu1.1	hap1	1	1	0	0	/data/tol/data/darwin/dicots/Petasites_albus/assembly/curated/daPetAlbu1.1/daPetAlbu1.hap1.1.primary.fa.gz
Petasites_hybridus	dicots	release_reference	daPetHybr1.hap1.1	daPetHybr1.1	hap1	1	1	0	0	/data/tol/data/darwin/dicots/Petasites_hybridus/assembly/curated/daPetHybr1.1/daPetHybr1.hap1.1.primary.fa.gz
Petrophora_chlorosata	insects	release_reference	ilPetChlo1.1	ilPetChlo1.1	primary	1	1	0	0	/data/tol/data/darwin/insects/Petrophora_chlorosata/assembly/curated/ilPetChlo1.1/ilPetChlo1.1.primary.fa.gz
Phaedon_cochleariae	insects	release_reference	icPhaCoch1.hap1.1	icPhaCoch1.1	hap1	1	1	0	0	/data/tol/data/darwin/insects/Phaedon_cochleariae/assembly/curated/icPhaCoch1.1/icPhaCoch1.hap1.1.primary.fa.gz
Phaedon_tumidulus	insects	release_reference	icPhaTumi1.hap1.1	icPhaTumi1.1	hap1	1	1	0	0	/data/tol/data/darwin/insects/Phaedon_tumidulus/assembly/curated/icPhaTumi1.1/icPhaTumi1.hap1.1.primary.fa.gz
Phaeoclavulina_alboapiculata	fungi	release_reference	gfPhaAlbo1.hap1.1	gfPhaAlbo1.1	hap1	1	1	0	0	/data/tol/data/darwin/fungi/Phaeoclavulina_alboapiculata/assembly/curated/gfPhaAlbo1.1/gfPhaAlbo1.hap1.1.primary.fa.gz
Phaethon_aethereus	birds	release_reference	bPhaAeh10.maternal.1	bPhaAeh10.1	maternal	1	1	0	0	/data/tol/data/darwin/birds/Phaethon_aethereus/assembly/curated/bPhaAeh10.1/bPhaAeh10.maternal.1.primary.fa.gz
Phalacrocorax_carbo	birds	newer_curation_than_reference	bPhaCar2.1	bPhaCar2.2	hap1	1	2	0	0	/data/tol/data/darwin/birds/Phalacrocorax_carbo/assembly/curated/bPhaCar2.2/bPhaCar2.hap1.2.primary.fa.gz
Phalaris_arundinacea	monocots	release_reference	lpPhaArun1.hap1.1	lpPhaArun1.1	hap1	1	1	0	0	/data/tol/data/darwin/monocots/Phalaris_arundinacea/assembly/curated/lpPhaArun1.1/lpPhaArun1.hap1.1.primary.fa.gz
Phalera_bucephala	insects	release_reference	ilPhaBuce1.2	ilPhaBuce1.2	legacy_curated_primary	1	2	3	0	/data/tol/data/darwin/insects/Phalera_bucephala/assembly/curated/ilPhaBuce1.2/ilPhaBuce1_1.curated_primary.fa
Phaleria_cadaverina	insects	release_reference	icPhaCada2.1	icPhaCada2.1	primary	1	1	0	0	/data/tol/data/darwin/insects/Phaleria_cadaverina/assembly/curated/icPhaCada2.1/icPhaCada2.1.primary.fa.gz
Phallusia_mammillata	chordates	release_reference	kaPhaMamm4.hap1.1	kaPhaMamm4.1	hap1	1	1	0	0	/data/tol/data/darwin/chordates/Phallusia_mammillata/assembly/curated/kaPhaMamm4.1/kaPhaMamm4.hap1.1.primary.fa.gz
Phania_funesta	insects	release_reference	idPhaFune2.1	idPhaFune2.1	primary	1	1	0	0	/data/tol/data/darwin/insects/Phania_funesta/assembly/curated/idPhaFune2.1/idPhaFune2.1.primary.fa.gz
Phaonia_angelicae	insects	release_reference	idPhaAnge1.hap1.1	idPhaAnge1.1	hap1	1	1	0	0	/data/tol/data/darwin/insects/Phaonia_angelicae/assembly/curated/idPhaAnge1.1/idPhaAnge1.hap1.1.primary.fa.gz
Phaonia_errans	insects	release_reference	idPhaErra1.hap1.1	idPhaErra1.1	hap1	1	1	0	0	/data/tol/data/darwin/insects/Phaonia_errans/assembly/curated/idPhaErra1.1/idPhaErra1.hap1.1.primary.fa.gz
Phaonia_falleni	insects	release_reference	idPhaFall1.hap1.1	idPhaFall1.1	hap1	1	1	0	0	/data/tol/data/darwin/insects/Phaonia_falleni/assembly/curated/idPhaFall1.1/idPhaFall1.hap1.1.primary.fa.gz
Phaonia_gobertii	insects	release_reference	idPhaGobe1.hap1.1	idPhaGobe1.1	hap1	1	1	0	0	/data/tol/data/darwin/insects/Phaonia_gobertii/assembly/curated/idPhaGobe1.1/idPhaGobe1.hap1.1.primary.fa.gz
Phaonia_palpata	insects	release_reference	idPhaPalp1.hap1.1	idPhaPalp1.1	hap1	1	1	0	0	/data/tol/data/darwin/insects/Phaonia_palpata/assembly/curated/idPhaPalp1.1/idPhaPalp1.hap1.1.primary.fa.gz
Phaonia_tiefii	insects	release_reference	idPhaTief1.1	idPhaTief1.1	primary	1	1	0	0	/data/tol/data/darwin/insects/Phaonia_tiefii/assembly/curated/idPhaTief1.1/idPhaTief1.1.primary.fa.gz
Phasia_hemiptera	insects	release_reference	idPhaHemi2.1	idPhaHemi2.1	primary	1	1	0	0	/data/tol/data/darwin/insects/Phasia_hemiptera/assembly/curated/idPhaHemi2.1/idPhaHemi2.1.primary.fa.gz
Phasia_obesa	insects	release_reference	idPhaObes1.1	idPhaObes1.1	primary	1	1	2	0	/data/tol/data/darwin/insects/Phasia_obesa/assembly/curated/idPhaObes1.1/idPhaObes1.1.primary.fa.gz
Phasianus_colchicus	birds	newest_curated_no_reference		bPhaCol1.1	hap1	1	1	0	0	/data/tol/data/darwin/birds/Phasianus_colchicus/assembly/curated/bPhaCol1.1/bPhaCol1.hap1.1.primary.fa.gz
Phaxas_pellucidus	molluscs	release_reference	xbPhaPell1.hap1.1	xbPhaPell1.1	hap1	1	1	0	0	/data/tol/data/darwin/molluscs/Phaxas_pellucidus/assembly/curated/xbPhaPell1.1/xbPhaPell1.hap1.1.primary.fa.gz
Phengaris_arion	insects	release_reference	ilPheArio1.1	ilPheArio1.1	primary	1	1	0	0	/data/tol/data/darwin/insects/Phengaris_arion/assembly/curated/ilPheArio1.1/ilPheArio1.1.primary.fa.gz
Pheosia_gnoma	insects	release_reference	ilPheGnom1.1	ilPheGnom1.1	primary	1	1	1	0	/data/tol/data/darwin/insects/Pheosia_gnoma/assembly/curated/ilPheGnom1.1/ilPheGnom1.1.primary.fa.gz
Pheosia_tremula	insects	release_reference	ilPheTrem1.1	ilPheTrem1.1	primary	1	1	1	0	/data/tol/data/darwin/insects/Pheosia_tremula/assembly/curated/ilPheTrem1.1/ilPheTrem1.1.primary.fa.gz
Pherbellia_schoenherri	insects	release_reference	idPheScho1.hap1.1	idPheScho1.1	hap1	1	1	0	0	/data/tol/data/darwin/insects/Pherbellia_schoenherri/assembly/curated/idPheScho1.1/idPheScho1.hap1.1.primary.fa.gz
Pherbina_coryleti	insects	release_reference	idPheCory1.1	idPheCory1.1	primary	1	1	1	0	/data/tol/data/darwin/insects/Pherbina_coryleti/assembly/curated/idPheCory1.1/idPheCory1.1.primary.fa.gz
Philanthus_triangulum	insects	release_reference	iyPhiTria1.1	iyPhiTria1.1	primary	1	1	1	0	/data/tol/data/darwin/insects/Philanthus_triangulum/assembly/curated/iyPhiTria1.1/iyPhiTria1.1.primary.fa.gz
Philedonides_lunana	insects	release_reference	ilPhiLuna1.hap1.1	ilPhiLuna1.1	hap1	1	1	0	0	/data/tol/data/darwin/insects/Philedonides_lunana/assembly/curated/ilPhiLuna1.1/ilPhiLuna1.hap1.1.primary.fa.gz
Philereme_transversata	insects	release_reference	ilPhiTran2.1	ilPhiTran2.1	primary	1	1	0	0	/data/tol/data/darwin/insects/Philereme_transversata/assembly/curated/ilPhiTran2.1/ilPhiTran2.1.primary.fa.gz
Philereme_vetulata	insects	release_reference	ilPhiVetu1.2	ilPhiVetu1.2	primary	1	2	0	0	/data/tol/data/darwin/insects/Philereme_vetulata/assembly/curated/ilPhiVetu1.2/ilPhiVetu1.2.primary.fa.gz
Philodromus_cespitum	arthropods	release_reference	qqPhiCesp2.1	qqPhiCesp2.1	primary	1	1	0	0	/data/tol/data/darwin/arthropods/Philodromus_cespitum/assembly/curated/qqPhiCesp2.1/qqPhiCesp2.1.primary.fa.gz
Philodromus_dispar	arthropods	release_reference	qqPhiDisp1.hap1.1	qqPhiDisp1.1	hap1	1	1	0	0	/data/tol/data/darwin/arthropods/Philodromus_dispar/assembly/curated/qqPhiDisp1.1/qqPhiDisp1.hap1.1.primary.fa.gz
Philonicus_albiceps	insects	release_reference	idPhiAlbi1.1	idPhiAlbi1.1	primary	1	1	0	0	/data/tol/data/darwin/insects/Philonicus_albiceps/assembly/curated/idPhiAlbi1.1/idPhiAlbi1.1.primary.fa.gz
Philonthus_carbonarius	insects	release_reference	icPhiCarb1.hap1.1	icPhiCarb1.1	hap1	1	1	0	0	/data/tol/data/darwin/insects/Philonthus_carbonarius/assembly/curated/icPhiCarb1.1/icPhiCarb1.hap1.1.primary.fa.gz
Philonthus_cognatus	insects	newer_curation_than_reference	icPhiCogn1.2	icPhiCogn1.3	primary	1	3	2	0	/data/tol/data/darwin/insects/Philonthus_cognatus/assembly/curated/icPhiCogn1.3/icPhiCogn1.3.primary.fa.gz
Philonthus_marginatus	insects	release_reference	icPhiMarg1.hap1.1	icPhiMarg1.1	hap1	1	1	0	0	/data/tol/data/darwin/insects/Philonthus_marginatus/assembly/curated/icPhiMarg1.1/icPhiMarg1.hap1.1.primary.fa.gz
Philonthus_spinipes	insects	release_reference	icPhiSpin1.1	icPhiSpin1.1	primary	1	1	1	0	/data/tol/data/darwin/insects/Philonthus_spinipes/assembly/curated/icPhiSpin1.1/icPhiSpin1.1.primary.fa.gz
Philopedon_plagiatum	insects	release_reference	icPhiPlag1.1	icPhiPlag1.1	primary	1	1	0	0	/data/tol/data/darwin/insects/Philopedon_plagiatum/assembly/curated/icPhiPlag1.1/icPhiPlag1.1.primary.fa.gz
Philophylla_caesio	insects	release_reference	idPhiCaes1.1	idPhiCaes1.1	primary	1	1	0	0	/data/tol/data/darwin/insects/Philophylla_caesio/assembly/curated/idPhiCaes1.1/idPhiCaes1.1.primary.fa.gz
Philopotamus_montanus	insects	release_reference	iiPhiMont4.1	iiPhiMont4.1	primary	1	1	0	0	/data/tol/data/darwin/insects/Philopotamus_montanus/assembly/curated/iiPhiMont4.1/iiPhiMont4.1.primary.fa.gz
Phlegmacium_triumphans	fungi	release_reference	gfCorTriu1.hap1.1	gfCorTriu1.1	hap1	1	1	0	0	/data/tol/data/darwin/fungi/Phlegmacium_triumphans/assembly/curated/gfCorTriu1.1/gfCorTriu1.hap1.1.primary.fa.gz
Phleum_pratense	monocots	release_reference	lpPhlPrat1.hap1.2	lpPhlPrat1.2	hap1	1	2	0	0	/data/tol/data/darwin/monocots/Phleum_pratense/assembly/curated/lpPhlPrat1.2/lpPhlPrat1.hap1.2.primary.fa.gz
Phlogophora_meticulosa	insects	release_reference	ilPhlMeti2.2	ilPhlMeti2.2	primary	1	2	0	0	/data/tol/data/darwin/insects/Phlogophora_meticulosa/assembly/curated/ilPhlMeti2.2/ilPhlMeti2.2.primary.fa.gz
Phoca_vitulina	mammals	newest_curated_no_reference		mPhoVit2.1	hap1	1	1	0	0	/data/tol/data/darwin/mammals/Phoca_vitulina/assembly/curated/mPhoVit2.1/mPhoVit2.hap1.1.primary.fa.gz
Phocoena_phocoena	mammals	release_reference	mPhoPho1.1	mPhoPho1.1	primary	1	1	0	0	/data/tol/data/darwin/mammals/Phocoena_phocoena/assembly/curated/mPhoPho1.1/mPhoPho1.1.primary.fa.gz
Phoenicurus_phoenicurus	birds	release_reference	bPhoPho1.hap1.1	bPhoPho1.1	hap1	1	1	0	0	/data/tol/data/darwin/birds/Phoenicurus_phoenicurus/assembly/curated/bPhoPho1.1/bPhoPho1.hap1.1.primary.fa.gz
Pholadidea_loscombiana	molluscs	release_reference	xbPhoLosc1.hap1.1	xbPhoLosc1.1	hap1	1	1	0	0	/data/tol/data/darwin/molluscs/Pholadidea_loscombiana/assembly/curated/xbPhoLosc1.1/xbPhoLosc1.hap1.1.primary.fa.gz
Pholis_gunnellus	fish	release_reference	fPhoGun1.2	fPhoGun1.2	primary	1	2	0	0	/data/tol/data/darwin/fish/Pholis_gunnellus/assembly/curated/fPhoGun1.2/fPhoGun1.2.primary.fa.gz
Phorcus_lineatus	molluscs	release_reference	xgPhoLine1.1	xgPhoLine1.1	primary	1	1	0	0	/data/tol/data/darwin/molluscs/Phorcus_lineatus/assembly/curated/xgPhoLine1.1/xgPhoLine1.1.primary.fa.gz
Phorocera_assimilis	insects	release_reference	idPhoAssi1.hap1.1	idPhoAssi1.1	hap1	1	1	0	0	/data/tol/data/darwin/insects/Phorocera_assimilis/assembly/curated/idPhoAssi1.1/idPhoAssi1.hap1.1.primary.fa.gz
Phosphuga_atrata	insects	release_reference	icSilAtra2.1	icSilAtra2.1	primary	1	1	1	0	/data/tol/data/darwin/insects/Phosphuga_atrata/assembly/curated/icSilAtra2.1/icSilAtra2.1.primary.fa.gz
Photedes_minima	insects	release_reference	ilPhoMini1.1	ilPhoMini1.1	primary	1	1	0	0	/data/tol/data/darwin/insects/Photedes_minima/assembly/curated/ilPhoMini1.1/ilPhoMini1.1.primary.fa.gz
Phoxinus_phoxinus	fish	release_reference	fPhoPho1.1	fPhoPho1.1	primary	1	1	0	0	/data/tol/data/darwin/fish/Phoxinus_phoxinus/assembly/curated/fPhoPho1.1/fPhoPho1.1.primary.fa.gz
Phragmataecia_castaneae	insects	release_reference	ilPhrCast1.hap1.1	ilPhrCast1.1	hap1	1	1	0	0	/data/tol/data/darwin/insects/Phragmataecia_castaneae/assembly/curated/ilPhrCast1.1/ilPhrCast1.hap1.1.primary.fa.gz
Phragmatobia_fuliginosa	insects	release_reference	ilPhrFuli1.1	ilPhrFuli1.1	primary	1	1	0	0	/data/tol/data/darwin/insects/Phragmatobia_fuliginosa/assembly/curated/ilPhrFuli1.1/ilPhrFuli1.1.primary.fa.gz
Phragmites_australis	monocots	release_reference	lpPhrAust1.1	lpPhrAust1.1	primary	1	1	0	1	/data/tol/data/darwin/monocots/Phragmites_australis/assembly/curated/lpPhrAust1.1/lpPhrAust1.1.primary.fa.gz
Phratora_vitellinae	insects	release_reference	icPhrVite1.1	icPhrVite1.1	primary	1	1	0	0	/data/tol/data/darwin/insects/Phratora_vitellinae/assembly/curated/icPhrVite1.1/icPhrVite1.1.primary.fa.gz
Phryganea_bipunctata	insects	release_reference	iiPhrBipu1.hap1.1	iiPhrBipu1.1	hap1	1	1	0	0	/data/tol/data/darwin/insects/Phryganea_bipunctata/assembly/curated/iiPhrBipu1.1/iiPhrBipu1.hap1.1.primary.fa.gz
Phtheochroa_inopiana	insects	release_reference	ilPhtInop1.hap1.1	ilPhtInop1.1	hap1	1	1	0	0	/data/tol/data/darwin/insects/Phtheochroa_inopiana/assembly/curated/ilPhtInop1.1/ilPhtInop1.hap1.1.primary.fa.gz
Phtheochroa_sodaliana	insects	release_reference	ilPhtSoda1.hap1.1	ilPhtSoda1.1	hap1	1	1	0	0	/data/tol/data/darwin/insects/Phtheochroa_sodaliana/assembly/curated/ilPhtSoda1.1/ilPhtSoda1.hap1.1.primary.fa.gz
Phthiria_pulicaria	insects	release_reference	idPhtPulc5.1	idPhtPulc5.1	primary	1	1	0	0	/data/tol/data/darwin/insects/Phthiria_pulicaria/assembly/curated/idPhtPulc5.1/idPhtPulc5.1.primary.fa.gz
Phycita_roborella	insects	release_reference	ilPhyRobo2.1	ilPhyRobo2.1	primary	1	1	1	0	/data/tol/data/darwin/insects/Phycita_roborella/assembly/curated/ilPhyRobo2.1/ilPhyRobo2.1.primary.fa.gz
Phylidorea_fulvonervosa	insects	release_reference	idPhyFulv1.hap1.1	idPhyFulv1.1	hap1	1	1	0	0	/data/tol/data/darwin/insects/Phylidorea_fulvonervosa/assembly/curated/idPhyFulv1.1/idPhyFulv1.hap1.1.primary.fa.gz
Phyllaphis_fagi	insects	release_reference	ihPhyFagi1.hap1.1	ihPhyFagi1.1	hap1	1	1	0	0	/data/tol/data/darwin/insects/Phyllaphis_fagi/assembly/curated/ihPhyFagi1.1/ihPhyFagi1.hap1.1.primary.fa.gz
Phyllobius_argentatus	insects	release_reference	icPhyArge1.hap1.1	icPhyArge1.1	hap1	1	1	0	0	/data/tol/data/darwin/insects/Phyllobius_argentatus/assembly/curated/icPhyArge1.1/icPhyArge1.hap1.1.primary.fa.gz
Phyllobius_pyri	insects	release_reference	icPhyPyri4.hap1.1	icPhyPyri4.1	hap1	1	1	0	0	/data/tol/data/darwin/insects/Phyllobius_pyri/assembly/curated/icPhyPyri4.1/icPhyPyri4.hap1.1.primary.fa.gz
Phyllobius_roboretanus	insects	release_reference	icPhyRobo3.hap1.1	icPhyRobo3.1	hap1	1	1	0	0	/data/tol/data/darwin/insects/Phyllobius_roboretanus/assembly/curated/icPhyRobo3.1/icPhyRobo3.hap1.1.primary.fa.gz
Phyllobius_virideaeris	insects	release_reference	icPhyViri1.hap2.1	icPhyViri1.1	hap2	1	1	0	0	/data/tol/data/darwin/insects/Phyllobius_virideaeris/assembly/curated/icPhyViri1.1/icPhyViri1.hap2.1.primary.fa.gz
Phyllocnistis_unipunctella	insects	release_reference	ilPhyUnip5.1	ilPhyUnip5.1	primary	1	1	0	0	/data/tol/data/darwin/insects/Phyllocnistis_unipunctella/assembly/curated/ilPhyUnip5.1/ilPhyUnip5.1.primary.fa.gz
Phyllodoce_laminosa	annelids	release_reference	wpPhyLami1.hap1.1	wpPhyLami1.1	hap1	1	1	0	0	/data/tol/data/darwin/annelids/Phyllodoce_laminosa/assembly/curated/wpPhyLami1.1/wpPhyLami1.hap1.1.primary.fa.gz
Phylloneta_impressa	arthropods	release_reference	qqPhyImpr9.hap1.1	qqPhyImpr9.1	hap1	1	1	0	0	/data/tol/data/darwin/arthropods/Phylloneta_impressa/assembly/curated/qqPhyImpr9.1/qqPhyImpr9.hap1.1.primary.fa.gz
Phyllonorycter_maestingella	insects	release_reference	ilPhyMaes11.hap1.1	ilPhyMaes11.1	hap1	1	1	0	0	/data/tol/data/darwin/insects/Phyllonorycter_maestingella/assembly/curated/ilPhyMaes11.1/ilPhyMaes11.hap1.1.primary.fa.gz
Phyllonorycter_quercifoliella	insects	release_reference	ilPhyQuer1.1	ilPhyQuer1.1	primary	1	1	0	0	/data/tol/data/darwin/insects/Phyllonorycter_quercifoliella/assembly/curated/ilPhyQuer1.1/ilPhyQuer1.1.primary.fa.gz
Phyllonorycter_salicicolella	insects	release_reference	ilPhySalc4.hap1.1	ilPhySalc4.1	hap1	1	1	0	0	/data/tol/data/darwin/insects/Phyllonorycter_salicicolella/assembly/curated/ilPhySalc4.1/ilPhySalc4.hap1.1.primary.fa.gz
Phyllonorycter_sorbi	insects	release_reference	ilPhySorb4.hap1.1	ilPhySorb4.1	hap1	1	1	0	0	/data/tol/data/darwin/insects/Phyllonorycter_sorbi/assembly/curated/ilPhySorb4.1/ilPhySorb4.hap1.1.primary.fa.gz
Phyllonorycter_stettinensis	insects	release_reference	ilPhyStet4.hap1.1	ilPhyStet4.1	hap1	1	1	0	0	/data/tol/data/darwin/insects/Phyllonorycter_stettinensis/assembly/curated/ilPhyStet4.1/ilPhyStet4.hap1.1.primary.fa.gz
Phyllonorycter_ulicicolella	insects	release_reference	ilPhyUlic4.1	ilPhyUlic4.1	primary	1	1	0	0	/data/tol/data/darwin/insects/Phyllonorycter_ulicicolella/assembly/curated/ilPhyUlic4.1/ilPhyUlic4.1.primary.fa.gz
Phylloscopus_collybita	birds	release_reference	bPhyCol1.hap1.1	bPhyCol1.1	hap1	1	1	0	0	/data/tol/data/darwin/birds/Phylloscopus_collybita/assembly/curated/bPhyCol1.1/bPhyCol1.hap1.1.primary.fa.gz
Phylloscopus_proregulus	birds	release_reference	bPhyPro1.hap1.1	bPhyPro1.1	hap1	1	1	0	0	/data/tol/data/darwin/birds/Phylloscopus_proregulus/assembly/curated/bPhyPro1.1/bPhyPro1.hap1.1.primary.fa.gz
Phylloscopus_trochilus	birds	release_reference	bPhyTrc2.hap1.1	bPhyTrc2.1	hap1	1	1	0	0	/data/tol/data/darwin/birds/Phylloscopus_trochilus/assembly/curated/bPhyTrc2.1/bPhyTrc2.hap1.1.primary.fa.gz
Phymatocera_aterrima	insects	release_reference	iyPhyAter2.1	iyPhyAter2.1	primary	1	1	0	0	/data/tol/data/darwin/insects/Phymatocera_aterrima/assembly/curated/iyPhyAter2.1/iyPhyAter2.1.primary.fa.gz
Phymatodes_testaceus	insects	release_reference	icPhyTest2.hap1.1	icPhyTest2.1	hap1	1	1	0	0	/data/tol/data/darwin/insects/Phymatodes_testaceus/assembly/curated/icPhyTest2.1/icPhyTest2.hap1.1.primary.fa.gz
Physeter_catodon	mammals	newest_curated_no_reference		mPhyCat2.3	hap1	1	3	0	0	/data/tol/data/darwin/mammals/Physeter_catodon/assembly/curated/mPhyCat2.3/mPhyCat2.hap1.3.primary.fa.gz
Physocephala_rufipes	insects	release_reference	idPhyRufi1.1	idPhyRufi1.1	primary	1	1	0	0	/data/tol/data/darwin/insects/Physocephala_rufipes/assembly/curated/idPhyRufi1.1/idPhyRufi1.1.primary.fa.gz
Phyto_melanocephala	insects	release_reference	idPhyMeln1.1	idPhyMeln1.1	primary	1	1	0	0	/data/tol/data/darwin/insects/Phyto_melanocephala/assembly/curated/idPhyMeln1.1/idPhyMeln1.1.primary.fa.gz
Phytoecia_cylindrica	insects	release_reference	icPhyCyli3.1	icPhyCyli3.1	primary	1	1	0	0	/data/tol/data/darwin/insects/Phytoecia_cylindrica/assembly/curated/icPhyCyli3.1/icPhyCyli3.1.primary.fa.gz
Phytometra_viridaria	insects	release_reference	ilPhyViri1.hap1.1	ilPhyViri1.1	hap1	1	1	0	0	/data/tol/data/darwin/insects/Phytometra_viridaria/assembly/curated/ilPhyViri1.1/ilPhyViri1.hap1.1.primary.fa.gz
Pica_pica	birds	release_reference	bPicPic2.hap1.1	bPicPic2.1	hap1	1	1	0	0	/data/tol/data/darwin/birds/Pica_pica/assembly/curated/bPicPic2.1/bPicPic2.hap1.1.primary.fa.gz
Pieris_brassicae	insects	release_reference	ilPieBrab1.1	ilPieBrab1.1	primary	1	1	0	0	/data/tol/data/darwin/insects/Pieris_brassicae/assembly/curated/ilPieBrab1.1/ilPieBrab1.1.primary.fa.gz
Pieris_napi	insects	release_reference	ilPieNapi1.2	ilPieNapi1.2	primary	2	3	0	0	/data/tol/data/darwin/insects/Pieris_napi/assembly/curated/ilPieNapi1.2/ilPieNapi1.2.primary.fa.gz
Pieris_rapae	insects	release_reference	ilPieRapa1.1	ilPieRapa1.1	primary	1	1	0	1	/data/tol/data/darwin/insects/Pieris_rapae/assembly/curated/ilPieRapa1.1/ilPieRapa1.1.primary.fa.gz
Pilophorus_perplexus	insects	release_reference	ihPilPerp1.1	ihPilPerp1.1	primary	1	1	1	0	/data/tol/data/darwin/insects/Pilophorus_perplexus/assembly/curated/ihPilPerp1.1/ihPilPerp1.1.primary.fa.gz
Pilosella_aurantiaca	dicots	release_reference	daPilAura1.hap1.1	daPilAura1.1	hap1	1	1	0	0	/data/tol/data/darwin/dicots/Pilosella_aurantiaca/assembly/curated/daPilAura1.1/daPilAura1.hap1.1.primary.fa.gz
Pilosella_officinarum	dicots	newest_curated_no_reference		daPilOffi1.1	hap1	1	1	0	0	/data/tol/data/darwin/dicots/Pilosella_officinarum/assembly/curated/daPilOffi1.1/daPilOffi1.hap1.1.primary.fa.gz
Pimephales_promelas	fish	newest_curated_no_reference		fPimPro1.1	hap1	1	1	0	0	/data/tol/data/darwin/fish/Pimephales_promelas/assembly/curated/fPimPro1.1/fPimPro1.hap1.1.primary.fa.gz
Pimpla_contemplator	insects	release_reference	iyPimCont1.1	iyPimCont1.1	primary	1	1	0	0	/data/tol/data/darwin/insects/Pimpla_contemplator/assembly/curated/iyPimCont1.1/iyPimCont1.1.primary.fa.gz
Pimpla_rufipes	insects	release_reference	iyPimRufi1.1	iyPimRufi1.1	primary	1	1	0	0	/data/tol/data/darwin/insects/Pimpla_rufipes/assembly/curated/iyPimRufi1.1/iyPimRufi1.1.primary.fa.gz
Pimpla_turionellae	insects	release_reference	iyPimTuri5.hap1.1	iyPimTuri5.1	hap1	1	1	0	0	/data/tol/data/darwin/insects/Pimpla_turionellae/assembly/curated/iyPimTuri5.1/iyPimTuri5.hap1.1.primary.fa.gz
Piniphila_bifasciana	insects	release_reference	ilPinBifa2.hap1.1	ilPinBifa2.1	hap1	1	1	0	0	/data/tol/data/darwin/insects/Piniphila_bifasciana/assembly/curated/ilPinBifa2.1/ilPinBifa2.hap1.1.primary.fa.gz
Pipistrellus_nathusii	mammals	newest_curated_no_reference		mPipNat1.2	hap1	1	2	0	0	/data/tol/data/darwin/mammals/Pipistrellus_nathusii/assembly/curated/mPipNat1.2/mPipNat1.hap1.2.primary.fa.gz
Pipistrellus_pipistrellus	mammals	release_reference	mPipPip2.hap1.2	mPipPip2.2	hap1	2	3	0	0	/data/tol/data/darwin/mammals/Pipistrellus_pipistrellus/assembly/curated/mPipPip2.2/mPipPip2.hap1.2.primary.fa.gz
Pipistrellus_pygmaeus	mammals	release_reference	mPipPyg2.hap1.2	mPipPyg2.2	hap1	1	2	0	0	/data/tol/data/darwin/mammals/Pipistrellus_pygmaeus/assembly/curated/mPipPyg2.2/mPipPyg2.hap1.2.primary.fa.gz
Pisaura_mirabilis	arthropods	release_reference	qqPisMira2.hap1.1	qqPisMira2.1	hap1	1	1	0	0	/data/tol/data/darwin/arthropods/Pisaura_mirabilis/assembly/curated/qqPisMira2.1/qqPisMira2.hap1.1.primary.fa.gz
Piscicola_geometra	annelids	release_reference	wrPisGeom1.1	wrPisGeom1.1	primary	1	1	1	0	/data/tol/data/darwin/annelids/Piscicola_geometra/assembly/curated/wrPisGeom1.1/wrPisGeom1.1.primary.fa.gz
Pithanus_maerkelii	insects	release_reference	ihPitMaer1.hap1.1	ihPitMaer1.1	hap1	1	1	0	0	/data/tol/data/darwin/insects/Pithanus_maerkelii/assembly/curated/ihPitMaer1.1/ihPitMaer1.hap1.1.primary.fa.gz
Plagiochila_carringtonii	non-vascular-plants	release_reference	cjPlaCarr2.1	cjPlaCarr2.1	primary	1	1	0	0	/data/tol/data/darwin/non-vascular-plants/Plagiochila_carringtonii/assembly/curated/cjPlaCarr2.1/cjPlaCarr2.1.primary.fa.gz
Plagiodera_versicolora	insects	release_reference	icPlaVers1.1	icPlaVers1.1	primary	1	1	0	0	/data/tol/data/darwin/insects/Plagiodera_versicolora/assembly/curated/icPlaVers1.1/icPlaVers1.1.primary.fa.gz
Plagiothecium_denticulatum	non-vascular-plants	release_reference	cbPlaDent2.1	cbPlaDent2.1	primary	1	1	0	0	/data/tol/data/darwin/non-vascular-plants/Plagiothecium_denticulatum/assembly/curated/cbPlaDent2.1/cbPlaDent2.1.primary.fa.gz
Plagodis_dolabraria	insects	release_reference	ilPlaDola2.1	ilPlaDola2.1	primary	1	1	0	0	/data/tol/data/darwin/insects/Plagodis_dolabraria/assembly/curated/ilPlaDola2.1/ilPlaDola2.1.primary.fa.gz
Plagodis_pulveraria	insects	release_reference	ilPlaPulv1.1	ilPlaPulv1.1	primary	1	1	0	0	/data/tol/data/darwin/insects/Plagodis_pulveraria/assembly/curated/ilPlaPulv1.1/ilPlaPulv1.1.primary.fa.gz
Planococcus_citri	insects	release_reference	ihPlaCitr1.1	ihPlaCitr1.1	primary	1	1	1	0	/data/tol/data/darwin/insects/Planococcus_citri/assembly/curated/ihPlaCitr1.1/ihPlaCitr1.1.primary.fa.gz
Platalea_leucorodia	birds	release_reference	bPlaLeu2.hap1.1	bPlaLeu2.1	hap1	1	1	0	0	/data/tol/data/darwin/birds/Platalea_leucorodia/assembly/curated/bPlaLeu2.1/bPlaLeu2.hap1.1.primary.fa.gz
Platanus_x_hispanica	dicots	release_reference	drPlaXhis1.hap1.1	drPlaXhis1.1	hap1	1	1	0	0	/data/tol/data/darwin/dicots/Platanus_x_hispanica/assembly/curated/drPlaXhis1.1/drPlaXhis1.hap1.1.primary.fa.gz
Platichthys_flesus	fish	release_reference	fPlaFle2.1	fPlaFle2.1	primary	1	1	0	0	/data/tol/data/darwin/fish/Platichthys_flesus/assembly/curated/fPlaFle2.1/fPlaFle2.1.primary.fa.gz
Platismatia_glauca	fungi	release_reference	glPlaGlau9.1	glPlaGlau9.1	primary	1	1	18	1	/data/tol/data/darwin/fungi/Platismatia_glauca/assembly/curated/glPlaGlau9.1/glPlaGlau9.1.primary.fa.gz
Platycephala_planifrons	insects	release_reference	idPlaPlan1.1	idPlaPlan1.1	primary	1	1	0	0	/data/tol/data/darwin/insects/Platycephala_planifrons/assembly/curated/idPlaPlan1.1/idPlaPlan1.1.primary.fa.gz
Platycheirus_albimanus	insects	release_reference	idPlaAlba1.2	idPlaAlba1.2	primary	1	2	1	0	/data/tol/data/darwin/insects/Platycheirus_albimanus/assembly/curated/idPlaAlba1.2/idPlaAlba1.2.primary.fa.gz
Platycheirus_rosarum	insects	release_reference	idPlaRosa1.1	idPlaRosa1.1	primary	1	1	0	0	/data/tol/data/darwin/insects/Platycheirus_rosarum/assembly/curated/idPlaRosa1.1/idPlaRosa1.1.primary.fa.gz
Platycnemis_pennipes	insects	release_reference	ioPlaPenn1.1	ioPlaPenn1.1	primary	1	1	0	0	/data/tol/data/darwin/insects/Platycnemis_pennipes/assembly/curated/ioPlaPenn1.1/ioPlaPenn1.1.primary.fa.gz
Platydracus_latebricola	insects	release_reference	icPlaLate1.hap1.1	icPlaLate1.1	hap1	1	1	0	0	/data/tol/data/darwin/insects/Platydracus_latebricola/assembly/curated/icPlaLate1.1/icPlaLate1.hap1.1.primary.fa.gz
Platyedra_subcinerea	insects	release_reference	ilPlaSubc1.hap1.1	ilPlaSubc1.1	hap1	1	1	0	0	/data/tol/data/darwin/insects/Platyedra_subcinerea/assembly/curated/ilPlaSubc1.1/ilPlaSubc1.hap1.1.primary.fa.gz
Platyptilia_gonodactyla	insects	release_reference	ilPlaGono1.hap1.1	ilPlaGono1.1	hap1	1	1	0	0	/data/tol/data/darwin/insects/Platyptilia_gonodactyla/assembly/curated/ilPlaGono1.1/ilPlaGono1.hap1.1.primary.fa.gz
Platypus_cylindrus	insects	release_reference	icPlaCyli4.1	icPlaCyli4.1	primary	1	1	0	0	/data/tol/data/darwin/insects/Platypus_cylindrus/assembly/curated/icPlaCyli4.1/icPlaCyli4.1.primary.fa.gz
Platyrhinus_resinosus	insects	release_reference	icPlaResi1.hap1.1	icPlaResi1.1	hap1	1	1	0	0	/data/tol/data/darwin/insects/Platyrhinus_resinosus/assembly/curated/icPlaResi1.1/icPlaResi1.hap1.1.primary.fa.gz
Platystomos_albinus	insects	release_reference	icPlaAlbi1.hap1.1	icPlaAlbi1.1	hap1	1	1	0	0	/data/tol/data/darwin/insects/Platystomos_albinus/assembly/curated/icPlaAlbi1.1/icPlaAlbi1.hap1.1.primary.fa.gz
Platytes_cerussella	insects	release_reference	ilPlaCeru1.hap1.1	ilPlaCeru1.1	hap1	1	1	0	0	/data/tol/data/darwin/insects/Platytes_cerussella/assembly/curated/ilPlaCeru1.1/ilPlaCeru1.hap1.1.primary.fa.gz
Plebejus_argus	insects	release_reference	ilPleArgu1.3	ilPleArgu1.3	primary	1	3	0	0	/data/tol/data/darwin/insects/Plebejus_argus/assembly/curated/ilPleArgu1.3/ilPleArgu1.3.primary.fa.gz
Plecotus_auritus	mammals	release_reference	mPleAur1.1	mPleAur1.1	primary	1	1	0	0	/data/tol/data/darwin/mammals/Plecotus_auritus/assembly/curated/mPleAur1.1/mPleAur1.1.primary.fa.gz
Plemyria_rubiginata	insects	release_reference	ilPleRubi1.1	ilPleRubi1.1	primary	1	1	0	0	/data/tol/data/darwin/insects/Plemyria_rubiginata/assembly/curated/ilPleRubi1.1/ilPleRubi1.1.primary.fa.gz
Pleuronectes_platessa	fish	release_reference	fPlePla1.1	fPlePla1.1	primary	1	1	0	0	/data/tol/data/darwin/fish/Pleuronectes_platessa/assembly/curated/fPlePla1.1/fPlePla1.1.primary.fa.gz
Pleurotus_eryngii	fungi	release_reference	gfPleEryn1.hap1.1	gfPleEryn1.1	hap1	1	1	0	0	/data/tol/data/darwin/fungi/Pleurotus_eryngii/assembly/curated/gfPleEryn1.1/gfPleEryn1.hap1.1.primary.fa.gz
Pleurotus_ostreatus	fungi	newest_curated_no_reference		gfPleOstr1.1	primary	1	1	0	1	/data/tol/data/darwin/fungi/Pleurotus_ostreatus/assembly/curated/gfPleOstr1.1/gfPleOstr1.1.primary.fa.gz
Pleurozia_purpurea	non-vascular-plants	release_reference	cjPlePurp2.1	cjPlePurp2.1	primary	1	1	0	0	/data/tol/data/darwin/non-vascular-plants/Pleurozia_purpurea/assembly/curated/cjPlePurp2.1/cjPlePurp2.1.primary.fa.gz
Plodia_interpunctella	insects	newest_curated_reference_unresolved	ilPloInte3.2	ilPloInte1.1	primary	1	1	0	0	/data/tol/data/darwin/insects/Plodia_interpunctella/assembly/curated/ilPloInte1.1/ilPloInte1.1.primary.fa.gz
Plusia_festucae	insects	release_reference	ilPluFest1.1	ilPluFest1.1	primary	1	1	0	0	/data/tol/data/darwin/insects/Plusia_festucae/assembly/curated/ilPluFest1.1/ilPluFest1.1.primary.fa.gz
Plusia_putnami	insects	release_reference	ilPluPutn1.hap1.1	ilPluPutn1.1	hap1	1	1	0	0	/data/tol/data/darwin/insects/Plusia_putnami/assembly/curated/ilPluPutn1.1/ilPluPutn1.hap1.1.primary.fa.gz
Plutella_xylostella	insects	release_reference	ilPluXylo3.2	ilPluXylo3.2	primary	2	3	0	1	/data/tol/data/darwin/insects/Plutella_xylostella/assembly/curated/ilPluXylo3.2/ilPluXylo3.2.primary.fa.gz
Poa_chaixii	monocots	release_reference	lpPoaChai1.hap1.1	lpPoaChai1.1	hap1	1	1	0	0	/data/tol/data/darwin/monocots/Poa_chaixii/assembly/curated/lpPoaChai1.1/lpPoaChai1.hap1.1.primary.fa.gz
Pocota_personata	insects	release_reference	idPocPers1.1	idPocPers1.1	primary	1	1	0	0	/data/tol/data/darwin/insects/Pocota_personata/assembly/curated/idPocPers1.1/idPocPers1.1.primary.fa.gz
Podabrus_alpinus	insects	release_reference	icPodAlpi1.1	icPodAlpi1.1	primary	1	1	0	0	/data/tol/data/darwin/insects/Podabrus_alpinus/assembly/curated/icPodAlpi1.1/icPodAlpi1.1.primary.fa.gz
Podagrica_fuscicornis	insects	release_reference	icPodFusc4.1	icPodFusc4.1	primary	1	1	0	0	/data/tol/data/darwin/insects/Podagrica_fuscicornis/assembly/curated/icPodFusc4.1/icPodFusc4.1.primary.fa.gz
Poecile_palustris	birds	release_reference	bPoePal1.hap1.1	bPoePal1.1	hap1	1	1	0	0	/data/tol/data/darwin/birds/Poecile_palustris/assembly/curated/bPoePal1.1/bPoePal1.hap1.1.primary.fa.gz
Poecilobothrus_nobilitatus	insects	release_reference	idPoeNobi2.1	idPoeNobi2.1	primary	1	1	1	0	/data/tol/data/darwin/insects/Poecilobothrus_nobilitatus/assembly/curated/idPoeNobi2.1/idPoeNobi2.1.primary.fa.gz
Poecilus_cupreus	insects	release_reference	icPoeCupr1.1	icPoeCupr1.1	primary	2	2	0	0	/data/tol/data/darwin/insects/Poecilus_cupreus/assembly/curated/icPoeCupr1.1/icPoeCupr1.1.primary.fa.gz
Pogonatum_aloides	non-vascular-plants	release_reference	cbPogAloi2.1	cbPogAloi2.1	primary	1	1	0	0	/data/tol/data/darwin/non-vascular-plants/Pogonatum_aloides/assembly/curated/cbPogAloi2.1/cbPogAloi2.1.primary.fa.gz
Pogonocherus_hispidulus	insects	release_reference	icPogHisp1.1	icPogHisp1.1	primary	1	1	2	0	/data/tol/data/darwin/insects/Pogonocherus_hispidulus/assembly/curated/icPogHisp1.1/icPogHisp1.1.primary.fa.gz
Pogonognathellus_longicornis	arthropods	release_reference	qlPogLong1.1	qlPogLong1.1	primary	1	1	0	0	/data/tol/data/darwin/arthropods/Pogonognathellus_longicornis/assembly/curated/qlPogLong1.1/qlPogLong1.1.primary.fa.gz
Pogonus_chalceus	insects	release_reference	icPogChal1.hap1.1	icPogChal1.1	hap1	1	1	0	0	/data/tol/data/darwin/insects/Pogonus_chalceus/assembly/curated/icPogChal1.1/icPogChal1.hap1.1.primary.fa.gz
Pohlia_annotina	non-vascular-plants	release_reference	cbPohAnno2.1	cbPohAnno2.1	primary	1	1	0	0	/data/tol/data/darwin/non-vascular-plants/Pohlia_annotina/assembly/curated/cbPohAnno2.1/cbPohAnno2.1.primary.fa.gz
Pohlia_cruda	non-vascular-plants	release_reference	cbPohCrud1.1	cbPohCrud1.1	primary	1	1	0	0	/data/tol/data/darwin/non-vascular-plants/Pohlia_cruda/assembly/curated/cbPohCrud1.1/cbPohCrud1.1.primary.fa.gz
Pohlia_nutans	non-vascular-plants	newest_curated_no_reference		cbPohNuta1.1	primary	1	1	0	0	/data/tol/data/darwin/non-vascular-plants/Pohlia_nutans/assembly/curated/cbPohNuta1.1/cbPohNuta1.1.primary.fa.gz
Pohlia_wahlenbergii	non-vascular-plants	release_reference	cbPohWahl2.1	cbPohWahl2.1	primary	1	1	0	0	/data/tol/data/darwin/non-vascular-plants/Pohlia_wahlenbergii/assembly/curated/cbPohWahl2.1/cbPohWahl2.1.primary.fa.gz
Polemochartus_liparae	insects	release_reference	iyPolLipa2.hap1.1	iyPolLipa2.1	hap1	1	1	0	0	/data/tol/data/darwin/insects/Polemochartus_liparae/assembly/curated/iyPolLipa2.1/iyPolLipa2.hap1.1.primary.fa.gz
Polia_nebulosa	insects	release_reference	ilPolNebu2.1	ilPolNebu2.1	primary	1	1	0	0	/data/tol/data/darwin/insects/Polia_nebulosa/assembly/curated/ilPolNebu2.1/ilPolNebu2.1.primary.fa.gz
Polietes_domitor	insects	release_reference	idPolDomi1.1	idPolDomi1.1	primary	1	1	0	0	/data/tol/data/darwin/insects/Polietes_domitor/assembly/curated/idPolDomi1.1/idPolDomi1.1.primary.fa.gz
Polietes_lardarius	insects	release_reference	idPolLara1.hap1.2	idPolLara1.2	hap1	1	2	0	0	/data/tol/data/darwin/insects/Polietes_lardarius/assembly/curated/idPolLara1.2/idPolLara1.hap1.2.primary.fa.gz
Polietes_meridionalis	insects	release_reference	idPolMeri1.hap1.1	idPolMeri1.1	hap1	1	1	0	0	/data/tol/data/darwin/insects/Polietes_meridionalis/assembly/curated/idPolMeri1.1/idPolMeri1.hap1.1.primary.fa.gz
Polistichus_connexus	insects	release_reference	icPolConn4.hap1.1	icPolConn4.1	hap1	1	1	0	0	/data/tol/data/darwin/insects/Polistichus_connexus/assembly/curated/icPolConn4.1/icPolConn4.hap1.1.primary.fa.gz
Pollachius_pollachius	fish	release_reference	fPolPol2.1	fPolPol2.1	primary	1	1	0	0	/data/tol/data/darwin/fish/Pollachius_pollachius/assembly/curated/fPolPol2.1/fPolPol2.1.primary.fa.gz
Pollenia_amentaria	insects	release_reference	idPolAmen1.1	idPolAmen1.1	primary	1	1	0	0	/data/tol/data/darwin/insects/Pollenia_amentaria/assembly/curated/idPolAmen1.1/idPolAmen1.1.primary.fa.gz
Pollenia_angustigena	insects	release_reference	idPolAngu1.1	idPolAngu1.1	primary	1	1	0	0	/data/tol/data/darwin/insects/Pollenia_angustigena/assembly/curated/idPolAngu1.1/idPolAngu1.1.primary.fa.gz
Pollenia_griseotomentosa	insects	release_reference	idPolGris2.1	idPolGris2.1	primary	1	1	0	0	/data/tol/data/darwin/insects/Pollenia_griseotomentosa/assembly/curated/idPolGris2.1/idPolGris2.1.primary.fa.gz
Pollenia_labialis	insects	release_reference	idPolLabi1.1	idPolLabi1.1	primary	1	1	0	0	/data/tol/data/darwin/insects/Pollenia_labialis/assembly/curated/idPolLabi1.1/idPolLabi1.1.primary.fa.gz
Pollenia_pediculata	insects	release_reference	idPolPedi2.hap1.1	idPolPedi2.1	hap1	1	1	0	0	/data/tol/data/darwin/insects/Pollenia_pediculata/assembly/curated/idPolPedi2.1/idPolPedi2.hap1.1.primary.fa.gz
Polyblastus_varitarsus	insects	release_reference	iyPolVari3.hap1.1	iyPolVari3.1	hap1	1	1	0	0	/data/tol/data/darwin/insects/Polyblastus_varitarsus/assembly/curated/iyPolVari3.1/iyPolVari3.hap1.1.primary.fa.gz
Polycarpa_mamillaris	chordates	release_reference	kaPolMami1.hap2.1	kaPolMami1.1	hap2	1	1	0	0	/data/tol/data/darwin/chordates/Polycarpa_mamillaris/assembly/curated/kaPolMami1.1/kaPolMami1.hap2.1.primary.fa.gz
Polycarpon_tetraphyllum	dicots	release_reference	dcPolTetr1.hap1.1	dcPolTetr1.1	hap1	1	1	0	0	/data/tol/data/darwin/dicots/Polycarpon_tetraphyllum/assembly/curated/dcPolTetr1.1/dcPolTetr1.hap1.1.primary.fa.gz
Polycera_quadrilineata	molluscs	release_reference	xgPolQuad7.1	xgPolQuad7.1	primary	1	1	0	0	/data/tol/data/darwin/molluscs/Polycera_quadrilineata/assembly/curated/xgPolQuad7.1/xgPolQuad7.1.primary.fa.gz
Polydesmus_denticulatus	arthropods	release_reference	qdPolDent1.hap1.1	qdPolDent1.1	hap1	1	1	0	0	/data/tol/data/darwin/arthropods/Polydesmus_denticulatus/assembly/curated/qdPolDent1.1/qdPolDent1.hap1.1.primary.fa.gz
Polydrusus_cervinus	insects	release_reference	icPolCerv1.1	icPolCerv1.1	primary	1	1	1	0	/data/tol/data/darwin/insects/Polydrusus_cervinus/assembly/curated/icPolCerv1.1/icPolCerv1.1.primary.fa.gz
Polydrusus_formosus	insects	release_reference	icPolForm1.1	icPolForm1.1	primary	1	1	1	0	/data/tol/data/darwin/insects/Polydrusus_formosus/assembly/curated/icPolForm1.1/icPolForm1.1.primary.fa.gz
Polydrusus_impressifrons	insects	release_reference	icPolImpr1.hap1.1	icPolImpr1.1	hap1	1	1	0	0	/data/tol/data/darwin/insects/Polydrusus_impressifrons/assembly/curated/icPolImpr1.1/icPolImpr1.hap1.1.primary.fa.gz
Polydrusus_pterygomalis	insects	release_reference	icPolPter2.1	icPolPter2.1	primary	1	1	2	0	/data/tol/data/darwin/insects/Polydrusus_pterygomalis/assembly/curated/icPolPter2.1/icPolPter2.1.primary.fa.gz
Polydrusus_tereticollis	insects	release_reference	icPolTere2.1	icPolTere2.1	primary	2	2	1	0	/data/tol/data/darwin/insects/Polydrusus_tereticollis/assembly/curated/icPolTere2.1/icPolTere2.1.primary.fa.gz
Polygala_serpyllifolia	dicots	release_reference	drPolSerp1.hap1.1	drPolSerp1.1	hap1	1	1	0	0	/data/tol/data/darwin/dicots/Polygala_serpyllifolia/assembly/curated/drPolSerp1.1/drPolSerp1.hap1.1.primary.fa.gz
Polygonia_c_album	insects	release_reference	ilPolCalb1.1	ilPolCalb1.1	primary	1	1	2	0	/data/tol/data/darwin/insects/Polygonia_c_album/assembly/curated/ilPolCalb1.1/ilPolCalb1.1.primary.fa.gz
Polygonum_aviculare	dicots	release_reference	dcPolAvic1.1	dcPolAvic1.1	primary	1	1	0	0	/data/tol/data/darwin/dicots/Polygonum_aviculare/assembly/curated/dcPolAvic1.1/dcPolAvic1.1.primary.fa.gz
Polygonum_maritimum	dicots	release_reference	dcPolMari1.1	dcPolMari1.1	primary	1	1	0	0	/data/tol/data/darwin/dicots/Polygonum_maritimum/assembly/curated/dcPolMari1.1/dcPolMari1.1.primary.fa.gz
Polymixis_flavicincta	insects	release_reference	ilPolFlav1.1	ilPolFlav1.1	primary	1	1	0	0	/data/tol/data/darwin/insects/Polymixis_flavicincta/assembly/curated/ilPolFlav1.1/ilPolFlav1.1.primary.fa.gz
Polymixis_lichenea	insects	release_reference	ilPolLich1.1	ilPolLich1.1	primary	1	1	0	0	/data/tol/data/darwin/insects/Polymixis_lichenea/assembly/curated/ilPolLich1.1/ilPolLich1.1.primary.fa.gz
Polyommatus_icarus	insects	release_reference	ilPolIcar1.1	ilPolIcar1.1	primary	2	4	1	1	/data/tol/data/darwin/insects/Polyommatus_icarus/assembly/curated/ilPolIcar1.1/ilPolIcar1.1.primary.fa.gz
Polyploca_ridens	insects	release_reference	ilPolRide1.1	ilPolRide1.1	primary	1	1	0	0	/data/tol/data/darwin/insects/Polyploca_ridens/assembly/curated/ilPolRide1.1/ilPolRide1.1.primary.fa.gz
Polypogon_plumigeralis	insects	release_reference	ilPolPlum1.hap1.1	ilPolPlum1.1	hap1	1	1	0	0	/data/tol/data/darwin/insects/Polypogon_plumigeralis/assembly/curated/ilPolPlum1.1/ilPolPlum1.hap1.1.primary.fa.gz
Polypogon_viridis	monocots	release_reference	lpPolViri1.hap1.1	lpPolViri1.1	hap1	1	1	0	0	/data/tol/data/darwin/monocots/Polypogon_viridis/assembly/curated/lpPolViri1.1/lpPolViri1.hap1.1.primary.fa.gz
Polytribax_perspicillator	insects	release_reference	iyPolPers1.1	iyPolPers1.1	primary	1	1	0	0	/data/tol/data/darwin/insects/Polytribax_perspicillator/assembly/curated/iyPolPers1.1/iyPolPers1.1.primary.fa.gz
Polytrichastrum_alpinum	non-vascular-plants	release_reference	cbPolAlpi2.1	cbPolAlpi2.1	primary	1	1	0	0	/data/tol/data/darwin/non-vascular-plants/Polytrichastrum_alpinum/assembly/curated/cbPolAlpi2.1/cbPolAlpi2.1.primary.fa.gz
Polytrichastrum_sexangulare	non-vascular-plants	release_reference	cbPolSexa1.2	cbPolSexa1.2	primary	1	2	0	0	/data/tol/data/darwin/non-vascular-plants/Polytrichastrum_sexangulare/assembly/curated/cbPolSexa1.2/cbPolSexa1.2.primary.fa.gz
Polytrichum_commune	non-vascular-plants	release_reference	cbPolComm4.2	cbPolComm4.2	primary	1	2	0	0	/data/tol/data/darwin/non-vascular-plants/Polytrichum_commune/assembly/curated/cbPolComm4.2/cbPolComm4.2.primary.fa.gz
Polytrichum_formosum	non-vascular-plants	release_reference	cbPolForo1.2	cbPolForo1.2	primary	1	2	0	0	/data/tol/data/darwin/non-vascular-plants/Polytrichum_formosum/assembly/curated/cbPolForo1.2/cbPolForo1.2.primary.fa.gz
Polytrichum_juniperinum	non-vascular-plants	release_reference	cbPolJuni2.1	cbPolJuni2.1	primary	1	1	0	0	/data/tol/data/darwin/non-vascular-plants/Polytrichum_juniperinum/assembly/curated/cbPolJuni2.1/cbPolJuni2.1.primary.fa.gz
Polytrichum_piliferum	non-vascular-plants	release_reference	cbPolPili2.1	cbPolPili2.1	primary	1	1	0	0	/data/tol/data/darwin/non-vascular-plants/Polytrichum_piliferum/assembly/curated/cbPolPili2.1/cbPolPili2.1.primary.fa.gz
Polytrichum_strictum	non-vascular-plants	release_reference	cbPolStri2.1	cbPolStri2.1	primary	1	1	0	0	/data/tol/data/darwin/non-vascular-plants/Polytrichum_strictum/assembly/curated/cbPolStri2.1/cbPolStri2.1.primary.fa.gz
Pomatias_elegans	molluscs	release_reference	xgPomEleg1.hap1.1	xgPomEleg1.1	hap1	1	1	0	0	/data/tol/data/darwin/molluscs/Pomatias_elegans/assembly/curated/xgPomEleg1.1/xgPomEleg1.hap1.1.primary.fa.gz
Pontederia_cordata	monocots	release_reference	lcPonCord1.hap1.1	lcPonCord1.1	hap1	1	1	0	0	/data/tol/data/darwin/monocots/Pontederia_cordata/assembly/curated/lcPonCord1.1/lcPonCord1.hap1.1.primary.fa.gz
Populicerus_laminatus	insects	release_reference	ihPopLami1.hap1.1	ihPopLami1.1	hap1	1	1	0	0	/data/tol/data/darwin/insects/Populicerus_laminatus/assembly/curated/ihPopLami1.1/ihPopLami1.hap1.1.primary.fa.gz
Populus_alba	dicots	newest_curated_no_reference		ddPopAlba1.1	hap1	1	1	0	0	/data/tol/data/darwin/dicots/Populus_alba/assembly/curated/ddPopAlba1.1/ddPopAlba1.hap1.1.primary.fa.gz
Populus_nigra	dicots	release_reference	ddPopNigr1.1	ddPopNigr1.1	primary	1	1	0	0	/data/tol/data/darwin/dicots/Populus_nigra/assembly/curated/ddPopNigr1.1/ddPopNigr1.1.primary.fa.gz
Populus_tremula	dicots	release_reference	ddPopTrem1.hap1.1	ddPopTrem1.1	hap1	1	1	0	0	/data/tol/data/darwin/dicots/Populus_tremula/assembly/curated/ddPopTrem1.1/ddPopTrem1.hap1.1.primary.fa.gz
Porella_arboris_vitae	non-vascular-plants	release_reference	cjPorArbo1.1	cjPorArbo1.1	primary	1	1	0	0	/data/tol/data/darwin/non-vascular-plants/Porella_arboris_vitae/assembly/curated/cjPorArbo1.1/cjPorArbo1.1.primary.fa.gz
Poromitra_crassiceps	fish	release_reference	fPorCra3.hap1.1	fPorCra3.1	hap1	1	1	0	0	/data/tol/data/darwin/fish/Poromitra_crassiceps/assembly/curated/fPorCra3.1/fPorCra3.hap1.1.primary.fa.gz
Porpolomopsis_calyptriformis	fungi	release_reference	gfPorCaly1.1	gfPorCaly1.1	primary	1	1	0	0	/data/tol/data/darwin/fungi/Porpolomopsis_calyptriformis/assembly/curated/gfPorCaly1.1/gfPorCaly1.1.primary.fa.gz
Portevinia_maculata	insects	release_reference	idPorMacu1.1	idPorMacu1.1	primary	1	2	1	0	/data/tol/data/darwin/insects/Portevinia_maculata/assembly/curated/idPorMacu1.1/idPorMacu1.1.primary.fa.gz
Potamogeton_compressus	monocots	release_reference	laPotComp1.hap2.1	laPotComp1.1	hap2	1	1	0	0	/data/tol/data/darwin/monocots/Potamogeton_compressus/assembly/curated/laPotComp1.1/laPotComp1.hap2.1.primary.fa.gz
Potamogeton_crispus	monocots	release_reference	laPotCris1.hap1.2	laPotCris1.2	hap1	1	2	0	0	/data/tol/data/darwin/monocots/Potamogeton_crispus/assembly/curated/laPotCris1.2/laPotCris1.hap1.2.primary.fa.gz
Potamogeton_epihydrus	monocots	release_reference	laPotEpih1.hap1.1	laPotEpih1.1	hap1	1	1	0	0	/data/tol/data/darwin/monocots/Potamogeton_epihydrus/assembly/curated/laPotEpih1.1/laPotEpih1.hap1.1.primary.fa.gz
Potamogeton_lucens	monocots	release_reference	laPotLuce1.hap1.1	laPotLuce1.1	hap1	1	1	0	0	/data/tol/data/darwin/monocots/Potamogeton_lucens/assembly/curated/laPotLuce1.1/laPotLuce1.hap1.1.primary.fa.gz
Potamogeton_natans	monocots	release_reference	laPotNata1.hap1.2	laPotNata1.2	hap1	1	2	0	0	/data/tol/data/darwin/monocots/Potamogeton_natans/assembly/curated/laPotNata1.2/laPotNata1.hap1.2.primary.fa.gz
Potamogeton_nodosus	monocots	newest_curated_no_reference		laPotNodo1.1	hap1	1	1	0	0	/data/tol/data/darwin/monocots/Potamogeton_nodosus/assembly/curated/laPotNodo1.1/laPotNodo1.hap1.1.primary.fa.gz
Potamogeton_perfoliatus	monocots	release_reference	laPotPerf1.hap1.1	laPotPerf1.1	hap1	1	1	0	0	/data/tol/data/darwin/monocots/Potamogeton_perfoliatus/assembly/curated/laPotPerf1.1/laPotPerf1.hap1.1.primary.fa.gz
Potamogeton_pusillus	monocots	release_reference	laPotPusi1.hap1.1	laPotPusi1.1	hap1	1	1	0	0	/data/tol/data/darwin/monocots/Potamogeton_pusillus/assembly/curated/laPotPusi1.1/laPotPusi1.hap1.1.primary.fa.gz
Potamogeton_trichoides	monocots	release_reference	laPotTric1.hap1.1	laPotTric1.1	hap1	1	1	0	0	/data/tol/data/darwin/monocots/Potamogeton_trichoides/assembly/curated/laPotTric1.1/laPotTric1.hap1.1.primary.fa.gz
Potentilla_anglica	dicots	release_reference	drPotAngl1.hap1.1	drPotAngl1.1	hap1	1	1	0	0	/data/tol/data/darwin/dicots/Potentilla_anglica/assembly/curated/drPotAngl1.1/drPotAngl1.hap1.1.primary.fa.gz
Potentilla_anserina	dicots	release_reference	drPotAnse1.1	drPotAnse1.1	primary	1	2	0	0	/data/tol/data/darwin/dicots/Potentilla_anserina/assembly/curated/drPotAnse1.1/drPotAnse1.1.primary.fa.gz
Potentilla_indica	dicots	release_reference	drPotIndi1.hap1.1	drPotIndi1.1	hap1	1	1	0	0	/data/tol/data/darwin/dicots/Potentilla_indica/assembly/curated/drPotIndi1.1/drPotIndi1.hap1.1.primary.fa.gz
Potentilla_sterilis	dicots	release_reference	drPotSter1.1	drPotSter1.1	primary	1	1	0	0	/data/tol/data/darwin/dicots/Potentilla_sterilis/assembly/curated/drPotSter1.1/drPotSter1.1.primary.fa.gz
Prays_fraxinella	insects	release_reference	ilPraFrax3.1	ilPraFrax3.1	primary	1	1	0	0	/data/tol/data/darwin/insects/Prays_fraxinella/assembly/curated/ilPraFrax3.1/ilPraFrax3.1.primary.fa.gz
Primula_farinosa	dicots	release_reference	ddPriFari1.hap1.1	ddPriFari1.1	hap1	1	1	0	0	/data/tol/data/darwin/dicots/Primula_farinosa/assembly/curated/ddPriFari1.1/ddPriFari1.hap1.1.primary.fa.gz
Primula_scotica	dicots	release_reference	ddPriScot1.hap2.1	ddPriScot1.1	hap2	1	1	0	0	/data/tol/data/darwin/dicots/Primula_scotica/assembly/curated/ddPriScot1.1/ddPriScot1.hap2.1.primary.fa.gz
Primula_veris	dicots	release_reference	ddPriVeri1.1	ddPriVeri1.1	primary	1	1	0	0	/data/tol/data/darwin/dicots/Primula_veris/assembly/curated/ddPriVeri1.1/ddPriVeri1.1.primary.fa.gz
Primula_vulgaris	dicots	release_reference	ddPriVulg1.1	ddPriVulg1.1	primary	1	1	0	0	/data/tol/data/darwin/dicots/Primula_vulgaris/assembly/curated/ddPriVulg1.1/ddPriVulg1.1.primary.fa.gz
Priocnemis_perturbator	insects	release_reference	iyPriPert1.1	iyPriPert1.1	primary	1	1	0	0	/data/tol/data/darwin/insects/Priocnemis_perturbator/assembly/curated/iyPriPert1.1/iyPriPert1.1.primary.fa.gz
Prionocera_turcica	insects	release_reference	idPriTurc2.hap1.1	idPriTurc2.1	hap1	1	1	0	0	/data/tol/data/darwin/insects/Prionocera_turcica/assembly/curated/idPriTurc2.1/idPriTurc2.hap1.1.primary.fa.gz
Prionocyphon_serricornis	insects	release_reference	icPriSerr1.hap1.1	icPriSerr1.1	hap1	1	1	0	0	/data/tol/data/darwin/insects/Prionocyphon_serricornis/assembly/curated/icPriSerr1.1/icPriSerr1.hap1.1.primary.fa.gz
Prionychus_ater	insects	release_reference	icPriAter1.hap1.1	icPriAter1.1	hap1	1	1	0	0	/data/tol/data/darwin/insects/Prionychus_ater/assembly/curated/icPriAter1.1/icPriAter1.hap1.1.primary.fa.gz
Prociphilus_bumeliae	insects	newest_curated_no_reference		ihProBume1.1	hap1	1	1	0	0	/data/tol/data/darwin/insects/Prociphilus_bumeliae/assembly/curated/ihProBume1.1/ihProBume1.hap1.1.primary.fa.gz
Procloeon_bifidum	insects	release_reference	ieProBifi2.1	ieProBifi2.1	primary	1	1	0	0	/data/tol/data/darwin/insects/Procloeon_bifidum/assembly/curated/ieProBifi2.1/ieProBifi2.1.primary.fa.gz
Promethes_sulcator	insects	release_reference	iyProSulc1.1	iyProSulc1.1	primary	1	1	0	0	/data/tol/data/darwin/insects/Promethes_sulcator/assembly/curated/iyProSulc1.1/iyProSulc1.1.primary.fa.gz
Propylea_quattuordecimpunctata	insects	release_reference	icProQuat1.1	icProQuat1.1	primary	1	1	0	0	/data/tol/data/darwin/insects/Propylea_quattuordecimpunctata/assembly/curated/icProQuat1.1/icProQuat1.1.primary.fa.gz
Prosena_siberita	insects	release_reference	idProSibe1.hap1.1	idProSibe1.1	hap1	1	1	0	0	/data/tol/data/darwin/insects/Prosena_siberita/assembly/curated/idProSibe1.1/idProSibe1.hap1.1.primary.fa.gz
Protarchanara_brevilinea	insects	release_reference	ilProBrev1.hap1.1	ilProBrev1.1	hap1	1	1	0	0	/data/tol/data/darwin/insects/Protarchanara_brevilinea/assembly/curated/ilProBrev1.1/ilProBrev1.hap1.1.primary.fa.gz
Protocalliphora_azurea	insects	release_reference	idProAzur1.1	idProAzur1.1	primary	1	1	2	0	/data/tol/data/darwin/insects/Protocalliphora_azurea/assembly/curated/idProAzur1.1/idProAzur1.1.primary.fa.gz
Protoclythia_modesta	insects	release_reference	idProMode1.hap1.1	idProMode1.1	hap1	1	1	0	0	/data/tol/data/darwin/insects/Protoclythia_modesta/assembly/curated/idProMode1.1/idProMode1.hap1.1.primary.fa.gz
Protodeltote_pygarga	insects	release_reference	ilProPyga1.2	ilProPyga1.2	primary	1	2	0	0	/data/tol/data/darwin/insects/Protodeltote_pygarga/assembly/curated/ilProPyga1.2/ilProPyga1.2.primary.fa.gz
Protonemura_montana	insects	release_reference	ipProMont4.1	ipProMont4.1	primary	1	1	0	0	/data/tol/data/darwin/insects/Protonemura_montana/assembly/curated/ipProMont4.1/ipProMont4.1.primary.fa.gz
Protophormia_terraenovae	insects	release_reference	idProTerr1.1	idProTerr1.1	primary	1	1	0	0	/data/tol/data/darwin/insects/Protophormia_terraenovae/assembly/curated/idProTerr1.1/idProTerr1.1.primary.fa.gz
Prunella_modularis	birds	release_reference	bPruMod1.hap1.1	bPruMod1.1	hap1	1	1	0	0	/data/tol/data/darwin/birds/Prunella_modularis/assembly/curated/bPruMod1.1/bPruMod1.hap1.1.primary.fa.gz
Prunella_vulgaris	dicots	newest_curated_no_reference		daPruVulg3.2	hap1	1	2	0	0	/data/tol/data/darwin/dicots/Prunella_vulgaris/assembly/curated/daPruVulg3.2/daPruVulg3.hap1.2.primary.fa.gz
Prunus_avium	dicots	release_reference	drPruAviu1.hap1.1	drPruAviu1.1	hap1	1	1	0	0	/data/tol/data/darwin/dicots/Prunus_avium/assembly/curated/drPruAviu1.1/drPruAviu1.hap1.1.primary.fa.gz
Prunus_lusitanica	dicots	newest_curated_no_reference		drPruLusi1.1	hap1	1	1	0	0	/data/tol/data/darwin/dicots/Prunus_lusitanica/assembly/curated/drPruLusi1.1/drPruLusi1.hap1.1.primary.fa.gz
Prunus_padus	dicots	newest_curated_no_reference		drPruPadu1.1	hap1	1	1	0	0	/data/tol/data/darwin/dicots/Prunus_padus/assembly/curated/drPruPadu1.1/drPruPadu1.hap1.1.primary.fa.gz
Psallus_varians	insects	release_reference	ihPsaVara1.hap1.1	ihPsaVara1.1	hap1	1	1	0	0	/data/tol/data/darwin/insects/Psallus_varians/assembly/curated/ihPsaVara1.1/ihPsaVara1.hap1.1.primary.fa.gz
Psathyrella_piluliformis	fungi	release_reference	gfPsaPilu1.hap1.1	gfPsaPilu1.1	hap1	1	1	0	0	/data/tol/data/darwin/fungi/Psathyrella_piluliformis/assembly/curated/gfPsaPilu1.1/gfPsaPilu1.hap1.1.primary.fa.gz
Pseudeuparius_sepicola	insects	release_reference	icEneSepi1.1	icEneSepi1.1	primary	1	1	0	0	/data/tol/data/darwin/insects/Pseudeuparius_sepicola/assembly/curated/icEneSepi1.1/icEneSepi1.1.primary.fa.gz
Pseudisothecium_interludens	non-vascular-plants	release_reference	cbPseInte1.1	cbPseInte1.1	primary	1	1	0	0	/data/tol/data/darwin/non-vascular-plants/Pseudisothecium_interludens/assembly/curated/cbPseInte1.1/cbPseInte1.1.primary.fa.gz
Pseudobryum_cinclidioides	non-vascular-plants	release_reference	cbPseCinc1.1	cbPseCinc1.1	primary	1	1	0	0	/data/tol/data/darwin/non-vascular-plants/Pseudobryum_cinclidioides/assembly/curated/cbPseCinc1.1/cbPseCinc1.1.primary.fa.gz
Pseudochorthippus_parallelus	insects	release_reference	iqPsePara2.hap1.1	iqPsePara2.1	hap1	1	1	1	0	/data/tol/data/darwin/insects/Pseudochorthippus_parallelus/assembly/curated/iqPsePara2.1/iqPsePara2.hap1.1.primary.fa.gz
Pseudocistela_ceramboides	insects	release_reference	icPseCera1.hap1.1	icPseCera1.1	hap1	1	1	0	0	/data/tol/data/darwin/insects/Pseudocistela_ceramboides/assembly/curated/icPseCera1.1/icPseCera1.hap1.1.primary.fa.gz
Pseudognaphalium_luteoalbum	dicots	release_reference	daPseLute1.1	daPseLute1.1	primary	1	1	0	0	/data/tol/data/darwin/dicots/Pseudognaphalium_luteoalbum/assembly/curated/daPseLute1.1/daPseLute1.1.primary.fa.gz
Pseudoips_prasinana	insects	release_reference	ilPsePras1.1	ilPsePras1.1	primary	1	1	0	0	/data/tol/data/darwin/insects/Pseudoips_prasinana/assembly/curated/ilPsePras1.1/ilPsePras1.1.primary.fa.gz
Pseudopediastrum_boryanum	algae	release_reference	ucPseBory1.1	ucPseBory1.1	primary	1	1	8	1	/data/tol/data/darwin/algae/Pseudopediastrum_boryanum/assembly/curated/ucPseBory1.1/ucPseBory1.1.primary.fa.gz
Pseudosciaphila_branderiana	insects	release_reference	ilPseBran1.hap1.1	ilPseBran1.1	hap1	1	1	0	0	/data/tol/data/darwin/insects/Pseudosciaphila_branderiana/assembly/curated/ilPseBran1.1/ilPseBran1.hap1.1.primary.fa.gz
Pseudoscleropodium_purum	non-vascular-plants	release_reference	cbPsePuru1.1	cbPsePuru1.1	primary	1	1	0	0	/data/tol/data/darwin/non-vascular-plants/Pseudoscleropodium_purum/assembly/curated/cbPsePuru1.1/cbPsePuru1.1.primary.fa.gz
Pseudoswammerdamia_combinella	insects	release_reference	ilPseComb1.1	ilPseComb1.1	primary	1	1	0	0	/data/tol/data/darwin/insects/Pseudoswammerdamia_combinella/assembly/curated/ilPseComb1.1/ilPseComb1.1.primary.fa.gz
Pseudotaxiphyllum_elegans	non-vascular-plants	release_reference	cbPseEleg4.2	cbPseEleg4.2	primary	1	2	0	0	/data/tol/data/darwin/non-vascular-plants/Pseudotaxiphyllum_elegans/assembly/curated/cbPseEleg4.2/cbPseEleg4.2.primary.fa.gz
Pseudoterpna_pruinata	insects	release_reference	ilPsePrui1.hap1.1	ilPsePrui1.1	hap1	1	1	0	0	/data/tol/data/darwin/insects/Pseudoterpna_pruinata/assembly/curated/ilPsePrui1.1/ilPsePrui1.hap1.1.primary.fa.gz
Psittacula_krameri	birds	release_reference	bPsiKra1.hap1.1	bPsiKra1.1	hap1	1	1	0	0	/data/tol/data/darwin/birds/Psittacula_krameri/assembly/curated/bPsiKra1.1/bPsiKra1.hap1.1.primary.fa.gz
Psococerastis_gibbosa	insects	release_reference	iuPsoGibb1.1	iuPsoGibb1.1	primary	1	1	0	0	/data/tol/data/darwin/insects/Psococerastis_gibbosa/assembly/curated/iuPsoGibb1.1/iuPsoGibb1.1.primary.fa.gz
Psychoides_filicivora	insects	release_reference	ilPsyFili1.hap1.1	ilPsyFili1.1	hap1	1	1	0	0	/data/tol/data/darwin/insects/Psychoides_filicivora/assembly/curated/ilPsyFili1.1/ilPsyFili1.hap1.1.primary.fa.gz
Psylliodes_napi	insects	newest_curated_no_reference		icPsyNapi2.1	primary	1	1	0	0	/data/tol/data/darwin/insects/Psylliodes_napi/assembly/curated/icPsyNapi2.1/icPsyNapi2.1.primary.fa.gz
Pterapherapteryx_sexalata	insects	release_reference	ilPteSexa1.hap1.1	ilPteSexa1.1	hap1	1	1	0	0	/data/tol/data/darwin/insects/Pterapherapteryx_sexalata/assembly/curated/ilPteSexa1.1/ilPteSexa1.hap1.1.primary.fa.gz
Pterigynandrum_filiforme	non-vascular-plants	release_reference	cbPteFili1.2	cbPteFili1.2	primary	1	2	0	0	/data/tol/data/darwin/non-vascular-plants/Pterigynandrum_filiforme/assembly/curated/cbPteFili1.2/cbPteFili1.2.primary.fa.gz
Pterophorus_pentadactyla	insects	release_reference	ilPtePent4.hap2.1	ilPtePent4.1	hap2	1	1	0	1	/data/tol/data/darwin/insects/Pterophorus_pentadactyla/assembly/curated/ilPtePent4.1/ilPtePent4.hap2.1.primary.fa.gz
Pterostichus_diligens	insects	release_reference	icPteDili1.hap1.1	icPteDili1.1	hap1	1	1	0	0	/data/tol/data/darwin/insects/Pterostichus_diligens/assembly/curated/icPteDili1.1/icPteDili1.hap1.1.primary.fa.gz
Pterostichus_madidus	insects	release_reference	icPteMadi1.2	icPteMadi1.2	primary	1	2	0	0	/data/tol/data/darwin/insects/Pterostichus_madidus/assembly/curated/icPteMadi1.2/icPteMadi1.2.primary.fa.gz
Pterostichus_niger	insects	release_reference	icPteNige1.1	icPteNige1.1	primary	1	1	0	0	/data/tol/data/darwin/insects/Pterostichus_niger/assembly/curated/icPteNige1.1/icPteNige1.1.primary.fa.gz
Pterostichus_nigrita	insects	release_reference	icPteNigr3.1	icPteNigr3.1	primary	1	1	0	0	/data/tol/data/darwin/insects/Pterostichus_nigrita/assembly/curated/icPteNigr3.1/icPteNigr3.1.primary.fa.gz
Pterostichus_vernalis	insects	release_reference	icPteVern2.1	icPteVern2.1	primary	1	1	0	0	/data/tol/data/darwin/insects/Pterostichus_vernalis/assembly/curated/icPteVern2.1/icPteVern2.1.primary.fa.gz
Pterostoma_palpinum	insects	release_reference	ilPtePalp3.hap1.1	ilPtePalp3.1	hap1	1	1	0	0	/data/tol/data/darwin/insects/Pterostoma_palpinum/assembly/curated/ilPtePalp3.1/ilPtePalp3.hap1.1.primary.fa.gz
Ptilidium_ciliare	non-vascular-plants	release_reference	cjPtiCili3.2	cjPtiCili3.2	primary	1	2	0	0	/data/tol/data/darwin/non-vascular-plants/Ptilidium_ciliare/assembly/curated/cjPtiCili3.2/cjPtiCili3.2.primary.fa.gz
Ptilodon_capucinus	insects	release_reference	ilPtiCapc1.1	ilPtiCapc1.1	legacy_curated_primary	1	1	0	0	/data/tol/data/darwin/insects/Ptilodon_capucinus/assembly/curated/ilPtiCapc1.1/ilPtiCapc1_1.curated_primary.fa
Ptilodon_cucullina	insects	release_reference	ilPtiCucu1.hap1.1	ilPtiCucu1.1	hap1	1	1	0	0	/data/tol/data/darwin/insects/Ptilodon_cucullina/assembly/curated/ilPtiCucu1.1/ilPtiCucu1.hap1.1.primary.fa.gz
Ptilophora_plumigera	insects	release_reference	ilPtiPlum1.hap1.1	ilPtiPlum1.1	hap1	1	1	0	0	/data/tol/data/darwin/insects/Ptilophora_plumigera/assembly/curated/ilPtiPlum1.1/ilPtiPlum1.hap1.1.primary.fa.gz
Ptycholoma_lecheana	insects	release_reference	ilPtyLech2.1	ilPtyLech2.1	primary	1	1	0	0	/data/tol/data/darwin/insects/Ptycholoma_lecheana/assembly/curated/ilPtyLech2.1/ilPtyLech2.1.primary.fa.gz
Ptychomitrium_polyphyllum	non-vascular-plants	release_reference	cbPtyPoly4.1	cbPtyPoly4.1	primary	1	1	0	0	/data/tol/data/darwin/non-vascular-plants/Ptychomitrium_polyphyllum/assembly/curated/cbPtyPoly4.1/cbPtyPoly4.1.primary.fa.gz
Ptychoptera_albimana	insects	release_reference	idPtyAlbi3.1	idPtyAlbi3.1	primary	1	1	2	0	/data/tol/data/darwin/insects/Ptychoptera_albimana/assembly/curated/idPtyAlbi3.1/idPtyAlbi3.1.primary.fa.gz
Ptychoptera_contaminata	insects	release_reference	idPtyCont2.1	idPtyCont2.1	primary	1	1	0	0	/data/tol/data/darwin/insects/Ptychoptera_contaminata/assembly/curated/idPtyCont2.1/idPtyCont2.1.primary.fa.gz
Ptychoptera_lacustris	insects	release_reference	idPtyLacu1.hap1.1	idPtyLacu1.1	hap1	1	1	0	0	/data/tol/data/darwin/insects/Ptychoptera_lacustris/assembly/curated/idPtyLacu1.1/idPtyLacu1.hap1.1.primary.fa.gz
Ptychostomum_cyclophyllum	non-vascular-plants	release_reference	cbPtyCycl2.1	cbPtyCycl2.1	primary	1	1	0	0	/data/tol/data/darwin/non-vascular-plants/Ptychostomum_cyclophyllum/assembly/curated/cbPtyCycl2.1/cbPtyCycl2.1.primary.fa.gz
Ptychostomum_pallens	non-vascular-plants	release_reference	cbPtyPale2.1	cbPtyPale2.1	primary	1	1	0	0	/data/tol/data/darwin/non-vascular-plants/Ptychostomum_pallens/assembly/curated/cbPtyPale2.1/cbPtyPale2.1.primary.fa.gz
Puffinus_puffinus	birds	release_reference	bPufPuf1.hap1.1	bPufPuf1.1	hap1	1	1	0	0	/data/tol/data/darwin/birds/Puffinus_puffinus/assembly/curated/bPufPuf1.1/bPufPuf1.hap1.1.primary.fa.gz
Pulicaria_dysenterica	dicots	release_reference	daPulDyse1.2	daPulDyse1.2	primary	1	2	0	0	/data/tol/data/darwin/dicots/Pulicaria_dysenterica/assembly/curated/daPulDyse1.2/daPulDyse1.2.primary.fa.gz
Pungitius_pungitius	fish	release_reference	fPunPun2.1	fPunPun2.1	primary	1	1	0	0	/data/tol/data/darwin/fish/Pungitius_pungitius/assembly/curated/fPunPun2.1/fPunPun2.1.primary.fa.gz
Pusa_hispida	mammals	newest_curated_no_reference		mPusHis2.1	hap1	1	1	0	0	/data/tol/data/darwin/mammals/Pusa_hispida/assembly/curated/mPusHis2.1/mPusHis2.hap1.1.primary.fa.gz
Pycnococcus_provasolii	algae	release_reference	ucPycProv1.2	ucPycProv1.2	primary	1	2	0	0	/data/tol/data/darwin/algae/Pycnococcus_provasolii/assembly/curated/ucPycProv1.2/ucPycProv1.2.primary.fa.gz
Pycnomerus_fuliginosus	insects	release_reference	icPycFuli2.1	icPycFuli2.1	primary	1	1	0	0	/data/tol/data/darwin/insects/Pycnomerus_fuliginosus/assembly/curated/icPycFuli2.1/icPycFuli2.1.primary.fa.gz
Pycnonotus_jocosus	birds	release_reference	bPycJoc1.hap1.1	bPycJoc1.1	hap1	1	1	0	0	/data/tol/data/darwin/birds/Pycnonotus_jocosus/assembly/curated/bPycJoc1.1/bPycJoc1.hap1.1.primary.fa.gz
Pyralis_farinalis	insects	release_reference	ilPyrFari1.1	ilPyrFari1.1	primary	1	1	0	0	/data/tol/data/darwin/insects/Pyralis_farinalis/assembly/curated/ilPyrFari1.1/ilPyrFari1.1.primary.fa.gz
Pyrausta_aurata	insects	release_reference	ilPyrAura1.1	ilPyrAura1.1	primary	1	1	0	0	/data/tol/data/darwin/insects/Pyrausta_aurata/assembly/curated/ilPyrAura1.1/ilPyrAura1.1.primary.fa.gz
Pyrausta_despicata	insects	release_reference	ilPyrDesp2.1	ilPyrDesp2.1	primary	1	1	0	0	/data/tol/data/darwin/insects/Pyrausta_despicata/assembly/curated/ilPyrDesp2.1/ilPyrDesp2.1.primary.fa.gz
Pyrausta_nigrata	insects	release_reference	ilPyrNigr1.1	ilPyrNigr1.1	primary	1	1	0	0	/data/tol/data/darwin/insects/Pyrausta_nigrata/assembly/curated/ilPyrNigr1.1/ilPyrNigr1.1.primary.fa.gz
Pyrausta_purpuralis	insects	release_reference	ilPyrPurp2.1	ilPyrPurp2.1	primary	1	1	0	0	/data/tol/data/darwin/insects/Pyrausta_purpuralis/assembly/curated/ilPyrPurp2.1/ilPyrPurp2.1.primary.fa.gz
Pyrgus_malvae	insects	newer_curation_than_reference	ilPyrMalv3.1	ilPyrMalv3.2	primary	1	2	1	0	/data/tol/data/darwin/insects/Pyrgus_malvae/assembly/curated/ilPyrMalv3.2/ilPyrMalv3.2.primary.fa.gz
Pyrochroa_serraticornis	insects	release_reference	icPyrSerr1.2	icPyrSerr1.2	primary	1	2	0	0	/data/tol/data/darwin/insects/Pyrochroa_serraticornis/assembly/curated/icPyrSerr1.2/icPyrSerr1.2.primary.fa.gz
Pyrrhalta_viburni	insects	release_reference	icPyrVibu2.hap1.1	icPyrVibu2.1	hap1	1	1	0	0	/data/tol/data/darwin/insects/Pyrrhalta_viburni/assembly/curated/icPyrVibu2.1/icPyrVibu2.hap1.1.primary.fa.gz
Pyrrhia_umbra	insects	release_reference	ilPyrUmbr1.1	ilPyrUmbr1.1	primary	1	1	0	0	/data/tol/data/darwin/insects/Pyrrhia_umbra/assembly/curated/ilPyrUmbr1.1/ilPyrUmbr1.1.primary.fa.gz
Pyrrhocorax_pyrrhocorax	birds	release_reference	bPyrPyr1.hap1.1	bPyrPyr1.1	hap1	1	1	0	0	/data/tol/data/darwin/birds/Pyrrhocorax_pyrrhocorax/assembly/curated/bPyrPyr1.1/bPyrPyr1.hap1.1.primary.fa.gz
Pyrrhosoma_nymphula	insects	release_reference	ioPyrNymp1.1	ioPyrNymp1.1	primary	1	1	0	0	/data/tol/data/darwin/insects/Pyrrhosoma_nymphula/assembly/curated/ioPyrNymp1.1/ioPyrNymp1.1.primary.fa.gz
Pyrrhula_pyrrhula	birds	release_reference	bPyrPyh2.hap1.1	bPyrPyh2.1	hap1	1	1	0	0	/data/tol/data/darwin/birds/Pyrrhula_pyrrhula/assembly/curated/bPyrPyh2.1/bPyrPyh2.hap1.1.primary.fa.gz
Pyrus_communis	dicots	release_reference	drPyrComm1.hap1.2	drPyrComm1.2	hap1	1	2	0	0	/data/tol/data/darwin/dicots/Pyrus_communis/assembly/curated/drPyrComm1.2/drPyrComm1.hap1.2.primary.fa.gz
Quedius_lateralis	insects	newer_curation_than_reference	icQueLate1.hap1.1	icQueLate1.2	hap1	1	2	0	0	/data/tol/data/darwin/insects/Quedius_lateralis/assembly/curated/icQueLate1.2/icQueLate1.hap1.2.primary.fa.gz
Quercus_cerris	dicots	release_reference	dhQueCerr2.1	dhQueCerr2.1	primary	1	1	0	0	/data/tol/data/darwin/dicots/Quercus_cerris/assembly/curated/dhQueCerr2.1/dhQueCerr2.1.primary.fa.gz
Quercus_ilex	dicots	release_reference	dhQueIlex1.hap2.2	dhQueIlex1.2	hap2	1	2	0	0	/data/tol/data/darwin/dicots/Quercus_ilex/assembly/curated/dhQueIlex1.2/dhQueIlex1.hap2.2.primary.fa.gz
Quercus_petraea	dicots	release_reference	dhQuePetr1.hap1.1	dhQuePetr1.1	hap1	1	1	0	0	/data/tol/data/darwin/dicots/Quercus_petraea/assembly/curated/dhQuePetr1.1/dhQuePetr1.hap1.1.primary.fa.gz
Quercus_robur	dicots	release_reference	dhQueRobu3.1	dhQueRobu3.1	primary	1	1	0	0	/data/tol/data/darwin/dicots/Quercus_robur/assembly/curated/dhQueRobu3.1/dhQueRobu3.1.primary.fa.gz
Racomitrium_heterostichum	non-vascular-plants	release_reference	cbRacHete1.1	cbRacHete1.1	primary	1	1	0	0	/data/tol/data/darwin/non-vascular-plants/Racomitrium_heterostichum/assembly/curated/cbRacHete1.1/cbRacHete1.1.primary.fa.gz
Radula_complanata	non-vascular-plants	release_reference	cjRadComp1.1	cjRadComp1.1	primary	1	1	0	0	/data/tol/data/darwin/non-vascular-plants/Radula_complanata/assembly/curated/cjRadComp1.1/cjRadComp1.1.primary.fa.gz
Raja_brachyura	sharks	newer_curation_than_reference	sRajBra1.1	sRajBra1.2	hap1	1	2	0	0	/data/tol/data/darwin/sharks/Raja_brachyura/assembly/curated/sRajBra1.2/sRajBra1.hap1.2.primary.fa.gz
Raja_clavata	sharks	release_reference	sRajCla2.hap1.1	sRajCla2.1	hap1	1	1	0	0	/data/tol/data/darwin/sharks/Raja_clavata/assembly/curated/sRajCla2.1/sRajCla2.hap1.1.primary.fa.gz
Raja_microocellata	sharks	release_reference	sRajMic1.hap1.1	sRajMic1.1	hap1	1	1	0	0	/data/tol/data/darwin/sharks/Raja_microocellata/assembly/curated/sRajMic1.1/sRajMic1.hap1.1.primary.fa.gz
Raja_montagui	sharks	release_reference	sRajMon1.hap1.1	sRajMon1.1	hap1	1	1	0	0	/data/tol/data/darwin/sharks/Raja_montagui/assembly/curated/sRajMon1.1/sRajMon1.hap1.1.primary.fa.gz
Rallus_aquaticus	birds	release_reference	bRalAqu1.1	bRalAqu1.1	primary	1	1	0	0	/data/tol/data/darwin/birds/Rallus_aquaticus/assembly/curated/bRalAqu1.1/bRalAqu1.1.primary.fa.gz
Ramalina_siliquosa	fungi	release_reference	glRamSili2.1	glRamSili2.1	primary	2	2	10	1	/data/tol/data/darwin/fungi/Ramalina_siliquosa/assembly/curated/glRamSili2.1/glRamSili2.1.primary.fa.gz
Ramariopsis_corniculata	fungi	release_reference	gfRamCorn1.1	gfRamCorn1.1	primary	1	1	0	0	/data/tol/data/darwin/fungi/Ramariopsis_corniculata/assembly/curated/gfRamCorn1.1/gfRamCorn1.1.primary.fa.gz
Ramonda_spathulata	insects	release_reference	idRamSpat2.1	idRamSpat2.1	primary	1	1	0	0	/data/tol/data/darwin/insects/Ramonda_spathulata/assembly/curated/idRamSpat2.1/idRamSpat2.1.primary.fa.gz
Ramularia_vizellae	fungi	release_reference	gdRamVize2.1	gdRamVize2.1	primary	1	1	0	0	/data/tol/data/darwin/fungi/Ramularia_vizellae/assembly/curated/gdRamVize2.1/gdRamVize2.1.primary.fa.gz
Rana_temporaria	amphibians	release_reference	aRanTem1.1	aRanTem1.1	primary	1	1	0	0	/data/tol/data/darwin/amphibians/Rana_temporaria/assembly/curated/aRanTem1.1/aRanTem1.1.primary.fa.gz
Ranunculus_repens	dicots	release_reference	dmRanRepe1.hap1.1	dmRanRepe1.1	hap1	1	1	0	0	/data/tol/data/darwin/dicots/Ranunculus_repens/assembly/curated/dmRanRepe1.1/dmRanRepe1.hap1.1.primary.fa.gz
Ranunculus_sardous	dicots	release_reference	dmRanSard1.hap1.1	dmRanSard1.1	hap1	1	1	0	0	/data/tol/data/darwin/dicots/Ranunculus_sardous/assembly/curated/dmRanSard1.1/dmRanSard1.hap1.1.primary.fa.gz
Ranunculus_sceleratus	dicots	release_reference	dmRanScel1.hap1.1	dmRanScel1.1	hap1	1	1	0	0	/data/tol/data/darwin/dicots/Ranunculus_sceleratus/assembly/curated/dmRanScel1.1/dmRanScel1.hap1.1.primary.fa.gz
Raphanus_raphanistrum	dicots	release_reference	ddRapRaph1.hap1.1	ddRapRaph1.1	hap1	1	1	0	0	/data/tol/data/darwin/dicots/Raphanus_raphanistrum/assembly/curated/ddRapRaph1.1/ddRapRaph1.hap1.1.primary.fa.gz
Reboulia_hemisphaerica	non-vascular-plants	release_reference	cmRebHemi8.1	cmRebHemi8.1	primary	1	1	0	0	/data/tol/data/darwin/non-vascular-plants/Reboulia_hemisphaerica/assembly/curated/cmRebHemi8.1/cmRebHemi8.1.primary.fa.gz
Recurvaria_nanella	insects	release_reference	ilRecNane1.hap1.1	ilRecNane1.1	hap1	1	1	0	0	/data/tol/data/darwin/insects/Recurvaria_nanella/assembly/curated/ilRecNane1.1/ilRecNane1.hap1.1.primary.fa.gz
Regulus_ignicapilla	birds	release_reference	bRegIgn1.hap1.1	bRegIgn1.1	hap1	1	1	0	0	/data/tol/data/darwin/birds/Regulus_ignicapilla/assembly/curated/bRegIgn1.1/bRegIgn1.hap1.1.primary.fa.gz
Regulus_regulus	birds	release_reference	bRegReg1.hap1.1	bRegReg1.1	hap1	1	1	0	0	/data/tol/data/darwin/birds/Regulus_regulus/assembly/curated/bRegReg1.1/bRegReg1.hap1.1.primary.fa.gz
Reseda_luteola	dicots	release_reference	ddResLuto1.hap1.1	ddResLuto1.1	hap1	1	1	0	0	/data/tol/data/darwin/dicots/Reseda_luteola/assembly/curated/ddResLuto1.1/ddResLuto1.hap1.1.primary.fa.gz
Rhabdoweisia_crispata	non-vascular-plants	release_reference	cbRhaCris3.1	cbRhaCris3.1	primary	1	1	0	0	/data/tol/data/darwin/non-vascular-plants/Rhabdoweisia_crispata/assembly/curated/cbRhaCris3.1/cbRhaCris3.1.primary.fa.gz
Rhadiurgus_variabilis	insects	release_reference	idRhaVari1.hap1.1	idRhaVari1.1	hap1	1	1	0	0	/data/tol/data/darwin/insects/Rhadiurgus_variabilis/assembly/curated/idRhaVari1.1/idRhaVari1.hap1.1.primary.fa.gz
Rhagio_lineola	insects	release_reference	idRhaLine2.1	idRhaLine2.1	primary	1	1	0	0	/data/tol/data/darwin/insects/Rhagio_lineola/assembly/curated/idRhaLine2.1/idRhaLine2.1.primary.fa.gz
Rhagio_scolopaceus	insects	release_reference	idRhaScol3.1	idRhaScol3.1	primary	1	1	0	0	/data/tol/data/darwin/insects/Rhagio_scolopaceus/assembly/curated/idRhaScol3.1/idRhaScol3.1.primary.fa.gz
Rhagio_tringarius	insects	release_reference	idRhaTrin1.hap1.1	idRhaTrin1.1	hap1	1	1	0	0	/data/tol/data/darwin/insects/Rhagio_tringarius/assembly/curated/idRhaTrin1.1/idRhaTrin1.hap1.1.primary.fa.gz
Rhagium_inquisitor	insects	release_reference	icRhaInqu1.hap1.1	icRhaInqu1.1	hap1	1	1	0	0	/data/tol/data/darwin/insects/Rhagium_inquisitor/assembly/curated/icRhaInqu1.1/icRhaInqu1.hap1.1.primary.fa.gz
Rhagium_mordax	insects	release_reference	icRhaMord1.1	icRhaMord1.1	primary	1	1	0	0	/data/tol/data/darwin/insects/Rhagium_mordax/assembly/curated/icRhaMord1.1/icRhaMord1.1.primary.fa.gz
Rhagonycha_fulva	insects	release_reference	icRhaFulv1.1	icRhaFulv1.1	primary	1	1	1	0	/data/tol/data/darwin/insects/Rhagonycha_fulva/assembly/curated/icRhaFulv1.1/icRhaFulv1.1.primary.fa.gz
Rhagonycha_lignosa	insects	release_reference	icRhaLign2.1	icRhaLign2.1	primary	1	1	1	0	/data/tol/data/darwin/insects/Rhagonycha_lignosa/assembly/curated/icRhaLign2.1/icRhaLign2.1.primary.fa.gz
Rhagonycha_lutea	insects	release_reference	icRhaLute1.1	icRhaLute1.1	primary	1	1	0	0	/data/tol/data/darwin/insects/Rhagonycha_lutea/assembly/curated/icRhaLute1.1/icRhaLute1.1.primary.fa.gz
Rhamnus_cathartica	dicots	release_reference	drRhaCath1.hap1.1	drRhaCath1.1	hap1	1	1	0	0	/data/tol/data/darwin/dicots/Rhamnus_cathartica/assembly/curated/drRhaCath1.1/drRhaCath1.hap1.1.primary.fa.gz
Rhamphomyia_laevipes	insects	release_reference	idRhaLaev1.1	idRhaLaev1.1	primary	1	1	0	0	/data/tol/data/darwin/insects/Rhamphomyia_laevipes/assembly/curated/idRhaLaev1.1/idRhaLaev1.1.primary.fa.gz
Rhamphomyia_sulcata	insects	release_reference	idRhaSulc1.hap1.1	idRhaSulc1.1	hap1	1	1	0	0	/data/tol/data/darwin/insects/Rhamphomyia_sulcata/assembly/curated/idRhaSulc1.1/idRhaSulc1.hap1.1.primary.fa.gz
Rhaphigaster_nebulosa	insects	release_reference	ihRhaNebu1.1	ihRhaNebu1.1	primary	1	1	0	0	/data/tol/data/darwin/insects/Rhaphigaster_nebulosa/assembly/curated/ihRhaNebu1.1/ihRhaNebu1.1.primary.fa.gz
Rheumaptera_undulata	insects	release_reference	ilRheUndu1.hap1.1	ilRheUndu1.1	hap1	1	1	0	0	/data/tol/data/darwin/insects/Rheumaptera_undulata/assembly/curated/ilRheUndu1.1/ilRheUndu1.hap1.1.primary.fa.gz
Rhimphoctona_megacephalus	insects	release_reference	iyRhiMega2.1	iyRhiMega2.1	primary	1	1	0	0	/data/tol/data/darwin/insects/Rhimphoctona_megacephalus/assembly/curated/iyRhiMega2.1/iyRhiMega2.1.primary.fa.gz
Rhinanthus_minor	dicots	release_reference	daRhiMino1.hap1.1	daRhiMino1.1	hap1	1	1	0	0	/data/tol/data/darwin/dicots/Rhinanthus_minor/assembly/curated/daRhiMino1.1/daRhiMino1.hap1.1.primary.fa.gz
Rhingia_campestris	insects	release_reference	idRhiCamp1.1	idRhiCamp1.1	primary	1	1	0	0	/data/tol/data/darwin/insects/Rhingia_campestris/assembly/curated/idRhiCamp1.1/idRhiCamp1.1.primary.fa.gz
Rhingia_rostrata	insects	release_reference	idRhiRost1.1	idRhiRost1.1	primary	1	1	0	0	/data/tol/data/darwin/insects/Rhingia_rostrata/assembly/curated/idRhiRost1.1/idRhiRost1.1.primary.fa.gz
Rhinolophus_hipposideros	mammals	newer_curation_than_reference	mRhiHip2.hap1.1	mRhiHip2.2	hap1	1	2	0	0	/data/tol/data/darwin/mammals/Rhinolophus_hipposideros/assembly/curated/mRhiHip2.2/mRhiHip2.hap1.2.primary.fa.gz
Rhizedra_lutosa	insects	release_reference	ilRhiLuto1.hap2.1	ilRhiLuto1.1	hap2	1	1	0	0	/data/tol/data/darwin/insects/Rhizedra_lutosa/assembly/curated/ilRhiLuto1.1/ilRhiLuto1.hap2.1.primary.fa.gz
Rhizopogon_luteolus	fungi	release_reference	gfRhiLute1.hap1.1	gfRhiLute1.1	hap1	1	1	0	0	/data/tol/data/darwin/fungi/Rhizopogon_luteolus/assembly/curated/gfRhiLute1.1/gfRhiLute1.hap1.1.primary.fa.gz
Rhizosphaera_kalkhoffii	fungi	release_reference	gdRhiKalk1.hap1.1	gdRhiKalk1.1	hap1	1	1	0	0	/data/tol/data/darwin/fungi/Rhizosphaera_kalkhoffii/assembly/curated/gdRhiKalk1.1/gdRhiKalk1.hap1.1.primary.fa.gz
Rhizotrogus_aestivus	insects	release_reference	icRhiAest1.hap1.1	icRhiAest1.1	hap1	1	1	0	0	/data/tol/data/darwin/insects/Rhizotrogus_aestivus/assembly/curated/icRhiAest1.1/icRhiAest1.hap1.1.primary.fa.gz
Rhodocollybia_maculata	fungi	release_reference	gfRhoMacu1.hap1.1	gfRhoMacu1.1	hap1	1	1	0	0	/data/tol/data/darwin/fungi/Rhodocollybia_maculata/assembly/curated/gfRhoMacu1.1/gfRhoMacu1.hap1.1.primary.fa.gz
Rhododendron_ponticum	dicots	release_reference	ddRhoPont1.hap1.2	ddRhoPont1.2	hap1	1	2	0	0	/data/tol/data/darwin/dicots/Rhododendron_ponticum/assembly/curated/ddRhoPont1.2/ddRhoPont1.hap1.2.primary.fa.gz
Rhodomonas_baltica	algae	release_reference	uyRhoBalt1.1	uyRhoBalt1.1	primary	1	1	0	0	/data/tol/data/darwin/algae/Rhodomonas_baltica/assembly/curated/uyRhoBalt1.1/uyRhoBalt1.1.primary.fa.gz
Rhodophaea_formosa	insects	release_reference	ilRhoForm1.1	ilRhoForm1.1	primary	1	1	0	0	/data/tol/data/darwin/insects/Rhodophaea_formosa/assembly/curated/ilRhoForm1.1/ilRhoForm1.1.primary.fa.gz
Rhogogaster_chlorosoma	insects	release_reference	iyRhoChlo1.1	iyRhoChlo1.1	primary	1	1	0	0	/data/tol/data/darwin/insects/Rhogogaster_chlorosoma/assembly/curated/iyRhoChlo1.1/iyRhoChlo1.1.primary.fa.gz
Rhopalum_coarctatum	insects	release_reference	iyRhoCoar1.1	iyRhoCoar1.1	primary	1	1	0	0	/data/tol/data/darwin/insects/Rhopalum_coarctatum/assembly/curated/iyRhoCoar1.1/iyRhoCoar1.1.primary.fa.gz
Rhopobota_naevana	insects	release_reference	ilRhoNaev1.1	ilRhoNaev1.1	primary	1	1	1	0	/data/tol/data/darwin/insects/Rhopobota_naevana/assembly/curated/ilRhoNaev1.1/ilRhoNaev1.1.primary.fa.gz
Rhopobota_stagnana	insects	release_reference	ilRhoStag3.hap1.1	ilRhoStag3.1	hap1	1	1	0	0	/data/tol/data/darwin/insects/Rhopobota_stagnana/assembly/curated/ilRhoStag3.1/ilRhoStag3.hap1.1.primary.fa.gz
Rhopobota_ustomaculana	insects	release_reference	ilRhoUsto1.hap2.1	ilRhoUsto1.1	hap2	1	1	0	0	/data/tol/data/darwin/insects/Rhopobota_ustomaculana/assembly/curated/ilRhoUsto1.1/ilRhoUsto1.hap2.1.primary.fa.gz
Rhorus_exstirpatorius	insects	release_reference	iyRhoExst1.1	iyRhoExst1.1	primary	1	1	2	0	/data/tol/data/darwin/insects/Rhorus_exstirpatorius/assembly/curated/iyRhoExst1.1/iyRhoExst1.1.primary.fa.gz
Rhyacionia_buoliana	insects	release_reference	ilRhyBuol1.hap1.1	ilRhyBuol1.1	hap1	1	1	0	0	/data/tol/data/darwin/insects/Rhyacionia_buoliana/assembly/curated/ilRhyBuol1.1/ilRhyBuol1.hap1.1.primary.fa.gz
Rhyacionia_pinicolana	insects	release_reference	ilRhyPini1.hap1.1	ilRhyPini1.1	hap1	1	1	0	0	/data/tol/data/darwin/insects/Rhyacionia_pinicolana/assembly/curated/ilRhyPini1.1/ilRhyPini1.hap1.1.primary.fa.gz
Rhynchostegiella_tenella	non-vascular-plants	release_reference	cbRhyTene4.2	cbRhyTene4.2	primary	1	2	0	0	/data/tol/data/darwin/non-vascular-plants/Rhynchostegiella_tenella/assembly/curated/cbRhyTene4.2/cbRhyTene4.2.primary.fa.gz
Rhynchostegium_confertum	non-vascular-plants	release_reference	cbRhyConf1.2	cbRhyConf1.2	primary	1	2	0	0	/data/tol/data/darwin/non-vascular-plants/Rhynchostegium_confertum/assembly/curated/cbRhyConf1.2/cbRhyConf1.2.primary.fa.gz
Rhynchostegium_megapolitanum	non-vascular-plants	release_reference	cbRhyMega1.2	cbRhyMega1.2	primary	1	2	0	0	/data/tol/data/darwin/non-vascular-plants/Rhynchostegium_megapolitanum/assembly/curated/cbRhyMega1.2/cbRhyMega1.2.primary.fa.gz
Rhyparochromus_pini	insects	newest_curated_no_reference		ihRhyPini1.1	hap1	1	1	0	0	/data/tol/data/darwin/insects/Rhyparochromus_pini/assembly/curated/ihRhyPini1.1/ihRhyPini1.hap1.1.primary.fa.gz
Rhysodromus_fallax	arthropods	release_reference	qqRhyFall3.hap1.1	qqRhyFall3.1	hap1	1	1	0	0	/data/tol/data/darwin/arthropods/Rhysodromus_fallax/assembly/curated/qqRhyFall3.1/qqRhyFall3.hap1.1.primary.fa.gz
Rhyssella_approximator	insects	release_reference	iyRhyAppr1.hap1.1	iyRhyAppr1.1	hap1	1	1	0	0	/data/tol/data/darwin/insects/Rhyssella_approximator/assembly/curated/iyRhyAppr1.1/iyRhyAppr1.hap1.1.primary.fa.gz
Rhytidiadelphus_loreus	non-vascular-plants	release_reference	cbRhyLore1.1	cbRhyLore1.1	primary	1	1	0	1	/data/tol/data/darwin/non-vascular-plants/Rhytidiadelphus_loreus/assembly/curated/cbRhyLore1.1/cbRhyLore1.1.primary.fa.gz
Rhyzobius_forestieri	insects	release_reference	icRhyFore2.1	icRhyFore2.1	primary	1	1	0	0	/data/tol/data/darwin/insects/Rhyzobius_forestieri/assembly/curated/icRhyFore2.1/icRhyFore2.1.primary.fa.gz
Ribautiana_ulmi	insects	release_reference	ihRibUlmi2.1	ihRibUlmi2.1	primary	1	1	0	0	/data/tol/data/darwin/insects/Ribautiana_ulmi/assembly/curated/ihRibUlmi2.1/ihRibUlmi2.1.primary.fa.gz
Ribes_nigrum	dicots	newest_curated_no_reference		drRibNigr1.2	hap1	1	2	0	0	/data/tol/data/darwin/dicots/Ribes_nigrum/assembly/curated/drRibNigr1.2/drRibNigr1.hap1.2.primary.fa.gz
Ribes_rubrum	dicots	release_reference	drRibRubr1.hap1.1	drRibRubr1.1	hap1	1	1	0	0	/data/tol/data/darwin/dicots/Ribes_rubrum/assembly/curated/drRibRubr1.1/drRibRubr1.hap1.1.primary.fa.gz
Ribes_uva_crispa	dicots	release_reference	drRibUvac1.hap1.2	drRibUvac1.2	hap1	1	2	0	0	/data/tol/data/darwin/dicots/Ribes_uva_crispa/assembly/curated/drRibUvac1.2/drRibUvac1.hap1.2.primary.fa.gz
Riccia_beyrichiana	non-vascular-plants	release_reference	cmRicBeyr9.1	cmRicBeyr9.1	primary	1	1	0	0	/data/tol/data/darwin/non-vascular-plants/Riccia_beyrichiana/assembly/curated/cmRicBeyr9.1/cmRicBeyr9.1.primary.fa.gz
Riccia_sorocarpa	non-vascular-plants	release_reference	cmRicSoro2.1	cmRicSoro2.1	primary	1	1	0	0	/data/tol/data/darwin/non-vascular-plants/Riccia_sorocarpa/assembly/curated/cmRicSoro2.1/cmRicSoro2.1.primary.fa.gz
Riparia_riparia	birds	newest_curated_no_reference		bRipRip1.1	hap1	1	1	0	0	/data/tol/data/darwin/birds/Riparia_riparia/assembly/curated/bRipRip1.1/bRipRip1.hap1.1.primary.fa.gz
Ripartites_tricholoma	fungi	release_reference	gfRipTric1.1	gfRipTric1.1	primary	1	1	0	0	/data/tol/data/darwin/fungi/Ripartites_tricholoma/assembly/curated/gfRipTric1.1/gfRipTric1.1.primary.fa.gz
Rivellia_syngenesiae	insects	newest_curated_no_reference		idRivSyng1.1	primary	1	1	0	0	/data/tol/data/darwin/insects/Rivellia_syngenesiae/assembly/curated/idRivSyng1.1/idRivSyng1.1.primary.fa.gz
Robinia_pseudoacacia	dicots	release_reference	drRobPseu1.hap1.1	drRobPseu1.1	hap1	1	1	0	0	/data/tol/data/darwin/dicots/Robinia_pseudoacacia/assembly/curated/drRobPseu1.1/drRobPseu1.hap1.1.primary.fa.gz
Roeseliana_roeselii	insects	release_reference	iqMetRoes3.1	iqMetRoes3.1	primary	1	1	0	0	/data/tol/data/darwin/insects/Roeseliana_roeselii/assembly/curated/iqMetRoes3.1/iqMetRoes3.1.primary.fa.gz
Roeslerstammia_erxlebella	insects	release_reference	ilRoeErxl2.hap1.1	ilRoeErxl2.1	hap1	1	1	0	0	/data/tol/data/darwin/insects/Roeslerstammia_erxlebella/assembly/curated/ilRoeErxl2.1/ilRoeErxl2.hap1.1.primary.fa.gz
Rosa_agrestis	dicots	release_reference	drRosAgre1.hap1.1	drRosAgre1.1	hap1	1	1	0	0	/data/tol/data/darwin/dicots/Rosa_agrestis/assembly/curated/drRosAgre1.1/drRosAgre1.hap1.1.primary.fa.gz
Rosa_canina	dicots	newest_curated_no_reference		drRosCani1.1	hap1	1	1	0	0	/data/tol/data/darwin/dicots/Rosa_canina/assembly/curated/drRosCani1.1/drRosCani1.hap1.1.primary.fa.gz
Rosa_rubiginosa	dicots	release_reference	drRosRubi1.hap1.1	drRosRubi1.1	hap1	1	1	0	1	/data/tol/data/darwin/dicots/Rosa_rubiginosa/assembly/curated/drRosRubi1.1/drRosRubi1.hap1.1.primary.fa.gz
Rosa_rugosa	dicots	release_reference	drRosRugo1.1	drRosRugo1.1	primary	1	1	0	0	/data/tol/data/darwin/dicots/Rosa_rugosa/assembly/curated/drRosRugo1.1/drRosRugo1.1.primary.fa.gz
Rosa_spinosissima	dicots	release_reference	drRosSpin1.hap1.1	drRosSpin1.1	hap1	1	1	0	0	/data/tol/data/darwin/dicots/Rosa_spinosissima/assembly/curated/drRosSpin1.1/drRosSpin1.hap1.1.primary.fa.gz
Rosulabryum_capillare	non-vascular-plants	release_reference	cbRosCapi1.1	cbRosCapi1.1	primary	1	1	0	0	/data/tol/data/darwin/non-vascular-plants/Rosulabryum_capillare/assembly/curated/cbRosCapi1.1/cbRosCapi1.1.primary.fa.gz
Rubus_caesius	dicots	release_reference	drRubCaes1.hap1.1	drRubCaes1.1	hap1	1	1	0	0	/data/tol/data/darwin/dicots/Rubus_caesius/assembly/curated/drRubCaes1.1/drRubCaes1.hap1.1.primary.fa.gz
Rubus_idaeus	dicots	newest_curated_no_reference		drRubIdae1.1	hap1	1	1	0	0	/data/tol/data/darwin/dicots/Rubus_idaeus/assembly/curated/drRubIdae1.1/drRubIdae1.hap1.1.primary.fa.gz
Rubus_saxatilis	dicots	release_reference	drRubSaxa3.hap1.1	drRubSaxa3.1	hap1	1	1	0	0	/data/tol/data/darwin/dicots/Rubus_saxatilis/assembly/curated/drRubSaxa3.1/drRubSaxa3.hap1.1.primary.fa.gz
Ruditapes_philippinarum	molluscs	newest_curated_no_reference		xbRudPhil1.1	hap1	1	1	0	0	/data/tol/data/darwin/molluscs/Ruditapes_philippinarum/assembly/curated/xbRudPhil1.1/xbRudPhil1.hap1.1.primary.fa.gz
Rumex_acetosa	dicots	release_reference	dcRumAcet1.hap1.1	dcRumAcet1.1	hap1	1	1	0	0	/data/tol/data/darwin/dicots/Rumex_acetosa/assembly/curated/dcRumAcet1.1/dcRumAcet1.hap1.1.primary.fa.gz
Rumex_acetosella	dicots	release_reference	dcRumAceo1.hap1.1	dcRumAceo1.1	hap1	1	1	0	0	/data/tol/data/darwin/dicots/Rumex_acetosella/assembly/curated/dcRumAceo1.1/dcRumAceo1.hap1.1.primary.fa.gz
Rumex_conglomeratus	dicots	release_reference	dcRumCong1.hap1.1	dcRumCong1.1	hap1	1	1	0	0	/data/tol/data/darwin/dicots/Rumex_conglomeratus/assembly/curated/dcRumCong1.1/dcRumCong1.hap1.1.primary.fa.gz
Rumex_obtusifolius	dicots	release_reference	dcRumObtu1.hap1.1	dcRumObtu1.1	hap1	1	1	0	0	/data/tol/data/darwin/dicots/Rumex_obtusifolius/assembly/curated/dcRumObtu1.1/dcRumObtu1.hap1.1.primary.fa.gz
Russula_aff_farinipes	fungi	release_reference	gfRusFari1.1	gfRusFari1.1	primary	1	1	0	0	/data/tol/data/darwin/fungi/Russula_aff_farinipes/assembly/curated/gfRusFari1.1/gfRusFari1.1.primary.fa.gz
Russula_delica	fungi	release_reference	gfRusDeli1.hap1.1	gfRusDeli1.1	hap1	1	1	0	0	/data/tol/data/darwin/fungi/Russula_delica/assembly/curated/gfRusDeli1.1/gfRusDeli1.hap1.1.primary.fa.gz
Russula_faginea	fungi	release_reference	gfRusFagi1.1	gfRusFagi1.1	primary	1	1	0	0	/data/tol/data/darwin/fungi/Russula_faginea/assembly/curated/gfRusFagi1.1/gfRusFagi1.1.primary.fa.gz
Russula_gracillima	fungi	release_reference	gfRusGrai3.1	gfRusGrai3.1	primary	1	1	0	0	/data/tol/data/darwin/fungi/Russula_gracillima/assembly/curated/gfRusGrai3.1/gfRusGrai3.1.primary.fa.gz
Russula_nigricans	fungi	release_reference	gfRusNigr1.hap2.1	gfRusNigr1.1	hap2	1	1	0	0	/data/tol/data/darwin/fungi/Russula_nigricans/assembly/curated/gfRusNigr1.1/gfRusNigr1.hap2.1.primary.fa.gz
Russula_nobilis	fungi	release_reference	gfRusNobi1.hap1.1	gfRusNobi1.1	hap1	1	1	0	0	/data/tol/data/darwin/fungi/Russula_nobilis/assembly/curated/gfRusNobi1.1/gfRusNobi1.hap1.1.primary.fa.gz
Russula_olivacea	fungi	release_reference	gfRusOliv1.1	gfRusOliv1.1	primary	1	1	0	0	/data/tol/data/darwin/fungi/Russula_olivacea/assembly/curated/gfRusOliv1.1/gfRusOliv1.1.primary.fa.gz
Russula_versicolor	fungi	release_reference	gfRusVeri1.hap1.1	gfRusVeri1.1	hap1	1	1	0	0	/data/tol/data/darwin/fungi/Russula_versicolor/assembly/curated/gfRusVeri1.1/gfRusVeri1.hap1.1.primary.fa.gz
Russula_vesca	fungi	release_reference	gfRusVesc1.hap1.1	gfRusVesc1.1	hap1	1	1	0	0	/data/tol/data/darwin/fungi/Russula_vesca/assembly/curated/gfRusVesc1.1/gfRusVesc1.hap1.1.primary.fa.gz
Rutilus_rutilus	fish	release_reference	fRutRut2.1	fRutRut2.1	primary	1	1	0	0	/data/tol/data/darwin/fish/Rutilus_rutilus/assembly/curated/fRutRut2.1/fRutRut2.1.primary.fa.gz
Rutpela_maculata	insects	release_reference	icLepMacu1.2	icLepMacu1.2	primary	1	2	0	0	/data/tol/data/darwin/insects/Rutpela_maculata/assembly/curated/icLepMacu1.2/icLepMacu1.2.primary.fa.gz
Rymosia_fasciata	insects	release_reference	idRymFasc1.hap1.1	idRymFasc1.1	hap1	1	1	0	0	/data/tol/data/darwin/insects/Rymosia_fasciata/assembly/curated/idRymFasc1.1/idRymFasc1.hap1.1.primary.fa.gz
Sabra_harpagula	insects	release_reference	ilSabHarp2.1	ilSabHarp2.1	primary	1	1	0	0	/data/tol/data/darwin/insects/Sabra_harpagula/assembly/curated/ilSabHarp2.1/ilSabHarp2.1.primary.fa.gz
Sacculina_carcini	arthropods	release_reference	qxSacCarc1.2	qxSacCarc1.2	primary	1	2	0	0	/data/tol/data/darwin/arthropods/Sacculina_carcini/assembly/curated/qxSacCarc1.2/qxSacCarc1.2.primary.fa.gz
Sagina_maritima	dicots	release_reference	dcSagMari5.hap1.1	dcSagMari5.1	hap1	1	1	0	0	/data/tol/data/darwin/dicots/Sagina_maritima/assembly/curated/dcSagMari5.1/dcSagMari5.hap1.1.primary.fa.gz
Salicornia_ramosissima	dicots	release_reference	dcSalRamo1.1	dcSalRamo1.1	primary	1	1	0	0	/data/tol/data/darwin/dicots/Salicornia_ramosissima/assembly/curated/dcSalRamo1.1/dcSalRamo1.1.primary.fa.gz
Salix_alba	dicots	release_reference	ddSalAlba3.hap1.1	ddSalAlba3.1	hap1	1	1	0	0	/data/tol/data/darwin/dicots/Salix_alba/assembly/curated/ddSalAlba3.1/ddSalAlba3.hap1.1.primary.fa.gz
Salix_arbuscula	dicots	release_reference	ddSalArbu1.1	ddSalArbu1.1	primary	1	1	0	0	/data/tol/data/darwin/dicots/Salix_arbuscula/assembly/curated/ddSalArbu1.1/ddSalArbu1.1.primary.fa.gz
Salix_cinerea	dicots	release_reference	ddSalCine1.hap1.1	ddSalCine1.1	hap1	1	1	0	0	/data/tol/data/darwin/dicots/Salix_cinerea/assembly/curated/ddSalCine1.1/ddSalCine1.hap1.1.primary.fa.gz
Salix_euxina	dicots	release_reference	ddSalEuxi1.hap1.1	ddSalEuxi1.1	hap1	1	1	0	0	/data/tol/data/darwin/dicots/Salix_euxina/assembly/curated/ddSalEuxi1.1/ddSalEuxi1.hap1.1.primary.fa.gz
Salix_herbacea	dicots	release_reference	ddSalHerb6.1	ddSalHerb6.1	primary	1	1	0	0	/data/tol/data/darwin/dicots/Salix_herbacea/assembly/curated/ddSalHerb6.1/ddSalHerb6.1.primary.fa.gz
Salix_lanata	dicots	release_reference	ddSalLana11.1	ddSalLana11.1	primary	1	1	0	0	/data/tol/data/darwin/dicots/Salix_lanata/assembly/curated/ddSalLana11.1/ddSalLana11.1.primary.fa.gz
Salix_myrsinifolia	dicots	release_reference	ddSalMyrs1.hap1.1	ddSalMyrs1.1	hap1	1	1	0	0	/data/tol/data/darwin/dicots/Salix_myrsinifolia/assembly/curated/ddSalMyrs1.1/ddSalMyrs1.hap1.1.primary.fa.gz
Salix_pentandra	dicots	release_reference	ddSalPent1.hap1.1	ddSalPent1.1	hap1	1	1	0	0	/data/tol/data/darwin/dicots/Salix_pentandra/assembly/curated/ddSalPent1.1/ddSalPent1.hap1.1.primary.fa.gz
Salix_phylicifolia	dicots	release_reference	ddSalPhyl1.hap1.1	ddSalPhyl1.1	hap1	1	1	0	0	/data/tol/data/darwin/dicots/Salix_phylicifolia/assembly/curated/ddSalPhyl1.1/ddSalPhyl1.hap1.1.primary.fa.gz
Salix_purpurea	dicots	newest_curated_no_reference		ddSalPurp1.1	hap1	1	1	0	0	/data/tol/data/darwin/dicots/Salix_purpurea/assembly/curated/ddSalPurp1.1/ddSalPurp1.hap1.1.primary.fa.gz
Salix_repens	dicots	release_reference	ddSalRepe1.hap2.1	ddSalRepe1.1	hap2	1	1	0	0	/data/tol/data/darwin/dicots/Salix_repens/assembly/curated/ddSalRepe1.1/ddSalRepe1.hap2.1.primary.fa.gz
Salix_reticulata	dicots	release_reference	ddSalReti1.hap1.1	ddSalReti1.1	hap1	1	1	0	0	/data/tol/data/darwin/dicots/Salix_reticulata/assembly/curated/ddSalReti1.1/ddSalReti1.hap1.1.primary.fa.gz
Salix_triandra	dicots	release_reference	ddSalTria1.hap1.1	ddSalTria1.1	hap1	1	1	0	0	/data/tol/data/darwin/dicots/Salix_triandra/assembly/curated/ddSalTria1.1/ddSalTria1.hap1.1.primary.fa.gz
Salix_viminalis	dicots	release_reference	ddSalVimi1.hap1.1	ddSalVimi1.1	hap1	1	1	0	0	/data/tol/data/darwin/dicots/Salix_viminalis/assembly/curated/ddSalVimi1.1/ddSalVimi1.hap1.1.primary.fa.gz
Salmo_trutta	fish	release_reference	fSalTru1.2	fSalTru1.2	primary	1	2	0	0	/data/tol/data/darwin/fish/Salmo_trutta/assembly/curated/fSalTru1.2/fSalTru1.2.primary.fa.gz
Salpingus_planirostris	insects	release_reference	icSalPlan1.1	icSalPlan1.1	primary	1	1	0	0	/data/tol/data/darwin/insects/Salpingus_planirostris/assembly/curated/icSalPlan1.1/icSalPlan1.1.primary.fa.gz
Sambucus_nigra	dicots	release_reference	daSamNigr1.1	daSamNigr1.1	primary	1	1	0	1	/data/tol/data/darwin/dicots/Sambucus_nigra/assembly/curated/daSamNigr1.1/daSamNigr1.1.primary.fa.gz
Samolus_valerandi	dicots	release_reference	ddSamVale1.1	ddSamVale1.1	primary	1	1	0	0	/data/tol/data/darwin/dicots/Samolus_valerandi/assembly/curated/ddSamVale1.1/ddSamVale1.1.primary.fa.gz
Sapyga_quinquepunctata	insects	release_reference	iySapQuin1.hap1.1	iySapQuin1.1	hap1	1	1	0	0	/data/tol/data/darwin/insects/Sapyga_quinquepunctata/assembly/curated/iySapQuin1.1/iySapQuin1.hap1.1.primary.fa.gz
Sarcophaga_caerulescens	insects	release_reference	idSarCaer1.1	idSarCaer1.1	primary	1	1	0	0	/data/tol/data/darwin/insects/Sarcophaga_caerulescens/assembly/curated/idSarCaer1.1/idSarCaer1.1.primary.fa.gz
Sarcophaga_carnaria	insects	release_reference	idSarCarn1.1	idSarCarn1.1	primary	2	2	1	0	/data/tol/data/darwin/insects/Sarcophaga_carnaria/assembly/curated/idSarCarn1.1/idSarCarn1.1.primary.fa.gz
Sarcophaga_rosellei	insects	release_reference	idSarRose1.1	idSarRose1.1	primary	1	1	0	0	/data/tol/data/darwin/insects/Sarcophaga_rosellei/assembly/curated/idSarRose1.1/idSarRose1.1.primary.fa.gz
Sarcophaga_subulata	insects	release_reference	idSarSubu2.1	idSarSubu2.1	primary	1	1	0	0	/data/tol/data/darwin/insects/Sarcophaga_subulata/assembly/curated/idSarSubu2.1/idSarSubu2.1.primary.fa.gz
Sarcophaga_subvicina	insects	release_reference	idSarSubv1.2	idSarSubv1.2	primary	1	2	0	0	/data/tol/data/darwin/insects/Sarcophaga_subvicina/assembly/curated/idSarSubv1.2/idSarSubv1.2.primary.fa.gz
Sarcophaga_vagans	insects	release_reference	idSarVaga1.hap1.1	idSarVaga1.1	hap1	1	1	0	0	/data/tol/data/darwin/insects/Sarcophaga_vagans/assembly/curated/idSarVaga1.1/idSarVaga1.hap1.1.primary.fa.gz
Sarcophaga_variegata	insects	release_reference	idSarVari1.1	idSarVari1.1	primary	1	1	1	0	/data/tol/data/darwin/insects/Sarcophaga_variegata/assembly/curated/idSarVari1.1/idSarVari1.1.primary.fa.gz
Sardina_pilchardus	fish	release_reference	fSarPil1.1	fSarPil1.1	primary	1	1	0	0	/data/tol/data/darwin/fish/Sardina_pilchardus/assembly/curated/fSarPil1.1/fSarPil1.1.primary.fa.gz
Sargus_bipunctatus	insects	release_reference	idSarBipu1.hap1.1	idSarBipu1.1	hap1	1	1	0	0	/data/tol/data/darwin/insects/Sargus_bipunctatus/assembly/curated/idSarBipu1.1/idSarBipu1.hap1.1.primary.fa.gz
Sarmentypnum_sarmentosum	non-vascular-plants	release_reference	cbSarSarm3.1	cbSarSarm3.1	primary	1	1	0	0	/data/tol/data/darwin/non-vascular-plants/Sarmentypnum_sarmentosum/assembly/curated/cbSarSarm3.1/cbSarSarm3.1.primary.fa.gz
Saturnia_pavonia	insects	release_reference	ilSatPavo1.1	ilSatPavo1.1	primary	1	1	0	0	/data/tol/data/darwin/insects/Saturnia_pavonia/assembly/curated/ilSatPavo1.1/ilSatPavo1.1.primary.fa.gz
Saxifraga_aizoides	dicots	release_reference	drSaxAizo1.hap1.1	drSaxAizo1.1	hap1	1	1	0	0	/data/tol/data/darwin/dicots/Saxifraga_aizoides/assembly/curated/drSaxAizo1.1/drSaxAizo1.hap1.1.primary.fa.gz
Saxifraga_cespitosa	dicots	release_reference	drSaxCesp1.hap1.1	drSaxCesp1.1	hap1	1	1	0	0	/data/tol/data/darwin/dicots/Saxifraga_cespitosa/assembly/curated/drSaxCesp1.1/drSaxCesp1.hap1.1.primary.fa.gz
Saxifraga_oppositifolia	dicots	newest_curated_no_reference		drSaxOppo4.1	hap1	1	1	0	0	/data/tol/data/darwin/dicots/Saxifraga_oppositifolia/assembly/curated/drSaxOppo4.1/drSaxOppo4.hap1.1.primary.fa.gz
Scaeva_pyrastri	insects	release_reference	idScaPyra1.1	idScaPyra1.1	primary	1	1	0	0	/data/tol/data/darwin/insects/Scaeva_pyrastri/assembly/curated/idScaPyra1.1/idScaPyra1.1.primary.fa.gz
Scaeva_selenitica	insects	release_reference	idScaSele1.hap1.1	idScaSele1.1	hap1	1	1	0	0	/data/tol/data/darwin/insects/Scaeva_selenitica/assembly/curated/idScaSele1.1/idScaSele1.hap1.1.primary.fa.gz
Scambus_brevicornis	insects	release_reference	iyScaBrev2.hap1.1	iyScaBrev2.1	hap1	1	1	0	0	/data/tol/data/darwin/insects/Scambus_brevicornis/assembly/curated/iyScaBrev2.1/iyScaBrev2.hap1.1.primary.fa.gz
Scapania_compacta	non-vascular-plants	release_reference	cjScaComp1.1	cjScaComp1.1	primary	1	1	0	0	/data/tol/data/darwin/non-vascular-plants/Scapania_compacta/assembly/curated/cjScaComp1.1/cjScaComp1.1.primary.fa.gz
Scapania_gracilis	non-vascular-plants	release_reference	cjScaGrac1.1	cjScaGrac1.1	primary	1	1	0	0	/data/tol/data/darwin/non-vascular-plants/Scapania_gracilis/assembly/curated/cjScaGrac1.1/cjScaGrac1.1.primary.fa.gz
Scapania_ornithopodioides	non-vascular-plants	release_reference	cjScaOrni3.1	cjScaOrni3.1	primary	1	1	0	0	/data/tol/data/darwin/non-vascular-plants/Scapania_ornithopodioides/assembly/curated/cjScaOrni3.1/cjScaOrni3.1.primary.fa.gz
Scapania_undulata	non-vascular-plants	release_reference	cjScaUndu1.1	cjScaUndu1.1	primary	1	1	0	0	/data/tol/data/darwin/non-vascular-plants/Scapania_undulata/assembly/curated/cjScaUndu1.1/cjScaUndu1.1.primary.fa.gz
Scaphidium_quadrimaculatum	insects	release_reference	icScaQuad2.1	icScaQuad2.1	primary	1	1	0	0	/data/tol/data/darwin/insects/Scaphidium_quadrimaculatum/assembly/curated/icScaQuad2.1/icScaQuad2.1.primary.fa.gz
Scaptomyza_pallida	insects	release_reference	idScaPall3.1	idScaPall3.1	primary	1	1	0	0	/data/tol/data/darwin/insects/Scaptomyza_pallida/assembly/curated/idScaPall3.1/idScaPall3.1.primary.fa.gz
Scardinius_erythrophthalmus	fish	release_reference	fScaEry2.hap1.2	fScaEry2.2	hap1	1	2	0	0	/data/tol/data/darwin/fish/Scardinius_erythrophthalmus/assembly/curated/fScaEry2.2/fScaEry2.hap1.2.primary.fa.gz
Scathophaga_furcata	insects	release_reference	idScaFurc2.1	idScaFurc2.1	primary	1	1	0	0	/data/tol/data/darwin/insects/Scathophaga_furcata/assembly/curated/idScaFurc2.1/idScaFurc2.1.primary.fa.gz
Scathophaga_inquinata	insects	release_reference	idScaInqu1.hap1.1	idScaInqu1.1	hap1	1	1	0	0	/data/tol/data/darwin/insects/Scathophaga_inquinata/assembly/curated/idScaInqu1.1/idScaInqu1.hap1.1.primary.fa.gz
Scathophaga_litorea	insects	release_reference	idScaLito3.hap1.1	idScaLito3.1	hap1	1	1	0	0	/data/tol/data/darwin/insects/Scathophaga_litorea/assembly/curated/idScaLito3.1/idScaLito3.hap1.1.primary.fa.gz
Scathophaga_stercoraria	insects	release_reference	idScaSter1.hap1.1	idScaSter1.1	hap1	1	1	0	0	/data/tol/data/darwin/insects/Scathophaga_stercoraria/assembly/curated/idScaSter1.1/idScaSter1.hap1.1.primary.fa.gz
Scellus_notatus	insects	release_reference	idSceNota2.1	idSceNota2.1	primary	1	1	0	0	/data/tol/data/darwin/insects/Scellus_notatus/assembly/curated/idSceNota2.1/idSceNota2.1.primary.fa.gz
Scheuchzeria_palustris	monocots	release_reference	laSchPalu1.hap1.1	laSchPalu1.1	hap1	1	1	0	0	/data/tol/data/darwin/monocots/Scheuchzeria_palustris/assembly/curated/laSchPalu1.1/laSchPalu1.hap1.1.primary.fa.gz
Schistidium_strictum	non-vascular-plants	release_reference	cbSchStri1.1	cbSchStri1.1	primary	1	1	0	0	/data/tol/data/darwin/non-vascular-plants/Schistidium_strictum/assembly/curated/cbSchStri1.1/cbSchStri1.1.primary.fa.gz
Schizoporella_japonica	other-animal-phyla	release_reference	tzSchJapo1.1	tzSchJapo1.1	primary	1	1	0	0	/data/tol/data/darwin/other-animal-phyla/Schizoporella_japonica/assembly/curated/tzSchJapo1.1/tzSchJapo1.1.primary.fa.gz
Schizopyga_frigida	insects	release_reference	iySchFrig1.hap1.1	iySchFrig1.1	hap1	1	1	0	0	/data/tol/data/darwin/insects/Schizopyga_frigida/assembly/curated/iySchFrig1.1/iySchFrig1.hap1.1.primary.fa.gz
Schizotus_pectinicornis	insects	release_reference	icSchPect1.1	icSchPect1.1	primary	1	1	0	0	/data/tol/data/darwin/insects/Schizotus_pectinicornis/assembly/curated/icSchPect1.1/icSchPect1.1.primary.fa.gz
Schoenobius_gigantella	insects	release_reference	ilSchGiga1.1	ilSchGiga1.1	primary	2	2	2	0	/data/tol/data/darwin/insects/Schoenobius_gigantella/assembly/curated/ilSchGiga1.1/ilSchGiga1.1.primary.fa.gz
Schoenobius_gigantellus	insects	release_reference	ilSchGiga1.1	ilSchGiga1.1	primary	2	2	2	0	/data/tol/data/darwin/insects/Schoenobius_gigantellus/assembly/curated/ilSchGiga1.1/ilSchGiga1.1.primary.fa.gz
Schoenoplectus_lacustris	monocots	release_reference	lpSchLacu1.1	lpSchLacu1.1	primary	1	1	1	0	/data/tol/data/darwin/monocots/Schoenoplectus_lacustris/assembly/curated/lpSchLacu1.1/lpSchLacu1.1.primary.fa.gz
Schoenoplectus_tabernaemontani	monocots	newest_curated_no_reference		lpSchTabe1.2	hap1	1	2	0	0	/data/tol/data/darwin/monocots/Schoenoplectus_tabernaemontani/assembly/curated/lpSchTabe1.2/lpSchTabe1.hap1.2.primary.fa.gz
Schoenoplectus_triqueter	monocots	release_reference	lpSchTriq1.1	lpSchTriq1.1	primary	1	1	0	0	/data/tol/data/darwin/monocots/Schoenoplectus_triqueter/assembly/curated/lpSchTriq1.1/lpSchTriq1.1.primary.fa.gz
Schoenus_nigricans	monocots	release_reference	lpSchNigr1.hap1.2	lpSchNigr1.2	hap1	1	2	0	0	/data/tol/data/darwin/monocots/Schoenus_nigricans/assembly/curated/lpSchNigr1.2/lpSchNigr1.hap1.2.primary.fa.gz
Schrankia_costaestrigalis	insects	release_reference	ilSchCost1.1	ilSchCost1.1	primary	1	1	0	0	/data/tol/data/darwin/insects/Schrankia_costaestrigalis/assembly/curated/ilSchCost1.1/ilSchCost1.1.primary.fa.gz
Schreckensteinia_festaliella	insects	release_reference	ilSchFest1.hap1.1	ilSchFest1.1	hap1	1	1	0	0	/data/tol/data/darwin/insects/Schreckensteinia_festaliella/assembly/curated/ilSchFest1.1/ilSchFest1.hap1.1.primary.fa.gz
Sciapus_platypterus	insects	release_reference	idSciPlat2.1	idSciPlat2.1	primary	1	1	0	0	/data/tol/data/darwin/insects/Sciapus_platypterus/assembly/curated/idSciPlat2.1/idSciPlat2.1.primary.fa.gz
Sciara_hemerobioides	insects	release_reference	idSciHeme3.hap1.1	idSciHeme3.1	hap1	1	1	0	0	/data/tol/data/darwin/insects/Sciara_hemerobioides/assembly/curated/idSciHeme3.1/idSciHeme3.hap1.1.primary.fa.gz
Sciota_angustella	insects	release_reference	ilSciAngu2.hap1.1	ilSciAngu2.1	hap1	1	1	0	0	/data/tol/data/darwin/insects/Sciota_angustella/assembly/curated/ilSciAngu2.1/ilSciAngu2.hap1.1.primary.fa.gz
Scirpus_sylvaticus	monocots	release_reference	lpSciSylv1.hap1.2	lpSciSylv1.2	hap1	1	2	0	0	/data/tol/data/darwin/monocots/Scirpus_sylvaticus/assembly/curated/lpSciSylv1.2/lpSciSylv1.hap1.2.primary.fa.gz
Sciuro_hypnum_glaciale	non-vascular-plants	release_reference	cbSciGlac3.1	cbSciGlac3.1	primary	1	1	0	0	/data/tol/data/darwin/non-vascular-plants/Sciuro_hypnum_glaciale/assembly/curated/cbSciGlac3.1/cbSciGlac3.1.primary.fa.gz
Sciurus_carolinensis	mammals	release_reference	mSciCar1.2	mSciCar1.2	primary	1	2	0	0	/data/tol/data/darwin/mammals/Sciurus_carolinensis/assembly/curated/mSciCar1.2/mSciCar1.2.primary.fa.gz
Sciurus_vulgaris	mammals	release_reference	mSciVul1.2	mSciVul1.2	primary	1	2	0	0	/data/tol/data/darwin/mammals/Sciurus_vulgaris/assembly/curated/mSciVul1.2/mSciVul1.2.primary.fa.gz
Scleranthus_annuus	dicots	release_reference	dcSclAnnu1.hap1.1	dcSclAnnu1.1	hap1	1	1	0	0	/data/tol/data/darwin/dicots/Scleranthus_annuus/assembly/curated/dcSclAnnu1.1/dcSclAnnu1.hap1.1.primary.fa.gz
Scomber_scombrus	fish	release_reference	fScoSco1.1	fScoSco1.1	primary	1	1	0	0	/data/tol/data/darwin/fish/Scomber_scombrus/assembly/curated/fScoSco1.1/fScoSco1.1.primary.fa.gz
Scoparia_ambigualis	insects	release_reference	ilScoAmbi1.1	ilScoAmbi1.1	primary	1	1	1	0	/data/tol/data/darwin/insects/Scoparia_ambigualis/assembly/curated/ilScoAmbi1.1/ilScoAmbi1.1.primary.fa.gz
Scoparia_basistrigalis	insects	release_reference	ilScoBasi3.1	ilScoBasi3.1	primary	1	1	0	0	/data/tol/data/darwin/insects/Scoparia_basistrigalis/assembly/curated/ilScoBasi3.1/ilScoBasi3.1.primary.fa.gz
Scoparia_pyralella	insects	release_reference	ilScoPyra3.1	ilScoPyra3.1	primary	1	1	0	0	/data/tol/data/darwin/insects/Scoparia_pyralella/assembly/curated/ilScoPyra3.1/ilScoPyra3.1.primary.fa.gz
Scophthalmus_maximus	fish	newest_curated_no_reference		fScoMax1.1	primary	1	1	0	0	/data/tol/data/darwin/fish/Scophthalmus_maximus/assembly/curated/fScoMax1.1/fScoMax1.1.primary.fa.gz
Scopula_floslactata	insects	release_reference	ilScoFlos1.hap1.1	ilScoFlos1.1	hap1	1	1	0	0	/data/tol/data/darwin/insects/Scopula_floslactata/assembly/curated/ilScoFlos1.1/ilScoFlos1.hap1.1.primary.fa.gz
Scopula_immutata	insects	release_reference	ilScoImmu1.hap2.1	ilScoImmu1.1	hap2	1	1	0	0	/data/tol/data/darwin/insects/Scopula_immutata/assembly/curated/ilScoImmu1.1/ilScoImmu1.hap2.1.primary.fa.gz
Scopula_ornata	insects	release_reference	ilScoOrna1.hap1.1	ilScoOrna1.1	hap1	1	1	0	0	/data/tol/data/darwin/insects/Scopula_ornata/assembly/curated/ilScoOrna1.1/ilScoOrna1.hap1.1.primary.fa.gz
Scotophaeus_blackwalli	arthropods	release_reference	qqScoBlac1.hap1.1	qqScoBlac1.1	hap1	1	1	0	0	/data/tol/data/darwin/arthropods/Scotophaeus_blackwalli/assembly/curated/qqScoBlac1.1/qqScoBlac1.hap1.1.primary.fa.gz
Scotopteryx_bipunctaria	insects	release_reference	ilScoBipu1.1	ilScoBipu1.1	primary	1	1	0	0	/data/tol/data/darwin/insects/Scotopteryx_bipunctaria/assembly/curated/ilScoBipu1.1/ilScoBipu1.1.primary.fa.gz
Scotopteryx_chenopodiata	insects	release_reference	ilScoChen1.1	ilScoChen1.1	primary	1	1	0	0	/data/tol/data/darwin/insects/Scotopteryx_chenopodiata/assembly/curated/ilScoChen1.1/ilScoChen1.1.primary.fa.gz
Scrobipalpa_costella	insects	release_reference	ilScrCost1.1	ilScrCost1.1	primary	1	1	0	0	/data/tol/data/darwin/insects/Scrobipalpa_costella/assembly/curated/ilScrCost1.1/ilScrCost1.1.primary.fa.gz
Scrobipalpa_ocellatella	insects	release_reference	ilScrOcel1.hap1.1	ilScrOcel1.1	hap1	1	1	1	0	/data/tol/data/darwin/insects/Scrobipalpa_ocellatella/assembly/curated/ilScrOcel1.1/ilScrOcel1.hap1.1.primary.fa.gz
Scrophularia_umbrosa	dicots	release_reference	daScrUmbr1.hap1.1	daScrUmbr1.1	hap1	1	1	0	0	/data/tol/data/darwin/dicots/Scrophularia_umbrosa/assembly/curated/daScrUmbr1.1/daScrUmbr1.hap1.1.primary.fa.gz
Scutellaria_galericulata	dicots	release_reference	daScuGale1.1	daScuGale1.1	primary	1	1	0	0	/data/tol/data/darwin/dicots/Scutellaria_galericulata/assembly/curated/daScuGale1.1/daScuGale1.1.primary.fa.gz
Scutellaria_minor	dicots	release_reference	daScuMino1.1	daScuMino1.1	primary	1	2	0	0	/data/tol/data/darwin/dicots/Scutellaria_minor/assembly/curated/daScuMino1.1/daScuMino1.1.primary.fa.gz
Scyliorhinus_canicula	sharks	release_reference	sScyCan1.2	sScyCan1.2	primary	1	2	0	0	/data/tol/data/darwin/sharks/Scyliorhinus_canicula/assembly/curated/sScyCan1.2/sScyCan1.2.primary.fa.gz
Scythris_empetrella	insects	release_reference	ilScyEmpe1.hap1.1	ilScyEmpe1.1	hap1	1	1	0	0	/data/tol/data/darwin/insects/Scythris_empetrella/assembly/curated/ilScyEmpe1.1/ilScyEmpe1.hap1.1.primary.fa.gz
Scythris_picaepennis	insects	release_reference	ilScyPica7.hap1.1	ilScyPica7.1	hap1	1	1	0	0	/data/tol/data/darwin/insects/Scythris_picaepennis/assembly/curated/ilScyPica7.1/ilScyPica7.hap1.1.primary.fa.gz
Scythropia_crataegella	insects	release_reference	ilScyCrat1.1	ilScyCrat1.1	primary	1	1	0	0	/data/tol/data/darwin/insects/Scythropia_crataegella/assembly/curated/ilScyCrat1.1/ilScyCrat1.1.primary.fa.gz
Sebastes_mentella	fish	release_reference	fSebMen2.hap1.1	fSebMen2.1	hap1	1	1	0	0	/data/tol/data/darwin/fish/Sebastes_mentella/assembly/curated/fSebMen2.1/fSebMen2.hap1.1.primary.fa.gz
Sedum_acre	dicots	release_reference	drSedAcre1.hap2.1	drSedAcre1.1	hap2	1	1	0	0	/data/tol/data/darwin/dicots/Sedum_acre/assembly/curated/drSedAcre1.1/drSedAcre1.hap2.1.primary.fa.gz
Sedum_album	dicots	release_reference	drSedAlbu1.hap1.1	drSedAlbu1.1	hap1	1	1	0	0	/data/tol/data/darwin/dicots/Sedum_album/assembly/curated/drSedAlbu1.1/drSedAlbu1.hap1.1.primary.fa.gz
Segestria_senoculata	arthropods	release_reference	qqSegSeno1.hap2.1	qqSegSeno1.1	hap2	1	1	0	0	/data/tol/data/darwin/arthropods/Segestria_senoculata/assembly/curated/qqSegSeno1.1/qqSegSeno1.hap2.1.primary.fa.gz
Seladonia_tumulorum	insects	release_reference	iySelTumu1.3	iySelTumu1.3	primary	1	3	2	0	/data/tol/data/darwin/insects/Seladonia_tumulorum/assembly/curated/iySelTumu1.3/iySelTumu1.3.primary.fa.gz
Selandria_serva	insects	release_reference	iySelServ2.1	iySelServ2.1	primary	1	1	0	0	/data/tol/data/darwin/insects/Selandria_serva/assembly/curated/iySelServ2.1/iySelServ2.1.primary.fa.gz
Selenia_dentaria	insects	release_reference	ilSelDent1.1	ilSelDent1.1	primary	1	1	0	0	/data/tol/data/darwin/insects/Selenia_dentaria/assembly/curated/ilSelDent1.1/ilSelDent1.1.primary.fa.gz
Selenia_tetralunaria	insects	release_reference	ilSelTetr1.hap1.1	ilSelTetr1.1	hap1	1	1	0	0	/data/tol/data/darwin/insects/Selenia_tetralunaria/assembly/curated/ilSelTetr1.1/ilSelTetr1.hap1.1.primary.fa.gz
Semibalanus_balanoides	arthropods	release_reference	qxSemBala4.1	qxSemBala4.1	primary	1	1	0	0	/data/tol/data/darwin/arthropods/Semibalanus_balanoides/assembly/curated/qxSemBala4.1/qxSemBala4.1.primary.fa.gz
Senecio_squalidus	dicots	release_reference	dSenSqu2.1	dSenSqu2.1	primary	1	1	0	0	/data/tol/data/darwin/dicots/Senecio_squalidus/assembly/curated/dSenSqu2.1/dSenSqu2.1.primary.fa.gz
Senecio_sylvaticus	dicots	release_reference	daSenSylv1.hap1.1	daSenSylv1.1	hap1	1	1	0	0	/data/tol/data/darwin/dicots/Senecio_sylvaticus/assembly/curated/daSenSylv1.1/daSenSylv1.hap1.1.primary.fa.gz
Senecio_viscosus	dicots	release_reference	daSenVisc1.hap1.2	daSenVisc1.2	hap1	1	2	0	0	/data/tol/data/darwin/dicots/Senecio_viscosus/assembly/curated/daSenVisc1.2/daSenVisc1.hap1.2.primary.fa.gz
Senecio_vulgaris	dicots	release_reference	daSenVulg1.hap1.1	daSenVulg1.1	hap1	1	1	0	0	/data/tol/data/darwin/dicots/Senecio_vulgaris/assembly/curated/daSenVulg1.1/daSenVulg1.hap1.1.primary.fa.gz
Senotainia_conica	insects	release_reference	idSenConi1.hap1.1	idSenConi1.1	hap1	1	1	0	0	/data/tol/data/darwin/insects/Senotainia_conica/assembly/curated/idSenConi1.1/idSenConi1.hap1.1.primary.fa.gz
Senta_flammea	insects	release_reference	ilSenFlam1.hap1.1	ilSenFlam1.1	hap1	1	1	0	0	/data/tol/data/darwin/insects/Senta_flammea/assembly/curated/ilSenFlam1.1/ilSenFlam1.hap1.1.primary.fa.gz
Sepedon_sphegea	insects	release_reference	idSepSphe2.1	idSepSphe2.1	primary	1	1	0	0	/data/tol/data/darwin/insects/Sepedon_sphegea/assembly/curated/idSepSphe2.1/idSepSphe2.1.primary.fa.gz
Sepia_officinalis	molluscs	release_reference	xcSepOffi3.1	xcSepOffi3.1	primary	1	1	0	0	/data/tol/data/darwin/molluscs/Sepia_officinalis/assembly/curated/xcSepOffi3.1/xcSepOffi3.1.primary.fa.gz
Serica_brunnea	insects	release_reference	icSerBrun1.hap1.1	icSerBrun1.1	hap1	1	1	0	0	/data/tol/data/darwin/insects/Serica_brunnea/assembly/curated/icSerBrun1.1/icSerBrun1.hap1.1.primary.fa.gz
Sericomyia_silentis	insects	release_reference	idSerSile2.1	idSerSile2.1	primary	1	1	0	0	/data/tol/data/darwin/insects/Sericomyia_silentis/assembly/curated/idSerSile2.1/idSerSile2.1.primary.fa.gz
Serpula_vermicularis	annelids	release_reference	wsSerVerm2.1	wsSerVerm2.1	primary	1	1	0	0	/data/tol/data/darwin/annelids/Serpula_vermicularis/assembly/curated/wsSerVerm2.1/wsSerVerm2.1.primary.fa.gz
Serratella_ignita	insects	release_reference	ieSerIgni4.1	ieSerIgni4.1	primary	1	1	0	0	/data/tol/data/darwin/insects/Serratella_ignita/assembly/curated/ieSerIgni4.1/ieSerIgni4.1.primary.fa.gz
Sertularella_gayi	jellyfish	release_reference	jhSerGayi1.hap1.1	jhSerGayi1.1	hap1	1	1	0	0	/data/tol/data/darwin/jellyfish/Sertularella_gayi/assembly/curated/jhSerGayi1.1/jhSerGayi1.hap1.1.primary.fa.gz
Seseli_libanotis	dicots	newest_curated_no_reference		drSesLiba3.1	hap1	1	1	0	0	/data/tol/data/darwin/dicots/Seseli_libanotis/assembly/curated/drSesLiba3.1/drSesLiba3.hap1.1.primary.fa.gz
Sesia_apiformis	insects	release_reference	ilSesApif2.1	ilSesApif2.1	legacy_curated_primary	1	1	0	0	/data/tol/data/darwin/insects/Sesia_apiformis/assembly/curated/ilSesApif2.1/ilSesApif2_1.curated_primary.fa
Sesia_bembeciformis	insects	release_reference	ilSesBemb1.1	ilSesBemb1.1	primary	1	1	0	0	/data/tol/data/darwin/insects/Sesia_bembeciformis/assembly/curated/ilSesBemb1.1/ilSesBemb1.1.primary.fa.gz
Shargacucullia_lychnitis	insects	release_reference	ilShaLych1.hap1.1	ilShaLych1.1	hap1	1	1	0	0	/data/tol/data/darwin/insects/Shargacucullia_lychnitis/assembly/curated/ilShaLych1.1/ilShaLych1.hap1.1.primary.fa.gz
Shargacucullia_verbasci	insects	release_reference	ilShaVerb5.1	ilShaVerb5.1	primary	1	1	0	0	/data/tol/data/darwin/insects/Shargacucullia_verbasci/assembly/curated/ilShaVerb5.1/ilShaVerb5.1.primary.fa.gz
Sherardia_arvensis	dicots	release_reference	daSheArve1.1	daSheArve1.1	primary	1	2	0	1	/data/tol/data/darwin/dicots/Sherardia_arvensis/assembly/curated/daSheArve1.1/daSheArve1.1.primary.fa.gz
Sialis_fuliginosa	insects	release_reference	ikSiaFuli1.1	ikSiaFuli1.1	primary	1	1	0	0	/data/tol/data/darwin/insects/Sialis_fuliginosa/assembly/curated/ikSiaFuli1.1/ikSiaFuli1.1.primary.fa.gz
Sialis_lutaria	insects	release_reference	ikSiaLuta1.1	ikSiaLuta1.1	primary	1	1	2	0	/data/tol/data/darwin/insects/Sialis_lutaria/assembly/curated/ikSiaLuta1.1/ikSiaLuta1.1.primary.fa.gz
Sibbaldia_procumbens	dicots	release_reference	drSibProc1.hap1.1	drSibProc1.1	hap1	1	1	0	0	/data/tol/data/darwin/dicots/Sibbaldia_procumbens/assembly/curated/drSibProc1.1/drSibProc1.hap1.1.primary.fa.gz
Sicus_ferrugineus	insects	release_reference	idSicFerr1.5	idSicFerr1.5	primary	1	5	1	0	/data/tol/data/darwin/insects/Sicus_ferrugineus/assembly/curated/idSicFerr1.5/idSicFerr1.5.primary.fa.gz
Silba_fumosa	insects	release_reference	idSilFumo1.hap1.1	idSilFumo1.1	hap1	1	1	0	0	/data/tol/data/darwin/insects/Silba_fumosa/assembly/curated/idSilFumo1.1/idSilFumo1.hap1.1.primary.fa.gz
Silene_acaulis	dicots	release_reference	dcSilAcau1.hap1.1	dcSilAcau1.1	hap1	1	1	0	0	/data/tol/data/darwin/dicots/Silene_acaulis/assembly/curated/dcSilAcau1.1/dcSilAcau1.hap1.1.primary.fa.gz
Silene_dioica	dicots	release_reference	dcSilDioi1.hap1.1	dcSilDioi1.1	hap1	1	1	0	0	/data/tol/data/darwin/dicots/Silene_dioica/assembly/curated/dcSilDioi1.1/dcSilDioi1.hap1.1.primary.fa.gz
Silene_noctiflora	dicots	newest_curated_no_reference		dcSilNoct2.1	hap1	1	1	0	0	/data/tol/data/darwin/dicots/Silene_noctiflora/assembly/curated/dcSilNoct2.1/dcSilNoct2.hap1.1.primary.fa.gz
Silpha_atrata	insects	release_reference	icSilAtra2.1	icSilAtra2.1	primary	1	1	1	0	/data/tol/data/darwin/insects/Silpha_atrata/assembly/curated/icSilAtra2.1/icSilAtra2.1.primary.fa.gz
Silvanus_unidentatus	insects	release_reference	icSilUnid1.1	icSilUnid1.1	primary	1	1	1	0	/data/tol/data/darwin/insects/Silvanus_unidentatus/assembly/curated/icSilUnid1.1/icSilUnid1.1.primary.fa.gz
Simacauda_dicommatias	insects	release_reference	ilSimDico1.hap1.1	ilSimDico1.1	hap1	1	1	0	0	/data/tol/data/darwin/insects/Simacauda_dicommatias/assembly/curated/ilSimDico1.1/ilSimDico1.hap1.1.primary.fa.gz
Simplicillium_lamellicola	fungi	release_reference	grSimLame1.1	grSimLame1.1	primary	1	1	0	0	/data/tol/data/darwin/fungi/Simplicillium_lamellicola/assembly/curated/grSimLame1.1/grSimLame1.1.primary.fa.gz
Simyra_albovenosa	insects	release_reference	ilSimAlbo1.hap1.1	ilSimAlbo1.1	hap1	1	1	0	0	/data/tol/data/darwin/insects/Simyra_albovenosa/assembly/curated/ilSimAlbo1.1/ilSimAlbo1.hap1.1.primary.fa.gz
Siphlonurus_alternatus	insects	release_reference	ieSipAlte2.1	ieSipAlte2.1	primary	1	1	0	0	/data/tol/data/darwin/insects/Siphlonurus_alternatus/assembly/curated/ieSipAlte2.1/ieSipAlte2.1.primary.fa.gz
Sisymbrium_orientale	dicots	newest_curated_no_reference		ddSisOrie1.1	hap1	1	1	0	0	/data/tol/data/darwin/dicots/Sisymbrium_orientale/assembly/curated/ddSisOrie1.1/ddSisOrie1.hap1.1.primary.fa.gz
Sisyra_nigra	insects	release_reference	inSisNigr1.1	inSisNigr1.1	primary	1	1	0	0	/data/tol/data/darwin/insects/Sisyra_nigra/assembly/curated/inSisNigr1.1/inSisNigr1.1.primary.fa.gz
Sisyra_terminalis	insects	release_reference	inSisTerm1.1	inSisTerm1.1	primary	1	1	0	0	/data/tol/data/darwin/insects/Sisyra_terminalis/assembly/curated/inSisTerm1.1/inSisTerm1.1.primary.fa.gz
Sitochroa_palealis	insects	release_reference	ilSitPale2.hap1.1	ilSitPale2.1	hap1	1	1	0	0	/data/tol/data/darwin/insects/Sitochroa_palealis/assembly/curated/ilSitPale2.1/ilSitPale2.hap1.1.primary.fa.gz
Sitona_cylindricollis	insects	release_reference	icSitCyli2.hap1.1	icSitCyli2.1	hap1	1	1	0	1	/data/tol/data/darwin/insects/Sitona_cylindricollis/assembly/curated/icSitCyli2.1/icSitCyli2.hap1.1.primary.fa.gz
Sitona_lineatus	insects	release_reference	icSitLine7.1	icSitLine7.1	primary	1	1	0	0	/data/tol/data/darwin/insects/Sitona_lineatus/assembly/curated/icSitLine7.1/icSitLine7.1.primary.fa.gz
Sitona_obsoletus	insects	release_reference	icSitObso1.hap1.1	icSitObso1.1	hap1	1	1	0	0	/data/tol/data/darwin/insects/Sitona_obsoletus/assembly/curated/icSitObso1.1/icSitObso1.hap1.1.primary.fa.gz
Smerinthus_ocellatus	insects	release_reference	ilSmeOcel2.hap1.1	ilSmeOcel2.1	hap1	2	2	0	0	/data/tol/data/darwin/insects/Smerinthus_ocellatus/assembly/curated/ilSmeOcel2.1/ilSmeOcel2.hap1.1.primary.fa.gz
Solanum_dulcamara	dicots	release_reference	daSolDulc1.2	daSolDulc1.2	primary	1	2	0	0	/data/tol/data/darwin/dicots/Solanum_dulcamara/assembly/curated/daSolDulc1.2/daSolDulc1.2.primary.fa.gz
Solanum_nigrum	dicots	release_reference	daSolNigr1.hap1.1	daSolNigr1.1	hap1	1	1	0	0	/data/tol/data/darwin/dicots/Solanum_nigrum/assembly/curated/daSolNigr1.1/daSolNigr1.hap1.1.primary.fa.gz
Solidago_canadensis	dicots	release_reference	daSolCann1.hap1.1	daSolCann1.1	hap1	1	1	0	0	/data/tol/data/darwin/dicots/Solidago_canadensis/assembly/curated/daSolCann1.1/daSolCann1.hap1.1.primary.fa.gz
Solidago_virgaurea	dicots	release_reference	daSolVirg1.hap1.1	daSolVirg1.1	hap1	1	1	0	0	/data/tol/data/darwin/dicots/Solidago_virgaurea/assembly/curated/daSolVirg1.1/daSolVirg1.hap1.1.primary.fa.gz
Somateria_mollissima	birds	newest_curated_no_reference		bSomMol2.1	hap1	1	1	0	1	/data/tol/data/darwin/birds/Somateria_mollissima/assembly/curated/bSomMol2.1/bSomMol2.hap1.1.primary.fa.gz
Somatochlora_arctica	insects	release_reference	ioSomArct2.hap1.1	ioSomArct2.1	hap1	1	1	0	0	/data/tol/data/darwin/insects/Somatochlora_arctica/assembly/curated/ioSomArct2.1/ioSomArct2.hap1.1.primary.fa.gz
Sonchus_oleraceus	dicots	release_reference	daSonOler1.hap1.1	daSonOler1.1	hap1	1	1	0	0	/data/tol/data/darwin/dicots/Sonchus_oleraceus/assembly/curated/daSonOler1.1/daSonOler1.hap1.1.primary.fa.gz
Sonchus_palustris	dicots	newest_curated_no_reference		daSonPalu1.1	hap1	1	1	0	0	/data/tol/data/darwin/dicots/Sonchus_palustris/assembly/curated/daSonPalu1.1/daSonPalu1.hap1.1.primary.fa.gz
Sonronius_dahlbomi	insects	release_reference	ihSonDahl1.hap1.1	ihSonDahl1.1	hap1	1	1	0	0	/data/tol/data/darwin/insects/Sonronius_dahlbomi/assembly/curated/ihSonDahl1.1/ihSonDahl1.hap1.1.primary.fa.gz
Sophronia_semicostella	insects	release_reference	ilSopSemi1.hap1.1	ilSopSemi1.1	hap1	1	1	0	0	/data/tol/data/darwin/insects/Sophronia_semicostella/assembly/curated/ilSopSemi1.1/ilSopSemi1.hap1.1.primary.fa.gz
Sorbus_anglica	dicots	newest_curated_no_reference		drSorAngl1.1	hap1	1	1	0	0	/data/tol/data/darwin/dicots/Sorbus_anglica/assembly/curated/drSorAngl1.1/drSorAngl1.hap1.1.primary.fa.gz
Sorbus_bristoliensis	dicots	release_reference	drSorBris1.hap1.1	drSorBris1.1	hap1	1	1	0	0	/data/tol/data/darwin/dicots/Sorbus_bristoliensis/assembly/curated/drSorBris1.1/drSorBris1.hap1.1.primary.fa.gz
Sorbus_devoniensis	dicots	release_reference	drSorDevo1.hap1.1	drSorDevo1.1	hap1	1	1	0	0	/data/tol/data/darwin/dicots/Sorbus_devoniensis/assembly/curated/drSorDevo1.1/drSorDevo1.hap1.1.primary.fa.gz
Southbya_tophacea	non-vascular-plants	release_reference	cjSouToph1.1	cjSouToph1.1	primary	1	1	0	0	/data/tol/data/darwin/non-vascular-plants/Southbya_tophacea/assembly/curated/cjSouToph1.1/cjSouToph1.1.primary.fa.gz
Spania_nigra	insects	release_reference	idSpaNigr1.hap1.1	idSpaNigr1.1	hap1	1	1	0	0	/data/tol/data/darwin/insects/Spania_nigra/assembly/curated/idSpaNigr1.1/idSpaNigr1.hap1.1.primary.fa.gz
Sparassis_minoensis	fungi	release_reference	gfSpaMino1.hap1.1	gfSpaMino1.1	hap1	1	1	0	0	/data/tol/data/darwin/fungi/Sparassis_minoensis/assembly/curated/gfSpaMino1.1/gfSpaMino1.hap1.1.primary.fa.gz
Sparganium_emersum	monocots	release_reference	lpSpaEmer1.hap1.2	lpSpaEmer1.2	hap1	1	2	0	0	/data/tol/data/darwin/monocots/Sparganium_emersum/assembly/curated/lpSpaEmer1.2/lpSpaEmer1.hap1.2.primary.fa.gz
Sparganium_erectum	monocots	release_reference	lpSpaErec1.hap1.2	lpSpaErec1.2	hap1	1	2	0	0	/data/tol/data/darwin/monocots/Sparganium_erectum/assembly/curated/lpSpaErec1.2/lpSpaErec1.hap1.2.primary.fa.gz
Spatula_clypeata	birds	release_reference	bSpaCly1.hap1.1	bSpaCly1.1	hap1	1	1	0	0	/data/tol/data/darwin/birds/Spatula_clypeata/assembly/curated/bSpaCly1.1/bSpaCly1.hap1.1.primary.fa.gz
Spergula_arvensis	dicots	release_reference	dcSpeArve1.hap1.1	dcSpeArve1.1	hap1	1	1	0	0	/data/tol/data/darwin/dicots/Spergula_arvensis/assembly/curated/dcSpeArve1.1/dcSpeArve1.hap1.1.primary.fa.gz
Spergularia_bocconei	dicots	release_reference	dcSpeBocc1.1	dcSpeBocc1.1	primary	1	1	0	0	/data/tol/data/darwin/dicots/Spergularia_bocconei/assembly/curated/dcSpeBocc1.1/dcSpeBocc1.1.primary.fa.gz
Spergularia_marina	dicots	release_reference	dcSpeMari1.1	dcSpeMari1.1	primary	1	1	0	0	/data/tol/data/darwin/dicots/Spergularia_marina/assembly/curated/dcSpeMari1.1/dcSpeMari1.1.primary.fa.gz
Sphaeridium_bipustulatum	insects	release_reference	icSphBipu4.1	icSphBipu4.1	primary	1	1	0	0	/data/tol/data/darwin/insects/Sphaeridium_bipustulatum/assembly/curated/icSphBipu4.1/icSphBipu4.1.primary.fa.gz
Sphaerium_corneum	molluscs	release_reference	xbSphCorn4.1	xbSphCorn4.1	primary	1	1	0	0	/data/tol/data/darwin/molluscs/Sphaerium_corneum/assembly/curated/xbSphCorn4.1/xbSphCorn4.1.primary.fa.gz
Sphaerocystis_schroeteri	algae	release_reference	ucSphSchr1.1	ucSphSchr1.1	primary	1	1	0	0	/data/tol/data/darwin/algae/Sphaerocystis_schroeteri/assembly/curated/ucSphSchr1.1/ucSphSchr1.1.primary.fa.gz
Sphaeroderma_testaceum	insects	release_reference	icSphTest1.hap1.1	icSphTest1.1	hap1	1	1	0	0	/data/tol/data/darwin/insects/Sphaeroderma_testaceum/assembly/curated/icSphTest1.1/icSphTest1.hap1.1.primary.fa.gz
Sphaeroma_serratum	arthropods	release_reference	qmSphSerr1.hap1.1	qmSphSerr1.1	hap1	1	1	0	0	/data/tol/data/darwin/arthropods/Sphaeroma_serratum/assembly/curated/qmSphSerr1.1/qmSphSerr1.hap1.1.primary.fa.gz
Sphaerophoria_rueppellii	insects	release_reference	idSphRuep1.hap1.1	idSphRuep1.1	hap1	1	1	0	0	/data/tol/data/darwin/insects/Sphaerophoria_rueppellii/assembly/curated/idSphRuep1.1/idSphRuep1.hap1.1.primary.fa.gz
Sphaerophoria_scripta	insects	release_reference	idSphScri2.hap1.1	idSphScri2.1	hap1	1	1	0	0	/data/tol/data/darwin/insects/Sphaerophoria_scripta/assembly/curated/idSphScri2.1/idSphScri2.hap1.1.primary.fa.gz
Sphaerophoria_taeniata	insects	release_reference	idSphTaen1.1	idSphTaen1.1	primary	1	1	2	0	/data/tol/data/darwin/insects/Sphaerophoria_taeniata/assembly/curated/idSphTaen1.1/idSphTaen1.1.primary.fa.gz
Sphagnum_capillifolium	non-vascular-plants	release_reference	csSphCapi1.1	csSphCapi1.1	primary	1	1	0	0	/data/tol/data/darwin/non-vascular-plants/Sphagnum_capillifolium/assembly/curated/csSphCapi1.1/csSphCapi1.1.primary.fa.gz
Sphagnum_compactum	non-vascular-plants	newest_curated_no_reference		csSphComp2.1	primary	1	1	0	0	/data/tol/data/darwin/non-vascular-plants/Sphagnum_compactum/assembly/curated/csSphComp2.1/csSphComp2.1.primary.fa.gz
Sphagnum_contortum	non-vascular-plants	release_reference	csSphCont2.2	csSphCont2.2	primary	1	2	0	0	/data/tol/data/darwin/non-vascular-plants/Sphagnum_contortum/assembly/curated/csSphCont2.2/csSphCont2.2.primary.fa.gz
Sphagnum_fallax	non-vascular-plants	newest_curated_no_reference		csSphFall11.1	primary	1	1	0	0	/data/tol/data/darwin/non-vascular-plants/Sphagnum_fallax/assembly/curated/csSphFall11.1/csSphFall11.1.primary.fa.gz
Sphagnum_fimbriatum	non-vascular-plants	release_reference	csSphFimb3.1	csSphFimb3.1	primary	1	1	0	0	/data/tol/data/darwin/non-vascular-plants/Sphagnum_fimbriatum/assembly/curated/csSphFimb3.1/csSphFimb3.1.primary.fa.gz
Sphagnum_girgensohnii	non-vascular-plants	release_reference	csSphGirg1.1	csSphGirg1.1	primary	1	1	0	0	/data/tol/data/darwin/non-vascular-plants/Sphagnum_girgensohnii/assembly/curated/csSphGirg1.1/csSphGirg1.1.primary.fa.gz
Sphagnum_lindbergii	non-vascular-plants	release_reference	csSphLind2.1	csSphLind2.1	primary	1	1	0	0	/data/tol/data/darwin/non-vascular-plants/Sphagnum_lindbergii/assembly/curated/csSphLind2.1/csSphLind2.1.primary.fa.gz
Sphagnum_palustre	non-vascular-plants	release_reference	csSphPalu1.2	csSphPalu1.2	primary	1	2	0	0	/data/tol/data/darwin/non-vascular-plants/Sphagnum_palustre/assembly/curated/csSphPalu1.2/csSphPalu1.2.primary.fa.gz
Sphagnum_papillosum	non-vascular-plants	release_reference	csSphPapi3.1	csSphPapi3.1	primary	1	1	0	0	/data/tol/data/darwin/non-vascular-plants/Sphagnum_papillosum/assembly/curated/csSphPapi3.1/csSphPapi3.1.primary.fa.gz
Sphagnum_riparium	non-vascular-plants	release_reference	csSphRipa1.1	csSphRipa1.1	primary	1	1	0	0	/data/tol/data/darwin/non-vascular-plants/Sphagnum_riparium/assembly/curated/csSphRipa1.1/csSphRipa1.1.primary.fa.gz
Sphagnum_rubellum	non-vascular-plants	release_reference	csSphRube1.1	csSphRube1.1	primary	1	1	0	0	/data/tol/data/darwin/non-vascular-plants/Sphagnum_rubellum/assembly/curated/csSphRube1.1/csSphRube1.1.primary.fa.gz
Sphagnum_russowii	non-vascular-plants	release_reference	csSphRuss3.1	csSphRuss3.1	primary	1	1	0	0	/data/tol/data/darwin/non-vascular-plants/Sphagnum_russowii/assembly/curated/csSphRuss3.1/csSphRuss3.1.primary.fa.gz
Sphagnum_squarrosum	non-vascular-plants	release_reference	csSphSqua2.1	csSphSqua2.1	primary	1	1	0	0	/data/tol/data/darwin/non-vascular-plants/Sphagnum_squarrosum/assembly/curated/csSphSqua2.1/csSphSqua2.1.primary.fa.gz
Sphagnum_tenellum	non-vascular-plants	newer_curation_than_reference	csSphTene1.1	csSphTene1.2	primary	1	2	0	0	/data/tol/data/darwin/non-vascular-plants/Sphagnum_tenellum/assembly/curated/csSphTene1.2/csSphTene1.2.primary.fa.gz
Sphagnum_teres	non-vascular-plants	release_reference	csSphTere1.1	csSphTere1.1	primary	1	1	0	0	/data/tol/data/darwin/non-vascular-plants/Sphagnum_teres/assembly/curated/csSphTere1.1/csSphTere1.1.primary.fa.gz
Sphecodes_crassus	insects	release_reference	iySphCras2.hap1.1	iySphCras2.1	hap1	1	1	0	0	/data/tol/data/darwin/insects/Sphecodes_crassus/assembly/curated/iySphCras2.1/iySphCras2.hap1.1.primary.fa.gz
Sphecodes_ephippius	insects	release_reference	iySphEphi1.1	iySphEphi1.1	primary	1	1	1	0	/data/tol/data/darwin/insects/Sphecodes_ephippius/assembly/curated/iySphEphi1.1/iySphEphi1.1.primary.fa.gz
Sphecodes_longulus	insects	release_reference	iySphLong1.hap1.1	iySphLong1.1	hap1	1	1	0	0	/data/tol/data/darwin/insects/Sphecodes_longulus/assembly/curated/iySphLong1.1/iySphLong1.hap1.1.primary.fa.gz
Sphecodes_monilicornis	insects	release_reference	iySphMoni1.3	iySphMoni1.3	primary	1	3	2	0	/data/tol/data/darwin/insects/Sphecodes_monilicornis/assembly/curated/iySphMoni1.3/iySphMoni1.3.primary.fa.gz
Sphecodes_pellucidus	insects	release_reference	iySphPell1.hap1.1	iySphPell1.1	hap1	1	1	0	0	/data/tol/data/darwin/insects/Sphecodes_pellucidus/assembly/curated/iySphPell1.1/iySphPell1.hap1.1.primary.fa.gz
Sphecodes_puncticeps	insects	release_reference	iySphPunc1.hap1.1	iySphPunc1.1	hap1	1	1	0	0	/data/tol/data/darwin/insects/Sphecodes_puncticeps/assembly/curated/iySphPunc1.1/iySphPunc1.hap1.1.primary.fa.gz
Sphecodes_scabricollis	insects	release_reference	iySphScab1.1	iySphScab1.1	primary	1	1	0	0	/data/tol/data/darwin/insects/Sphecodes_scabricollis/assembly/curated/iySphScab1.1/iySphScab1.1.primary.fa.gz
Sphenella_marginata	insects	release_reference	idSphMarg1.1	idSphMarg1.1	primary	1	1	0	0	/data/tol/data/darwin/insects/Sphenella_marginata/assembly/curated/idSphMarg1.1/idSphMarg1.1.primary.fa.gz
Sphinx_ligustri	insects	release_reference	ilSphLigu1.hap1.1	ilSphLigu1.1	hap1	1	1	0	0	/data/tol/data/darwin/insects/Sphinx_ligustri/assembly/curated/ilSphLigu1.1/ilSphLigu1.hap1.1.primary.fa.gz
Sphinx_pinastri	insects	release_reference	ilSphPina1.1	ilSphPina1.1	primary	1	1	0	0	/data/tol/data/darwin/insects/Sphinx_pinastri/assembly/curated/ilSphPina1.1/ilSphPina1.1.primary.fa.gz
Spilarctia_lutea	insects	release_reference	ilSpiLutu1.1	ilSpiLutu1.1	legacy_curated_primary	1	1	0	0	/data/tol/data/darwin/insects/Spilarctia_lutea/assembly/curated/ilSpiLutu1.1/ilSpiLutu1_1.curated_primary.fa
Spilosoma_lubricipeda	insects	release_reference	ilSpiLubr1.1	ilSpiLubr1.1	primary	1	1	0	0	/data/tol/data/darwin/insects/Spilosoma_lubricipeda/assembly/curated/ilSpiLubr1.1/ilSpiLubr1.1.primary.fa.gz
Spilosoma_urticae	insects	release_reference	ilSpiUrti1.hap1.1	ilSpiUrti1.1	hap1	1	1	0	0	/data/tol/data/darwin/insects/Spilosoma_urticae/assembly/curated/ilSpiUrti1.1/ilSpiUrti1.hap1.1.primary.fa.gz
Spinacia_oleracea	dicots	newest_curated_no_reference		dcSpiOler1.1	hap1	1	1	0	0	/data/tol/data/darwin/dicots/Spinacia_oleracea/assembly/curated/dcSpiOler1.1/dcSpiOler1.hap1.1.primary.fa.gz
Spinus_spinus	birds	release_reference	bSpiSpi3.hap1.1	bSpiSpi3.1	hap1	1	1	0	0	/data/tol/data/darwin/birds/Spinus_spinus/assembly/curated/bSpiSpi3.1/bSpiSpi3.hap1.1.primary.fa.gz
Spiraea_salicifolia	dicots	release_reference	drSpiSali1.hap1.1	drSpiSali1.1	hap1	1	1	0	0	/data/tol/data/darwin/dicots/Spiraea_salicifolia/assembly/curated/drSpiSali1.1/drSpiSali1.hap1.1.primary.fa.gz
Spisula_solida	molluscs	release_reference	xbSpiSoli1.1	xbSpiSoli1.1	primary	1	1	0	0	/data/tol/data/darwin/molluscs/Spisula_solida/assembly/curated/xbSpiSoli1.1/xbSpiSoli1.1.primary.fa.gz
Spisula_subtruncata	molluscs	release_reference	xbSpiSubt1.1	xbSpiSubt1.1	primary	1	1	0	0	/data/tol/data/darwin/molluscs/Spisula_subtruncata/assembly/curated/xbSpiSubt1.1/xbSpiSubt1.1.primary.fa.gz
Splachnum_sphaericum	non-vascular-plants	release_reference	cbSplSpha4.1	cbSplSpha4.1	primary	1	1	0	0	/data/tol/data/darwin/non-vascular-plants/Splachnum_sphaericum/assembly/curated/cbSplSpha4.1/cbSplSpha4.1.primary.fa.gz
Spodoptera_exigua	insects	newest_curated_no_reference		ilSpoExig1.1	hap1	1	1	0	0	/data/tol/data/darwin/insects/Spodoptera_exigua/assembly/curated/ilSpoExig1.1/ilSpoExig1.hap1.1.primary.fa.gz
Sprattus_sprattus	fish	release_reference	fSprSpr1.1	fSprSpr1.1	primary	1	1	0	0	/data/tol/data/darwin/fish/Sprattus_sprattus/assembly/curated/fSprSpr1.1/fSprSpr1.1.primary.fa
Spuleria_flavicaput	insects	release_reference	ilSpuFlav1.hap1.1	ilSpuFlav1.1	hap1	1	1	0	0	/data/tol/data/darwin/insects/Spuleria_flavicaput/assembly/curated/ilSpuFlav1.1/ilSpuFlav1.hap1.1.primary.fa.gz
Squalius_cephalus	fish	release_reference	fSquCep2.1	fSquCep2.1	primary	1	1	0	0	/data/tol/data/darwin/fish/Squalius_cephalus/assembly/curated/fSquCep2.1/fSquCep2.1.primary.fa.gz
Stachys_alpina	dicots	release_reference	daStaAlpi1.hap1.1	daStaAlpi1.1	hap1	1	1	0	0	/data/tol/data/darwin/dicots/Stachys_alpina/assembly/curated/daStaAlpi1.1/daStaAlpi1.hap1.1.primary.fa.gz
Stagnicola_palustris	molluscs	release_reference	xgStaPalu1.hap1.1	xgStaPalu1.1	hap1	1	1	0	0	/data/tol/data/darwin/molluscs/Stagnicola_palustris/assembly/curated/xgStaPalu1.1/xgStaPalu1.hap1.1.primary.fa.gz
Standfussiana_lucernea	insects	release_reference	ilStaLuce1.hap1.1	ilStaLuce1.1	hap1	1	1	0	0	/data/tol/data/darwin/insects/Standfussiana_lucernea/assembly/curated/ilStaLuce1.1/ilStaLuce1.hap1.1.primary.fa.gz
Staphylinus_erythropterus	insects	release_reference	icStaEryt1.hap1.1	icStaEryt1.1	hap1	1	1	0	0	/data/tol/data/darwin/insects/Staphylinus_erythropterus/assembly/curated/icStaEryt1.1/icStaEryt1.hap1.1.primary.fa.gz
Stathmopoda_pedella	insects	release_reference	ilStaPede1.hap2.1	ilStaPede1.1	hap2	1	1	0	0	/data/tol/data/darwin/insects/Stathmopoda_pedella/assembly/curated/ilStaPede1.1/ilStaPede1.hap2.1.primary.fa.gz
Stelis_phaeoptera	insects	release_reference	iyStePhae1.1	iyStePhae1.1	primary	1	1	0	0	/data/tol/data/darwin/insects/Stelis_phaeoptera/assembly/curated/iyStePhae1.1/iyStePhae1.1.primary.fa.gz
Stenagostus_rhombeus	insects	release_reference	icSteRhom1.hap2.1	icSteRhom1.1	hap2	1	1	0	0	/data/tol/data/darwin/insects/Stenagostus_rhombeus/assembly/curated/icSteRhom1.1/icSteRhom1.hap2.1.primary.fa.gz
Stenella_coeruleoalba	mammals	release_reference	mSteCoe1.1	mSteCoe1.1	primary	1	1	0	0	/data/tol/data/darwin/mammals/Stenella_coeruleoalba/assembly/curated/mSteCoe1.1/mSteCoe1.1.primary.fa.gz
Stenepteryx_hirundinis	insects	release_reference	idSteHiru2.hap1.1	idSteHiru2.1	hap1	1	1	0	0	/data/tol/data/darwin/insects/Stenepteryx_hirundinis/assembly/curated/idSteHiru2.1/idSteHiru2.hap1.1.primary.fa.gz
Stenichneumon_culpator	insects	release_reference	iySteCulp1.1	iySteCulp1.1	primary	1	1	0	0	/data/tol/data/darwin/insects/Stenichneumon_culpator/assembly/curated/iySteCulp1.1/iySteCulp1.1.primary.fa.gz
Stenocarus_ruficornis	insects	release_reference	icSteRufc1.hap1.1	icSteRufc1.1	hap1	1	1	0	0	/data/tol/data/darwin/insects/Stenocarus_ruficornis/assembly/curated/icSteRufc1.1/icSteRufc1.hap1.1.primary.fa.gz
Stenodema_calcarata	insects	release_reference	ihSteCalc1.1	ihSteCalc1.1	primary	1	1	2	0	/data/tol/data/darwin/insects/Stenodema_calcarata/assembly/curated/ihSteCalc1.1/ihSteCalc1.1.primary.fa.gz
Stenodema_holsata	insects	release_reference	ihSteHols2.1	ihSteHols2.1	primary	1	1	0	0	/data/tol/data/darwin/insects/Stenodema_holsata/assembly/curated/ihSteHols2.1/ihSteHols2.1.primary.fa.gz
Stenoptilia_bipunctidactyla	insects	release_reference	ilSteBipu1.1	ilSteBipu1.1	primary	1	1	0	0	/data/tol/data/darwin/insects/Stenoptilia_bipunctidactyla/assembly/curated/ilSteBipu1.1/ilSteBipu1.1.primary.fa.gz
Stenoptilia_pterodactyla	insects	release_reference	ilStePter3.hap1.1	ilStePter3.1	hap1	2	2	0	1	/data/tol/data/darwin/insects/Stenoptilia_pterodactyla/assembly/curated/ilStePter3.1/ilStePter3.hap1.1.primary.fa.gz
Stenurella_melanura	insects	release_reference	icSteMela1.1	icSteMela1.1	primary	1	1	0	0	/data/tol/data/darwin/insects/Stenurella_melanura/assembly/curated/icSteMela1.1/icSteMela1.1.primary.fa.gz
Stenus_bimaculatus	insects	release_reference	icSteBima1.1	icSteBima1.1	primary	1	1	0	0	/data/tol/data/darwin/insects/Stenus_bimaculatus/assembly/curated/icSteBima1.1/icSteBima1.1.primary.fa.gz
Stenus_solutus	insects	release_reference	icSteSolu1.1	icSteSolu1.1	primary	1	1	0	0	/data/tol/data/darwin/insects/Stenus_solutus/assembly/curated/icSteSolu1.1/icSteSolu1.1.primary.fa.gz
Stereodon_callichrous	non-vascular-plants	release_reference	cbSteCall4.1	cbSteCall4.1	primary	1	1	0	0	/data/tol/data/darwin/non-vascular-plants/Stereodon_callichrous/assembly/curated/cbSteCall4.1/cbSteCall4.1.primary.fa.gz
Sterna_paradisaea	birds	release_reference	bStePaa1.hap1.1	bStePaa1.1	hap1	1	1	0	0	/data/tol/data/darwin/birds/Sterna_paradisaea/assembly/curated/bStePaa1.1/bStePaa1.hap1.1.primary.fa.gz
Sternaspis_cf_scutata_NHMUK_ANEA_2019	annelids	newest_curated_no_reference		wtSteSpea4.1	hap1	1	1	0	0	/data/tol/data/darwin/annelids/Sternaspis_cf_scutata_NHMUK_ANEA_2019/assembly/curated/wtSteSpea4.1/wtSteSpea4.hap1.1.primary.fa.gz
Steromphala_cineraria	molluscs	release_reference	xgSteCine2.1	xgSteCine2.1	legacy_curated_primary	1	1	0	0	/data/tol/data/darwin/molluscs/Steromphala_cineraria/assembly/curated/xgSteCine2.1/xgSteCine2_1.curated_primary.fa
Sthenelais_limicola	annelids	release_reference	wpSthLimi1.1	wpSthLimi1.1	primary	1	1	0	0	/data/tol/data/darwin/annelids/Sthenelais_limicola/assembly/curated/wpSthLimi1.1/wpSthLimi1.1.primary.fa.gz
Stictoleptura_scutellata	insects	release_reference	icStiScut1.hap1.1	icStiScut1.1	hap1	1	1	0	0	/data/tol/data/darwin/insects/Stictoleptura_scutellata/assembly/curated/icStiScut1.1/icStiScut1.hap1.1.primary.fa.gz
Stictopleurus_punctatonervosus	insects	release_reference	ihStiPunc2.1	ihStiPunc2.1	primary	1	1	0	0	/data/tol/data/darwin/insects/Stictopleurus_punctatonervosus/assembly/curated/ihStiPunc2.1/ihStiPunc2.1.primary.fa.gz
Stilbops_ruficornis	insects	release_reference	iyStiRufi2.1	iyStiRufi2.1	primary	1	1	0	0	/data/tol/data/darwin/insects/Stilbops_ruficornis/assembly/curated/iyStiRufi2.1/iyStiRufi2.1.primary.fa.gz
Stomorhina_lunata	insects	release_reference	idStoLuna1.1	idStoLuna1.1	primary	1	1	0	0	/data/tol/data/darwin/insects/Stomorhina_lunata/assembly/curated/idStoLuna1.1/idStoLuna1.1.primary.fa.gz
Stomoxys_calcitrans	insects	release_reference	idStoCalc2.1	idStoCalc2.1	primary	1	1	0	0	/data/tol/data/darwin/insects/Stomoxys_calcitrans/assembly/curated/idStoCalc2.1/idStoCalc2.1.primary.fa.gz
Stragania_apicalis	insects	release_reference	ihStrApic1.hap1.1	ihStrApic1.1	hap1	1	1	0	0	/data/tol/data/darwin/insects/Stragania_apicalis/assembly/curated/ihStrApic1.1/ihStrApic1.hap1.1.primary.fa.gz
Straminergon_stramineum	non-vascular-plants	release_reference	cbStrStra4.1	cbStrStra4.1	primary	1	1	0	0	/data/tol/data/darwin/non-vascular-plants/Straminergon_stramineum/assembly/curated/cbStrStra4.1/cbStrStra4.1.primary.fa.gz
Stratiomys_singularior	insects	release_reference	idStrSing1.1	idStrSing1.1	primary	1	1	0	0	/data/tol/data/darwin/insects/Stratiomys_singularior/assembly/curated/idStrSing1.1/idStrSing1.1.primary.fa.gz
Streptopelia_decaocto	birds	release_reference	bStrDea1.hap1.1	bStrDea1.1	hap1	1	1	0	0	/data/tol/data/darwin/birds/Streptopelia_decaocto/assembly/curated/bStrDea1.1/bStrDea1.hap1.1.primary.fa.gz
Streptopelia_turtur	birds	release_reference	bStrTur1.2	bStrTur1.2	primary	1	2	0	0	/data/tol/data/darwin/birds/Streptopelia_turtur/assembly/curated/bStrTur1.2/bStrTur1.2.primary.fa.gz
Strigamia_acuminata	arthropods	release_reference	qcStrAcum1.1	qcStrAcum1.1	primary	1	1	0	0	/data/tol/data/darwin/arthropods/Strigamia_acuminata/assembly/curated/qcStrAcum1.1/qcStrAcum1.1.primary.fa.gz
Strix_aluco	birds	newest_curated_no_reference		bStrAlu2.1	hap1	1	1	0	0	/data/tol/data/darwin/birds/Strix_aluco/assembly/curated/bStrAlu2.1/bStrAlu2.hap1.1.primary.fa.gz
Stromboceros_delicatulus	insects	release_reference	iyStrDeli1.hap1.1	iyStrDeli1.1	hap1	1	1	0	0	/data/tol/data/darwin/insects/Stromboceros_delicatulus/assembly/curated/iyStrDeli1.1/iyStrDeli1.hap1.1.primary.fa.gz
Strophosoma_melanogrammum	insects	release_reference	icStrMela3.hap1.1	icStrMela3.1	hap1	1	1	0	0	/data/tol/data/darwin/insects/Strophosoma_melanogrammum/assembly/curated/icStrMela3.1/icStrMela3.hap1.1.primary.fa.gz
Stuckenia_pectinata	monocots	release_reference	laStuPect1.hap1.1	laStuPect1.1	hap1	1	1	0	0	/data/tol/data/darwin/monocots/Stuckenia_pectinata/assembly/curated/laStuPect1.1/laStuPect1.hap1.1.primary.fa.gz
Sturmia_bella	insects	release_reference	idStuBell1.1	idStuBell1.1	primary	1	1	1	0	/data/tol/data/darwin/insects/Sturmia_bella/assembly/curated/idStuBell1.1/idStuBell1.1.primary.fa.gz
Sturnus_vulgaris	birds	newest_curated_no_reference		bStuVul2.1	hap1	1	1	0	0	/data/tol/data/darwin/birds/Sturnus_vulgaris/assembly/curated/bStuVul2.1/bStuVul2.hap1.1.primary.fa.gz
Styela_clava	chordates	release_reference	kaStyClav1.hap1.2	kaStyClav1.2	hap1	1	2	0	0	/data/tol/data/darwin/chordates/Styela_clava/assembly/curated/kaStyClav1.2/kaStyClav1.hap1.2.primary.fa.gz
Stylops_aterrimus	insects	release_reference	ivStyAtei1.1	ivStyAtei1.1	primary	1	1	2	1	/data/tol/data/darwin/insects/Stylops_aterrimus/assembly/curated/ivStyAtei1.1/ivStyAtei1.1.primary.fa.gz
Suaeda_maritima	dicots	release_reference	dcSuaMari1.hap1.1	dcSuaMari1.1	hap1	1	1	0	0	/data/tol/data/darwin/dicots/Suaeda_maritima/assembly/curated/dcSuaMari1.1/dcSuaMari1.hap1.1.primary.fa.gz
Subacronicta_megacephala	insects	release_reference	ilSubMega1.2	ilSubMega1.2	primary	1	2	0	0	/data/tol/data/darwin/insects/Subacronicta_megacephala/assembly/curated/ilSubMega1.2/ilSubMega1.2.primary.fa.gz
Subcoccinella_vigintiquattuorpunctata	insects	release_reference	icSubVigi2.1	icSubVigi2.1	primary	1	1	0	0	/data/tol/data/darwin/insects/Subcoccinella_vigintiquattuorpunctata/assembly/curated/icSubVigi2.1/icSubVigi2.1.primary.fa.gz
Succisa_pratensis	dicots	release_reference	daSucPrat4.hap1.2	daSucPrat4.2	hap1	1	2	0	0	/data/tol/data/darwin/dicots/Succisa_pratensis/assembly/curated/daSucPrat4.2/daSucPrat4.hap1.2.primary.fa.gz
Suillia_affinis	insects	release_reference	idSuiAffi2.hap1.1	idSuiAffi2.1	hap1	1	1	0	0	/data/tol/data/darwin/insects/Suillia_affinis/assembly/curated/idSuiAffi2.1/idSuiAffi2.hap1.1.primary.fa.gz
Suillia_flava	insects	release_reference	idSuiFlav1.hap1.1	idSuiFlav1.1	hap1	1	1	0	0	/data/tol/data/darwin/insects/Suillia_flava/assembly/curated/idSuiFlav1.1/idSuiFlav1.hap1.1.primary.fa.gz
Suillia_notata	insects	release_reference	idSuiNota2.1	idSuiNota2.1	primary	1	1	0	0	/data/tol/data/darwin/insects/Suillia_notata/assembly/curated/idSuiNota2.1/idSuiNota2.1.primary.fa.gz
Suillia_pallida	insects	release_reference	idSuiPall2.1	idSuiPall2.1	primary	1	1	0	0	/data/tol/data/darwin/insects/Suillia_pallida/assembly/curated/idSuiPall2.1/idSuiPall2.1.primary.fa.gz
Suillia_variegata	insects	release_reference	idSuiVari3.1	idSuiVari3.1	primary	1	1	0	0	/data/tol/data/darwin/insects/Suillia_variegata/assembly/curated/idSuiVari3.1/idSuiVari3.1.primary.fa.gz
Suillus_viscidus	fungi	newest_curated_no_reference		gfSuiVisc1.1	hap1	1	1	0	0	/data/tol/data/darwin/fungi/Suillus_viscidus/assembly/curated/gfSuiVisc1.1/gfSuiVisc1.hap1.1.primary.fa.gz
Sussaba_pulchella	insects	release_reference	iySusPulc1.1	iySusPulc1.1	primary	1	1	0	0	/data/tol/data/darwin/insects/Sussaba_pulchella/assembly/curated/iySusPulc1.1/iySusPulc1.1.primary.fa.gz
Sycon_ciliatum	sponges	release_reference	ocSycCili1.1	ocSycCili1.1	primary	1	1	29	1	/data/tol/data/darwin/sponges/Sycon_ciliatum/assembly/curated/ocSycCili1.1/ocSycCili1.1.primary.fa.gz
Sylvicola_cinctus	insects	newer_curation_than_reference	idSylCinc2.1	idSylCinc2.2	primary	1	2	0	0	/data/tol/data/darwin/insects/Sylvicola_cinctus/assembly/curated/idSylCinc2.2/idSylCinc2.2.primary.fa.gz
Symmerus_annulatus	insects	release_reference	idSymAnnu2.1	idSymAnnu2.1	primary	1	1	0	0	/data/tol/data/darwin/insects/Symmerus_annulatus/assembly/curated/idSymAnnu2.1/idSymAnnu2.1.primary.fa.gz
Symmorphus_gracilis	insects	release_reference	iySymGrac1.hap1.1	iySymGrac1.1	hap1	1	1	0	0	/data/tol/data/darwin/insects/Symmorphus_gracilis/assembly/curated/iySymGrac1.1/iySymGrac1.hap1.1.primary.fa.gz
Sympetrum_sanguineum	insects	release_reference	ioSymSang1.hap2.1	ioSymSang1.1	hap2	1	1	1	0	/data/tol/data/darwin/insects/Sympetrum_sanguineum/assembly/curated/ioSymSang1.1/ioSymSang1.hap2.1.primary.fa.gz
Sympetrum_striolatum	insects	release_reference	ioSymStri1.1	ioSymStri1.1	primary	1	1	1	0	/data/tol/data/darwin/insects/Sympetrum_striolatum/assembly/curated/ioSymStri1.1/ioSymStri1.1.primary.fa.gz
Symphodus_melops	fish	release_reference	fSymMel2.1	fSymMel2.1	primary	1	1	0	0	/data/tol/data/darwin/fish/Symphodus_melops/assembly/curated/fSymMel2.1/fSymMel2.1.primary.fa.gz
Synanthedon_andrenaeformis	insects	release_reference	ilSynAndr1.2	ilSynAndr1.2	primary	1	2	0	0	/data/tol/data/darwin/insects/Synanthedon_andrenaeformis/assembly/curated/ilSynAndr1.2/ilSynAndr1.2.primary.fa.gz
Synanthedon_formicaeformis	insects	release_reference	ilSynForm1.1	ilSynForm1.1	primary	1	1	0	0	/data/tol/data/darwin/insects/Synanthedon_formicaeformis/assembly/curated/ilSynForm1.1/ilSynForm1.1.primary.fa.gz
Synanthedon_myopaeformis	insects	release_reference	ilSynMyop1.1	ilSynMyop1.1	primary	1	1	0	0	/data/tol/data/darwin/insects/Synanthedon_myopaeformis/assembly/curated/ilSynMyop1.1/ilSynMyop1.1.primary.fa.gz
Synanthedon_tipuliformis	insects	release_reference	ilSynTipu2.1	ilSynTipu2.1	primary	1	1	0	0	/data/tol/data/darwin/insects/Synanthedon_tipuliformis/assembly/curated/ilSynTipu2.1/ilSynTipu2.1.primary.fa.gz
Synanthedon_vespiformis	insects	release_reference	ilSynVesp1.1	ilSynVesp1.1	primary	1	1	0	0	/data/tol/data/darwin/insects/Synanthedon_vespiformis/assembly/curated/ilSynVesp1.1/ilSynVesp1.1.primary.fa.gz
Syndemis_musculana	insects	release_reference	ilSynMusc1.hap1.1	ilSynMusc1.1	hap1	1	1	0	0	/data/tol/data/darwin/insects/Syndemis_musculana/assembly/curated/ilSynMusc1.1/ilSynMusc1.hap1.1.primary.fa.gz
Syngnathus_acus	fish	release_reference	fSynAcu1.2	fSynAcu1.2	primary	2	3	0	0	/data/tol/data/darwin/fish/Syngnathus_acus/assembly/curated/fSynAcu1.2/fSynAcu1.2.primary.fa.gz
Synophropsis_lauri	insects	release_reference	ihSynLaur1.hap1.1	ihSynLaur1.1	hap1	1	1	0	0	/data/tol/data/darwin/insects/Synophropsis_lauri/assembly/curated/ihSynLaur1.1/ihSynLaur1.hap1.1.primary.fa.gz
Syntrichia_ruraliformis	non-vascular-plants	release_reference	cbSynRurl1.1	cbSynRurl1.1	primary	1	1	0	0	/data/tol/data/darwin/non-vascular-plants/Syntrichia_ruraliformis/assembly/curated/cbSynRurl1.1/cbSynRurl1.1.primary.fa.gz
Syringa_vulgaris	dicots	release_reference	daSyrVulg1.hap1.2	daSyrVulg1.2	hap1	1	2	0	0	/data/tol/data/darwin/dicots/Syringa_vulgaris/assembly/curated/daSyrVulg1.2/daSyrVulg1.hap1.2.primary.fa.gz
Syritta_pipiens	insects	release_reference	idSyrPipi1.1	idSyrPipi1.1	primary	1	1	0	0	/data/tol/data/darwin/insects/Syritta_pipiens/assembly/curated/idSyrPipi1.1/idSyrPipi1.1.primary.fa.gz
Syrphoctonus_tarsatorius	insects	newest_curated_no_reference		iySyrTars1.1	hap1	1	1	0	0	/data/tol/data/darwin/insects/Syrphoctonus_tarsatorius/assembly/curated/iySyrTars1.1/iySyrTars1.hap1.1.primary.fa.gz
Syrphus_vitripennis	insects	release_reference	idSyrVitr1.1	idSyrVitr1.1	primary	1	1	0	0	/data/tol/data/darwin/insects/Syrphus_vitripennis/assembly/curated/idSyrVitr1.1/idSyrVitr1.1.primary.fa.gz
Systoechus_ctenopterus	insects	release_reference	idSysCten1.1	idSysCten1.1	primary	1	1	0	0	/data/tol/data/darwin/insects/Systoechus_ctenopterus/assembly/curated/idSysCten1.1/idSysCten1.1.primary.fa.gz
Tachina_fera	insects	release_reference	idTacFera2.1	idTacFera2.1	primary	1	1	0	0	/data/tol/data/darwin/insects/Tachina_fera/assembly/curated/idTacFera2.1/idTacFera2.1.primary.fa.gz
Tachina_grossa	insects	release_reference	idTacGros1.1	idTacGros1.1	primary	1	1	0	0	/data/tol/data/darwin/insects/Tachina_grossa/assembly/curated/idTacGros1.1/idTacGros1.1.primary.fa.gz
Tachina_lurida	insects	release_reference	idTacLuri1.1	idTacLuri1.1	primary	1	1	0	0	/data/tol/data/darwin/insects/Tachina_lurida/assembly/curated/idTacLuri1.1/idTacLuri1.1.primary.fa.gz
Tachinus_rufipes	insects	release_reference	icTacRufp1.1	icTacRufp1.1	primary	1	1	0	0	/data/tol/data/darwin/insects/Tachinus_rufipes/assembly/curated/icTacRufp1.1/icTacRufp1.1.primary.fa.gz
Tachybaptus_ruficollis	birds	release_reference	bTacRuf1.hap1.1	bTacRuf1.1	hap1	1	1	0	0	/data/tol/data/darwin/birds/Tachybaptus_ruficollis/assembly/curated/bTacRuf1.1/bTacRuf1.hap1.1.primary.fa.gz
Tachyporus_hypnorum	insects	release_reference	icTacHypn4.1	icTacHypn4.1	primary	1	1	0	0	/data/tol/data/darwin/insects/Tachyporus_hypnorum/assembly/curated/icTacHypn4.1/icTacHypn4.1.primary.fa.gz
Tachystola_acroxantha	insects	release_reference	ilTacAcro4.1	ilTacAcro4.1	primary	1	1	0	0	/data/tol/data/darwin/insects/Tachystola_acroxantha/assembly/curated/ilTacAcro4.1/ilTacAcro4.1.primary.fa.gz
Tadorna_tadorna	birds	release_reference	bTadTad1.hap1.1	bTadTad1.1	hap1	1	1	0	0	/data/tol/data/darwin/birds/Tadorna_tadorna/assembly/curated/bTadTad1.1/bTadTad1.hap1.1.primary.fa.gz
Taeniapion_urticarium	insects	release_reference	icTaeUrti2.1	icTaeUrti2.1	primary	1	1	0	0	/data/tol/data/darwin/insects/Taeniapion_urticarium/assembly/curated/icTaeUrti2.1/icTaeUrti2.1.primary.fa.gz
Taleporia_tubulosa	insects	release_reference	ilTalTubu1.hap1.1	ilTalTubu1.1	hap1	1	1	0	0	/data/tol/data/darwin/insects/Taleporia_tubulosa/assembly/curated/ilTalTubu1.1/ilTalTubu1.hap1.1.primary.fa.gz
Talpa_europaea	mammals	release_reference	mTalEur1.hap1.1	mTalEur1.1	hap1	1	1	0	0	/data/tol/data/darwin/mammals/Talpa_europaea/assembly/curated/mTalEur1.1/mTalEur1.hap1.1.primary.fa.gz
Tamarix_gallica	dicots	release_reference	dcTamGall1.hap1.1	dcTamGall1.1	hap1	1	1	0	0	/data/tol/data/darwin/dicots/Tamarix_gallica/assembly/curated/dcTamGall1.1/dcTamGall1.hap1.1.primary.fa.gz
Tanacetum_parthenium	dicots	release_reference	daTanPart1.hap1.1	daTanPart1.1	hap1	1	1	0	0	/data/tol/data/darwin/dicots/Tanacetum_parthenium/assembly/curated/daTanPart1.1/daTanPart1.hap1.1.primary.fa.gz
Tanacetum_vulgare	dicots	release_reference	daTanVulg1.hap1.1	daTanVulg1.1	hap1	1	1	0	0	/data/tol/data/darwin/dicots/Tanacetum_vulgare/assembly/curated/daTanVulg1.1/daTanVulg1.hap1.1.primary.fa.gz
Taphrorychus_bicolor	insects	release_reference	icTapBico1.1	icTapBico1.1	primary	1	1	0	0	/data/tol/data/darwin/insects/Taphrorychus_bicolor/assembly/curated/icTapBico1.1/icTapBico1.1.primary.fa.gz
Taurulus_bubalis	fish	release_reference	fTauBub2.1	fTauBub2.1	primary	1	1	0	0	/data/tol/data/darwin/fish/Taurulus_bubalis/assembly/curated/fTauBub2.1/fTauBub2.1.primary.fa.gz
Tausonia_pullulans	fungi	release_reference	gfTauPull1.1	gfTauPull1.1	primary	1	1	0	0	/data/tol/data/darwin/fungi/Tausonia_pullulans/assembly/curated/gfTauPull1.1/gfTauPull1.1.primary.fa.gz
Teleiodes_luculella	insects	release_reference	ilTelLucu1.1	ilTelLucu1.1	primary	1	1	0	0	/data/tol/data/darwin/insects/Teleiodes_luculella/assembly/curated/ilTelLucu1.1/ilTelLucu1.1.primary.fa.gz
Teleiodes_vulgella	insects	release_reference	ilTelVulg1.hap1.1	ilTelVulg1.1	hap1	1	1	0	0	/data/tol/data/darwin/insects/Teleiodes_vulgella/assembly/curated/ilTelVulg1.1/ilTelVulg1.hap1.1.primary.fa.gz
Teleogryllus_oceanicus	insects	release_reference	iqTelOcea7.1	iqTelOcea7.1	primary	1	1	0	0	/data/tol/data/darwin/insects/Teleogryllus_oceanicus/assembly/curated/iqTelOcea7.1/iqTelOcea7.1.primary.fa.gz
Tellima_grandiflora	dicots	release_reference	drTelGran1.hap1.1	drTelGran1.1	hap1	1	1	0	0	/data/tol/data/darwin/dicots/Tellima_grandiflora/assembly/curated/drTelGran1.1/drTelGran1.hap1.1.primary.fa.gz
Temnocerus_longiceps	insects	release_reference	icTemLong1.hap1.1	icTemLong1.1	hap1	1	1	0	0	/data/tol/data/darwin/insects/Temnocerus_longiceps/assembly/curated/icTemLong1.1/icTemLong1.hap1.1.primary.fa.gz
Tenebrio_molitor	insects	release_reference	icTenMoli1.1	icTenMoli1.1	primary	1	1	0	0	/data/tol/data/darwin/insects/Tenebrio_molitor/assembly/curated/icTenMoli1.1/icTenMoli1.1.primary.fa.gz
Tenthredo_amoena	insects	release_reference	iyTenAmoe1.1	iyTenAmoe1.1	primary	1	1	1	0	/data/tol/data/darwin/insects/Tenthredo_amoena/assembly/curated/iyTenAmoe1.1/iyTenAmoe1.1.primary.fa.gz
Tenthredo_arcuata	insects	release_reference	iyTenArcu1.hap1.1	iyTenArcu1.1	hap1	1	1	0	0	/data/tol/data/darwin/insects/Tenthredo_arcuata/assembly/curated/iyTenArcu1.1/iyTenArcu1.hap1.1.primary.fa.gz
Tenthredo_distinguenda	insects	release_reference	iyTenDist1.1	iyTenDist1.1	primary	1	1	0	0	/data/tol/data/darwin/insects/Tenthredo_distinguenda/assembly/curated/iyTenDist1.1/iyTenDist1.1.primary.fa.gz
Tenthredo_livida	insects	release_reference	iyTenLivi1.1	iyTenLivi1.1	primary	1	1	0	0	/data/tol/data/darwin/insects/Tenthredo_livida/assembly/curated/iyTenLivi1.1/iyTenLivi1.1.primary.fa.gz
Tenthredo_mesomela	insects	release_reference	iyTenMeso1.1	iyTenMeso1.1	primary	1	1	0	0	/data/tol/data/darwin/insects/Tenthredo_mesomela/assembly/curated/iyTenMeso1.1/iyTenMeso1.1.primary.fa.gz
Tenthredo_notha	insects	release_reference	iyTenNoth1.2	iyTenNoth1.2	primary	1	2	0	0	/data/tol/data/darwin/insects/Tenthredo_notha/assembly/curated/iyTenNoth1.2/iyTenNoth1.2.primary.fa.gz
Tenthredo_scrophulariae	insects	release_reference	iyTenScro1.1	iyTenScro1.1	primary	1	1	0	0	/data/tol/data/darwin/insects/Tenthredo_scrophulariae/assembly/curated/iyTenScro1.1/iyTenScro1.1.primary.fa.gz
Tenthredo_zona	insects	release_reference	iyTenZona1.hap1.1	iyTenZona1.1	hap1	1	1	0	0	/data/tol/data/darwin/insects/Tenthredo_zona/assembly/curated/iyTenZona1.1/iyTenZona1.hap1.1.primary.fa.gz
Tephritis_conura	insects	release_reference	idTepConu3.1	idTepConu3.1	primary	1	1	0	0	/data/tol/data/darwin/insects/Tephritis_conura/assembly/curated/idTepConu3.1/idTepConu3.1.primary.fa.gz
Tephritis_formosa	insects	release_reference	idTepForm3.1	idTepForm3.1	primary	1	1	0	0	/data/tol/data/darwin/insects/Tephritis_formosa/assembly/curated/idTepForm3.1/idTepForm3.1.primary.fa.gz
Tephritis_matricariae	insects	release_reference	idTepMatr2.1	idTepMatr2.1	primary	1	1	0	0	/data/tol/data/darwin/insects/Tephritis_matricariae/assembly/curated/idTepMatr2.1/idTepMatr2.1.primary.fa.gz
Tephritis_neesii	insects	release_reference	idTepNees2.1	idTepNees2.1	primary	1	1	0	0	/data/tol/data/darwin/insects/Tephritis_neesii/assembly/curated/idTepNees2.1/idTepNees2.1.primary.fa.gz
Tephroseris_palustris	dicots	release_reference	daTepPalu1.hap1.1	daTepPalu1.1	hap1	1	1	0	0	/data/tol/data/darwin/dicots/Tephroseris_palustris/assembly/curated/daTepPalu1.1/daTepPalu1.hap1.1.primary.fa.gz
Terebella_lapidaria	annelids	release_reference	wtTerLapi1.1	wtTerLapi1.1	primary	1	1	0	0	/data/tol/data/darwin/annelids/Terebella_lapidaria/assembly/curated/wtTerLapi1.1/wtTerLapi1.1.primary.fa.gz
Testudinalia_testudinalis	molluscs	release_reference	xgTesTest2.hap1.1	xgTesTest2.1	hap1	1	1	0	0	/data/tol/data/darwin/molluscs/Testudinalia_testudinalis/assembly/curated/xgTesTest2.1/xgTesTest2.hap1.1.primary.fa.gz
Tetanocera_arrogans	insects	release_reference	idTetArro1.1	idTetArro1.1	primary	1	1	0	0	/data/tol/data/darwin/insects/Tetanocera_arrogans/assembly/curated/idTetArro1.1/idTetArro1.1.primary.fa.gz
Tetanocera_ferruginea	insects	release_reference	idTetFerr1.1	idTetFerr1.1	primary	1	1	0	0	/data/tol/data/darwin/insects/Tetanocera_ferruginea/assembly/curated/idTetFerr1.1/idTetFerr1.1.primary.fa.gz
Tethea_ocularis	insects	release_reference	ilTetOcul2.1	ilTetOcul2.1	primary	1	1	0	0	/data/tol/data/darwin/insects/Tethea_ocularis/assembly/curated/ilTetOcul2.1/ilTetOcul2.1.primary.fa.gz
Tetheella_fluctuosa	insects	release_reference	ilTetFluc1.1	ilTetFluc1.1	primary	1	1	0	0	/data/tol/data/darwin/insects/Tetheella_fluctuosa/assembly/curated/ilTetFluc1.1/ilTetFluc1.1.primary.fa.gz
Tethya_citrina	sponges	release_reference	odTetCitr1.hap1.1	odTetCitr1.1	hap1	1	1	0	0	/data/tol/data/darwin/sponges/Tethya_citrina/assembly/curated/odTetCitr1.1/odTetCitr1.hap1.1.primary.fa.gz
Tetragnatha_montana	arthropods	release_reference	qqTetMont2.1	qqTetMont2.1	primary	1	1	0	0	/data/tol/data/darwin/arthropods/Tetragnatha_montana/assembly/curated/qqTetMont2.1/qqTetMont2.1.primary.fa.gz
Tetramitus_jugosus	protists	release_reference	paTetJugo1.1	paTetJugo1.1	primary	1	1	0	0	/data/tol/data/darwin/protists/Tetramitus_jugosus/assembly/curated/paTetJugo1.1/paTetJugo1.1.primary.fa.gz
Tetranychus_urticae	arthropods	newest_curated_no_reference		qqTetUrti3.1	hap1	1	1	0	0	/data/tol/data/darwin/arthropods/Tetranychus_urticae/assembly/curated/qqTetUrti3.1/qqTetUrti3.hap1.1.primary.fa.gz
Tetrao_urogallus	birds	release_reference	bTetUro1.1	bTetUro1.1	primary	1	1	0	0	/data/tol/data/darwin/birds/Tetrao_urogallus/assembly/curated/bTetUro1.1/bTetUro1.1.primary.fa.gz
Tetraplodon_mnioides	non-vascular-plants	release_reference	cbTetMnio3.1	cbTetMnio3.1	primary	1	1	0	0	/data/tol/data/darwin/non-vascular-plants/Tetraplodon_mnioides/assembly/curated/cbTetMnio3.1/cbTetMnio3.1.primary.fa.gz
Tetropium_fuscum	insects	release_reference	icTetFusc2.1	icTetFusc2.1	primary	1	1	0	0	/data/tol/data/darwin/insects/Tetropium_fuscum/assembly/curated/icTetFusc2.1/icTetFusc2.1.primary.fa.gz
Teucrium_botrys	dicots	release_reference	daTeuBotr5.1	daTeuBotr5.1	primary	1	1	0	0	/data/tol/data/darwin/dicots/Teucrium_botrys/assembly/curated/daTeuBotr5.1/daTeuBotr5.1.primary.fa.gz
Teucrium_scorodonia	dicots	release_reference	daTeuScoo1.hap1.2	daTeuScoo1.2	hap1	1	2	0	0	/data/tol/data/darwin/dicots/Teucrium_scorodonia/assembly/curated/daTeuScoo1.2/daTeuScoo1.hap1.2.primary.fa.gz
Thalasseus_sandvicensis	birds	release_reference	bThaSan1.hap1.1	bThaSan1.1	hap1	1	1	0	0	/data/tol/data/darwin/birds/Thalasseus_sandvicensis/assembly/curated/bThaSan1.1/bThaSan1.hap1.1.primary.fa.gz
Thalictrum_alpinum	dicots	release_reference	dmThaAlpi1.1	dmThaAlpi1.1	primary	1	1	0	0	/data/tol/data/darwin/dicots/Thalictrum_alpinum/assembly/curated/dmThaAlpi1.1/dmThaAlpi1.1.primary.fa.gz
Thalictrum_minus	dicots	release_reference	dmThaMinu1.hap1.1	dmThaMinu1.1	hap1	1	1	0	0	/data/tol/data/darwin/dicots/Thalictrum_minus/assembly/curated/dmThaMinu1.1/dmThaMinu1.hap1.1.primary.fa.gz
Thalpophila_matura	insects	release_reference	ilThaMatu1.1	ilThaMatu1.1	primary	1	1	0	0	/data/tol/data/darwin/insects/Thalpophila_matura/assembly/curated/ilThaMatu1.1/ilThaMatu1.1.primary.fa.gz
Thanasimus_formicarius	insects	newest_curated_no_reference		icThaForm1.1	hap1	1	1	0	0	/data/tol/data/darwin/insects/Thanasimus_formicarius/assembly/curated/icThaForm1.1/icThaForm1.hap1.1.primary.fa.gz
Thaumetopoea_processionea	insects	release_reference	ilThaProc3.1	ilThaProc3.1	primary	1	1	0	0	/data/tol/data/darwin/insects/Thaumetopoea_processionea/assembly/curated/ilThaProc3.1/ilThaProc3.1.primary.fa.gz
Thecocarcelia_acutangulata	insects	release_reference	idTheAcut1.1	idTheAcut1.1	legacy_curated_primary	1	1	1	0	/data/tol/data/darwin/insects/Thecocarcelia_acutangulata/assembly/curated/idTheAcut1.1/idTheAcut1_1.curated_primary.fa
Thecophora_atra	insects	release_reference	idTheAtra2.1	idTheAtra2.1	primary	1	1	2	0	/data/tol/data/darwin/insects/Thecophora_atra/assembly/curated/idTheAtra2.1/idTheAtra2.1.primary.fa.gz
Thelaira_nigripes	insects	release_reference	idTheNigp1.hap1.1	idTheNigp1.1	hap1	1	1	0	0	/data/tol/data/darwin/insects/Thelaira_nigripes/assembly/curated/idTheNigp1.1/idTheNigp1.hap1.1.primary.fa.gz
Thelaira_solivaga	insects	release_reference	idTheSoli1.1	idTheSoli1.1	primary	1	1	0	0	/data/tol/data/darwin/insects/Thelaira_solivaga/assembly/curated/idTheSoli1.1/idTheSoli1.1.primary.fa.gz
Thera_britannica	insects	release_reference	ilTheBrit1.2	ilTheBrit1.2	primary	1	2	0	0	/data/tol/data/darwin/insects/Thera_britannica/assembly/curated/ilTheBrit1.2/ilTheBrit1.2.primary.fa.gz
Thera_firmata	insects	release_reference	ilTheFirm3.hap1.1	ilTheFirm3.1	hap1	1	1	0	0	/data/tol/data/darwin/insects/Thera_firmata/assembly/curated/ilTheFirm3.1/ilTheFirm3.hap1.1.primary.fa.gz
Thera_juniperata	insects	release_reference	ilTheJuni1.1	ilTheJuni1.1	primary	1	1	0	0	/data/tol/data/darwin/insects/Thera_juniperata/assembly/curated/ilTheJuni1.1/ilTheJuni1.1.primary.fa.gz
Thera_obeliscata	insects	release_reference	ilTheObel3.1	ilTheObel3.1	primary	1	1	0	0	/data/tol/data/darwin/insects/Thera_obeliscata/assembly/curated/ilTheObel3.1/ilTheObel3.1.primary.fa.gz
Thereva_nobilitata	insects	release_reference	idTheNobi1.1	idTheNobi1.1	primary	1	1	0	0	/data/tol/data/darwin/insects/Thereva_nobilitata/assembly/curated/idTheNobi1.1/idTheNobi1.1.primary.fa.gz
Thereva_plebeja	insects	release_reference	idThePleb1.hap1.1	idThePleb1.1	hap1	1	1	0	0	/data/tol/data/darwin/insects/Thereva_plebeja/assembly/curated/idThePleb1.1/idThePleb1.hap1.1.primary.fa.gz
Thereva_unica	insects	release_reference	idTheUnic2.1	idTheUnic2.1	primary	1	1	0	0	/data/tol/data/darwin/insects/Thereva_unica/assembly/curated/idTheUnic2.1/idTheUnic2.1.primary.fa.gz
Therion_circumflexum	insects	release_reference	iyTheCirc1.hap1.1	iyTheCirc1.1	hap1	1	1	0	0	/data/tol/data/darwin/insects/Therion_circumflexum/assembly/curated/iyTheCirc1.1/iyTheCirc1.hap1.1.primary.fa.gz
Thermobia_domestica	insects	release_reference	izTheDome1.hap1.1	izTheDome1.1	hap1	1	1	0	0	/data/tol/data/darwin/insects/Thermobia_domestica/assembly/curated/izTheDome1.1/izTheDome1.hap1.1.primary.fa.gz
Therophilus_tumidulus	insects	release_reference	iyTheTumi1.hap1.1	iyTheTumi1.1	hap1	1	1	1	0	/data/tol/data/darwin/insects/Therophilus_tumidulus/assembly/curated/iyTheTumi1.1/iyTheTumi1.hap1.1.primary.fa.gz
Tholera_cespitis	insects	release_reference	ilThoCesp1.hap2.1	ilThoCesp1.1	hap2	1	1	0	0	/data/tol/data/darwin/insects/Tholera_cespitis/assembly/curated/ilThoCesp1.1/ilThoCesp1.hap2.1.primary.fa.gz
Tholera_decimalis	insects	release_reference	ilThoDeci1.2	ilThoDeci1.2	primary	1	2	1	0	/data/tol/data/darwin/insects/Tholera_decimalis/assembly/curated/ilThoDeci1.2/ilThoDeci1.2.primary.fa.gz
Thracia_phaseolina	molluscs	release_reference	xbThrPhas3.hap1.1	xbThrPhas3.1	hap1	1	1	0	0	/data/tol/data/darwin/molluscs/Thracia_phaseolina/assembly/curated/xbThrPhas3.1/xbThrPhas3.hap1.1.primary.fa.gz
Threskiornis_aethiopicus	birds	newest_curated_no_reference		bThrAet1.1	hap1	1	1	0	0	/data/tol/data/darwin/birds/Threskiornis_aethiopicus/assembly/curated/bThrAet1.1/bThrAet1.hap1.1.primary.fa.gz
Thuidium_delicatulum	non-vascular-plants	release_reference	cbThuDeli2.1	cbThuDeli2.1	primary	1	1	0	0	/data/tol/data/darwin/non-vascular-plants/Thuidium_delicatulum/assembly/curated/cbThuDeli2.1/cbThuDeli2.1.primary.fa.gz
Thuidium_tamariscinum	non-vascular-plants	release_reference	cbThuTama2.2	cbThuTama2.2	primary	1	2	0	1	/data/tol/data/darwin/non-vascular-plants/Thuidium_tamariscinum/assembly/curated/cbThuTama2.2/cbThuTama2.2.primary.fa.gz
Thumatha_senex	insects	release_reference	ilThuSene1.1	ilThuSene1.1	primary	1	1	0	0	/data/tol/data/darwin/insects/Thumatha_senex/assembly/curated/ilThuSene1.1/ilThuSene1.1.primary.fa.gz
Thyatira_batis	insects	release_reference	ilThyBati1.2	ilThyBati1.2	primary	1	2	0	20	/data/tol/data/darwin/insects/Thyatira_batis/assembly/curated/ilThyBati1.2/ilThyBati1.2.primary.fa
Thymelicus_acteon	insects	release_reference	ilThyActe1.1	ilThyActe1.1	primary	1	1	0	0	/data/tol/data/darwin/insects/Thymelicus_acteon/assembly/curated/ilThyActe1.1/ilThyActe1.1.primary.fa.gz
Thymelicus_lineola	insects	release_reference	ilThyLine1.1	ilThyLine1.1	primary	1	1	0	0	/data/tol/data/darwin/insects/Thymelicus_lineola/assembly/curated/ilThyLine1.1/ilThyLine1.1.primary.fa.gz
Thymelicus_sylvestris	insects	release_reference	ilThySylv1.1	ilThySylv1.1	primary	1	1	1	0	/data/tol/data/darwin/insects/Thymelicus_sylvestris/assembly/curated/ilThySylv1.1/ilThySylv1.1.primary.fa.gz
Thyridanthrax_fenestratus	insects	release_reference	idThyFene1.hap1.1	idThyFene1.1	hap1	1	1	0	0	/data/tol/data/darwin/insects/Thyridanthrax_fenestratus/assembly/curated/idThyFene1.1/idThyFene1.hap1.1.primary.fa.gz
Tibellus_oblongus	arthropods	release_reference	qqTibOblo1.hap1.1	qqTibOblo1.1	hap1	1	1	0	0	/data/tol/data/darwin/arthropods/Tibellus_oblongus/assembly/curated/qqTibOblo1.1/qqTibOblo1.hap1.1.primary.fa.gz
Tilia_cordata	dicots	release_reference	ddTilCord2.1	ddTilCord2.1	primary	1	1	0	0	/data/tol/data/darwin/dicots/Tilia_cordata/assembly/curated/ddTilCord2.1/ddTilCord2.1.primary.fa.gz
Tiliacea_aurago	insects	release_reference	ilTilAura1.1	ilTilAura1.1	primary	1	1	0	0	/data/tol/data/darwin/insects/Tiliacea_aurago/assembly/curated/ilTilAura1.1/ilTilAura1.1.primary.fa.gz
Tiliacea_citrago	insects	release_reference	ilTilCitr1.1	ilTilCitr1.1	primary	1	1	1	0	/data/tol/data/darwin/insects/Tiliacea_citrago/assembly/curated/ilTilCitr1.1/ilTilCitr1.1.primary.fa.gz
Tillus_elongatus	insects	release_reference	icTilElon2.1	icTilElon2.1	primary	1	1	0	0	/data/tol/data/darwin/insects/Tillus_elongatus/assembly/curated/icTilElon2.1/icTilElon2.1.primary.fa.gz
Timandra_comae	insects	release_reference	ilTimComa1.1	ilTimComa1.1	primary	1	1	0	0	/data/tol/data/darwin/insects/Timandra_comae/assembly/curated/ilTimComa1.1/ilTimComa1.1.primary.fa.gz
Tinea_pellionella	insects	release_reference	ilTinPell1.1	ilTinPell1.1	primary	1	1	0	0	/data/tol/data/darwin/insects/Tinea_pellionella/assembly/curated/ilTinPell1.1/ilTinPell1.1.primary.fa.gz
Tinea_semifulvella	insects	release_reference	ilTinSemi1.1	ilTinSemi1.1	primary	1	1	0	0	/data/tol/data/darwin/insects/Tinea_semifulvella/assembly/curated/ilTinSemi1.1/ilTinSemi1.1.primary.fa.gz
Tinea_trinotella	insects	release_reference	ilTinTrin1.1	ilTinTrin1.1	primary	1	1	0	0	/data/tol/data/darwin/insects/Tinea_trinotella/assembly/curated/ilTinTrin1.1/ilTinTrin1.1.primary.fa.gz
Tinodes_waeneri	insects	release_reference	iiTinWaen1.hap1.1	iiTinWaen1.1	hap1	1	1	0	0	/data/tol/data/darwin/insects/Tinodes_waeneri/assembly/curated/iiTinWaen1.1/iiTinWaen1.hap1.1.primary.fa.gz
Tiphia_femorata	insects	release_reference	iyTipFemo1.1	iyTipFemo1.1	primary	1	1	2	0	/data/tol/data/darwin/insects/Tiphia_femorata/assembly/curated/iyTipFemo1.1/iyTipFemo1.1.primary.fa.gz
Tiphia_minuta	insects	release_reference	iyTipMinu1.1	iyTipMinu1.1	primary	1	1	0	0	/data/tol/data/darwin/insects/Tiphia_minuta/assembly/curated/iyTipMinu1.1/iyTipMinu1.1.primary.fa.gz
Tipula_confusa	insects	release_reference	idTipConf1.1	idTipConf1.1	primary	1	1	0	0	/data/tol/data/darwin/insects/Tipula_confusa/assembly/curated/idTipConf1.1/idTipConf1.1.primary.fa.gz
Tipula_fascipennis	insects	release_reference	idTipFasc1.hap1.1	idTipFasc1.1	hap1	1	1	0	0	/data/tol/data/darwin/insects/Tipula_fascipennis/assembly/curated/idTipFasc1.1/idTipFasc1.hap1.1.primary.fa.gz
Tipula_fulvipennis	insects	release_reference	idTipFulv1.hap1.1	idTipFulv1.1	hap1	1	1	0	0	/data/tol/data/darwin/insects/Tipula_fulvipennis/assembly/curated/idTipFulv1.1/idTipFulv1.hap1.1.primary.fa.gz
Tipula_helvola	insects	release_reference	idTipHelv1.1	idTipHelv1.1	primary	1	1	0	0	/data/tol/data/darwin/insects/Tipula_helvola/assembly/curated/idTipHelv1.1/idTipHelv1.1.primary.fa.gz
Tipula_lateralis	insects	release_reference	idTipLate1.1	idTipLate1.1	primary	1	1	0	0	/data/tol/data/darwin/insects/Tipula_lateralis/assembly/curated/idTipLate1.1/idTipLate1.1.primary.fa.gz
Tipula_scripta	insects	release_reference	idTipScri1.hap2.1	idTipScri1.1	hap2	1	1	0	0	/data/tol/data/darwin/insects/Tipula_scripta/assembly/curated/idTipScri1.1/idTipScri1.hap2.1.primary.fa.gz
Tipula_unca	insects	release_reference	idTipUnca1.1	idTipUnca1.1	primary	1	1	1	0	/data/tol/data/darwin/insects/Tipula_unca/assembly/curated/idTipUnca1.1/idTipUnca1.1.primary.fa.gz
Tipula_vernalis	insects	release_reference	idTipVern1.1	idTipVern1.1	primary	1	1	0	0	/data/tol/data/darwin/insects/Tipula_vernalis/assembly/curated/idTipVern1.1/idTipVern1.1.primary.fa.gz
Tischeria_ekebladella	insects	release_reference	ilTisEkeb2.1	ilTisEkeb2.1	primary	1	1	0	0	/data/tol/data/darwin/insects/Tischeria_ekebladella/assembly/curated/ilTisEkeb2.1/ilTisEkeb2.1.primary.fa.gz
Tolmerus_cingulatus	insects	release_reference	idTolCing1.1	idTolCing1.1	primary	1	1	0	0	/data/tol/data/darwin/insects/Tolmerus_cingulatus/assembly/curated/idTolCing1.1/idTolCing1.1.primary.fa.gz
Torilis_japonica	dicots	release_reference	drTorJapo1.hap1.2	drTorJapo1.2	hap1	1	2	0	0	/data/tol/data/darwin/dicots/Torilis_japonica/assembly/curated/drTorJapo1.2/drTorJapo1.hap1.2.primary.fa.gz
Tortella_tortuosa	non-vascular-plants	release_reference	cbTorTort1.1	cbTorTort1.1	primary	1	1	0	0	/data/tol/data/darwin/non-vascular-plants/Tortella_tortuosa/assembly/curated/cbTorTort1.1/cbTorTort1.1.primary.fa.gz
Tortricodes_alternella	insects	release_reference	ilTorAlte1.1	ilTorAlte1.1	primary	1	1	0	0	/data/tol/data/darwin/insects/Tortricodes_alternella/assembly/curated/ilTorAlte1.1/ilTorAlte1.1.primary.fa.gz
Tortrix_viridana	insects	release_reference	ilTorViri5.1	ilTorViri5.1	primary	1	1	0	0	/data/tol/data/darwin/insects/Tortrix_viridana/assembly/curated/ilTorViri5.1/ilTorViri5.1.primary.fa.gz
Toxonevra_muliebris	insects	release_reference	idToxMuli2.1	idToxMuli2.1	primary	1	1	0	0	/data/tol/data/darwin/insects/Toxonevra_muliebris/assembly/curated/idToxMuli2.1/idToxMuli2.1.primary.fa.gz
Trachurus_trachurus	fish	release_reference	fTraTra1.2	fTraTra1.2	legacy_curated_primary	2	3	0	0	/data/tol/data/darwin/fish/Trachurus_trachurus/assembly/curated/fTraTra1.2/fTraTra1_1.curated_primary.fa
Tragopogon_porrifolius	dicots	release_reference	daTraPorr1.hap1.1	daTraPorr1.1	hap1	1	1	0	1	/data/tol/data/darwin/dicots/Tragopogon_porrifolius/assembly/curated/daTraPorr1.1/daTraPorr1.hap1.1.primary.fa.gz
Tragopogon_pratensis	dicots	release_reference	daTraPrat1.hap1.1	daTraPrat1.1	hap1	1	1	0	0	/data/tol/data/darwin/dicots/Tragopogon_pratensis/assembly/curated/daTraPrat1.1/daTraPrat1.hap1.1.primary.fa.gz
Tranosemella_praerogator	insects	release_reference	iyTraPrae1.1	iyTraPrae1.1	primary	1	1	0	0	/data/tol/data/darwin/insects/Tranosemella_praerogator/assembly/curated/iyTraPrae1.1/iyTraPrae1.1.primary.fa.gz
Travisia_forbesii	annelids	release_reference	wuTraForb1.hap2.1	wuTraForb1.1	hap2	1	1	0	0	/data/tol/data/darwin/annelids/Travisia_forbesii/assembly/curated/wuTraForb1.1/wuTraForb1.hap2.1.primary.fa.gz
Triaenodes_bicolor	insects	release_reference	iiTriBico1.hap1.1	iiTriBico1.1	hap1	1	1	0	0	/data/tol/data/darwin/insects/Triaenodes_bicolor/assembly/curated/iiTriBico1.1/iiTriBico1.hap1.1.primary.fa.gz
Triaxomasia_caprimulgella	insects	release_reference	ilTriCapr2.hap1.2	ilTriCapr2.2	hap1	1	2	0	0	/data/tol/data/darwin/insects/Triaxomasia_caprimulgella/assembly/curated/ilTriCapr2.2/ilTriCapr2.hap1.2.primary.fa.gz
Triaxomera_parasitella	insects	release_reference	ilTriPara1.hap1.1	ilTriPara1.1	hap1	1	1	0	0	/data/tol/data/darwin/insects/Triaxomera_parasitella/assembly/curated/ilTriPara1.1/ilTriPara1.hap1.1.primary.fa.gz
Trichiura_crataegi	insects	release_reference	ilTriCrat1.hap2.1	ilTriCrat1.1	hap2	1	1	0	0	/data/tol/data/darwin/insects/Trichiura_crataegi/assembly/curated/ilTriCrat1.1/ilTriCrat1.hap2.1.primary.fa.gz
Trichoderma_citrinoviride	fungi	release_reference	grTriPseu1.1	grTriPseu1.1	primary	1	1	0	0	/data/tol/data/darwin/fungi/Trichoderma_citrinoviride/assembly/curated/grTriPseu1.1/grTriPseu1.1.primary.fa.gz
Tricholauxania_praeusta	insects	release_reference	idTriPrae1.1	idTriPrae1.1	primary	1	1	1	0	/data/tol/data/darwin/insects/Tricholauxania_praeusta/assembly/curated/idTriPrae1.1/idTriPrae1.1.primary.fa.gz
Tricholepidozia_tetradactyla	non-vascular-plants	release_reference	cjTriTetr1.2	cjTriTetr1.2	primary	1	2	0	0	/data/tol/data/darwin/non-vascular-plants/Tricholepidozia_tetradactyla/assembly/curated/cjTriTetr1.2/cjTriTetr1.2.primary.fa.gz
Tricholoma_cingulatum	fungi	release_reference	gfTriCing1.1	gfTriCing1.1	primary	1	1	0	0	/data/tol/data/darwin/fungi/Tricholoma_cingulatum/assembly/curated/gfTriCing1.1/gfTriCing1.1.primary.fa.gz
Tricholoma_hemisulphureum	fungi	release_reference	gfTriHemi4.1	gfTriHemi4.1	primary	1	1	0	0	/data/tol/data/darwin/fungi/Tricholoma_hemisulphureum/assembly/curated/gfTriHemi4.1/gfTriHemi4.1.primary.fa.gz
Tricholoma_terreum	fungi	release_reference	gfTriTerr1.hap1.1	gfTriTerr1.1	hap1	1	1	0	0	/data/tol/data/darwin/fungi/Tricholoma_terreum/assembly/curated/gfTriTerr1.1/gfTriTerr1.hap1.1.primary.fa.gz
Trichophorum_cespitosum	monocots	release_reference	lpTriCesp1.2	lpTriCesp1.2	primary	1	2	0	0	/data/tol/data/darwin/monocots/Trichophorum_cespitosum/assembly/curated/lpTriCesp1.2/lpTriCesp1.2.primary.fa.gz
Trichopteryx_carpinata	insects	release_reference	ilTriCarp1.hap1.1	ilTriCarp1.1	hap1	1	1	0	0	/data/tol/data/darwin/insects/Trichopteryx_carpinata/assembly/curated/ilTriCarp1.1/ilTriCarp1.hap1.1.primary.fa.gz
Trichostegia_minor	insects	release_reference	iiTriMino1.hap1.1	iiTriMino1.1	hap1	1	1	0	0	/data/tol/data/darwin/insects/Trichostegia_minor/assembly/curated/iiTriMino1.1/iiTriMino1.hap1.1.primary.fa.gz
Trichostomum_littorale	non-vascular-plants	release_reference	cbTriLitt2.1	cbTriLitt2.1	primary	1	1	0	0	/data/tol/data/darwin/non-vascular-plants/Trichostomum_littorale/assembly/curated/cbTriLitt2.1/cbTriLitt2.1.primary.fa.gz
Trichostrongylus_colubriformis	nematodes	release_reference	nxTriColu2.1	nxTriColu2.1	primary	1	1	0	0	/data/tol/data/darwin/nematodes/Trichostrongylus_colubriformis/assembly/curated/nxTriColu2.1/nxTriColu2.1.primary.fa.gz
Tricolia_pullus	molluscs	release_reference	xgTriPull8.1	xgTriPull8.1	primary	1	1	0	0	/data/tol/data/darwin/molluscs/Tricolia_pullus/assembly/curated/xgTriPull8.1/xgTriPull8.1.primary.fa.gz
Tricyphona_immaculata	insects	release_reference	idTriImma2.1	idTriImma2.1	primary	1	1	0	0	/data/tol/data/darwin/insects/Tricyphona_immaculata/assembly/curated/idTriImma2.1/idTriImma2.1.primary.fa.gz
Trifolium_bocconei	dicots	release_reference	drTriBocc1.hap1.1	drTriBocc1.1	hap1	1	1	0	0	/data/tol/data/darwin/dicots/Trifolium_bocconei/assembly/curated/drTriBocc1.1/drTriBocc1.hap1.1.primary.fa.gz
Trifolium_dubium	dicots	release_reference	drTriDubi3.1	drTriDubi3.1	primary	1	1	0	0	/data/tol/data/darwin/dicots/Trifolium_dubium/assembly/curated/drTriDubi3.1/drTriDubi3.1.primary.fa.gz
Trifolium_fragiferum	dicots	release_reference	drTriFrag1.1	drTriFrag1.1	primary	1	2	0	0	/data/tol/data/darwin/dicots/Trifolium_fragiferum/assembly/curated/drTriFrag1.1/drTriFrag1.1.primary.fa.gz
Trifolium_occidentale	dicots	release_reference	drTriOcci1.hap1.1	drTriOcci1.1	hap1	1	1	0	0	/data/tol/data/darwin/dicots/Trifolium_occidentale/assembly/curated/drTriOcci1.1/drTriOcci1.hap1.1.primary.fa.gz
Trifolium_repens	dicots	newest_curated_no_reference		drTriRepe1.1	hap1	1	1	0	0	/data/tol/data/darwin/dicots/Trifolium_repens/assembly/curated/drTriRepe1.1/drTriRepe1.hap1.1.primary.fa.gz
Trifolium_striatum	dicots	release_reference	drTriStri1.hap1.1	drTriStri1.1	hap1	1	1	0	0	/data/tol/data/darwin/dicots/Trifolium_striatum/assembly/curated/drTriStri1.1/drTriStri1.hap1.1.primary.fa.gz
Trifolium_subterraneum	dicots	release_reference	drTriSubt1.1	drTriSubt1.1	primary	1	1	0	0	/data/tol/data/darwin/dicots/Trifolium_subterraneum/assembly/curated/drTriSubt1.1/drTriSubt1.1.primary.fa.gz
Triglochin_maritima	monocots	release_reference	laTriMari1.1	laTriMari1.1	primary	1	1	0	0	/data/tol/data/darwin/monocots/Triglochin_maritima/assembly/curated/laTriMari1.1/laTriMari1.1.primary.fa.gz
Triglochin_palustris	monocots	release_reference	laTriPals1.1	laTriPals1.1	primary	1	1	0	0	/data/tol/data/darwin/monocots/Triglochin_palustris/assembly/curated/laTriPals1.1/laTriPals1.1.primary.fa.gz
Trigloporus_lastoviza	fish	release_reference	fTriLas1.hap1.1	fTriLas1.1	hap1	1	1	0	0	/data/tol/data/darwin/fish/Trigloporus_lastoviza/assembly/curated/fTriLas1.1/fTriLas1.hap1.1.primary.fa.gz
Trigonometopus_frontalis	insects	release_reference	idTriFrot2.hap1.1	idTriFrot2.1	hap1	1	1	0	0	/data/tol/data/darwin/insects/Trigonometopus_frontalis/assembly/curated/idTriFrot2.1/idTriFrot2.hap1.1.primary.fa.gz
Trigonophora_flammea	insects	release_reference	ilTriFlam1.hap1.1	ilTriFlam1.1	hap1	1	1	0	0	/data/tol/data/darwin/insects/Trigonophora_flammea/assembly/curated/ilTriFlam1.1/ilTriFlam1.hap1.1.primary.fa.gz
Tringa_totanus	birds	release_reference	bTriTot1.hap1.1	bTriTot1.1	hap1	1	1	0	0	/data/tol/data/darwin/birds/Tringa_totanus/assembly/curated/bTriTot1.1/bTriTot1.hap1.1.primary.fa.gz
Tripolium_pannonicum	dicots	release_reference	daTriPann2.hap1.2	daTriPann2.2	hap1	1	2	0	0	/data/tol/data/darwin/dicots/Tripolium_pannonicum/assembly/curated/daTriPann2.2/daTriPann2.hap1.2.primary.fa.gz
Trisateles_emortualis	insects	release_reference	ilTriEmor1.1	ilTriEmor1.1	primary	1	1	0	0	/data/tol/data/darwin/insects/Trisateles_emortualis/assembly/curated/ilTriEmor1.1/ilTriEmor1.1.primary.fa.gz
Trisopterus_luscus	fish	release_reference	fTriLus1.hap1.1	fTriLus1.1	primary	1	2	0	0	/data/tol/data/darwin/fish/Trisopterus_luscus/assembly/curated/fTriLus1.1/fTriLus1.1.primary.fa.gz
Tritomaria_quinquedentata	non-vascular-plants	release_reference	cjTriQuin2.1	cjTriQuin2.1	primary	1	1	0	0	/data/tol/data/darwin/non-vascular-plants/Tritomaria_quinquedentata/assembly/curated/cjTriQuin2.1/cjTriQuin2.1.primary.fa.gz
Triturus_cristatus	amphibians	release_reference	aTriCri1.1	aTriCri1.1	primary	1	1	0	0	/data/tol/data/darwin/amphibians/Triturus_cristatus/assembly/curated/aTriCri1.1/aTriCri1.1.primary.fa.gz
Trocdaris_verticillatum	dicots	release_reference	drTroVert1.hap1.2	drTroVert1.2	hap1	1	2	0	0	/data/tol/data/darwin/dicots/Trocdaris_verticillatum/assembly/curated/drTroVert1.2/drTroVert1.hap1.2.primary.fa.gz
Troglodytes_troglodytes	birds	release_reference	bTroTro1.hap1.1	bTroTro1.1	hap1	1	1	0	0	/data/tol/data/darwin/birds/Troglodytes_troglodytes/assembly/curated/bTroTro1.1/bTroTro1.hap1.1.primary.fa.gz
Troilus_luridus	insects	release_reference	ihTroLuri1.hap2.1	ihTroLuri1.1	hap2	1	1	0	0	/data/tol/data/darwin/insects/Troilus_luridus/assembly/curated/ihTroLuri1.1/ihTroLuri1.hap2.1.primary.fa.gz
Trollius_europaeus	dicots	release_reference	dmTroEuro2.hap1.1	dmTroEuro2.1	hap1	1	1	0	0	/data/tol/data/darwin/dicots/Trollius_europaeus/assembly/curated/dmTroEuro2.1/dmTroEuro2.hap1.1.primary.fa.gz
Tromatobia_lineatoria	insects	release_reference	iyTroLine1.1	iyTroLine1.1	primary	1	1	1	0	/data/tol/data/darwin/insects/Tromatobia_lineatoria/assembly/curated/iyTroLine1.1/iyTroLine1.1.primary.fa.gz
Tropidia_scita	insects	release_reference	idTroScit1.hap1.1	idTroScit1.1	hap1	1	1	0	0	/data/tol/data/darwin/insects/Tropidia_scita/assembly/curated/idTroScit1.1/idTroScit1.hap1.1.primary.fa.gz
Trychosis_tristator	insects	release_reference	iyTryTris1.hap1.1	iyTryTris1.1	hap1	1	1	0	0	/data/tol/data/darwin/insects/Trychosis_tristator/assembly/curated/iyTryTris1.1/iyTryTris1.hap1.1.primary.fa.gz
Tryphon_signator	insects	release_reference	iyTrySign1.hap1.1	iyTrySign1.1	hap1	1	1	0	0	/data/tol/data/darwin/insects/Tryphon_signator/assembly/curated/iyTrySign1.1/iyTrySign1.hap1.1.primary.fa.gz
Tryphon_thomsoni	insects	release_reference	iyTryThom1.hap1.1	iyTryThom1.1	hap1	1	1	0	0	/data/tol/data/darwin/insects/Tryphon_thomsoni/assembly/curated/iyTryThom1.1/iyTryThom1.hap1.1.primary.fa.gz
Trypoxylon_attenuatum	insects	release_reference	iyTryAtte1.1	iyTryAtte1.1	primary	1	1	0	0	/data/tol/data/darwin/insects/Trypoxylon_attenuatum/assembly/curated/iyTryAtte1.1/iyTryAtte1.1.primary.fa.gz
Trypoxylon_clavicerum	insects	release_reference	iyTryClav1.1	iyTryClav1.1	primary	1	1	1	0	/data/tol/data/darwin/insects/Trypoxylon_clavicerum/assembly/curated/iyTryClav1.1/iyTryClav1.1.primary.fa.gz
Tuberolachnus_salignus	insects	release_reference	ihTubSali1.1	ihTubSali1.1	primary	1	1	5	0	/data/tol/data/darwin/insects/Tuberolachnus_salignus/assembly/curated/ihTubSali1.1/ihTubSali1.1.primary.fa.gz
Turritis_glabra	dicots	release_reference	ddTurGlab1.hap2.1	ddTurGlab1.1	hap2	1	1	0	0	/data/tol/data/darwin/dicots/Turritis_glabra/assembly/curated/ddTurGlab1.1/ddTurGlab1.hap2.1.primary.fa.gz
Tussilago_farfara	dicots	release_reference	daTusFarf1.hap1.1	daTusFarf1.1	hap1	1	1	0	1	/data/tol/data/darwin/dicots/Tussilago_farfara/assembly/curated/daTusFarf1.1/daTusFarf1.hap1.1.primary.fa.gz
Tuta_absoluta	insects	release_reference	ilTutAbso1.hap1.1	ilTutAbso1.1	hap1	1	1	0	0	/data/tol/data/darwin/insects/Tuta_absoluta/assembly/curated/ilTutAbso1.1/ilTutAbso1.hap1.1.primary.fa.gz
Tyria_jacobaeae	insects	release_reference	ilTyrJaco4.1	ilTyrJaco4.1	primary	1	1	0	0	/data/tol/data/darwin/insects/Tyria_jacobaeae/assembly/curated/ilTyrJaco4.1/ilTyrJaco4.1.primary.fa.gz
Tyto_alba	birds	newest_curated_no_reference		bTytAlb2.1	hap1	1	1	0	0	/data/tol/data/darwin/birds/Tyto_alba/assembly/curated/bTytAlb2.1/bTytAlb2.hap1.1.primary.fa.gz
Tytthaspis_sedecimpunctata	insects	release_reference	icTytSede3.1	icTytSede3.1	primary	1	1	0	0	/data/tol/data/darwin/insects/Tytthaspis_sedecimpunctata/assembly/curated/icTytSede3.1/icTytSede3.1.primary.fa.gz
Udea_ferrugalis	insects	release_reference	ilUdeFerr1.1	ilUdeFerr1.1	primary	1	1	1	0	/data/tol/data/darwin/insects/Udea_ferrugalis/assembly/curated/ilUdeFerr1.1/ilUdeFerr1.1.primary.fa.gz
Udea_olivalis	insects	release_reference	ilUdeOliv2.1	ilUdeOliv2.1	primary	1	1	2	0	/data/tol/data/darwin/insects/Udea_olivalis/assembly/curated/ilUdeOliv2.1/ilUdeOliv2.1.primary.fa.gz
Uleiota_planata	insects	release_reference	icUlePlan3.1	icUlePlan3.1	primary	1	1	0	0	/data/tol/data/darwin/insects/Uleiota_planata/assembly/curated/icUlePlan3.1/icUlePlan3.1.primary.fa.gz
Uleiota_planatus	insects	release_reference	icUlePlan3.1	icUlePlan3.1	primary	1	1	0	0	/data/tol/data/darwin/insects/Uleiota_planatus/assembly/curated/icUlePlan3.1/icUlePlan3.1.primary.fa.gz
Ulex_minor	dicots	release_reference	drUleMino1.hap1.1	drUleMino1.1	hap1	1	1	0	0	/data/tol/data/darwin/dicots/Ulex_minor/assembly/curated/drUleMino1.1/drUleMino1.hap1.1.primary.fa.gz
Ulmus_glabra	dicots	release_reference	drUlmGlab3.hap1.1	drUlmGlab3.1	hap1	1	1	0	0	/data/tol/data/darwin/dicots/Ulmus_glabra/assembly/curated/drUlmGlab3.1/drUlmGlab3.hap1.1.primary.fa.gz
Ulmus_minor	dicots	newest_curated_no_reference		drUlmMino1.1	hap1	1	1	0	0	/data/tol/data/darwin/dicots/Ulmus_minor/assembly/curated/drUlmMino1.1/drUlmMino1.hap1.1.primary.fa.gz
Ulmus_procera	dicots	release_reference	drUlmProc1.hap1.1	drUlmProc1.1	hap1	1	1	0	0	/data/tol/data/darwin/dicots/Ulmus_procera/assembly/curated/drUlmProc1.1/drUlmProc1.hap1.1.primary.fa.gz
Uloborus_plumipes	arthropods	newest_curated_no_reference		qqUloPlum10.1	hap1	1	1	0	0	/data/tol/data/darwin/arthropods/Uloborus_plumipes/assembly/curated/qqUloPlum10.1/qqUloPlum10.hap1.1.primary.fa.gz
Ulota_crispa	non-vascular-plants	release_reference	cbUloCris4.1	cbUloCris4.1	primary	1	1	0	0	/data/tol/data/darwin/non-vascular-plants/Ulota_crispa/assembly/curated/cbUloCris4.1/cbUloCris4.1.primary.fa.gz
Ulota_phyllantha	non-vascular-plants	release_reference	cbUloPhyl1.1	cbUloPhyl1.1	primary	1	1	0	0	/data/tol/data/darwin/non-vascular-plants/Ulota_phyllantha/assembly/curated/cbUloPhyl1.1/cbUloPhyl1.1.primary.fa.gz
Umbilicaria_deusta	fungi	release_reference	glUmbDeus1.1	glUmbDeus1.1	primary	1	1	79	1	/data/tol/data/darwin/fungi/Umbilicaria_deusta/assembly/curated/glUmbDeus1.1/glUmbDeus1.1.primary.fa.gz
Umbilicus_rupestris	dicots	release_reference	drUmbRupe1.hap1.2	drUmbRupe1.2	hap1	1	2	0	0	/data/tol/data/darwin/dicots/Umbilicus_rupestris/assembly/curated/drUmbRupe1.2/drUmbRupe1.hap1.2.primary.fa.gz
Uncinus_obductella	insects	release_reference	ilUncObdu2.hap1.1	ilUncObdu2.1	hap1	1	1	0	0	/data/tol/data/darwin/insects/Uncinus_obductella/assembly/curated/ilUncObdu2.1/ilUncObdu2.hap1.1.primary.fa.gz
Urocerus_augur	insects	release_reference	iyUroAugu1.1	iyUroAugu1.1	primary	1	1	0	0	/data/tol/data/darwin/insects/Urocerus_augur/assembly/curated/iyUroAugu1.1/iyUroAugu1.1.primary.fa.gz
Uroleucon_taraxaci	insects	release_reference	ihUroTara1.hap1.1	ihUroTara1.1	hap1	1	1	0	0	/data/tol/data/darwin/insects/Uroleucon_taraxaci/assembly/curated/ihUroTara1.1/ihUroTara1.hap1.1.primary.fa.gz
Urophora_cardui	insects	release_reference	idUroCard1.1	idUroCard1.1	primary	1	1	2	0	/data/tol/data/darwin/insects/Urophora_cardui/assembly/curated/idUroCard1.1/idUroCard1.1.primary.fa.gz
Urtica_dioica	dicots	release_reference	drUrtDioi1.1	drUrtDioi1.1	primary	1	1	0	0	/data/tol/data/darwin/dicots/Urtica_dioica/assembly/curated/drUrtDioi1.1/drUrtDioi1.1.primary.fa.gz
Urtica_urens	dicots	release_reference	drUrtUren1.1	drUrtUren1.1	primary	1	1	0	1	/data/tol/data/darwin/dicots/Urtica_urens/assembly/curated/drUrtUren1.1/drUrtUren1.1.primary.fa.gz
Vaccinium_myrtillus	dicots	release_reference	ddVacMyrt1.hap2.1	ddVacMyrt1.1	hap2	1	1	0	0	/data/tol/data/darwin/dicots/Vaccinium_myrtillus/assembly/curated/ddVacMyrt1.1/ddVacMyrt1.hap2.1.primary.fa.gz
Vaccinium_vitis_idaea	dicots	release_reference	ddVacViti1.3	ddVacViti1.3	primary	1	3	0	0	/data/tol/data/darwin/dicots/Vaccinium_vitis_idaea/assembly/curated/ddVacViti1.3/ddVacViti1.3.primary.fa.gz
Valerianella_locusta	dicots	release_reference	daValLocu1.hap1.1	daValLocu1.1	hap1	1	1	0	0	/data/tol/data/darwin/dicots/Valerianella_locusta/assembly/curated/daValLocu1.1/daValLocu1.hap1.1.primary.fa.gz
Vanellus_vanellus	birds	release_reference	bVanVan1.hap1.1	bVanVan1.1	hap1	1	1	0	0	/data/tol/data/darwin/birds/Vanellus_vanellus/assembly/curated/bVanVan1.1/bVanVan1.hap1.1.primary.fa.gz
Vanessa_atalanta	insects	release_reference	ilVanAtal1.2	ilVanAtal1.2	legacy_curated_primary	1	2	0	0	/data/tol/data/darwin/insects/Vanessa_atalanta/assembly/curated/ilVanAtal1.2/ilVanAtal1_1.curated_primary.fa.gz
Vanessa_cardui	insects	release_reference	ilVanCard2.2	ilVanCard2.2	primary	1	2	0	0	/data/tol/data/darwin/insects/Vanessa_cardui/assembly/curated/ilVanCard2.2/ilVanCard2.2.primary.fa.gz
Venerupis_corrugata	molluscs	release_reference	xbVenCorr1.1	xbVenCorr1.1	primary	1	1	0	0	/data/tol/data/darwin/molluscs/Venerupis_corrugata/assembly/curated/xbVenCorr1.1/xbVenCorr1.1.primary.fa.gz
Venturia_canescens	insects	newest_curated_no_reference		iyVenCane3.1	primary	1	1	0	0	/data/tol/data/darwin/insects/Venturia_canescens/assembly/curated/iyVenCane3.1/iyVenCane3.1.primary.fa.gz
Venusia_cambrica	insects	release_reference	ilVenCamb1.1	ilVenCamb1.1	primary	1	1	0	0	/data/tol/data/darwin/insects/Venusia_cambrica/assembly/curated/ilVenCamb1.1/ilVenCamb1.1.primary.fa.gz
Verbascum_nigrum	dicots	release_reference	daVerNigr1.hap1.2	daVerNigr1.2	hap1	1	2	0	0	/data/tol/data/darwin/dicots/Verbascum_nigrum/assembly/curated/daVerNigr1.2/daVerNigr1.hap1.2.primary.fa.gz
Verbascum_thapsus	dicots	release_reference	daVerThap1.1	daVerThap1.1	primary	1	1	0	0	/data/tol/data/darwin/dicots/Verbascum_thapsus/assembly/curated/daVerThap1.1/daVerThap1.1.primary.fa.gz
Verbena_officinalis	dicots	release_reference	daVerOffi1.1	daVerOffi1.1	primary	1	1	0	0	/data/tol/data/darwin/dicots/Verbena_officinalis/assembly/curated/daVerOffi1.1/daVerOffi1.1.primary.fa.gz
Veronica_anagallis_aquatica	dicots	release_reference	daVerAnag1.hap1.1	daVerAnag1.1	hap1	1	1	0	0	/data/tol/data/darwin/dicots/Veronica_anagallis_aquatica/assembly/curated/daVerAnag1.1/daVerAnag1.hap1.1.primary.fa.gz
Veronica_arvensis	dicots	release_reference	daVerArve1.hap1.1	daVerArve1.1	hap1	1	1	0	0	/data/tol/data/darwin/dicots/Veronica_arvensis/assembly/curated/daVerArve1.1/daVerArve1.hap1.1.primary.fa.gz
Veronica_filiformis	dicots	release_reference	daVerFili1.hap1.1	daVerFili1.1	hap1	1	1	0	0	/data/tol/data/darwin/dicots/Veronica_filiformis/assembly/curated/daVerFili1.1/daVerFili1.hap1.1.primary.fa.gz
Veronica_officinalis	dicots	release_reference	daVerOffc1.hap1.1	daVerOffc1.1	hap1	1	1	0	0	/data/tol/data/darwin/dicots/Veronica_officinalis/assembly/curated/daVerOffc1.1/daVerOffc1.hap1.1.primary.fa.gz
Veronica_persica	dicots	release_reference	daVerPers1.hap1.1	daVerPers1.1	hap1	1	1	0	0	/data/tol/data/darwin/dicots/Veronica_persica/assembly/curated/daVerPers1.1/daVerPers1.hap1.1.primary.fa.gz
Veronica_scutellata	dicots	release_reference	daVerScut1.hap1.1	daVerScut1.1	hap1	1	1	0	0	/data/tol/data/darwin/dicots/Veronica_scutellata/assembly/curated/daVerScut1.1/daVerScut1.hap1.1.primary.fa.gz
Veronica_serpyllifolia	dicots	release_reference	daVerSerp1.hap1.1	daVerSerp1.1	hap1	1	1	0	0	/data/tol/data/darwin/dicots/Veronica_serpyllifolia/assembly/curated/daVerSerp1.1/daVerSerp1.hap1.1.primary.fa.gz
Veronica_triphyllos	dicots	release_reference	daVerTrip1.1	daVerTrip1.1	primary	1	1	0	0	/data/tol/data/darwin/dicots/Veronica_triphyllos/assembly/curated/daVerTrip1.1/daVerTrip1.1.primary.fa.gz
Veronica_verna	dicots	release_reference	daVerVern1.1	daVerVern1.1	primary	1	1	0	0	/data/tol/data/darwin/dicots/Veronica_verna/assembly/curated/daVerVern1.1/daVerVern1.1.primary.fa.gz
Vespa_crabro	insects	release_reference	iyVesCrab1.2	iyVesCrab1.2	primary	1	2	0	0	/data/tol/data/darwin/insects/Vespa_crabro/assembly/curated/iyVesCrab1.2/iyVesCrab1.2.primary.fa.gz
Vespa_velutina	insects	release_reference	iVesVel2.1	iVesVel2.1	primary	1	1	0	0	/data/tol/data/darwin/insects/Vespa_velutina/assembly/curated/iVesVel2.1/iVesVel2.1.primary.fa.gz
Vespertilio_murinus	mammals	release_reference	mVesMur1.hap1.2	mVesMur1.2	hap1	1	2	0	0	/data/tol/data/darwin/mammals/Vespertilio_murinus/assembly/curated/mVesMur1.2/mVesMur1.hap1.2.primary.fa.gz
Vespula_germanica	insects	release_reference	iyVesGerm1.1	iyVesGerm1.1	primary	1	1	0	0	/data/tol/data/darwin/insects/Vespula_germanica/assembly/curated/iyVesGerm1.1/iyVesGerm1.1.primary.fa.gz
Vespula_vulgaris	insects	release_reference	iyVesVulg1.1	iyVesVulg1.1	primary	1	1	0	0	/data/tol/data/darwin/insects/Vespula_vulgaris/assembly/curated/iyVesVulg1.1/iyVesVulg1.1.primary.fa.gz
Viburnum_lantana	dicots	newest_curated_no_reference		daVibLant1.1	hap1	1	1	0	0	/data/tol/data/darwin/dicots/Viburnum_lantana/assembly/curated/daVibLant1.1/daVibLant1.hap1.1.primary.fa.gz
Vicia_hirsuta	dicots	release_reference	drVicHirs1.hap2.1	drVicHirs1.1	hap2	1	1	0	0	/data/tol/data/darwin/dicots/Vicia_hirsuta/assembly/curated/drVicHirs1.1/drVicHirs1.hap2.1.primary.fa.gz
Vicia_lathyroides	dicots	release_reference	drVicLath1.hap1.1	drVicLath1.1	hap1	1	1	0	0	/data/tol/data/darwin/dicots/Vicia_lathyroides/assembly/curated/drVicLath1.1/drVicLath1.hap1.1.primary.fa.gz
Vicia_parviflora	dicots	release_reference	drVicParv1.1	drVicParv1.1	primary	1	1	0	0	/data/tol/data/darwin/dicots/Vicia_parviflora/assembly/curated/drVicParv1.1/drVicParv1.1.primary.fa.gz
Vicia_sativa	dicots	release_reference	drVicSati1.hap1.1	drVicSati1.1	hap1	1	1	0	0	/data/tol/data/darwin/dicots/Vicia_sativa/assembly/curated/drVicSati1.1/drVicSati1.hap1.1.primary.fa.gz
Vicia_tetrasperma	dicots	newest_curated_no_reference		drVicTetr2.1	hap1	1	1	0	0	/data/tol/data/darwin/dicots/Vicia_tetrasperma/assembly/curated/drVicTetr2.1/drVicTetr2.hap1.1.primary.fa.gz
Villa_cingulata	insects	release_reference	idVilCing2.1	idVilCing2.1	primary	1	1	1	0	/data/tol/data/darwin/insects/Villa_cingulata/assembly/curated/idVilCing2.1/idVilCing2.1.primary.fa.gz
Villa_modesta	insects	release_reference	idVilMode1.1	idVilMode1.1	primary	1	1	2	0	/data/tol/data/darwin/insects/Villa_modesta/assembly/curated/idVilMode1.1/idVilMode1.1.primary.fa.gz
Villa_occulta	insects	release_reference	idVilOccu2.hap1.1	idVilOccu2.1	hap1	1	1	0	0	/data/tol/data/darwin/insects/Villa_occulta/assembly/curated/idVilOccu2.1/idVilOccu2.hap1.1.primary.fa.gz
Vincenzellus_ruficollis	insects	release_reference	icVinRufi1.1	icVinRufi1.1	primary	1	1	0	0	/data/tol/data/darwin/insects/Vincenzellus_ruficollis/assembly/curated/icVinRufi1.1/icVinRufi1.1.primary.fa.gz
Viola_odorata	dicots	release_reference	ddVioOdor1.1	ddVioOdor1.1	primary	1	1	0	0	/data/tol/data/darwin/dicots/Viola_odorata/assembly/curated/ddVioOdor1.1/ddVioOdor1.1.primary.fa.gz
Viola_palustris	dicots	release_reference	ddVioPalu1.hap1.1	ddVioPalu1.1	hap1	1	1	0	0	/data/tol/data/darwin/dicots/Viola_palustris/assembly/curated/ddVioPalu1.1/ddVioPalu1.hap1.1.primary.fa.gz
Viola_stagnina	dicots	release_reference	ddVioStag1.1	ddVioStag1.1	primary	1	1	0	0	/data/tol/data/darwin/dicots/Viola_stagnina/assembly/curated/ddVioStag1.1/ddVioStag1.1.primary.fa.gz
Viola_tricolor	dicots	release_reference	ddVioTric1.hap2.1	ddVioTric1.1	hap2	1	1	0	0	/data/tol/data/darwin/dicots/Viola_tricolor/assembly/curated/ddVioTric1.1/ddVioTric1.hap2.1.primary.fa.gz
Vipera_berus	reptiles	release_reference	rVipBer3.hap1.1	rVipBer3.1	hap1	1	1	0	0	/data/tol/data/darwin/reptiles/Vipera_berus/assembly/curated/rVipBer3.1/rVipBer3.hap1.1.primary.fa.gz
Virgichneumon_dumeticola	insects	release_reference	iyVirDume1.1	iyVirDume1.1	primary	1	1	1	0	/data/tol/data/darwin/insects/Virgichneumon_dumeticola/assembly/curated/iyVirDume1.1/iyVirDume1.1.primary.fa.gz
Virgichneumon_maculicauda	insects	release_reference	iyVirMacu1.1	iyVirMacu1.1	primary	1	1	0	0	/data/tol/data/darwin/insects/Virgichneumon_maculicauda/assembly/curated/iyVirMacu1.1/iyVirMacu1.1.primary.fa.gz
Virgularia_mirabilis	jellyfish	newest_curated_no_reference		jaVirMira1.1	hap1	1	1	0	0	/data/tol/data/darwin/jellyfish/Virgularia_mirabilis/assembly/curated/jaVirMira1.1/jaVirMira1.hap1.1.primary.fa.gz
Viscum_album	dicots	release_reference	drVisAlbu1.1	drVisAlbu1.1	primary	1	1	0	0	/data/tol/data/darwin/dicots/Viscum_album/assembly/curated/drVisAlbu1.1/drVisAlbu1.1.primary.fa.gz
Vitis_vinifera	dicots	newest_curated_no_reference		drVitVini1.1	hap1	1	1	0	0	/data/tol/data/darwin/dicots/Vitis_vinifera/assembly/curated/drVitVini1.1/drVitVini1.hap1.1.primary.fa.gz
Volucella_bombylans	insects	release_reference	idVolBomb1.1	idVolBomb1.1	primary	1	1	1	0	/data/tol/data/darwin/insects/Volucella_bombylans/assembly/curated/idVolBomb1.1/idVolBomb1.1.primary.fa.gz
Volucella_inanis	insects	release_reference	idVolInan1.1	idVolInan1.1	primary	1	1	0	0	/data/tol/data/darwin/insects/Volucella_inanis/assembly/curated/idVolInan1.1/idVolInan1.1.primary.fa.gz
Volucella_inflata	insects	release_reference	idVolInfl1.1	idVolInfl1.1	primary	1	1	2	0	/data/tol/data/darwin/insects/Volucella_inflata/assembly/curated/idVolInfl1.1/idVolInfl1.1.primary.fa.gz
Volucella_pellucens	insects	release_reference	idVolPell3.hap1.1	idVolPell3.1	hap1	1	1	0	0	/data/tol/data/darwin/insects/Volucella_pellucens/assembly/curated/idVolPell3.1/idVolPell3.hap1.1.primary.fa.gz
Volucella_zonaria	insects	release_reference	idVolZona1.1	idVolZona1.1	primary	1	1	0	0	/data/tol/data/darwin/insects/Volucella_zonaria/assembly/curated/idVolZona1.1/idVolZona1.1.primary.fa.gz
Volvariella_surrecta	fungi	release_reference	gfVolSurr1.1	gfVolSurr1.1	primary	1	1	0	0	/data/tol/data/darwin/fungi/Volvariella_surrecta/assembly/curated/gfVolSurr1.1/gfVolSurr1.1.primary.fa.gz
Vulgichneumon_bimaculatus	insects	release_reference	iyVulBima1.1	iyVulBima1.1	primary	1	1	0	0	/data/tol/data/darwin/insects/Vulgichneumon_bimaculatus/assembly/curated/iyVulBima1.1/iyVulBima1.1.primary.fa.gz
Vulgichneumon_saturatorius	insects	newest_curated_no_reference		iyVulSatu2.1	primary	1	1	0	0	/data/tol/data/darwin/insects/Vulgichneumon_saturatorius/assembly/curated/iyVulSatu2.1/iyVulSatu2.1.primary.fa.gz
Vulpes_vulpes	mammals	newest_curated_no_reference		mVulVul1.2	hap1	1	2	0	0	/data/tol/data/darwin/mammals/Vulpes_vulpes/assembly/curated/mVulVul1.2/mVulVul1.hap1.2.primary.fa.gz
Watersipora_subatra	other-animal-phyla	release_reference	tzWatSuba1.1	tzWatSuba1.1	primary	1	1	1	0	/data/tol/data/darwin/other-animal-phyla/Watersipora_subatra/assembly/curated/tzWatSuba1.1/tzWatSuba1.1.primary.fa.gz
Watsonalla_binaria	insects	release_reference	ilWatBina1.1	ilWatBina1.1	primary	1	1	1	0	/data/tol/data/darwin/insects/Watsonalla_binaria/assembly/curated/ilWatBina1.1/ilWatBina1.1.primary.fa.gz
Watsonalla_cultraria	insects	release_reference	ilWatCult2.1	ilWatCult2.1	primary	1	1	0	0	/data/tol/data/darwin/insects/Watsonalla_cultraria/assembly/curated/ilWatCult2.1/ilWatCult2.1.primary.fa.gz
Winthemia_cruentata	insects	release_reference	idWinCrue1.hap1.1	idWinCrue1.1	hap1	1	1	0	0	/data/tol/data/darwin/insects/Winthemia_cruentata/assembly/curated/idWinCrue1.1/idWinCrue1.hap1.1.primary.fa.gz
Xanthandrus_comtus	insects	release_reference	idXanComt1.hap1.1	idXanComt1.1	hap1	1	1	0	0	/data/tol/data/darwin/insects/Xanthandrus_comtus/assembly/curated/idXanComt1.1/idXanComt1.hap1.1.primary.fa.gz
Xanthia_icteritia	insects	release_reference	ilXanIcte2.2	ilXanIcte2.2	primary	1	2	0	0	/data/tol/data/darwin/insects/Xanthia_icteritia/assembly/curated/ilXanIcte2.2/ilXanIcte2.2.primary.fa.gz
Xanthia_togata	insects	release_reference	ilXanToga5.1	ilXanToga5.1	primary	1	1	0	0	/data/tol/data/darwin/insects/Xanthia_togata/assembly/curated/ilXanToga5.1/ilXanToga5.1.primary.fa.gz
Xanthogramma_pedissequum	insects	release_reference	idXanPedi1.1	idXanPedi1.1	primary	1	1	0	0	/data/tol/data/darwin/insects/Xanthogramma_pedissequum/assembly/curated/idXanPedi1.1/idXanPedi1.1.primary.fa.gz
Xantholinus_longiventris	insects	release_reference	icXanLong1.hap1.1	icXanLong1.1	hap1	1	1	0	0	/data/tol/data/darwin/insects/Xantholinus_longiventris/assembly/curated/icXanLong1.1/icXanLong1.hap1.1.primary.fa.gz
Xanthorhoe_designata	insects	release_reference	ilXanDesi1.1	ilXanDesi1.1	primary	1	1	1	0	/data/tol/data/darwin/insects/Xanthorhoe_designata/assembly/curated/ilXanDesi1.1/ilXanDesi1.1.primary.fa.gz
Xanthorhoe_montanata	insects	release_reference	ilXanMont2.hap1.1	ilXanMont2.1	hap1	1	1	0	0	/data/tol/data/darwin/insects/Xanthorhoe_montanata/assembly/curated/ilXanMont2.1/ilXanMont2.hap1.1.primary.fa.gz
Xanthorhoe_spadicearia	insects	release_reference	ilXanSpad1.1	ilXanSpad1.1	primary	1	1	0	0	/data/tol/data/darwin/insects/Xanthorhoe_spadicearia/assembly/curated/ilXanSpad1.1/ilXanSpad1.1.primary.fa.gz
Xanthostigma_xanthostigma	insects	release_reference	irXanXant1.1	irXanXant1.1	primary	1	1	0	0	/data/tol/data/darwin/insects/Xanthostigma_xanthostigma/assembly/curated/irXanXant1.1/irXanXant1.1.primary.fa.gz
Xerophyllum_tenax	monocots	release_reference	llXerTena1.hap1.1	llXerTena1.1	hap1	1	1	0	0	/data/tol/data/darwin/monocots/Xerophyllum_tenax/assembly/curated/llXerTena1.1/llXerTena1.hap1.1.primary.fa.gz
Xestia_ashworthii	insects	release_reference	ilXesAshw1.1	ilXesAshw1.1	primary	1	1	0	0	/data/tol/data/darwin/insects/Xestia_ashworthii/assembly/curated/ilXesAshw1.1/ilXesAshw1.1.primary.fa.gz
Xestia_baja	insects	release_reference	ilXesBaja2.hap1.1	ilXesBaja2.1	hap1	1	1	0	0	/data/tol/data/darwin/insects/Xestia_baja/assembly/curated/ilXesBaja2.1/ilXesBaja2.hap1.1.primary.fa.gz
Xestia_c_nigrum	insects	release_reference	ilXesCnig1.1	ilXesCnig1.1	legacy_curated_primary	1	1	1	0	/data/tol/data/darwin/insects/Xestia_c_nigrum/assembly/curated/ilXesCnig1.1/ilXesCnig1_1.curated_primary.fa
Xestia_castanea	insects	release_reference	ilXesCast1.hap1.1	ilXesCast1.1	hap1	1	1	0	0	/data/tol/data/darwin/insects/Xestia_castanea/assembly/curated/ilXesCast1.1/ilXesCast1.hap1.1.primary.fa.gz
Xestia_rhomboidea	insects	release_reference	ilXesRhom1.1	ilXesRhom1.1	primary	1	1	0	0	/data/tol/data/darwin/insects/Xestia_rhomboidea/assembly/curated/ilXesRhom1.1/ilXesRhom1.1.primary.fa.gz
Xestia_sexstrigata	insects	release_reference	ilXesSexs1.2	ilXesSexs1.2	primary	1	2	0	0	/data/tol/data/darwin/insects/Xestia_sexstrigata/assembly/curated/ilXesSexs1.2/ilXesSexs1.2.primary.fa.gz
Xestia_triangulum	insects	release_reference	ilXesTria1.1	ilXesTria1.1	primary	2	2	0	0	/data/tol/data/darwin/insects/Xestia_triangulum/assembly/curated/ilXesTria1.1/ilXesTria1.1.primary.fa.gz
Xestia_xanthographa	insects	release_reference	ilXesXant1.2	ilXesXant1.2	primary	1	2	0	0	/data/tol/data/darwin/insects/Xestia_xanthographa/assembly/curated/ilXesXant1.2/ilXesXant1.2.primary.fa.gz
Xestobium_rufovillosum	insects	release_reference	icXesRufo2.2	icXesRufo2.2	primary	1	2	0	0	/data/tol/data/darwin/insects/Xestobium_rufovillosum/assembly/curated/icXesRufo2.2/icXesRufo2.2.primary.fa.gz
Xiphydria_camelus	insects	release_reference	iyXipCame1.1	iyXipCame1.1	primary	1	1	0	0	/data/tol/data/darwin/insects/Xiphydria_camelus/assembly/curated/iyXipCame1.1/iyXipCame1.1.primary.fa.gz
Xylena_solidaginis	insects	release_reference	ilXylSoli2.hap1.1	ilXylSoli2.1	hap1	1	1	0	0	/data/tol/data/darwin/insects/Xylena_solidaginis/assembly/curated/ilXylSoli2.1/ilXylSoli2.hap1.1.primary.fa.gz
Xylena_vetusta	insects	release_reference	ilXylVetu1.hap1.1	ilXylVetu1.1	hap1	1	1	0	0	/data/tol/data/darwin/insects/Xylena_vetusta/assembly/curated/ilXylVetu1.1/ilXylVetu1.hap1.1.primary.fa.gz
Xylocampa_areola	insects	release_reference	ilXylAreo1.1	ilXylAreo1.1	primary	2	2	1	0	/data/tol/data/darwin/insects/Xylocampa_areola/assembly/curated/ilXylAreo1.1/ilXylAreo1.1.primary.fa.gz
Xylophagus_ater	insects	release_reference	idXylAter1.1	idXylAter1.1	primary	1	2	0	0	/data/tol/data/darwin/insects/Xylophagus_ater/assembly/curated/idXylAter1.1/idXylAter1.1.primary.fa.gz
Xylota_segnis	insects	release_reference	idXylSegn2.1	idXylSegn2.1	primary	1	1	1	0	/data/tol/data/darwin/insects/Xylota_segnis/assembly/curated/idXylSegn2.1/idXylSegn2.1.primary.fa.gz
Xylota_sylvarum	insects	release_reference	idXylSylv2.1	idXylSylv2.1	primary	1	1	0	0	/data/tol/data/darwin/insects/Xylota_sylvarum/assembly/curated/idXylSylv2.1/idXylSylv2.1.primary.fa.gz
Xyphosia_miliaria	insects	release_reference	idXypMili3.hap1.1	idXypMili3.1	hap1	1	1	0	0	/data/tol/data/darwin/insects/Xyphosia_miliaria/assembly/curated/idXypMili3.1/idXypMili3.hap1.1.primary.fa.gz
Xysticus_acerbus	arthropods	release_reference	qqXysAcer1.hap1.1	qqXysAcer1.1	hap1	1	1	0	0	/data/tol/data/darwin/arthropods/Xysticus_acerbus/assembly/curated/qqXysAcer1.1/qqXysAcer1.hap1.1.primary.fa.gz
Yponomeuta_cagnagella	insects	release_reference	ilYpoCagn1.1	ilYpoCagn1.1	primary	2	2	0	0	/data/tol/data/darwin/insects/Yponomeuta_cagnagella/assembly/curated/ilYpoCagn1.1/ilYpoCagn1.1.primary.fa.gz
Yponomeuta_evonymella	insects	release_reference	ilYpoEvon2.1	ilYpoEvon2.1	primary	1	1	0	0	/data/tol/data/darwin/insects/Yponomeuta_evonymella/assembly/curated/ilYpoEvon2.1/ilYpoEvon2.1.primary.fa.gz
Yponomeuta_malinellus	insects	release_reference	ilYpoRore1.1	ilYpoRore1.1	primary	1	1	1	0	/data/tol/data/darwin/insects/Yponomeuta_malinellus/assembly/curated/ilYpoRore1.1/ilYpoRore1.1.primary.fa.gz
Yponomeuta_plumbellus	insects	release_reference	ilYpoPlub1.1	ilYpoPlub1.1	primary	1	1	1	0	/data/tol/data/darwin/insects/Yponomeuta_plumbellus/assembly/curated/ilYpoPlub1.1/ilYpoPlub1.1.primary.fa.gz
Yponomeuta_sedellus	insects	release_reference	ilYpoSedl1.1	ilYpoSedl1.1	primary	1	1	0	0	/data/tol/data/darwin/insects/Yponomeuta_sedellus/assembly/curated/ilYpoSedl1.1/ilYpoSedl1.1.primary.fa.gz
Ypsolopha_horridella	insects	release_reference	ilYpsHorr1.hap1.1	ilYpsHorr1.1	hap1	1	1	0	0	/data/tol/data/darwin/insects/Ypsolopha_horridella/assembly/curated/ilYpsHorr1.1/ilYpsHorr1.hap1.1.primary.fa.gz
Ypsolopha_scabrella	insects	release_reference	ilYpsScab1.1	ilYpsScab1.1	primary	1	1	0	0	/data/tol/data/darwin/insects/Ypsolopha_scabrella/assembly/curated/ilYpsScab1.1/ilYpsScab1.1.primary.fa.gz
Ypsolopha_sequella	insects	release_reference	ilYpsSequ2.1	ilYpsSequ2.1	primary	1	1	0	0	/data/tol/data/darwin/insects/Ypsolopha_sequella/assembly/curated/ilYpsSequ2.1/ilYpsSequ2.1.primary.fa.gz
Ypsolopha_sylvella	insects	release_reference	ilYpsSylv1.hap1.1	ilYpsSylv1.1	hap1	1	1	0	0	/data/tol/data/darwin/insects/Ypsolopha_sylvella/assembly/curated/ilYpsSylv1.1/ilYpsSylv1.hap1.1.primary.fa.gz
Zaglyptus_varipes	insects	release_reference	iyZagVari1.hap1.1	iyZagVari1.1	hap1	1	1	0	0	/data/tol/data/darwin/insects/Zaglyptus_varipes/assembly/curated/iyZagVari1.1/iyZagVari1.hap1.1.primary.fa.gz
Zeiraphera_griseana	insects	release_reference	ilZeiGris1.hap1.1	ilZeiGris1.1	hap1	1	1	0	0	/data/tol/data/darwin/insects/Zeiraphera_griseana/assembly/curated/ilZeiGris1.1/ilZeiGris1.hap1.1.primary.fa.gz
Zele_albiditarsus	insects	release_reference	iyZelAlbi1.1	iyZelAlbi1.1	primary	1	1	0	0	/data/tol/data/darwin/insects/Zele_albiditarsus/assembly/curated/iyZelAlbi1.1/iyZelAlbi1.1.primary.fa.gz
Zele_chlorophthalmus	insects	release_reference	iyZelChlo1.hap1.1	iyZelChlo1.1	hap1	1	1	0	0	/data/tol/data/darwin/insects/Zele_chlorophthalmus/assembly/curated/iyZelChlo1.1/iyZelChlo1.hap1.1.primary.fa.gz
Zelleria_hepariella	insects	release_reference	ilZelHepa1.1	ilZelHepa1.1	primary	1	1	0	0	/data/tol/data/darwin/insects/Zelleria_hepariella/assembly/curated/ilZelHepa1.1/ilZelHepa1.1.primary.fa.gz
Zeus_faber	fish	release_reference	fZeuFab8.2	fZeuFab8.2	primary	1	2	0	0	/data/tol/data/darwin/fish/Zeus_faber/assembly/curated/fZeuFab8.2/fZeuFab8.2.primary.fa.gz
Zeuzera_pyrina	insects	release_reference	ilZeuPyri1.1	ilZeuPyri1.1	primary	1	1	0	0	/data/tol/data/darwin/insects/Zeuzera_pyrina/assembly/curated/ilZeuPyri1.1/ilZeuPyri1.1.primary.fa.gz
Zootoca_vivipara	reptiles	release_reference	rZooViv2.hap1.1	rZooViv2.1	hap1	2	3	0	0	/data/tol/data/darwin/reptiles/Zootoca_vivipara/assembly/curated/rZooViv2.1/rZooViv2.hap1.1.primary.fa.gz
Zoropsis_spinimana	arthropods	release_reference	qqZorSpii1.hap1.1	qqZorSpii1.1	hap1	1	1	0	0	/data/tol/data/darwin/arthropods/Zoropsis_spinimana/assembly/curated/qqZorSpii1.1/qqZorSpii1.hap1.1.primary.fa.gz
Zostera_noltei	monocots	newest_curated_no_reference		laZosNolt13.1	primary	1	1	0	0	/data/tol/data/darwin/monocots/Zostera_noltei/assembly/curated/laZosNolt13.1/laZosNolt13.1.primary.fa.gz
Zygaena_filipendulae	insects	release_reference	ilZygFili1.2	ilZygFili1.2	primary	2	3	0	0	/data/tol/data/darwin/insects/Zygaena_filipendulae/assembly/curated/ilZygFili1.2/ilZygFili1.2.primary.fa.gz
Zygodon_viridissimus	non-vascular-plants	release_reference	cbZygViri2.1	cbZygViri2.1	primary	1	1	0	0	/data/tol/data/darwin/non-vascular-plants/Zygodon_viridissimus/assembly/curated/cbZygViri2.1/cbZygViri2.1.primary.fa.gz
