species	source	n_scaffolds	total_length_bp	scaffold_n50	scaffold_l50	n_contigs	contig_n50	contig_l50	gc_percent
Abax_parallelepipedus	gfastats	316	597012353	35806512	8	869	3250000	48	33.40
Abia_aenea	gfastats	193	188764128	12996281	7	530	1187478	39	38.91
Abia_candens	gfastats	372	261049693	14120421	9	634	1223977	63	37.15
Abramis_brama	insdc_release	208	1108218292	42794514	11	893	3478172	108	38.5
Abraxas_grossulariata	gfastats	145	548639645	19852593	12	194	18241371	13	36.55
Abraxas_sylvata	gfastats	60	475216555	16612082	12	261	5655000	27	36.84
Abrostola_tripartita	insdc_release	33	381057457	13645312	13	35	13645312	13	
Abrostola_triplasia	gfastats	36	362722748	12758438	13	39	12702214	13	37.21
Acaena_novae_zelandiae	gfastats	132	664297883	30395912	10	145	27769625	11	38.65
Acaena_ovalifolia	gfastats	156	687192732	32614310	10	451	3658805	58	38.77
Acalles_misellus	gfastats	251	656364974	36281168	4	654	2340197	86	36.01
Acanthis_cabaret	insdc_release	103	1250528168	75809396	6	146	24643000	10	44
Acanthis_flammea	insdc_release	46	1130486762	67102026	6	79	38123965	8	44
Acanthocardia_echinata	gfastats	288	1351181272	72125967	8	820	4250610	98	37.45
Acanthosoma_haemorrhoidale	insdc_release	73	865622309	129246741	3	546	3364162	71	35.5
Acasis_viretata	gfastats	35	297698221	17877355	8	42	17284374	8	37.67
Accipiter_gentilis	insdc_release	455	1398027955	35025567	15	638	17712854	27	44
Accipiter_nisus	insdc_release	469	1231573886	44399815	11	901	4375068	88	43.5
Acentria_ephemerella	gfastats	36	340792766	12251206	13	38	12251206	13	33.14
Acer_campestre	gfastats	268	566012055	40156598	6	1366	821767	213	35.28
Acer_pseudoplatanus	gfastats	430	1262994205	43914932	12	512	27863717	17	35.63
Acericerus_heydenii	gfastats	65	1745765071	147147870	5	371	14586000	36	38.70
Achaius_oratorius	gfastats	188	414160184	33518829	6	763	1400000	74	42.94
Achillea_maritima	gfastats	428	2496061757	267954864	5	1478	4123717	180	34.75
Achillea_ptarmica	gfastats	509	3165141024	326358358	5	650	35102994	27	35.41
Achlya_flavicornis	gfastats	33	444573508	16269518	13	64	11759888	16	37.26
Acholoe_squamosa	gfastats	67	1481485712	84155211	8	489	5523906	84	41.63
Achroia_grisella	gfastats	41	440084710	15554256	13	60	15407725	14	33.47
Acidia_cognata	gfastats	233	920133830	149381172	3	1016	2655339	87	35.03
Acleris_aspersana	gfastats	48	597443973	19676425	11	58	18382422	12	37.31
Acleris_cristana	gfastats	45	562572194	17811303	11	156	6508426	27	37.25
Acleris_emargana	insdc_release		669046345			1615	861355	236	37
Acleris_ferrugana	gfastats	206	480042053	13406671	14	341	4030766	32	37.49
Acleris_hastiana	gfastats	165	677778797	19580200	10	187	18478991	13	37.68
Acleris_holmiana	gfastats	297	650224491	21176203	12	1240	1117065	172	37.17
Acleris_hyemana	gfastats	80	578457883	17545969	12	224	5220747	31	37.16
Acleris_laterana	gfastats	502	574774576	18228262	12	2529	509580	309	37.02
Acleris_literana	gfastats	39	674889359	21986359	11	56	20431359	12	37.30
Acleris_logiana	gfastats	74	530381989	17175596	11	175	6509157	26	37.29
Acleris_lorquiniana	gfastats	40	591291190	19339127	11	102	17348297	14	36.94
Acleris_sparsana	insdc_release		578581586			523	5804593	32	37.5
Acleris_umbrana	gfastats	75	585628061	19974826	11	156	11045803	19	37.08
Acompsia_schmidtiellus	gfastats	43	442622345	16202181	13	47	16107624	13	36.87
Acrobasis_consociella	gfastats	47	598408520	20377658	13	57	19832698	14	36.79
Acrobasis_repandana	gfastats	55	620447431	22183226	13	78	20945136	14	36.81
Acrobasis_suavella	insdc_release		514085146			1155	1054392	146	36.5
Acrocephalus_schoenobaenus	insdc_release	854	1356610264	63841902	7	1099	7134917	47	44
Acrocera_orbiculus	gfastats	74	221032551	63123693	2	76	63123693	2	27.31
Acrocnida_brachiata	gfastats	616	1661832880	76419738	10	1991	3198013	145	37.03
Acrodactyla_quadrisculpta	gfastats	45	488470886	63371471	4	275	13127541	13	37.02
Acromegalomma_vesiculosum	gfastats	438	1807948109	145758853	6	1223	4391543	125	32.16
Acronicta_aceris	insdc_release	33	466384436	16061144	14	46	15394549	14	
Acronicta_alni	gfastats	253	470385977	16190090	13	340	6536681	22	36.79
Acronicta_leporina	gfastats	35	465591081	16347223	13	73	9296191	18	37.18
Acronicta_megacephala	gfastats	46	430153561	15225406	13	64	15225406	13	36.75
Acronicta_psi	gfastats	33	404700304	14236034	13	34	14236034	13	36.92
Acronicta_rumicis	gfastats	54	582877459	19305617	14	74	18932162	14	37.33
Acrosathe_annulata	gfastats	873	1298302808	242371338	3	1497	5528242	33	37.23
Actenicerus_siaelandicus	gfastats	374	854931437	83355646	5	561	6386061	38	34.83
Acupalpus_dubius	gfastats	667	656083857	35587265	8	1868	1035434	164	30.89
Acupalpus_parvulus	gfastats	521	571885898	28561053	9	660	12668308	19	30.30
Adaina_microdactyla	gfastats	304	281740290	9470560	14	522	1917023	45	33.44
Adalia_bipunctata	insdc_release	1048	357820147	1842588	48	1054	1842588	48	
Adalia_decempunctata	insdc_release	82	489453138	51987084	4	130	26378788	8	36.5
Adela_reaumurella	gfastats	33	1145521194	148375755	4	132	18057000	22	40.04
Adicella_reducta	gfastats	41	414865965	18120290	10	55	18120290	10	33.74
Adonis_annua	gfastats	7367	14093233012	817723161	8	10722	6106646	638	38.82
Adscita_geryon	gfastats	82	670149289	24707593	13	177	10378127	22	35.50
Aegialia_arenaria	gfastats	87	424307030	43928660	4	190	8448757	18	33.15
Aegithalos_caudatus	insdc_release	1473	1157973908	73551885	6	1856	8338484	40	43
Aelia_acuminata	insdc_release	2373	948989416	902599	320	2379	901678	320	
Aesculus_hippocastanum	gfastats	135	514250763	25744433	9	508	2092002	75	36.77
Aeshna_juncea	gfastats	3919	2202933384	136268635	7	6375	1131580	572	33.50
Aethecerus_discolor	gfastats	922	381095132	30973937	6	2062	512432	217	40.43
Aethes_beatricella	gfastats	68	557606474	18854610	12	233	12042122	17	39.08
Aethes_cnicana	gfastats	770	412275189	13714348	13	3602	218407	516	39.25
Aethes_francillana	gfastats	441	456016611	15244437	12	1371	765004	189	38.77
Aethes_hartmanniana	gfastats	84	486509881	16804808	12	190	11168710	15	39.34
Aethes_rubigana	gfastats	50	463852761	16216880	12	146	9704416	18	39.42
Aethes_rutilana	gfastats	239	420326363	14359181	13	1238	680080	189	38.29
Aethes_smeathmanniana	gfastats	35	425643879	15078254	12	43	15078254	12	39.31
Aethes_tesserana	gfastats	70	486138018	17543827	12	156	10338047	15	39.38
Aethusa_cynapium	gfastats	136	1310524260	131215314	5	218	116142000	6	34.67
Agapeta_hamana	gfastats	45	666255586	84425575	4	470	2856222	61	38.51
Agapeta_zoegana	gfastats	100	578374777	47315000	5	375	3441016	53	38.24
Agapetus_fuscipes	gfastats	152	618289777	17982820	14	766	1629991	123	36.99
Agapornis_nigrigenis	missing								
Agaricus_bisporus	gfastats	14	30454534	2508076	5	33	1624698	8	46.40
Agaricus_langei	gfastats	29	38695502	2953859	6	183	578897	19	48.18
Agelastica_alni	gfastats	134	692286867	66306276	5	379	4545743	44	34.47
Agnoea_josephinae	gfastats	120	1012727238	37599663	12	218	14116259	24	37.51
Agnoea_subochreella	gfastats	657	558913261	19782495	13	3034	344142	488	37.31
Agonopterix_alstromeriana	gfastats	168	519985187	18357978	13	301	16563885	14	37.09
Agonopterix_arenella	insdc_release	33	545825857	18923089	13	40	18923089	13	37.5
Agonopterix_atomella	gfastats	87	640628511	22498270	13	128	13902683	16	37.62
Agonopterix_ciliella	gfastats	78	849836156	28808780	13	139	25881582	14	38.16
Agonopterix_heracliana	gfastats	48	539129159	19568409	13	61	17914572	13	37.96
Agonopterix_kaekeritziana	gfastats	44	599635406	21715440	13	117	10744152	20	38.38
Agonopterix_nanatella	gfastats	70	734273032	24887715	13	226	16485332	17	37.60
Agonopterix_nervosa	gfastats	40	592071218	21350891	13	53	20274705	14	37.61
Agonopterix_propinquella	gfastats	42	568032112	20869582	12	61	19326741	14	37.64
Agonopterix_subpropinquella	insdc_release		666958211			830	1661456	122	38
Agonum_fuliginosum	gfastats	94	695910864	36153338	8	239	12663309	22	31.39
Agonum_gracile	gfastats	706	646986668	33389852	9	781	15338390	18	31.61
Agonum_muelleri	gfastats	2004	568893039	27649141	10	3019	704106	214	31.24
Agonum_thoreyi	gfastats	228	824465874	45893524	9	510	13218560	22	31.26
Agonum_viduum	gfastats	574	583188273	31947219	8	1072	2822791	62	31.78
Agrilus_biguttatus	gfastats	47	368130186	34530510	5	129	11522278	13	31.86
Agrilus_cyanescens	gfastats	11	292354128	29744825	5	106	5283000	19	34.14
Agrimonia_eupatoria	gfastats	164	1292560476	93724696	7	180	65135823	8	39.87
Agriopis_aurantiaria	insdc_release		482878758			550	1626614	96	
Agriopis_leucophaearia	gfastats	39	491331676	17437632	13	95	8410515	21	37.48
Agriopis_marginaria	insdc_release	522	502488742	2550345	62	523	2550345	62	38
Agriotes_lineatus	gfastats	1395	2590727494	212198138	6	2347	4416720	176	36.96
Agriphila_geniculea	insdc_release	1535	723572193	922356	245	1537	922356	245	36.5
Agriphila_inquinatella	gfastats	37	794604159	52942082	7	320	5695902	42	36.66
Agriphila_straminella	gfastats	51	511478983	19107545	11	60	18497547	12	36.28
Agriphila_tristella	insdc_release	63	801775791	51702748	7	150	15285950	19	37
Agrochola_circellaris	insdc_release		571928833			139	9795968	20	
Agrochola_litura	gfastats	59	772191765	25335912	14	161	9417019	23	37.90
Agrochola_lota	gfastats	37	636718237	21830991	14	96	11176252	21	38.00
Agrochola_lychnidis	gfastats	46	799215782	26469106	14	130	11864562	24	37.79
Agrochola_macilenta	insdc_release	36	683223563	22977954	14	66	22346656	15	
Agrocybe_praecox	gfastats	375	59328098	3782526	7	508	522667	31	45.42
Agrostemma_githago	gfastats	130	1735452297	74615833	11	522	6382080	74	40.31
Agrothereutes_abbreviatus	gfastats	42	259970252	20147928	5	72	14285150	8	37.98
Agrotis_clavis	gfastats	102	751142089	26750707	13	294	6919873	36	38.38
Agrotis_exclamationis	gfastats	82	725072985	24259617	14	286	5897926	44	38.68
Agrotis_puta	gfastats	35	522134110	18150770	13	72	11978410	16	38.53
Agrotis_ripae	gfastats	150	952987128	33045599	14	267	11489354	29	38.92
Agrotis_vestigialis	gfastats	81	678654774	24974212	13	114	17978828	15	38.42
Agrypnus_murinus	insdc_release	162	1578523859	177293933	4	987	4463000	104	33
Agrypon_flaveolatum	gfastats	47	344022515	29841012	5	1030	696669	138	37.33
Agrypon_varitarsum	gfastats	217	265136770	46253628	3	1293	453684	162	38.39
Ailanthus_altissima	gfastats	37	939218608	29421908	15	49	29331030	15	32.20
Ajuga_chamaepitys	gfastats	60	892132089	61704864	7	299	6981227	43	36.53
Ajuga_reptans	gfastats	543	984702699	58257343	8	1018	5690821	52	37.31
Alauda_arvensis	insdc_release	48	1106750329	72452367	4	61	72452367	5	43.5
Alcedo_atthis	insdc_release	746	1055528848	27797909	13	909	11999543	29	43
Alchemilla_alpina	gfastats	584	3238080579	20899115	66	767	13539170	85	38.03
Alchemilla_mollis	gfastats	203	1096450774	30777956	16	350	12411868	34	38.82
Alcis_jubata	gfastats	43	424432851	15149003	14	78	13783567	14	37.69
Alcis_repandata	gfastats	43	396373094	13501977	14	114	6904396	20	37.38
Alcyonidium_gelatinosum	gfastats	1098	711433720	45217539	7	4318	309123	679	44.11
Alectoris_rufa	insdc_release	129	1110000342	95927540	4	140	95927540	4	42.5
Aleimma_loeflingiana	gfastats	50	462570066	15327439	11	86	11520667	17	37.83
Aleiodes_alternator	gfastats	21	234912219	12584262	8	92	4602618	18	34.38
Aleiodes_circumscriptus	gfastats	16	264037411	16840162	7	79	8573835	13	34.87
Aleiodes_coxalis	gfastats	242	244602592	12475702	9	619	1119672	65	34.30
Aleiodes_gastritor	gfastats	234	281460610	18526787	7	1590	348879	248	34.86
Aleiodes_leptofemur	gfastats	17	271235516	17287625	7	280	1776490	44	34.34
Aleiodes_praetor	gfastats	124	225760444	14698603	7	959	458291	104	34.97
Aleiodes_rugulosus	gfastats	111	261825507	10262103	11	1684	297578	249	35.20
Aleiodes_similis	gfastats	34	280860186	17702680	7	360	1493954	56	34.28
Aleiodes_testaceus	gfastats	20	110733156	5816407	8	69	2979349	12	36.41
Aleiodes_unipunctator	gfastats	160	328627261	15238201	10	486	2091642	48	35.00
Alentia_gelatinosa	gfastats	193	1237514791	79000438	5	763	3858780	104	42.13
Aleochara_curtula	gfastats	26	135370638	13005659	4	77	8903095	6	37.29
Alisma_plantago_aquatica	gfastats	238	9378379957	1499997841	3	487	87675000	34	38.07
Alitta_virens	insdc_release	25	671169925	42251612	6	219	7783370	27	37.5
Allacma_fusca	gfastats	96	392786974	66084411	3	744	1002386	128	36.90
Allantus_rufocinctus	gfastats	41	272644103	30687570	4	177	6295190	15	39.27
Alliopsis_billbergi	gfastats	72	965909650	173760995	3	443	5775721	53	31.69
Allodia_ornaticollis	gfastats	209	338844067	40820076	4	1015	1854090	47	41.53
Allomacrus_arcticus	gfastats	130	214563892	17149242	6	744	793238	70	41.43
Allophyes_oxyacanthae	insdc_release	32	458479537	16683655	13	39	16394262	13	36.5
Alloplasta_piceator	gfastats	377	549803879	56989836	5	1462	1119203	133	35.96
Allygidius_commutatus	gfastats	444	1796088690	164246626	4	1252	3933470	129	35.03
Allygus_modestus	gfastats	41	1819882425	497146285	2	472	7371095	75	35.53
Alnus_cordata	gfastats	145	469359375	33608676	6	539	1921766	73	36.90
Alnus_glutinosa	gfastats	18	457583206	30513540	6	114	24382369	8	36.74
Alnus_incana	gfastats	190	515798894	33257343	7	462	3766901	45	36.82
Alomya_debellator	gfastats	13	200324643	18545594	5	310	1911070	34	45.46
Alopecurus_geniculatus	gfastats	607	6197474724	455083899	6	2302	5914679	312	44.94
Alopecurus_pratensis	gfastats	746	5369307507	366688994	7	925	83374917	18	44.22
Alopochen_aegyptiaca	insdc_release	595	1105780382	79322125	4	942	4819910	66	42
Alsophila_aescularia	gfastats	29	901612816	67363832	6	140	13301133	21	37.24
Altenia_scriptella	gfastats	100	506574309	17263963	13	179	16144762	14	37.31
Altica_lythri	gfastats	1579	1003525234	77927963	6	2024	2893756	102	31.48
Alucita_hexadactyla	gfastats	59	878545374	31031745	12	158	11547540	25	38.22
Alydus_calcaratus	gfastats	249	1007298436	152522568	3	1148	2349951	115	33.39
Alysia_alticola	gfastats	25	140411245	13185832	5	405	642000	67	36.84
Amanita_muscaria	gfastats	14	50362215	4106232	6	48	2631730	7	47.51
Amanita_phalloides	gfastats	13	39233869	3401653	5	69	1975045	9	46.31
Amanita_rubescens	gfastats	19	34169324	2720495	6	78	1583420	9	47.28
Amara_aenea	gfastats	885	880388057	46477551	9	1206	6359709	42	30.30
Amara_aulica	gfastats	1027	640248020	30579777	9	2430	556235	325	33.32
Amara_convexiuscula	gfastats	1698	742508112	46084974	7	2212	2760791	69	32.70
Amara_familiaris	gfastats	440	967798086	54555567	8	706	9411346	35	31.25
Amara_ovata	gfastats	741	812765457	51698131	7	1161	4815345	42	32.06
Amara_plebeja	gfastats	1392	808862329	38813063	9	1608	6896107	29	31.11
Amara_tibialis	gfastats	1978	507877141	27317498	9	5157	224026	577	31.94
Amaurobius_ferox	gfastats	289	3564847194	153399618	11	1796	4367030	237	32.92
Amblyjoppa_fuscipennis	gfastats	99	278551455	28368299	4	241	2863282	29	42.80
Amblyjoppa_proteus	gfastats	45	290138138	29483893	4	156	9747000	11	42.64
Amblyteles_armatorius	gfastats	104	227087833	17132543	6	157	4376817	16	44.27
Ametastegia_carpini	gfastats	12	348285842	40803350	4	84	12730894	10	39.46
Ametastegia_equiseti	gfastats	23	292200009	21764476	6	115	5853595	15	38.43
Ammi_majus	gfastats	224	919409987	84212522	5	1532	1223420	226	35.44
Ammophila_pubescens	gfastats	678	528551157	8514452	22	1279	985732	148	43.73
Ammophila_sabulosa	gfastats	244	349344578	25233828	7	668	1943458	48	49.72
Ampedus_balteatus	gfastats	98	1990869535	203097478	5	433	10489323	60	31.09
Ampedus_sanguinolentus	gfastats	347	1574777019	146597239	5	742	6816912	71	33.12
Amphibalanus_improvisus	gfastats	759	763285307	42088570	8	2726	701491	317	49.60
Amphicteis_midas	gfastats	4089	952136211	52568630	8	12661	129871	2106	37.38
Amphidium_lapponicum	gfastats	132	266304038	17995691	6	612	826190	102	38.68
Amphidium_mougeotii	gfastats	156	272333240	18876701	6	883	581359	145	39.00
Amphigerontia_contaminata	gfastats	38	443410843	56080702	4	503	1661688	85	37.88
Amphimallon_solstitiale	gfastats	462	1584161395	150921111	5	1218	3724788	131	32.60
Amphipoea_lucens	gfastats	43	647718368	22308434	14	109	11346000	21	38.24
Amphipoea_oculea	gfastats	40	669264192	23095043	14	54	22320631	14	38.28
Amphipyra_berbera	insdc_release	34	582329976	20126316	14	40	19930773	14	
Amphipyra_tragopoginis	insdc_release		806994927			238	10315863	25	
Ampulloclitocybe_clavipes	gfastats	549	87687615	6006057	7	623	1179879	20	47.46
Anacampsis_blattariella	gfastats	44	588024485	20782489	13	72	18779356	14	36.22
Anagallis_arvensis	gfastats	238	1101399095	55401253	10	546	5349166	65	33.51
Anaglyptus_mysticus	gfastats	37	938964101	102965239	4	277	6958517	41	33.88
Anania_coronata	gfastats	389	517298726	17182448	13	511	7458282	24	36.05
Anania_crocealis	gfastats	36	623994487	22872268	12	99	14854060	16	36.18
Anania_fuscalis	gfastats	46	563937962	19253218	13	104	9830660	20	36.85
Anania_hortulata	gfastats	48	612213012	20978505	14	119	11665610	19	36.52
Anania_verbascalis	gfastats	61	495581910	17210215	13	113	17003662	14	37.05
Anaplectoides_prasina	gfastats	139	513706824	17239861	14	173	15472000	15	37.83
Anarsia_innoxiella	gfastats	32	302928861	10425486	13	90	5810225	19	35.84
Anarsia_spartiella	gfastats	48	430241066	14108706	13	152	13599180	14	36.21
Anarta_trifolii	gfastats	132	633994459	21856179	14	563	2289795	88	37.77
Anas_acuta	insdc_release	395	1189313589	76435830	5	1026	3416933	102	42.5
Anas_platyrhynchos	insdc_release	755	1188516685	76269206	5	1660	5679408	57	42.5
Anasimyia_lineata	gfastats	399	564681878	70955589	4	655	3897188	36	42.86
Anaspis_frontalis	gfastats	859	808568095	99753807	4	2595	663525	356	38.86
Anaspis_garneysi	gfastats	1483	574274738	69422799	4	6191	142683	1174	39.21
Anaspis_maculata	gfastats	50	757844310	95735550	4	233	6778000	33	39.98
Anaspis_regimbarti	gfastats	21	457630332	64257360	3	125	6911245	23	38.47
Anaspis_thoracica	gfastats	1196	634752742	76499882	4	5838	169478	1143	39.03
Anastrepta_orcadensis	gfastats	190	602163921	63430663	4	427	8293000	24	42.23
Anastrophyllum_donnianum	gfastats	136	688642855	74045785	4	639	2609125	73	43.82
Anax_imperator	gfastats	587	1481491767	98567796	7	756	16055201	22	33.27
Anchusa_arvensis	gfastats	619	14894926676	601234181	10	1446	48565366	96	34.48
Ancistrocerus_nigricornis	insdc_release	7	232015134	40248163	3	122	18662773	6	
Ancylis_achatana	gfastats	112	547286122	20348079	11	179	9225000	20	38.61
Ancylis_mitterbacheriana	gfastats	67	318919483	11105490	11	98	9756931	13	38.71
Ancylis_unculana	gfastats	70	570729692	18995737	8	273	8529660	23	38.64
Andreaea_frigida	gfastats	40	238590213	23571646	5	956	404104	188	44.53
Andreaea_hookeri	gfastats	42	210846358	20913689	5	596	699417	93	44.39
Andreaea_mutabilis	gfastats	13	202537401	21077731	5	342	1226475	49	43.50
Andreaea_nivalis	gfastats	321	253724051	24371299	5	1710	237131	338	44.68
Andreaea_rothii	gfastats	51	239895891	24400634	5	646	733327	101	45.12
Andreaea_rupestris	gfastats	81	208529753	21990530	5	497	812964	74	43.59
Andrena_angustior	gfastats	380	326379992	96265644	2	426	37175308	4	43.03
Andrena_apicata	gfastats	235	520411041	48722141	4	293	14099156	12	38.78
Andrena_barbilabris	gfastats	823	461394342	80669418	3	1175	2948775	42	40.43
Andrena_bicolor	gfastats	326	351724186	50647002	3	399	4391513	25	43.34
Andrena_bucephala	gfastats	14	379790978	110195567	2	195	7988040	16	41.07
Andrena_chrysosceles	gfastats	814	520240086	55528949	3	964	3481507	31	40.29
Andrena_clarkella	gfastats	1350	439973262	23727023	6	1444	8511000	18	40.06
Andrena_denticulata	gfastats	1799	594512217	1643194	20	2250	1257575	62	29.33
Andrena_dorsata	insdc_release	158	277337111	88484888	2	183	30063116	4	43
Andrena_flavipes	gfastats	9	307603915	82055284	2	164	6085677	15	42.85
Andrena_florea	gfastats	474	365613236	52913109	3	534	12574000	11	41.09
Andrena_fulva	gfastats	318	461725953	47475851	4	359	12523661	12	44.47
Andrena_haemorrhoa	insdc_release		238273182			985	1265555	52	
Andrena_hattorfiana	gfastats	126	428532965	79350654	3	311	10245246	15	44.11
Andrena_helvola	gfastats	36	442491163	66870952	3	128	10793538	11	43.47
Andrena_marginata	gfastats	523	373661136	45688936	4	600	5295853	22	42.71
Andrena_minutula	insdc_release		283595785			1612	1544802	46	41
Andrena_nitida	gfastats	911	341173412	81780399	2	1771	875871	79	42.95
Andrena_nitidiuscula	gfastats	764	451166257	106352880	2	992	2764109	40	41.62
Andrena_praecox	gfastats	665	563071304	62442870	4	855	3320118	43	42.15
Andrena_scotica	gfastats	669	446976007	86761945	3	770	5669540	25	41.77
Andrena_trimmerana	gfastats	225	399083795	91870870	2	252	17770442	6	42.06
Anerastia_lotella	gfastats	170	1079732203	36750076	13	693	3439864	96	37.32
Aneugmenus_padi	gfastats	8	258941307	37050237	4	87	10284416	12	38.61
Aneugmenus_temporalis	gfastats	10	250594215	34534937	4	47	14899382	7	38.51
Angelica_archangelica	gfastats	400	2861491894	255696092	6	714	17761043	52	36.22
Anilocra_frontalis	gfastats	1022	8854071529	1160478065	4	3770	7490667	368	39.40
Anisosticta_novemdecimpunctata	gfastats	55	438692687	38308147	5	128	16069806	8	35.64
Anisus_vortex	gfastats	236	869544677	45417137	8	656	3531458	75	35.42
Anobium_punctatum	gfastats	235	349971005	36402331	5	461	2667738	34	38.90
Anoectangium_aestivum	gfastats	66	261656077	21159848	5	977	462001	170	39.89
Anomodon_viticulosus	gfastats	278	365410453	32944658	4	346	8149664	18	37.27
Anomoia_purmunda	gfastats	92	798274135	129230719	3	535	7442008	34	34.94
Anopheles_coluzzii	gfastats	195	257183592	98791226	2	342	4529469	16	44.36
Anoplius_caviventris	gfastats	1306	765059394	18205075	15	1675	2542499	59	48.23
Anoplius_nigerrimus	insdc_release	1203	623801046	2031098	28	1244	1681933	57	
Anorthoa_munda	gfastats	39	938660760	32402751	11	124	14168957	21	38.29
Anser_albifrons	insdc_release	1337	1311801450	62180537	6	2406	1821908	200	43.5
Anser_anser	insdc_release	381	1168290161	67215310	5	1135	2662746	131	43.5
Anser_brachyrhynchus	insdc_release		1147454305			5114	775240	408	43.5
Anser_erythropus	insdc_release	524	1168023157	70867138	5	1247	2745350	128	43
Anser_fabalis	insdc_release	879	1316291205	78817196	5	1852	2200672	165	44
Anseropoda_placenta	gfastats	1676	533288823	14865178	13	1817	2855574	54	44.08
Antedon_bifida	gfastats	70	319630719	32476284	5	108	10359000	12	33.40
Anthelia_julacea	gfastats	35	289337796	30544160	4	563	1023109	86	45.93
Anthene_sylvanus	gfastats	33	379686204	13557832	13	127	6806391	18	36.85
Anthidium_manicatum	gfastats	151	200564883	24820896	4	200	9194000	9	38.87
Anthobium_unicolor	gfastats	448	359196326	27205651	6	887	1023587	90	29.66
Anthocharis_cardamines	insdc_release	55	359616706	12507586	13	115	6265090	19	
Anthocomus_fasciatus	gfastats	49	528608769	54688950	4	193	8206270	20	35.46
Anthocoris_confusus	gfastats	609	358197825	21722054	6	2064	359070	290	30.99
Anthocoris_nemoralis	gfastats	81	301206229	19499578	5	280	2846292	32	30.80
Anthomyza_gracilis	gfastats	462	576418624	103229015	3	1500	912725	169	41.18
Anthonomus_pomorum	gfastats	4205	1677368000	129329522	6	14626	190252	2658	32.66
Anthophila_fabriciana	gfastats	78	425433754	14768467	13	331	2298835	56	36.85
Anthophora_plumipes	gfastats	1059	669977459	13921600	14	1184	7034000	18	39.86
Anthrax_anthrax	gfastats	364	334640992	30142857	4	478	5737487	18	25.67
Anthriscus_sylvestris	gfastats	105	1761899481	227547872	4	258	42747145	12	36.05
Anthus_petrosus	insdc_release	214	1366227784	38843627	8	224	38843627	8	43.5
Anthus_pratensis	insdc_release	161	1194700736	73457556	6	216	29121699	11	43
Anthus_trivialis	insdc_release	60	1214367329	73846608	6	62	73846608	6	43.5
Anthyllis_vulneraria	gfastats	499	334912898	50147691	3	697	2731762	35	37.96
Anticlea_derivata	gfastats	40	355821062	12706007	13	78	7458010	17	38.87
Antitrichia_curtipendula	gfastats	339	400738532	46903169	4	1312	624384	191	37.90
Antitype_chi	gfastats	38	632218267	21733341	14	109	10376138	22	38.08
Anyphaena_accentuata	gfastats	678	1421889884	106806938	7	797	18029023	26	32.18
Anyphaena_sabina	gfastats	261	1639935961	121878667	7	536	11669953	44	32.21
Apaeleticus_inimicus	gfastats	78	224039081	21824240	5	436	1611706	37	42.54
Apamea_anceps	gfastats	46	615793811	21318160	14	107	9454351	21	38.17
Apamea_crenata	gfastats	45	580448473	19365870	14	109	10580571	19	38.25
Apamea_epomidion	gfastats	37	624660815	20943201	14	108	10791849	21	39.09
Apamea_lithoxylaea	gfastats	624	577749039	18850630	14	1205	1537045	115	39.00
Apamea_monoglypha	insdc_release		575584218			527	2088607	84	
Apamea_scolopacina	gfastats	71	671904965	22677870	14	99	21163629	15	39.11
Apamea_sordens	gfastats	32	614329545	21259203	14	36	21033426	14	38.22
Apamea_sublustris	gfastats	89	646457511	21838228	14	203	7704466	29	39.34
Apamea_unanimis	gfastats	62	601300237	20001635	14	115	19764576	14	38.63
Apechthis_compunctor	gfastats	511	404519437	27087856	6	1149	1591428	71	45.06
Apeira_syringaria	insdc_release	52	544443574	20999187	10	52	20999187	10	37.5
Aphantopus_hyperantus	insdc_release	3149	362692543	178320	628	3155	178320	628	
Aphelia_paleana	gfastats	46	485023827	17776054	12	166	4998295	30	38.21
Aphelia_viburniana	gfastats	46	485248560	16576601	12	96	12603384	15	38.11
Aphidecta_obliterata	gfastats	201	349575235	38804974	4	344	4463513	25	36.23
Aphodius_ater	gfastats	1239	749594873	62372494	5	1527	3270000	56	31.95
Aphodius_fimetarius	gfastats	3058	1343398678	78759060	6	3553	2803677	127	32.29
Aphodius_granarius	gfastats	591	397223896	24500248	6	660	4076730	26	37.61
Aphodius_sticticus	gfastats	78	628447037	79043068	4	361	4795419	37	34.63
Aphomia_sociella	gfastats	88	681675746	24487675	12	306	8277531	27	36.31
Aphthona_herbigrada	gfastats	1429	956371804	62789503	7	5488	308860	890	32.51
Aphthona_nonstriata	gfastats	2366	1238418586	130514467	4	11520	173092	2155	32.86
Apis_mellifera	gfastats	105	248492661	14039165	8	113	12558000	9	32.00
Aplasta_ononaria	gfastats	46	283904455	10308958	13	63	10308958	13	36.70
Aplidium_pallidum	insdc_release	8051	912954164	232711	921	8053	232711	921	36.5
Aplidium_turbinatum	insdc_release	27	605507883	34009763	7	80	14915238	13	38
Aplocera_efformata	insdc_release		250785568			303	2280523	36	37
Aplocera_plagiata	gfastats	36	327970428	11936218	13	77	7622065	16	37.05
Aplotarsus_incanus	gfastats	346	694447788	66135170	5	440	17310533	14	34.53
Apocheima_hispidaria	gfastats	37	419707141	15642102	13	98	6948216	20	37.66
Apoda_limacodes	gfastats	31	800350849	33043310	11	90	15913142	19	35.57
Apodemus_sylvaticus	insdc_release	498	2889801511	120938251	9	1627	4449850	199	41
Apoderus_coryli	gfastats	129	428077388	23694900	6	203	15031106	11	32.67
Apomyelois_bistriatella	gfastats	33	389571851	13669180	13	41	13351333	13	35.85
Aponogeton_distachyos	gfastats	1101	4498624888	279095616	8	2101	7799266	173	40.37
Aporia_crataegi	insdc_release	27	229694036	9626953	11	29	9626953	11	
Aporophyla_australis	gfastats	73	790001269	27415040	13	88	25440755	14	37.87
Aporophyla_lueneburgensis	insdc_release	77	978307447	32091479	14	134	20064200	18	38.5
Aporophyla_nigra	gfastats	63	736890111	24958797	14	121	11875565	21	37.95
Aporrectodea_caliginosa	gfastats	2769	1091979600	65183050	7	7568	276345	1136	40.61
Aporrectodea_icterica	gfastats	357	1117854525	71293672	7	2052	1138377	294	40.68
Apotomis_betuletana	insdc_release	61	684240599	24873308	11	135	12393000	18	38
Apotomis_capreana	gfastats	68	743232780	27898245	11	263	5041000	42	38.14
Apotomis_turbidana	insdc_release	1442	675155251	1023545	197	1444	1023545	197	
Aproaerema_taeniolella	gfastats	384	636615290	20393386	14	1505	950877	198	36.90
Aproaerema_vinella	gfastats	361	397516353	13895351	13	1404	561581	211	36.70
Aproceros_leucopoda	gfastats	252	262043141	37523539	4	374	3915360	18	46.82
Aquila_chrysaetos	insdc_release		1228511835			328	24258268	17	
Aquila_chrysaetos_chrysaetos	insdc_release		1228511835			328	24258268	17	
Aquilegia_vulgaris	gfastats	137	296731489	42720153	4	570	1168573	79	37.18
Ara_militaris	missing								
Arabidopsis_thaliana	insdc_release	25	138835578	27693526	3	63	8181915	6	36.5
Arabis_hirsuta	gfastats	24	583162552	37603756	7	432	2628000	68	37.26
Arachnomyces_sp_KDTOL00113	gfastats	9	34588307	6039810	3	41	1462005	7	46.24
Aradus_depressus	gfastats	74	697738979	48563729	6	499	2718000	76	36.27
Aradus_truncatus	gfastats	207	858647585	56912600	7	580	3648314	67	36.58
Araneus_angulatus	gfastats	1909	2980919823	102380549	12	2408	10175344	87	33.29
Araneus_marmoreus	gfastats	427	2482265841	185674334	7	858	9073480	84	32.26
Araneus_quadratus	gfastats	734	2712543595	202042380	7	1203	10002444	80	32.50
Araniella_cucurbitina	gfastats	547	2413528549	177202914	7	1043	7788594	90	31.96
Arbutus_unedo	gfastats	251	503798054	33944363	6	435	7073341	25	37.20
Archanara_dissoluta	gfastats	61	635431722	21113727	14	97	20306041	15	38.62
Archiearis_parthenias	gfastats	88	528479442	20611573	8	276	18185111	11	39.16
Archips_crataeganus	gfastats	32	626923680	21612927	12	158	8231938	25	38.44
Archips_podanus	gfastats	44	549017873	19639228	12	87	13577294	17	37.74
Archips_xylosteana	gfastats	114	650610935	22404545	13	136	20368662	14	38.43
Arctia_villica	gfastats	48	622840891	22238807	13	68	22238807	13	36.81
Arctium_lappa	gfastats	1157	1840655809	92613252	7	1223	76705127	11	37.02
Arctium_minus	gfastats	32	1903528901	103461716	7	46	80930584	9	36.54
Arctosa_perita	gfastats	1538	1623082793	134531254	6	4447	1228367	310	29.49
Arcuatula_senhousia	gfastats	1868	1036841959	61823605	8	2751	2134782	91	34.19
Ardea_cinerea	insdc_release	57	1175143555	83921029	4	85	80672554	5	44.5
Arenaria_serpyllifolia	gfastats	482	726607728	36610341	10	665	6177080	36	35.85
Arenicola_marina	gfastats	1443	869408418	44407051	8	5598	360722	706	47.97
Arenostola_phragmitidis	gfastats	45	663639687	23018030	14	113	20362264	15	38.39
Arge_berberidis	gfastats	374	352375890	42737384	4	1062	1182571	82	41.56
Arge_ochropus	gfastats	47	239670938	28668973	4	897	786862	81	41.60
Arge_pagana	gfastats	222	204694620	26513337	4	767	890562	66	43.62
Arge_ustulata	gfastats	318	414330362	36071764	4	751	2017218	59	39.01
Argiope_bruennichi	gfastats	30	1778398216	139055214	7	222	13170000	41	29.48
Argynnis_aglaja	gfastats	45	486784041	16670598	12	114	15601384	13	32.52
Argyra_leucocephala	gfastats	44	917396652	167536330	3	355	4990337	61	26.25
Argyresthia_albistria	gfastats	445	370534109	12180910	15	2065	399914	261	39.43
Argyresthia_cupressella	gfastats	92	768412094	16193131	19	384	4117459	62	40.03
Argyresthia_goedartella	gfastats	92	1108819053	36986452	14	217	11054590	30	39.61
Argyresthia_praecocella	gfastats	506	474667004	15259097	14	2750	293720	481	40.74
Arhopalus_rusticus	gfastats	1552	1275134330	159240323	3	1909	8726949	44	32.49
Aria_edulis	gfastats	106	611674070	35537950	8	188	13585498	15	38.05
Arianta_arbustorum	gfastats	1065	2641111839	73762682	14	3812	1409077	544	42.47
Aricia_agestis	insdc_release		434242426			248	3967225	35	
Aricia_artaxerxes	insdc_release		327847811			1192	602769	168	37
Aristotelia_ericinella	gfastats	53	493760262	16894422	13	164	16057998	14	36.99
Aritranis_director	gfastats	18	201963271	14750714	6	65	12041472	7	37.88
Armillaria_ostoyae	gfastats	440	66261395	4706541	6	500	1272619	16	48.08
Armoracia_rusticana	gfastats	114	589750271	35826811	8	455	3157024	59	37.47
Aromia_moschata	gfastats	186	738988512	60918734	5	315	9572216	25	35.35
Artemisia_norvegica	gfastats	398	3755233851	419978529	5	654	23581662	47	36.15
Arthaldeus_pascuellus	gfastats	73	1275457250	192120997	3	507	5406509	73	36.04
Arvicola_amphibius	insdc_release	16368	1764008884	147918	3751	16473	147871	3752	
Ascidia_mentula	insdc_release		183786213			323	2749136	17	39
Ascidiella_aspersa	insdc_release	75	308571401	34997643	4	468	6569131	17	37
Ascidiella_scabra	insdc_release	731	317505862	33287230	5	1371	806009	118	38
Asellus_aquaticus	gfastats	1244	1977820530	253564817	4	3070	1766274	338	32.18
Aspidapion_aeneum	gfastats	151	1286186002	125843654	4	782	3520329	110	33.99
Aspilapteryx_tringipennella	gfastats	144	261726888	9501776	12	468	1434113	58	37.45
Aspitates_ochrearia	gfastats	54	349899267	12682707	13	140	8978489	15	37.29
Asterias_rubens	insdc_release	3969	390768305	161267	710	3970	161267	710	
Asterina_gibbosa_Pennant_1777	gfastats	162	419960380	18634072	9	408	3192209	40	41.34
Asterina_phylactica	gfastats	53	389104071	18474187	9	1551	436166	286	40.71
Asterocarpa_humilis	insdc_release	43	312530645	20064428	7	223	7511750	15	34.5
Asteroscopus_sphinx	gfastats	51	857355149	29090398	14	183	9585201	28	38.54
Astragalus_alpinus	gfastats	209	767016455	95356091	4	952	1761140	131	38.10
Astragalus_glycyphyllos	gfastats	20	680765231	84783769	4	418	3045218	66	36.84
Astropecten_irregularis	gfastats	187	475837774	21462565	9	973	911583	160	40.12
Atethmia_centrago	insdc_release		892083702			8321	170690	1438	
Athalia_circularis	gfastats	16	201876487	36497960	3	78	7111698	10	39.92
Athalia_cordata	gfastats	5	169053647	43587809	2	24	25969748	3	38.37
Athalia_rosae	insdc_release		171997562			75	7096104	7	
Athene_noctua	insdc_release	660	1302383638	86087203	5	1212	3936840	100	43
Atherix_ibis	gfastats	124	670425868	128162399	2	302	6552895	28	32.28
Athrips_mouffetella	gfastats	127	869731197	29779897	13	273	9643536	29	37.74
Athripsodes_cinereus	gfastats	164	716257483	29754657	11	1419	948465	217	32.26
Atolmis_rubricollis	gfastats	83	647891205	21147744	14	230	11608775	19	38.53
Atractylocarpus_subporodictyon	gfastats	227	243221712	20352972	5	880	571049	127	39.86
Atrichum_undulatum	gfastats	668	1724094953	83658671	9	2073	2031992	269	40.69
Atriplex_glabriuscula	gfastats	82	805375567	87784552	5	188	38892000	10	35.83
Atriplex_littoralis	gfastats	651	728157306	70790677	5	740	12944521	19	34.74
Atropa_belladonna	gfastats	173	1668699414	46866379	16	209	36036106	18	34.02
Attagenus_pellio	gfastats	13	365447553	37754977	5	71	31450487	5	30.68
Atylotus_fulvus	gfastats	2807	1587357889	193399398	4	3690	2547108	135	40.22
Atylotus_latistriatus	gfastats	564	1451666142	164296095	5	1459	3989605	101	37.96
Atylotus_rusticus	gfastats	769	1275609703	164655926	4	1127	10054526	40	38.42
Aulacomnium_androgynum	gfastats	190	237109059	19044678	5	848	505771	145	40.01
Aulactinia_verrucosa	gfastats	134	393882789	19956775	8	486	1763291	65	38.19
Aureoboletus_gentilis	gfastats	12	40999484	3762175	5	80	957134	14	48.27
Autographa_gamma	insdc_release		337172335			183	9142168	15	
Autographa_pulchrina	insdc_release	136	426240943	13453062	13	214	9609940	17	
Axylia_putris	gfastats	46	438322123	14718556	14	66	14087330	14	37.50
Aythya_ferina	insdc_release	362	1103588439	77419955	4	767	4452486	81	42
Aythya_fuligula	insdc_release	104	1126988109	85905639	4	267	17816505	19	
Aythya_marila	insdc_release	1269	1224533240	77037309	5	1962	3182246	121	42
Azelia_nebulosa	gfastats	674	704811013	128685118	3	988	4708137	43	32.02
Azorinus_chamasolen	gfastats	146	1723492769	97668627	9	1919	1658885	337	36.81
Baccha_elongata	gfastats	411	607986781	143229827	2	591	3383207	44	32.53
Bactra_lancealana	gfastats	49	570224214	23541158	9	111	11072256	18	37.99
Baetis_atlanticus	gfastats	13	199886937	41192903	3	26	25179637	4	39.80
Baetis_rhodani	gfastats	63	205611229	43544676	3	95	19110207	4	39.84
Balaenoptera_acutorostrata	insdc_release	1375	2772901778	116513105	10	2552	3015723	275	41.5
Balaenoptera_borealis	insdc_release	1851	2988821750	105947969	11	2917	2797172	306	41.5
Balaenoptera_physalus	insdc_release	2448	2850212336	106919552	11	3706	2312464	343	42
Balanococcus_diminutus	gfastats	6	313109747	63275295	3	76	6650884	14	30.90
Ballota_nigra	gfastats	21	1187337993	104982948	5	245	11728139	31	37.55
Baranisobas_ridibundus	gfastats	34	329084131	28958977	6	212	3628159	24	41.74
Barbarea_vulgaris	gfastats	56	246766029	28737626	4	837	1734785	39	37.86
Barbatula_barbatula	insdc_release	100	617663352	24423978	12	925	2654543	72	39.5
Barbilophozia_sudetica	gfastats	141	614608046	75465792	4	597	2998841	60	43.78
Barbus_barbus	insdc_release	92	1584929904	31505967	22	200	22843665	29	38
Barichneumon_chionomus	gfastats	74	262035209	23880141	6	143	6081316	14	43.86
Barycnemis_harpura	gfastats	299	400823955	31804635	6	1784	495735	194	39.34
Barylypa_propugnator	gfastats	18	239746989	27840899	3	159	4731350	15	39.93
Barypeithes_pellucidus	gfastats	82	743729608	67615637	5	178	12223848	20	33.87
Bathysaurus_mollis	insdc_release	1096	1065787777	44263183	12	5734	409172	675	42
Bathythrix_pellucidator	gfastats	15	170712021	14740109	5	153	2098671	25	45.08
Batia_lambdella	gfastats	315	380684023	13348877	13	1654	459716	256	37.76
Batrachedra_pinicolella	gfastats	308	567086953	19190455	14	1858	536137	325	38.81
Batrachedra_praeangusta	gfastats	87	486941674	17625405	12	212	6777930	26	36.89
Batracomorphus_irroratus	gfastats	719	2391527455	291458335	3	2121	3924999	160	34.48
Bazzania_pearsonii	gfastats	176	651147710	66438856	4	298	8392623	25	42.64
Bazzania_tricrenata	gfastats	199	697929926	64792415	4	315	12047083	21	43.12
Bazzania_trilobata	gfastats	78	857259558	105629897	4	138	39922505	9	41.96
Bedellia_somnulentella	gfastats	518	549036997	18310260	14	2021	608000	261	35.85
Bellardia_bayeri	gfastats	23	551759498	103251160	3	150	6993595	23	30.05
Bellardia_pandia	insdc_release	75	617205902	111823772	3	136	31809086	8	
Bellardia_viscosa	gfastats	322	1177255566	51453985	10	612	6165553	60	38.07
Bellis_perennis	gfastats	766	1603135435	176960975	5	1294	4661145	96	36.41
Bembecia_ichneumoniformis	gfastats	39	511410357	18823830	13	74	15603170	14	35.83
Berberis_aquifolium	gfastats	190	1021954189	75267984	7	760	3146536	101	38.59
Berberis_vulgaris	gfastats	148	1298478752	89131704	7	869	2933346	136	38.51
Beris_chalybata	gfastats	12	541871008	142415298	2	111	12861354	14	36.76
Beris_morrisii	gfastats	34	613277372	163701312	2	191	6675420	31	36.79
Berytinus_crassipes	gfastats	3500	1554325201	75636961	9	4256	1935816	217	38.72
Berytinus_minor	gfastats	145	1016354734	40933588	10	371	7704873	41	38.75
Berytinus_montivagus	gfastats	631	1307332456	72618651	8	1894	1343705	295	38.54
Betula_pendula	gfastats	24	404371286	28365721	7	186	9448367	15	36.10
Betula_pubescens	gfastats	28	430455852	31376385	6	87	17237593	9	35.84
Betulapion_simile	gfastats	257	1089747602	97768225	5	1331	1938912	154	33.31
Bibio_marci	gfastats	7	340025477	54570542	3	25	44910499	4	25.63
Bicyclus_anynana	gfastats	83	457175899	17439807	13	770	1166575	117	36.56
Bidens_cernua	gfastats	351	1976294844	157870694	6	494	28605214	18	38.96
Bimastos_rubidus	gfastats	415	812754931	49714926	7	2155	774310	317	40.22
Biomphalaria_glabrata	gfastats	44	850633761	48536009	7	201	10774472	27	36.15
Biphyllus_lunatus	gfastats	335	421123986	23050102	7	384	10442000	14	28.95
Bispira_polyomma	gfastats	75	1035419197	84489182	6	322	6913758	48	35.63
Biston_betularia	insdc_release	33	404525873	14733994	13	44	14013682	13	
Biston_stratarius	gfastats	22	424056544	31208321	6	70	9257131	16	36.78
Bithynia_leachii	gfastats	1477	812819874	45115705	7	9968	119917	1998	38.68
Bitoma_crenata	gfastats	44	154493418	17562620	4	99	5672891	10	34.20
Blasia_pusilla	gfastats	136	401476722	46294555	4	570	1481709	79	43.92
Blastobasis_adustella	insdc_release		396622972			496	2282707	54	
Blastobasis_lacticolella	insdc_release	45	577083784	20548006	13	115	11597587	18	
Blastobasis_vittata	gfastats	92	542382665	18482389	13	130	11096365	18	40.08
Blennius_ocellaris	insdc_release		675648630			5820	231343	798	43
Blera_fallax	gfastats	62	461837650	79067313	3	185	5586187	26	39.32
Blindiadelphus_recurvatus	gfastats	210	283384589	24232417	6	1726	273289	314	40.36
Blitum_bonus_henricus	gfastats	186	1111525916	62979943	9	571	5396651	68	36.50
Boletina_plana	gfastats	67	527446233	126865301	2	761	1570499	98	35.75
Boloria_euphrosyne	gfastats	56	400451666	13609687	14	81	9201020	17	33.18
Boloria_selene	insdc_release	31	399902484	13620786	13	41	13401531	13	
Bombina_variegata	insdc_release	4757	9369791316	1114117749	4	11428	1741680	1632	39
Bombus_campestris	gfastats	92	275263997	12249729	10	141	6166019	19	37.39
Bombus_distinguendus	gfastats	283	494671379	23432955	8	370	7721000	21	40.24
Bombus_hortorum	insdc_release	43	296312814	17016242	8	73	10578496	12	
Bombus_hypnorum	gfastats	53	297349773	24264022	6	102	11592071	11	37.54
Bombus_jonellus	gfastats	251	357920715	14150879	10	369	2756576	44	36.03
Bombus_lapidarius	gfastats	290	368491257	16231933	10	411	2964708	38	37.47
Bombus_lucorum	gfastats	166	360667639	17625526	9	294	3012367	42	36.54
Bombus_monticola	gfastats	217	307009732	17945787	8	352	2885390	39	38.06
Bombus_muscorum	gfastats	38	317697559	19019874	8	164	3445925	33	36.82
Bombus_pascuorum	insdc_release	82	307570237	17556731	8	121	8974029	13	
Bombus_pratorum	insdc_release		260647694			791	1141273	63	38
Bombus_sylvarum	gfastats	546	388835449	12912338	11	627	3277074	20	36.92
Bombus_sylvestris	gfastats	140	302589292	12445291	11	193	5862009	21	36.39
Bombus_terrestris	insdc_release	256	393103104	14593050	10	299	6780370	20	
Bombus_vestalis	gfastats	233	280033174	11162444	12	332	3425147	31	37.88
Bombylius_discolor	insdc_release	2307	228578990	185253	344	2310	185253	344	25.5
Bombylius_major	insdc_release	132	304329675	52534525	3	242	18803170	7	26
Bombylius_minor	gfastats	14	213567728	36066112	3	143	4861935	13	24.79
Borkhausenia_fuscescens	gfastats	38	636853766	23936056	12	57	21944053	14	40.37
Borostomias_antarcticus	insdc_release		788134964			5761	404732	455	46.5
Botrylloides_diegensis	insdc_release	366	174596155	9741807	8	528	2279768	19	42
Brachmia_blandella	gfastats	501	499004065	16582712	14	1465	757632	202	36.56
Brachydontium_trichodes	gfastats	96	268120984	21463826	5	779	661557	132	41.08
Brachylomia_viminalis	gfastats	43	782245277	26798213	14	82	20659211	16	38.81
Brachyopa_scutellaris	gfastats	15	587161349	133158200	2	216	8818246	24	37.05
Brachypalpoides_lentus	gfastats	814	1315387256	357900658	2	1361	4533402	87	39.85
Brachypalpus_laphriformis	gfastats	28	1071409866	306296502	2	162	18727380	13	41.27
Brachyptera_putata	insdc_release	14	436497185	33200100	5	1072	1512184	61	
Brachyptera_risi	gfastats	691	680178039	48056918	6	3645	483172	303	36.46
Brachypterus_glaber	gfastats	903	648296476	55111238	4	5169	212382	872	30.66
Brachythecium_rutabulum	gfastats	247	824661287	68756013	5	2541	575717	449	37.47
Branchiostoma_lanceolatum	insdc_release	34	458287516	22634557	8	137	11195901	16	41.5
Branta_canadensis	insdc_release		1257981710			4426	1348429	260	43
Branta_leucopsis	insdc_release	693	1346867785	66377272	6	1118	6988405	51	44
Brassica_nigra	gfastats	982	449579741	44935315	5	3130	333628	315	36.64
Braunia_imberbis	gfastats	307	223734801	19935585	4	549	1439553	48	39.63
Bromus_sterilis	gfastats	251	2678566086	379526086	4	361	338376119	4	45.03
Bruchidius_siliquastri	gfastats	16	375583928	39857073	5	87	7036267	18	36.50
Bruchidius_varius	gfastats	147	1210051800	128549679	4	776	3151950	124	37.03
Bruchidius_villosus	gfastats	798	972803032	100418657	5	1232	4347107	57	37.37
Bruchus_rufimanus	gfastats	32	569699111	30398369	7	111	23936730	10	35.99
Bryoerythrophyllum_caledonicum	gfastats	1010	437683768	31736312	6	2870	323187	417	41.98
Bryoerythrophyllum_ferruginascens	gfastats	39	334061426	25744393	5	629	936239	108	41.99
Bryophila_domestica	gfastats	79	748250812	26700226	12	238	8111444	27	37.21
Bryotropha_affinis	gfastats	1086	641766179	18291393	13	1834	1363779	137	37.32
Bryotropha_senectella	gfastats	38	502098385	16107746	11	44	16084909	12	37.03
Bryotropha_terrella	gfastats	54	756367204	24165216	12	152	10892363	24	37.32
Bryum_calophyllum	gfastats	1473	956442400	37063697	11	3207	854077	349	41.35
Bryum_knowltonii	gfastats	1799	820746876	36604014	8	3137	917013	266	40.88
Bryum_marratii	gfastats	1619	594096995	32033187	8	2504	1006176	187	41.82
Bryum_moravicum	gfastats	249	456219130	46529218	4	1428	614703	231	40.73
Bryum_riparium	gfastats	1748	347794375	33423713	4	2153	1144660	84	41.93
Buathra_laborator	insdc_release	471	261354714	3779346	18	472	3635114	19	41.5
Bucculatrix_nigricomella	gfastats	46	374226060	12739440	13	85	11667441	14	34.87
Bucculatrix_thoracella	gfastats	223	592061853	19100757	14	725	1823984	99	35.15
Bucephala_clangula	insdc_release	538	1190938797	66356865	7	992	4272793	85	42
Buddleja_davidii	gfastats	143	652617496	32529984	9	368	4922415	39	35.87
Bufo_bufo	insdc_release	24195	3744894388	243161	4191	24351	241528	4231	
Buglossidium_luteum	insdc_release		1048491260			1135	3341155	94	34.5
Buglossoporus_quercinus	gfastats	14	37499199	2925245	5	95	825065	17	53.31
Bugula_neritina	gfastats	321	216009554	24795343	4	431	3968814	13	34.13
Bugulina_stolonifera	insdc_release	567	233351728	1184903	59	568	1184903	60	37
Buteo_buteo	insdc_release	544	1303700921	46961128	10	1015	4249591	88	43
Butyriboletus_subappendiculatus	gfastats	14	31674662	2939387	5	27	2123623	6	49.49
Buxus_sempervirens	gfastats	100	670610913	48884390	6	508	3177493	66	39.06
Cabera_exanthemata	gfastats	96	525778759	18520975	14	179	10272138	19	36.13
Cabera_pusaria	gfastats	56	794294107	27510719	14	178	7639996	31	36.96
Cacoecimorpha_pronubana	gfastats	41	558419441	19525734	13	188	6468795	28	37.02
Caenorhabditis_monodelphis	gfastats	13	119425641	20328549	3	38	14221384	4	44.15
Calameuta_filiformis	gfastats	217	242318240	9726408	10	390	2118000	36	42.99
Calameuta_pallipes	gfastats	187	172108272	12878990	6	576	1002157	51	41.03
Calamotropha_paludella	insdc_release		620053142			1480	1112509	174	34.5
Calathus_fuscipes	gfastats	256	1037869105	57823483	9	617	6459000	42	30.93
Calathus_melanocephalus	gfastats	1097	966585533	51750563	8	1670	4009859	63	30.85
Calendula_officinalis	gfastats	189	1215674613	82723592	7	475	6396392	55	36.23
Calidris_alba	gfastats	86	1244432938	56836651	8	104	44840226	8	43.48
Calidris_alpina	insdc_release	75	1226853974	39097143	9	78	35272565	10	43.5
Calidris_canutus	missing								
Callicera_rufa	gfastats	151	486171223	155603232	2	348	5447246	30	38.29
Calliergon_cordifolium	gfastats	1101	662284362	26779675	9	1827	1440578	142	37.06
Calliergonella_cuspidata	gfastats	44	322542054	25814372	5	92	10445935	10	37.61
Callimorpha_dominula	gfastats	33	658140099	24103837	13	119	9439834	23	35.79
Callionymus_lyra	insdc_release	453	654451046	29613820	9	614	19142023	13	38.5
Calliopum_aeneum	gfastats	119	661455502	114228401	3	426	3822701	55	33.09
Calliopum_simillimum	gfastats	339	690512415	124334187	3	1054	1796794	99	33.13
Calliphora_loewi	gfastats	91	712905152	132193386	3	728	4147598	57	30.38
Calliphora_vicina	gfastats	118	706541155	131702511	3	251	35250151	6	30.08
Calliphora_vomitoria	gfastats	137	707642155	130622763	3	301	14560000	14	30.75
Calliteara_pudibunda	gfastats	111	1035562776	10853358	34	467	3926537	85	35.97
Callitriche_obtusangula	gfastats	423	1575058451	285762089	3	797	7269168	62	34.47
Callitriche_stagnalis	gfastats	64	1183369622	251406483	3	125	29379000	12	34.43
Calluna_vulgaris	gfastats	152	520423034	65464334	4	433	2555587	59	41.22
Calodromius_spilotus	gfastats	113	992303802	76300743	6	302	9193000	29	34.35
Calonectris_borealis	insdc_release	355	1366205003	86023716	5	880	4142416	99	43.5
Calophasia_lunula	gfastats	70	585362711	19887536	14	193	7320139	23	37.13
Caloptilia_robustella	gfastats	701	365333224	12350499	13	2355	295000	373	38.66
Caloptilia_rufipennella	gfastats	241	359571356	12634303	13	840	950207	111	38.27
Calvia_quattuordecimguttata	gfastats	59	844418828	92850860	4	171	13501844	17	36.24
Calystegia_soldanella	gfastats	696	635378387	58450293	5	2439	554720	351	35.77
Campaea_margaritaria	insdc_release	341	330463930	1988370	55	342	1988370	55	
Campanula_latifolia	gfastats	292	1297486953	79481264	8	309	67795131	9	38.62
Campiglossa_producta	gfastats	1219	865972582	137559907	3	4680	392000	651	35.99
Campoletis_raptor	gfastats	21	218627199	18621092	5	177	2186664	34	36.53
Campsicnemus_scambus	gfastats	426	338336871	43198841	4	568	6010157	15	31.48
Camptogramma_bilineatum	gfastats	38	442695304	16753518	13	47	16300188	13	37.55
Campylopus_flexuosus	gfastats	455	278182993	22376548	4	2377	176125	487	41.51
Campylopus_introflexus	gfastats	318	241396239	18890008	5	1730	242479	303	41.87
Candelabrum_cocksii	gfastats	18	232868000	16016071	7	135	2825545	26	38.29
Canis_lupus	insdc_release	5536	1446594657	719346	583	5537	719346	583	
Cantharis_decipiens	gfastats	748	355245665	34757274	4	964	2185536	43	30.32
Cantharis_figurata	gfastats	1012	543589930	54326251	4	1080	11327302	12	32.60
Cantharis_flavilabris	gfastats	27	348304867	47548398	3	84	10505090	12	31.59
Cantharis_lateralis	gfastats	51	332197494	43798968	3	90	10697386	10	30.23
Cantharis_nigra	gfastats	72	397814522	41397323	4	109	10907000	11	29.95
Cantharis_pallida	gfastats	269	464247994	51773863	4	360	7578394	17	31.36
Cantharis_pellucida	gfastats	474	461620020	52222768	4	613	11565240	12	32.37
Cantharis_rufa	gfastats	19	355331611	50306085	3	86	10477904	12	31.67
Cantharis_rustica	insdc_release	18	445936792	57811309	3	75	17823022	7	
Caprimulgus_europaeus	gfastats	119	1155967053	67262059	6	128	58264805	7	42.98
Carabus_intricatus	gfastats	57	260759200	17205089	7	206	6841733	16	34.95
Carabus_nemoralis	gfastats	1350	237465967	13108008	8	2348	308120	156	36.04
Carabus_problematicus	gfastats	223	253974633	17524069	7	308	4259000	22	34.77
Caradrina_clavipalpis	insdc_release		472004536			144	7940308	24	37.5
Caradrina_kadenii	gfastats	35	426002513	15330137	13	40	15330137	13	37.93
Caradrina_morpheus	gfastats	32	401513341	14370706	13	34	14370706	13	37.46
Carassius_carassius	insdc_release		209623727			3713	58044	804	38.5
Carcina_quercana	insdc_release		409820912			57	13030025	13	
Cardamine_amara	gfastats	98	218110777	26283494	4	122	10650701	9	36.33
Cardamine_flexuosa	gfastats	229	204994079	25971562	4	346	2477049	25	35.67
Cardamine_hirsuta	gfastats	126	205002922	25581028	4	182	5957966	12	35.65
Cardamine_pratensis	gfastats	211	716618920	46734978	8	461	5927434	37	37.97
Carduelis_carduelis	insdc_release	156	1060565156	74799100	5	210	25793000	13	43.5
Carduus_crispus	gfastats	73	735610937	88530655	4	342	4574047	47	35.64
Carduus_nutans	gfastats	592	797145230	93763019	4	967	3384835	69	36.49
Carex_acutiformis	gfastats	339	413082564	9783144	18	640	2180156	58	35.04
Carex_arenaria	gfastats	39	353876125	12259953	10	207	3129000	34	34.58
Carex_bigelowii	gfastats	56	396519023	12643579	13	2164	275260	449	34.91
Carex_caryophyllea	gfastats	98	529828550	15297501	14	417	2627632	60	35.27
Carex_depauperata	gfastats	79	704531411	32579503	10	362	3879681	49	35.59
Carex_distans	gfastats	322	359408216	9926076	14	1473	445406	244	33.87
Carex_divulsa	gfastats	38	389858919	13437251	10	243	2800542	45	34.35
Carex_echinata	gfastats	38	380550265	13577040	13	85	11291140	15	34.88
Carex_elata	gfastats	153	416399112	10681593	15	519	1745552	80	34.94
Carex_extensa	gfastats	118	314134597	10670721	12	343	1956635	52	33.23
Carex_hirta	gfastats	285	336138417	5741607	24	542	2215131	49	34.99
Carex_laevigata	gfastats	88	379479622	10577923	15	1146	547486	218	33.99
Carex_lasiocarpa	gfastats	117	391777657	9449218	17	151	8403230	20	34.18
Carex_montana	gfastats	112	341403528	17688430	8	146	10168155	12	34.47
Carex_nigra	gfastats	58	419278655	10206026	18	440	1977131	65	34.70
Carex_pendula	gfastats	36	364334886	12567026	12	66	9853000	15	33.89
Carex_riparia	gfastats	183	419916814	11218380	15	382	2762352	50	34.36
Carex_rostrata	gfastats	78	382801883	12529801	13	124	6594078	21	34.36
Carex_spicata	gfastats	40	387083760	13139737	12	50	13133811	13	34.30
Carex_sylvatica	gfastats	54	365322682	13811235	12	255	2566127	44	33.83
Carlina_vulgaris	gfastats	710	3741834662	363605009	5	1948	5153067	232	39.50
Carpatolechia_decorella	gfastats	329	456352066	15889262	13	1632	512536	263	37.10
Carpatolechia_fugitivella	gfastats	142	493085460	17187121	13	941	1029615	159	37.21
Carpinus_betulus	gfastats	11	368127064	44024086	4	175	5086000	20	36.17
Carpobrotus_edulis	gfastats	2070	943560877	99419539	5	8401	209455	1163	41.80
Carsia_sororiata	gfastats	118	317750922	11307448	13	236	2931340	35	37.74
Carterocephalus_palaemon	gfastats	45	394538208	13897380	13	61	13129920	14	38.38
Cartodere_bifasciata	gfastats	24	178099718	20851529	4	117	3482428	15	31.95
Caryocolum_tricolorella	gfastats	58	562266801	20271508	13	100	19163293	14	38.83
Castanea_sativa	gfastats	308	697818432	55649710	6	843	2255886	91	35.76
Castor_fiber	insdc_release	5227	2054518866	67931567	12	17640	269226	2041	40
Cataclysta_lemnata	gfastats	138	432453910	15946375	12	1012	989062	126	38.05
Catapodium_rigidum	gfastats	119	2873214804	406575245	4	148	176584220	7	44.00
Catarhoe_cuculata	gfastats	81	297577520	10625795	13	115	7063799	15	37.30
Catarhoe_rubidata	gfastats	43	335025938	12136522	13	67	11839022	13	36.62
Catocala_fraxini	insdc_release		765579819			855	1831279	122	36.5
Catocala_nupta	gfastats	61	930398596	31349327	14	161	11316672	28	36.73
Catocala_promissa	gfastats	155	743998673	26037429	14	323	7402146	34	36.65
Catocala_sponsa	gfastats	58	803669286	27089523	14	122	13916875	22	36.60
Catops_nigricans	gfastats	434	209716113	18718905	5	676	1705193	31	30.89
Catoptria_pinella	gfastats	50	386896272	13616000	13	54	12851823	14	36.07
Cauchas_fibulella	gfastats	26	578641302	24761268	10	111	9914902	21	39.04
Cauchas_rufimitrella	gfastats	41	700524664	29525185	9	255	5217453	43	38.62
Celastrina_argiolus	gfastats	29	499129456	20425925	11	138	7710655	22	36.08
Celypha_lacunana	gfastats	50	591842256	21540359	11	135	10719000	18	38.50
Celypha_striana	gfastats	166	681160529	71142301	5	877	1665018	128	38.59
Cenopis_cana	gfastats	34	546163976	20885372	10	42	20456476	10	38.88
Centaurium_erythraea	gfastats	376	887749211	41276364	9	835	2960000	96	37.55
Centaurium_intermedium	gfastats	98	507638887	44679962	5	155	16430719	12	38.49
Cepaea_hortensis	gfastats	729	3169005445	127277824	8	4993	1208264	813	41.35
Cepaea_nemoralis	gfastats	2975	3270717112	119686223	9	10605	651301	1523	41.25
Cephus_pygmeus	gfastats	85	188131097	16205924	5	207	5748352	13	41.11
Cephus_spinipes	gfastats	96	238635743	24817667	4	452	2011847	29	42.26
Cepola_macrophthalma	insdc_release	544	575962900	20360156	13	1076	2195000	71	44.5
Ceraclea_albimacula	gfastats	38	587011366	25297659	11	80	20889162	12	35.59
Ceraclea_dissimilis	gfastats	35	452751329	19172844	11	91	9574340	18	34.70
Ceramica_pisi	gfastats	67	732715256	24874717	14	113	13539627	18	38.20
Cerapteryx_graminis	gfastats	1406	1023404364	34361239	13	5459	351168	890	38.81
Cerastis_leucographa	gfastats	40	637508115	21426090	14	93	13373472	19	38.41
Cerastis_rubricosa	gfastats	36	678709332	23337995	14	107	11020799	20	38.92
Cerastium_alpinum	gfastats	2971	1616757659	49033007	15	4321	2036621	233	36.93
Cerastoderma_edule	gfastats	711	856416475	42907757	9	1667	1425749	184	35.94
Cerastoderma_glaucum	gfastats	781	1003257514	50951717	8	2732	844920	354	35.82
Ceratinostoma_ostiorum	gfastats	30	367768379	67751144	3	490	2804073	36	29.08
Ceratocapnos_claviculata	gfastats	144	267458457	16789983	8	258	3323085	26	35.99
Ceratodon_purpureus	gfastats	31	340659029	23282598	4	1955	270564	381	42.41
Ceratothoa_steindachneri	gfastats	535	3927846317	204257349	9	3155	2407688	490	40.21
Cerceris_ruficornis	gfastats	560	566101304	20574862	9	686	3196449	47	38.93
Cerceris_rybyensis	insdc_release	710	418098913	15223619	8	711	15223619	8	
Ceriagrion_tenellum	gfastats	470	2077012716	152520262	6	1382	3893288	178	39.16
Certhia_familiaris	insdc_release	144	1068420029	73066084	5	171	34480938	9	43
Cerura_vinula	gfastats	70	690608347	39487613	8	368	3735087	56	38.39
Cervus_elaphus	insdc_release	4021	2903978491	2259288	369	4043	2236403	371	
Cetonia_aurata	gfastats	113	479646749	45601692	4	195	8085049	19	34.78
Cetorhinus_maximus	insdc_release	5088	3993866540	126028485	12	7866	1961965	530	44.5
Cettia_cetti	insdc_release	210	1030144628	72917174	5	276	24443750	11	43
Ceutorhynchus_obstrictus	gfastats	194	728832812	56416078	5	437	4747246	47	35.07
Chaetocnema_hortensis	gfastats	803	384641269	40798368	5	2046	497099	199	31.51
Chaetopeltis_orbicularis	gfastats	38	267589875	15343664	8	90	7993784	12	55.46
Chalcis_sispes	gfastats	14	412410240	75805882	3	457	1996284	59	33.91
Chalcosyrphus_nemorum	gfastats	172	366197888	89739738	2	269	6513352	21	37.69
Chamaenerion_angustifolium	insdc_release	125	656518074	36550787	9	147	17479157	16	38
Chamelea_striatula	gfastats	284	1822839858	96816756	9	1077	3743406	147	35.32
Charadrius_hiaticula	insdc_release	916	1076722256	83216072	4	1643	3183029	84	43
Charanyca_ferruginea	gfastats	45	854663949	27761565	13	159	19352951	17	37.52
Charanyca_trigrammica	gfastats	39	546444799	18956009	14	172	6003287	28	37.28
Cheilosia_fraterna	gfastats	88	571260991	170709898	2	358	5215201	33	37.15
Cheilosia_grossa	gfastats	13	362407107	65050764	3	109	5391216	21	37.83
Cheilosia_illustrata	gfastats	24	872723965	159250359	2	140	42417059	6	39.73
Cheilosia_impressa	gfastats	59	394967364	60011629	2	142	6000640	21	38.21
Cheilosia_pagana	insdc_release	11	354125056	63862789	2	30	30900780	4	38
Cheilosia_scutellata	gfastats	36	470982813	126733743	2	361	2985000	53	37.47
Cheilosia_soror	gfastats	23	480345224	121577172	2	126	6837000	22	38.04
Cheilosia_urbana	gfastats	36	546942332	171959956	2	152	11782198	16	37.77
Cheilosia_variabilis	gfastats	8	414757870	70713320	2	102	7889679	17	37.55
Cheilosia_vernalis	gfastats	73	441643786	71139621	3	143	9620535	16	37.53
Cheilosia_vulpina	insdc_release	21	405383207	69418634	3	31	45551726	4	
Cheiracanthium_erraticum	gfastats	1371	2160264742	153794355	6	2034	11368000	63	33.37
Chelidonichthys_cuculus	insdc_release	398	652160454	28474642	11	1155	1569594	120	43
Chelidonichthys_lucerna	insdc_release	345	651581513	27897570	11	650	3394816	58	43
Chelon_labrosus	insdc_release	363	717420143	30303911	12	973	2544200	85	42.5
Chenopodium_album	gfastats	158	1594308297	60299674	11	225	31541381	17	36.17
Chesias_legatella	gfastats	36	310278188	11018016	13	80	6173170	16	37.35
Chiasmia_clathrata	gfastats	803	334875742	10985752	14	2169	380118	254	36.37
Chironomus_sp_SAN22000474	gfastats	38	182177733	56090277	2	73	17386440	4	30.63
Chironomus_tentans	gfastats	9	185488729	55585213	2	46	7509135	10	30.93
Chloris_chloris	insdc_release	58	1211672466	78381852	6	59	78381852	6	43.5
Chlorochytrium_lemnae	gfastats	98	44399873	2537306	7	145	1380175	13	64.00
Chloroclysta_siterata	insdc_release	26	437887824	24933739	8	30	20597670	9	37.5
Chloroclystis_v_ata	gfastats	21	275367921	18396937	7	29	18396937	7	35.82
Chloromyia_formosa	gfastats	114	790829506	156030387	3	378	5533357	45	41.03
Chlorophyllum_brunneum	gfastats	14	38916158	3504052	5	54	1053824	12	47.59
Chlorops_pumilionis	gfastats	1143	645413419	197268592	2	4504	249171	753	35.14
Choerades_gilvus	gfastats	433	1055514317	195946244	3	1094	2722481	108	32.91
Choneiulus_palmatus	gfastats	184	626542003	42358632	7	998	1186690	159	33.10
Choreutis_nemorana	gfastats	96	300258981	10167060	14	128	6980553	17	35.14
Chorisops_tibialis	gfastats	16	865320018	315088429	2	132	15794932	19	37.01
Chortodes_pygminus	gfastats	114	1170076918	42367227	12	163	23262391	18	38.81
Chroicocephalus_ridibundus	insdc_release	729	1417571123	83755488	6	1191	4003687	105	44.5
Chrysis_angustula	gfastats	161	221807159	12891320	7	647	1115546	57	39.97
Chrysogaster_coemiteriorum	gfastats	490	1111726028	172425404	3	1393	3630509	79	36.48
Chrysolina_americana	gfastats	72	980590408	89349863	5	482	4093593	68	36.43
Chrysolina_graminis	gfastats	651	1467212114	131681018	5	1499	2842487	156	36.27
Chrysolina_haemoptera	gfastats	84	718322849	35485444	8	546	2238999	94	35.12
Chrysolina_herbacea	gfastats	241	1277251100	117810277	5	1916	1254064	300	36.35
Chrysolina_hyperici	gfastats	97	731528725	39449835	8	214	11703684	21	34.55
Chrysolina_oricalcia	gfastats	83	1423453393	69622592	10	507	6296000	70	33.87
Chrysomela_populi	gfastats	180	546994181	35876596	7	934	1112475	150	35.74
Chrysomela_saliceti	gfastats	123	738651769	45385673	7	710	2151317	108	35.83
Chrysoperla_carnea	insdc_release	432	590533921	13665904	12	433	13665904	12	
Chrysopilus_asiliformis	gfastats	42	429065045	116070134	2	180	6560707	22	35.05
Chrysops_caecutiens	gfastats	991	333705173	81169324	2	1153	2487246	20	31.30
Chrysops_relictus	gfastats	217	352770823	69398107	3	292	21299000	6	34.34
Chrysops_viduatus	gfastats	151	312370367	55789465	3	227	6301467	14	30.68
Chrysosplenium_oppositifolium	gfastats	135	456224689	19491943	10	140	19146816	10	34.32
Chrysoteuchia_culmella	insdc_release		585300434			400	3829234	50	
Chrysotoxum_bicinctum	insdc_release	1551	897053803	1454303	182	1559	1451537	183	
Chrysotoxum_festivum	gfastats	217	870790309	254310297	2	741	3712000	63	34.05
Chrysotoxum_verralli	gfastats	77	1019903071	304762660	2	272	10730940	31	34.12
Chymomyza_fuscimana	gfastats	16	337977858	104850594	2	265	2674730	31	35.49
Cicadella_lasiocarpae	gfastats	48	1380340190	144319706	4	197	24223829	19	35.23
Cicadella_viridis	gfastats	100	1425473587	139266619	4	449	7802928	58	35.14
Cicerbita_muralis	gfastats	302	1591171103	173028756	4	422	33800368	16	36.49
Ciconia_ciconia	insdc_release	1036	1373854623	87093958	5	1130	44941647	9	43.5
Ciconia_episcopus	missing								
Cidaria_fulvata	gfastats	133	503984333	18911483	10	230	7741162	21	37.73
Ciliata_mustela	insdc_release	387	545826079	43776802	6	537	5225000	33	47.5
Cinara_cedri	gfastats	145	507318473	98692380	3	170	20563000	9	30.94
Cinara_pinea	gfastats	140	816370525	202139466	2	213	39739882	5	31.56
Cinclus_cinclus	insdc_release	278	1170855695	74357285	6	936	3563180	103	43
Circus_cyaneus	insdc_release	58	1195615424	44931553	12	96	43909000	12	43
Cirriformia_tentaculata	gfastats	631	583875737	28936272	8	1082	2114022	84	43.60
Cirsium_dissectum	gfastats	957	1069696506	59465939	8	1621	3154544	112	36.49
Cirsium_eriophorum	gfastats	1013	1579012885	95016472	7	1660	4029429	118	37.30
Cirsium_heterophyllum	gfastats	708	944492134	50939392	8	1318	2674182	110	35.95
Cis_bilamellatus	gfastats	66	249067071	26646925	4	369	1966089	31	37.59
Cistogaster_globosa	insdc_release		1069055037			8335	551397	391	29.5
Cladonia_squamosa	gfastats	121	38098895	1635907	11	125	1447414	11	44.98
Clangula_hyemalis	insdc_release	1867	854027955	1599958	155	1868	1599958	155	42
Clava_multicornis	gfastats	83	339937938	23255752	7	160	8412888	16	35.61
Clavaria_fumosa	gfastats	18	48772670	3674632	6	23	3496862	7	50.25
Clavariadelphus_pistillaris	gfastats	61	265603059	21045727	6	425	1148580	73	53.17
Clavelina_lepadiformis	insdc_release		140338167			539	1055484	39	35.5
Clavelina_producta	insdc_release	115	532731853	48879771	5	326	5641777	27	36
Claytonia_sibirica	gfastats	671	1600453223	257035737	3	760	105222000	6	35.96
Cleorodes_lichenaria	gfastats	44	414756180	14727533	13	100	13031339	14	36.47
Clepsis_consimilana	gfastats	83	488885727	17334535	12	227	5680222	27	38.77
Clepsis_dumicolana	gfastats	365	459709170	15793661	12	1385	684644	198	39.01
Climacium_dendroides	gfastats	132	413289925	33543809	5	204	6578814	20	37.39
Clistopyga_incitator	gfastats	26	260700937	13682479	9	183	2365487	37	40.88
Clitocybe_odora	gfastats	175	63799881	4967302	6	281	770813	22	48.74
Clitopilus_prunulus	gfastats	43	37122506	3508400	5	129	948722	13	47.66
Clivina_fossor	gfastats	555	612615498	24002212	8	756	4843297	36	27.66
Cloeon_dipterum	gfastats	11	190140723	37097636	3	47	10197503	6	39.82
Clogmia_albipunctata	gfastats	83	309212404	50560029	3	184	5737818	17	32.21
Clostera_curtula	insdc_release	1277	461785041	653972	208	1279	653972	208	
Closterotomus_norwegicus	gfastats	674	903295735	47652875	6	1838	1117849	230	39.95
Closterotomus_trivialis	gfastats	753	1163722881	65621053	6	1738	3343532	100	40.33
Clubiona_comta	gfastats	159	1155477674	88195121	7	947	2666172	122	32.69
Clubiona_pallidula	gfastats	165	1079313413	82058779	6	954	2767320	120	33.36
Clubiona_phragmitis	gfastats	205	1019240694	77754526	6	461	6916306	50	33.47
Clusia_tigrina	insdc_release	666	1216395172	230177572	2	1127	5698505	38	
Cnaemidophorus_rhododactyla	gfastats	134	902087038	30069394	13	182	23183072	15	35.51
Cnephasia_longana	gfastats	82	618870574	18607517	12	311	7224744	27	38.83
Cnephasia_stephensiana	gfastats	106	465159237	16171933	12	241	5917537	26	38.31
Cobitis_taenia	insdc_release	471	1651743192	63489697	11	846	7628000	66	40.5
Coccidula_rufa	gfastats	1101	1068746093	120539302	4	1506	6434000	53	34.13
Coccinella_magnifica	gfastats	448	498791120	43533345	5	575	7477629	23	36.26
Coccinella_septempunctata	insdc_release		389073761			182	12431197	10	
Coccinella_undecimpunctata	gfastats	166	548849324	53538952	5	230	33355000	7	35.94
Coccus_hesperidum	gfastats	42	405416210	54289485	4	119	8466229	14	35.16
Cochlearia_danica	gfastats	493	664022924	27832253	8	671	6943340	30	35.72
Cochlostoma_elegans	gfastats	537	1074982740	90995901	5	2054	1092107	296	39.16
Cochylidia_implicitana	gfastats	226	364832959	13027826	12	1063	643095	176	38.54
Cochylidia_rupicola	gfastats	35	425632869	15387375	11	92	13484872	13	38.23
Cochylis_nana	gfastats	236	449980384	14807898	13	1127	896619	153	37.95
Codriophorus_aciculare	gfastats	533	234994432	16848531	6	1870	218227	319	42.26
Coelichneumon_leucocerus	gfastats	620	384008484	28840621	7	945	1363009	67	42.90
Coelioxys_conoideus	gfastats	58	417592752	25869242	6	155	4882541	25	40.85
Coelopa_frigida	gfastats	48	225495088	40212707	3	482	897988	74	40.39
Coelopa_pilipes	gfastats	39	262969196	47252759	3	434	1280259	59	42.57
Coelostoma_orbiculare	gfastats	1125	751014163	53784477	6	5265	247587	922	36.40
Coenagrion_pulchellum	gfastats	944	2395449114	161818578	7	1106	41981000	14	40.31
Coenobia_rufa	gfastats	69	720610857	25585302	14	137	17216001	16	38.92
Coenosia_tigrina	gfastats	4951	1573192752	184888286	3	5522	2728830	116	29.54
Coincya_wrightii	gfastats	246	823834440	67563036	6	564	4031441	60	37.84
Colchicum_autumnale	gfastats	1250	4397875668	88865147	17	1660	36504883	36	42.67
Coleophora_albicosta	gfastats	32	528690371	18259820	12	158	12104122	16	37.55
Coleophora_alticolella	gfastats	37	385430659	13888851	11	51	13888851	11	38.48
Coleophora_argentula	gfastats	10	555290207	69694848	4	112	35811306	7	38.64
Coleophora_deauratella	gfastats	34	518461959	17488061	13	96	9992783	19	37.18
Coleophora_flavipennella	gfastats	185	989272584	17852142	24	616	4005000	81	38.79
Coleophora_follicularis	gfastats	52	591226367	16435578	9	271	11032340	17	38.96
Coleophora_galbulipennella	gfastats	85	653575499	27487107	9	114	19179169	14	38.29
Coleophora_gryphipennella	gfastats	126	728372580	73478454	5	295	31976000	7	37.41
Coleophora_lixella	gfastats	46	429138783	15286301	11	71	12118040	14	38.30
Coleophora_lutipennella	gfastats	102	1196894330	22370012	22	143	19570227	25	38.96
Coleophora_niveicostella	gfastats	364	726784058	25648529	11	1619	914865	240	38.66
Coleophora_otidipennella	gfastats	579	465550614	16014919	12	1065	1570960	93	38.65
Coleophora_pennella	gfastats	240	498606648	17332584	12	828	1389701	112	37.47
Coleophora_solitariella	gfastats	42	482450940	18330183	9	1017	855557	166	38.67
Coleophora_striatipennella	gfastats	518	505690484	17349298	13	1853	559189	282	39.35
Coleophora_sylvaticella	gfastats	378	440415294	15440092	12	1419	646435	213	38.60
Colias_croceus	insdc_release	33	324912214	11204669	13	42	10749422	14	
Colletes_cunicularius	gfastats	6801	826474634	248101	371	7264	236904	460	45.49
Collyria_trichophthalma	gfastats	31	218671903	10456684	9	141	2614108	27	38.62
Colocasia_coryli	gfastats	63	768626260	26692155	14	82	24069075	14	38.57
Coloeus_monedula	insdc_release	1173	1109102816	64959247	6	1744	3370455	97	44
Colostygia_multistrigaria	gfastats	125	482742388	17219310	13	365	3570000	43	37.49
Colostygia_pectinataria	gfastats	37	351575540	12651202	13	47	12473394	13	37.57
Colotois_pennaria	gfastats	43	449457046	16539408	12	62	15529983	13	37.02
Columba_oenas	insdc_release	422	1357133136	69828469	6	442	61555839	7	43.5
Columba_palumbus	insdc_release	719	1362519831	72549161	6	1260	3440717	110	43.5
Colydium_elongatum	gfastats	163	450172320	52950275	4	485	2413158	51	35.10
Comarum_palustre	gfastats	88	529403557	26215688	9	582	1707000	96	38.59
Comibaena_bajularia	gfastats	50	369748745	13088103	13	95	8688059	17	36.63
Commophila_aeneana	gfastats	41	429486622	15628076	8	219	7624073	17	38.00
Conger_conger	insdc_release	381	1136421744	64882367	8	1390	3090688	105	44
Conistra_ligula	gfastats	68	800788643	27559089	14	129	20973692	16	38.17
Conistra_vaccinii	gfastats	43	720850966	24458057	14	99	16018841	19	38.09
Conocephalum_conicum	gfastats	330	617465921	85382056	4	706	3121088	56	33.10
Conomelus_anceps	gfastats	505	957858181	73089041	5	2253	1071000	216	34.32
Conops_quadrifasciatus	gfastats	14	210459157	39758196	3	48	13220657	6	35.68
Convolvulus_arvensis	gfastats	1343	1328070353	52215319	11	1673	8481577	47	36.25
Conwentzia_psociformis	gfastats	15	99620006	13725290	4	185	1206000	25	36.51
Coprinellus_micaceus	gfastats	99	52018476	4118337	6	169	1016946	15	53.53
Coprinopsis_atramentaria	gfastats	226	53917745	4257384	6	281	1605292	12	49.53
Cordilura_impudica	gfastats	891	1489363774	253737357	3	2351	2714469	147	29.98
Cordulegaster_boltonii	gfastats	996	1610706582	111436305	7	2953	1241317	400	37.37
Cordyceps_fumosorosea	gfastats	10	34351738	4145717	3	33	3140782	5	53.47
Coregonus_lavaretus	insdc_release	3980	2352365286	46148767	20	8669	662137	912	43.5
Corella_eumyota	insdc_release		2977316			70	176530	6	36.5
Corella_parallelogramma	insdc_release	253	132690466	26794835	3	336	3003951	15	33.5
Coremacera_marginata	insdc_release		947321026			5712	326098	855	
Cornu_aspersum	gfastats	604	2908462832	110296109	11	4448	1303995	709	40.90
Cornus_sanguinea	gfastats	184	1071634524	92543237	5	218	54236224	8	36.84
Cornus_suecica	gfastats	91	849722719	78572207	5	595	2787649	99	35.73
Corrigiola_litoralis	gfastats	102	364555739	39192099	5	137	13741634	10	38.62
Cortinarius_acutus	gfastats	203	127549078	11630362	5	562	452070	80	45.76
Cortinarius_anomalus	gfastats	14	60654748	5253728	6	105	1327727	13	43.29
Cortinarius_bolaris	gfastats	19	72791642	6834896	5	135	1086220	23	42.86
Cortinarius_cisticola	gfastats	161	47860934	3271632	6	236	1192956	14	43.77
Cortinarius_croceocaeruleus	gfastats	351	56290378	4543231	6	454	643533	27	43.26
Cortinarius_elegantissimus	gfastats	71	50133099	3660084	6	165	766748	19	44.23
Cortinarius_flexipes	gfastats	609	91796700	5915426	7	973	327082	81	42.13
Cortinarius_hemitrichus	gfastats	58	94351969	7655752	6	334	464332	65	43.79
Cortinarius_splendens	gfastats	23	39765264	2763698	6	87	1748360	8	43.81
Cortinarius_torvus	gfastats	390	112498457	7340386	7	699	412795	80	44.70
Cortinarius_triumphans	gfastats	156	168684676	13644938	6	500	824317	65	43.07
Corvus_corax	insdc_release	306	1134689926	66489866	6	369	33293956	9	44.5
Corvus_corone	insdc_release	211	1204947019	75224593	6	294	23846292	12	44
Corvus_frugilegus	insdc_release	105	1261684268	76331610	6	166	32811667	10	44.5
Corylus_avellana	gfastats	238	362325582	31880159	5	506	2438761	46	36.68
Corylus_colurna	gfastats	66	377252145	35242391	5	297	3014000	43	37.00
Corynactis_viridis	gfastats	70	520124490	30183902	8	215	7006330	23	39.75
Cosmia_affinis	gfastats	49	705861582	24250422	14	171	10382974	23	37.65
Cosmia_pyralina	gfastats	51	803276861	27366473	14	185	9434096	30	38.28
Cosmia_trapezina	gfastats	63	825187595	28022459	14	267	7584852	34	37.91
Cosmorhoe_ocellata	gfastats	64	327742816	11103448	14	100	9984490	15	37.31
Cossus_cossus	gfastats	90	518977365	18719714	13	255	4639560	37	34.77
Crabro_cribrarius	gfastats	1121	223214905	17961024	6	1275	3053241	16	47.18
Crambus_lathoniellus	gfastats	85	893782834	31726729	12	524	3506311	76	37.81
Crambus_pascuella	gfastats	132	788209106	27973061	13	308	7883455	35	37.25
Crambus_perlellus	gfastats	51	993297121	35581327	13	142	17235356	18	38.05
Craniophora_ligustri	insdc_release	33	437993611	15030495	14	95	12212030	15	
Crassula_aquatica	gfastats	27	287577073	14254249	9	77	10884616	10	40.07
Crataegus_laevigata	gfastats	47	653675048	39549295	8	67	19638000	14	37.67
Crataegus_monogyna	gfastats	155	675360548	39869031	8	173	21294489	14	37.87
Crataerina_pallida	gfastats	7	177070084	31608065	3	105	3466619	18	32.93
Craterellus_tubaeformis	gfastats	31	61326176	5731440	6	124	1049692	19	47.40
Cratoneuron_filicinum	gfastats	43	273084979	24917946	4	541	966577	93	38.38
Crepidodera_aurata	gfastats	309	840292414	61645881	5	1677	1019463	243	31.46
Crepidodera_aurea	gfastats	50	508975589	76910125	3	293	4358255	35	32.10
Crepidodera_fulvicornis	gfastats	41	493227772	123137060	2	265	4757256	32	32.42
Crepis_capillaris	gfastats	2136	2003723906	598963573	2	3806	2449855	241	38.47
Crex_crex	insdc_release	47	1256974022	84714708	5	72	84714708	5	44.5
Crioceris_asparagi	gfastats	710	639299739	90622434	3	871	5465325	34	32.92
Criorhina_berberina	insdc_release	28	410472439	136888952	2	66	34124640	6	41
Criorhina_ranunculi	gfastats	104	357657189	65719635	3	334	2934058	39	39.57
Crocallis_elinguaria	insdc_release	25	430399360	28485152	7	37	28485152	7	
Crocus_tommasinianus	gfastats	919	2047981947	260274685	4	3997	1136016	515	41.79
Crossocerus_annulipes	gfastats	870	234690251	11511000	7	1231	715406	68	46.03
Crossocerus_cetratus	gfastats	117	251162441	23005845	5	191	4893000	16	48.00
Cruciata_laevipes	gfastats	15	296983758	28099396	5	35	15853853	7	37.71
Crudosilis_ruficollis	gfastats	246	1193670125	101876541	4	751	3161911	115	31.88
Cryphaea_heteromalla	gfastats	56	229592265	20819752	4	302	1422624	49	35.94
Cryphia_algae	gfastats	80	882003376	29458185	14	288	8443577	34	38.04
Cryptocephalus_moraei	gfastats	130	500560161	35831563	7	255	9642473	17	36.52
Cryptocephalus_primarius	gfastats	305	371011342	15602051	9	550	1867949	55	37.84
Cryptocephalus_pusillus	gfastats	298	312968811	20342572	7	1134	580918	155	36.68
Cryptophagus_acutangulus	gfastats	369	177342891	9223670	8	909	622935	38	33.22
Cryptops_hortensis	gfastats	648	351654897	29752253	5	1558	558715	186	34.00
Cryptopygus_clavatus	gfastats	224	209547654	26251670	4	384	2184331	31	31.89
Cryptorhynchus_lapathi	gfastats	178	478904227	27190077	7	343	6329822	26	35.11
Cryptosula_pallasiana	gfastats	848	605609322	46264604	6	1663	1788101	96	37.18
Cryptus_armator	gfastats	358	366695268	18298735	8	484	2928000	37	44.28
Cryptus_viduatorius	gfastats	16	225394978	22804738	4	105	3577539	20	40.79
Ctenicera_cuprea	gfastats	554	647686976	60302015	5	1027	2792496	60	33.46
Culiseta_annulata	gfastats	197	1797750030	669645311	2	818	5468068	103	36.76
Cupido_minimus	gfastats	27	474403353	20355252	11	45	18941337	11	37.05
Curculio_glandium	gfastats	276	1121361972	99310684	5	1178	2415291	137	35.07
Curruca_communis	insdc_release	70	1223300309	72723166	6	90	65048108	7	43
Cuscuta_epithymum	gfastats	93	513659138	65867515	3	330	4648119	37	38.03
Cyaniris_semiargus	insdc_release	434	441887936	2057646	67	436	2028856	68	
Cyanistes_caeruleus	insdc_release	456	1220473014	82237909	6	932	3559555	105	42.5
Cybosia_mesomella	gfastats	52	947582557	33223415	13	211	9050000	36	40.34
Cyclophora_albipunctata	gfastats	41	319416675	10985054	14	68	8283592	15	37.19
Cyclophora_annularia	gfastats	169	273036323	9584487	13	861	680606	122	36.73
Cyclophora_linearia	gfastats	37	280234376	10109162	13	77	7520339	14	36.97
Cyclophora_punctaria	gfastats	51	301482940	10745134	13	91	7052089	16	37.06
Cyclophora_puppillaria	gfastats	34	293642092	10507195	13	41	10507195	13	36.98
Cyclopterus_lumpus	insdc_release		480967379			1866	599283	212	
Cydalima_perspectalis	gfastats	200	483694489	16856657	14	1315	950415	150	36.88
Cydia_amplana	gfastats	40	504335822	18973136	11	110	8695702	20	38.00
Cydia_fagiglandana	gfastats	37	555067667	21252168	11	60	19175783	12	38.13
Cydia_splendana	gfastats	112	630618321	22055301	12	262	6521190	29	38.08
Cydia_strobilella	gfastats	30	542605525	19535481	10	94	10643263	19	37.84
Cygnus_columbianus	insdc_release	600	1147813669	65004887	5	1698	1793818	177	45.5
Cygnus_cygnus	insdc_release	1430	1123089254	77620298	4	2036	2911508	115	44.5
Cygnus_olor	insdc_release	5613	814162536	328714	693	5616	328714	693	
Cylindroiulus_punctatus	gfastats	208	354107363	47054766	4	593	1367792	76	38.65
Cylindromyia_interrupta	gfastats	406	819146963	100923438	4	709	5036000	51	31.80
Cylloceria_caligata	gfastats	718	596283113	72214643	4	2009	894446	200	40.14
Cymatophorima_diluta	gfastats	76	410087953	14647453	13	142	7232521	19	36.38
Cymbalaria_muralis	gfastats	420	428202940	57424162	4	545	6207821	19	35.45
Cynodontium_bruntonii	gfastats	256	266737001	20375590	6	695	985641	83	39.82
Cynomya_mortuorum	gfastats	268	609010402	113925997	3	592	5208624	37	30.50
Cyperus_fuscus	gfastats	108	228552724	12755149	8	171	4651746	15	34.91
Cyphostethus_tristriatus	gfastats	145	584041701	81996506	3	277	10546000	17	34.05
Cyrtopogon_pulchripes	gfastats	758	1370577783	237726201	3	1847	2183174	189	37.46
Cystoderma_amianthinum	gfastats	34	50614119	3718782	6	186	622005	26	45.12
Dactylorhiza_fuchsii	gfastats	2246	2820047522	127095385	10	2521	15988533	52	43.22
Dalopius_marginatus	gfastats	1657	831224053	57945030	6	1717	10236000	23	35.76
Danio_rerio	gfastats	73	1413675870	58626443	11	454	6927137	59	37.08
Dascillus_cervinus	gfastats	26	282755560	33150389	4	78	8885058	10	33.93
Dasypoda_hirtipes	gfastats	255	362070873	25901570	6	297	6168000	16	41.19
Dasypolia_templi	gfastats	73	855285605	29373807	13	143	13167000	24	39.16
Dasysyrphus_albostriatus	gfastats	23	662557047	154042049	2	287	6406000	29	33.48
Dasysyrphus_tricinctus	gfastats	225	1054883318	264795841	2	1056	2415853	123	34.48
Daucus_carota	gfastats	169	470122480	48952186	5	250	13598714	10	35.49
Daudebardia_rufa	gfastats	1175	2071580044	74301533	11	6594	598689	1052	41.11
Deilephila_elpenor	gfastats	32	414066290	14585127	13	83	10013587	16	36.69
Deilephila_porcellus	insdc_release	31	402071904	15067504	12	36	14884985	13	
Delia_radicum	gfastats	224	1264237053	228927034	3	612	6217734	59	29.31
Delichon_urbicum	missing								
Delphinus_delphis	insdc_release	631	2663533373	107080983	10	1599	3627551	235	42
Delplanqueia_inscriptella	gfastats	52	697658364	25746077	13	163	12267352	22	36.96
Demoticus_plebejus	gfastats	183	770343746	144852417	3	352	8050886	28	30.57
Dendrocopos_major	insdc_release	218	1361926805	36757218	13	325	15329216	30	45.5
Dendrogyra_cylindrus	gfastats	363	560023380	40517759	6	489	9063966	20	39.42
Dendrolimus_pini	gfastats	45	611147457	22307560	13	151	6867045	28	35.86
Denticollis_linearis	gfastats	3713	1601194158	141621488	5	4537	8081841	54	33.84
Depressaria_douglasella	gfastats	44	384593454	13970890	13	64	13127908	13	37.90
Deschampsia_cespitosa	gfastats	815	4018252934	253859890	7	1080	47418463	23	45.36
Descurainia_sophia	gfastats	42	262487546	17972530	6	181	3017606	30	35.84
Dexiosoma_caninum	gfastats	11	517088326	95842443	3	113	8716042	19	32.16
Diachrysia_chrysitis	insdc_release	42	386380003	13374257	13	43	13322830	14	34.5
Diadocidia_ferruginosa	gfastats	769	482116260	75312886	3	1734	648148	184	28.87
Diadumene_lineata	insdc_release	138	313006248	17670263	7	321	2745340	29	35
Diapensia_lapponica	gfastats	190	1727584252	290673050	3	244	75526035	8	41.77
Diaperis_boleti	gfastats	20	542638604	59236001	4	123	11653919	16	36.08
Diaphora_mendica	gfastats	60	748682707	28641667	11	132	12739191	19	36.78
Diarsia_brunnea	gfastats	53	586790279	20336188	13	153	6683731	28	38.19
Diarsia_dahlii	gfastats	37	682983932	23141363	14	111	10073000	22	38.36
Diarsia_mendica	gfastats	35	727952529	25354251	14	152	7620289	29	38.69
Diarsia_rubi	insdc_release	35	624929271	21075383	14	47	21075383	14	38
Diastrophus_rubi	gfastats	945	573135698	53173201	5	4578	224238	726	34.41
Diazona_violacea	insdc_release	67	152934324	10747745	7	404	1179622	39	37.5
Dichetophora_obliterata	gfastats	76	1312815052	266481161	3	703	5385265	64	32.36
Dichomeris_marginella	gfastats	33	293198169	10597240	12	70	10042080	12	37.70
Dichrorampha_alpinana	gfastats	221	1251628554	42557169	11	642	5998000	57	38.63
Dichrorampha_sequana	gfastats	161	974361312	35912740	11	263	15489183	23	38.10
Dicraeus_fennicus	gfastats	337	724349942	159239064	2	1893	790062	274	35.15
Dicranocephalus_agilis	gfastats	297	1606037984	248480376	3	1279	3060473	160	35.13
Dicranodontium_denudatum	gfastats	283	255311051	20983801	5	1165	438827	184	40.17
Dicranoweisia_cirrata	gfastats	75	198700678	13976453	6	411	924301	67	37.92
Dicranum_bonjeanii	gfastats	1373	632800854	55873802	5	3222	434390	431	40.99
Dicranum_flexicaule	gfastats	667	576520018	61513445	4	2873	392514	420	41.27
Dicranum_scottianum	gfastats	583	550560509	68687881	4	3147	309000	494	41.51
Dicranum_tauricum	gfastats	356	490340425	38285667	5	2785	287426	501	40.19
Dicycla_oo	gfastats	82	936717301	32053505	14	201	12583763	26	38.57
Dicyrtoma_fusca	gfastats	192	422932928	61037480	4	1414	550472	208	37.11
Dicyrtomina_minuta	gfastats	486	581995013	89754956	3	1325	988688	172	35.47
Dicyrtomina_saundersi	gfastats	102	585062348	100285499	3	865	1405962	117	35.95
Didymodon_insulanus	gfastats	627	277608709	17234450	6	1179	645812	126	41.09
Didymodon_rigidulus	gfastats	168	238087659	16917733	6	1425	280579	257	41.37
Digitaria_sanguinalis	gfastats	387	913553765	51531180	8	698	5075307	55	45.93
Digitivalva_pulicariae	gfastats	93	377112133	13109719	13	263	4062513	35	36.39
Diloba_caeruleocephala	gfastats	37	762531772	27899106	13	137	9820628	25	39.81
Dilophus_febrilis	gfastats	107	305577324	47804581	3	464	1419977	67	25.56
Dilophus_femoratus	gfastats	186	416854951	67788483	3	354	6231129	18	27.12
Dilutineuron_fasciculare	gfastats	564	217011181	14933877	6	1798	226809	286	43.26
Dinocampus_coccinellae	gfastats	10	110472747	17861796	3	82	3545159	12	29.61
Dinocras_cephalotes	gfastats	248	1983194044	145044580	5	1832	2191846	257	38.91
Dioctria_baumhaueri	gfastats	2427	1692258560	221983185	3	2975	4129900	104	33.27
Dioctria_linearis	gfastats	3128	1613185518	263086104	3	6095	806677	483	34.64
Dioctria_rufipes	gfastats	1457	1451588630	208745215	3	2586	3623881	102	35.33
Diogma_glabrata	gfastats	1868	1328699808	427865198	2	8151	282781	1336	30.74
Diphasiastrum_alpinum	gfastats	1730	3083363031	128704895	10	6244	1140323	815	40.71
Diplazon_laetatorius	gfastats	113	251040971	20947881	6	426	1645483	48	39.86
Diplecogaster_bimaculata	insdc_release	2324	2191042422	90439982	11	5878	936806	641	37
Diplocoelus_fagi	gfastats	3632	1695940832	53417606	10	4078	2757361	121	29.29
Diplosoma_listerianum	insdc_release	209	288290067	19116194	7	741	867764	103	33.5
Diplosoma_spongiforme	insdc_release	730	435330171	29038338	6	7539	82869	1599	35
Dipsacus_fullonum	gfastats	1049	2838867662	307147849	5	1779	6858894	126	35.17
Dipturus_intermedius	insdc_release	3667	3261934780	62766072	16	8628	1316885	592	45
Distichium_capillaceum	gfastats	379	287298432	19463886	6	685	1628961	57	39.90
Ditrichum_cornubicum	gfastats	226	245960889	19200804	5	1766	227448	342	39.13
Ditula_angustiorana	gfastats	49	468378469	16189863	12	132	6611999	24	38.34
Diurnea_fagella	gfastats	24	662711935	41524682	6	97	11042170	22	38.45
Diurnea_lipsiella	gfastats	36	709079293	31271192	9	223	6468737	35	39.11
Dixa_nubilipennis	gfastats	86	211923384	53351858	2	382	2581276	21	36.39
Dolerus_asper	gfastats	15	264620773	30832566	4	73	14168685	8	38.31
Dolerus_haematodes	gfastats	16	292688174	40081869	4	49	18311982	7	37.69
Dolerus_madidus	gfastats	159	424065556	38411654	5	257	6233000	18	39.41
Dolerus_nigratus	gfastats	11	301187805	37263961	3	48	12847691	7	37.88
Dolerus_triplicatus	gfastats	20	243515820	33621089	4	111	7306477	10	37.93
Dolichomitus_mesocentrus	gfastats	757	1145001696	57103708	9	1014	6369210	47	36.42
Dolichopus_griseipennis	gfastats	635	897543505	148407772	2	3307	532831	505	26.47
Dolichopus_picipes	gfastats	144	947287321	147686729	2	427	6282415	43	26.34
Dolichopus_virgultorum	gfastats	168	817480405	135680635	2	824	2615359	82	25.71
Dolichovespula_media	insdc_release	162	247598277	9497190	10	359	1625878	48	
Dolichovespula_saxonica	insdc_release	113	221852803	9507211	10	488	910126	63	
Dolichovespula_sylvestris	insdc_release	53	224821314	9980316	9	376	1253420	53	36
Dolomedes_plantarius	insdc_release	13348	2381335874	293485	2435	13373	292830	2439	
Donacaula_forficella	gfastats	77	1009805645	59896743	7	120	27884302	12	37.68
Donacaula_mucronella	gfastats	782	1062081641	36816909	10	821	29764431	13	38.55
Doratura_stylata	gfastats	438	910062887	88448195	5	607	7584664	39	36.19
Dorcus_parallelipipedus	gfastats	89	470898720	48965044	5	763	1432485	96	34.89
Douinia_ovata	gfastats	202	1029517250	138274450	4	518	7574143	35	42.77
Draba_incana	gfastats	476	668280802	37323857	8	1639	1164499	174	37.89
Draba_verna	gfastats	406	1018387482	38032269	11	1952	1067757	287	36.77
Drassodes_cupreus	gfastats	900	4448939179	365282911	6	2517	6836884	193	33.51
Dreisbachia_pictifrons	gfastats	188	563605459	63120976	4	1020	1825438	83	37.47
Dreissena_polymorpha	gfastats	618	1515211058	83809885	8	1496	3377016	128	35.79
Drepana_falcataria	gfastats	32	326745212	11692006	13	35	11587502	13	38.88
Drepanosiphum_platanoidis	gfastats	64	284524492	24435353	5	751	666369	136	35.36
Drilus_flavescens	gfastats	2536	1008867438	95407609	5	3639	1096200	259	36.42
Dromius_quadrimaculatus	gfastats	426	778793874	60826853	6	618	25783000	13	33.10
Drosophila_funebris	gfastats	520	181096236	26827462	4	882	674442	84	38.22
Drosophila_helvetica	gfastats	46	224199711	62130176	2	532	813787	81	43.93
Drosophila_histrio	gfastats	29	190418446	36743486	2	363	1957250	29	37.52
Drosophila_immigrans	gfastats	562	191539744	50637657	2	634	4525089	14	37.91
Drosophila_limbata	gfastats	511	233538449	29161486	4	733	1019978	68	37.36
Drosophila_obscura	gfastats	8	191911206	38782471	3	304	1750173	34	43.92
Drosophila_phalerata	gfastats	526	223932321	36533264	3	894	923726	68	36.44
Drosophila_subobscura	gfastats	104	131753268	24755538	3	194	2681382	16	44.84
Drosophila_suzukii	gfastats	66	265476565	89529512	2	569	956716	64	40.69
Drusilla_canaliculata	gfastats	1978	342082137	31642575	5	2908	398913	225	37.12
Dryas_octopetala	gfastats	28	230084053	26579288	4	466	842877	83	36.62
Drymonia_dodonaea	gfastats	47	330530953	12002092	13	116	6163101	19	39.56
Drymonia_ruficornis	gfastats	31	369611541	13723929	12	96	6453494	20	39.42
Drymus_sylvaticus	gfastats	1022	2148097120	167840292	4	1719	4520964	124	34.95
Dryobota_labecula	gfastats	42	766991931	26640437	14	131	10216274	24	37.34
Dryobotodes_eremita	insdc_release		664534381			596	2544718	83	
Dryobotodes_tenebrosa	gfastats	42	581792921	19892954	14	51	19358776	14	38.00
Dryomyza_anilis	gfastats	70	656620501	106770135	3	492	3171071	54	31.22
Dunaliella_primolecta	gfastats	27	211234559	12721864	7	124	2890256	21	48.85
Dypterygia_scabriuscula	gfastats	38	386159182	13908580	13	53	13809746	13	36.27
Dysmachus_trigonus	gfastats	12	450312589	83729593	3	99	8088611	16	34.53
Dyspetes_luteomarginatus	gfastats	163	249625708	23795915	5	936	796992	76	37.16
Dytaster_grandis	gfastats	959	587444806	26515736	10	2698	479973	373	41.23
Eana_incanana	gfastats	53	372341748	12573430	12	123	6335641	20	37.19
Earias_clorana	gfastats	53	385850566	12993232	13	125	7449542	18	36.08
Earophila_badiata	gfastats	76	417817504	16459854	11	152	9224799	16	38.67
Ecdyonurus_torrentis	gfastats	122	503220916	50407882	5	1012	968624	161	28.57
Echiichthys_vipera	insdc_release	3240	738382560	623936	325	3242	623936	325	42
Echinocardium_cordatum	gfastats	651	992285633	41687273	11	1827	1406822	210	36.13
Echinus_esculentus	gfastats	1417	1032881888	49034243	9	7116	259079	1122	37.94
Ecliptopera_silaceata	insdc_release	41	316552688	11363788	13	47	11147889	13	36.5
Ecnomus_tenellus	gfastats	43	282704983	21616176	7	830	568187	148	32.87
Ectemnius_cavifrons	gfastats	272	225331957	14987736	6	577	1300186	51	43.96
Ectemnius_continuus	insdc_release		234892221			543	3126130	21	
Ectemnius_lituratus	insdc_release		8375962			79	2664089	2	
Ectobius_pallidus	gfastats	479	2087566098	194849782	5	1269	4566910	138	35.39
Ectoedemia_decentella	gfastats	147	418157124	14114092	12	496	1777307	71	34.91
Ectopleura_larynx	gfastats	223	532243635	36787118	7	416	6648315	26	32.76
Ectropis_crepuscularia	gfastats	91	878547398	29702803	14	124	29166000	14	38.25
Egira_conspicillaris	gfastats	258	724844539	24879582	14	404	7046615	34	37.81
Eilema_caniola	gfastats	52	781750262	25911362	13	135	9921372	26	38.71
Eilema_depressum	insdc_release		603219367			590	2591420	72	
Eilema_griseolum	gfastats	89	800220625	27470875	13	217	8970733	28	39.11
Eilema_lurideolum	gfastats	610	796481921	25553762	13	1533	1895220	128	38.91
Eilema_sororcula	insdc_release		720155328			659	2836878	81	
Eimeria_acervulina	gfastats	17	54161991	3900904	6	39	3671202	6	48.23
Eimeria_maxima	gfastats	17	52725493	4103725	6	22	3407337	6	46.40
Eimeria_praecox	gfastats	18	64286523	5197822	5	188	551927	38	45.41
Eimeria_tenella	insdc_release	17	53250139	4007228	6	62	1641020	12	
Eisenia_eiseni	gfastats	130	660529080	41312700	7	2277	500835	390	40.00
Elachista_bedellella	gfastats	445	305206930	9532063	12	1720	370631	256	39.03
Elachista_cinereopunctella	gfastats	34	746484681	20760011	6	501	14493835	20	39.02
Elachista_stabilella	gfastats	738	580926503	22162045	10	2729	410819	418	38.25
Elasmostethus_interstinctus	gfastats	129	752342430	116093828	3	384	4784637	47	34.08
Electrona_antarctica	insdc_release		1301265211			11436	245514	1387	43.5
Electrophaes_corylata	gfastats	35	347554160	12663981	13	62	9829084	15	37.26
Eledona_agricola	gfastats	146	358844910	22633678	6	246	4218407	28	35.43
Eledone_cirrhosa	gfastats	1796	2995841428	378849418	4	6683	818412	1042	36.36
Elegia_similella	gfastats	34	780464592	28718319	12	50	23057964	14	37.55
Eleocharis_palustris	gfastats	624	4729884067	282790445	7	1018	31049303	40	37.29
Eleocharis_parvula	gfastats	1490	1154124684	216728787	3	2786	1485773	223	36.83
Eleocharis_quinqueflora	gfastats	105	499259473	7440082	31	701	1205812	128	34.85
Elgiva_cucularia	gfastats	314	960489850	203458901	3	1083	4086628	66	31.82
Elmis_aenea	gfastats	334	516518598	60347194	4	1187	911544	164	31.61
Eloeophila_maculata	gfastats	583	1394773333	253488617	3	855	11090275	34	30.49
Elophila_nymphaeata	gfastats	84	734146407	25720800	13	177	13374760	19	36.68
Emberiza_calandra	insdc_release	898	1419571862	42034963	8	1075	10100845	27	45.5
Emberiza_citrinella	insdc_release	372	1339630207	65349103	7	507	16642000	22	44.5
Emmelina_monodactyla	insdc_release		237004325			205	3543154	22	
Emmesomyia_grisea	gfastats	139	1186953222	223052419	3	352	10588842	32	30.56
Empetrum_nigrum	gfastats	353	560696884	43358103	6	1345	873838	187	39.31
Empis_livida	gfastats	183	291263912	55110847	3	568	4318076	15	24.71
Empis_opaca	gfastats	1245	542898334	67400290	4	1415	4129313	33	27.42
Empis_stercorea	gfastats	93	342136228	62206697	3	820	934403	92	25.21
Empoasca_decipiens	gfastats	1612	1421972559	142125485	4	3152	1439878	299	37.85
Encalypta_ciliata	gfastats	131	402775306	28218935	6	1156	638000	203	40.57
Encalypta_streptocarpa	gfastats	61	387343797	29563175	6	97	14615356	10	38.65
Endeis_spinosa	gfastats	134	181257820	10927524	8	312	1769886	36	29.70
Endomychus_coccineus	gfastats	129	906444856	202803143	2	680	2494558	115	34.82
Endothenia_marginana	gfastats	29	864157607	32282613	9	234	25197075	13	38.51
Endothenia_ustulana	gfastats	102	968410701	38042852	10	283	9048196	30	38.55
Endotricha_flammealis	insdc_release	1694	444101134	512370	269	1740	509714	276	
Endromis_versicolora	gfastats	50	391912920	16119690	11	98	10287512	15	38.58
Endromopoda_detrita	gfastats	22	514285048	37607807	7	139	14463049	13	36.74
Endromopoda_phragmitidis	gfastats	138	569015171	41495162	7	493	10963260	19	37.02
Ennomos_alniaria	gfastats	41	372911633	13257937	13	59	13257937	13	36.48
Ennomos_erosarius	gfastats	56	423092927	14589179	13	97	9237144	18	37.63
Ennomos_fuscantarius	gfastats	37	444925525	15884173	13	46	15530408	14	37.02
Ennomos_quercinarius	gfastats	37	491884259	17369662	13	55	16143525	14	38.24
Ensis_siliqua	gfastats	788	1889314743	84283165	9	2181	1974000	281	39.35
Entoloma_atromadidum	gfastats	18	76726226	6550231	6	280	448413	49	44.48
Entoloma_clypeatum	gfastats	36	60148336	5092158	6	298	362719	53	48.75
Entomobrya_nr_imitabilis	gfastats	78	279902110	44200316	3	497	1171700	68	34.66
Entomortierella_parvispora	gfastats	105	41868843	2700041	6	115	1877641	8	49.13
Epermenia_chaerophyllella	gfastats	210	382151844	12653984	14	788	1183130	95	36.32
Ephebe_lanata	gfastats	312	38099419	3904834	4	336	1479018	9	48.18
Ephemera_vulgata	gfastats	166	433056972	119554712	2	418	3145318	44	33.68
Ephestia_kuehniella	gfastats	33	373774419	13002951	14	62	11352957	14	36.26
Ephestia_unicolorella	gfastats	88	604103629	18947339	14	364	14005556	17	37.96
Ephialtes_manifestator	gfastats	467	577728086	36194901	7	1038	2239317	66	36.98
Epiblema_cirsiana	gfastats	31	592118528	23208825	10	172	7985705	25	38.13
Epiblema_costipunctana	gfastats	106	896925580	76061989	5	383	5348852	52	38.84
Epiblema_foenella	gfastats	36	649850949	24400061	11	101	11171137	20	38.02
Epicampocera_succincta	insdc_release	11	398129098	71351756	3	104	15681748	7	33
Epidalea_calamita	insdc_release	535	3711998431	469163722	4	1077	15944649	67	43
Epilobium_ciliatum	gfastats	165	275465399	15138166	9	274	3780568	28	40.68
Epilobium_hirsutum	gfastats	278	336533601	18726569	9	1099	629991	161	40.62
Epinotia_abbreviana	gfastats	70	504192725	18329525	10	269	16318457	12	38.78
Epinotia_bilunana	gfastats	46	659043568	24745286	11	143	8321754	27	39.34
Epinotia_brunnichana	gfastats	113	943114217	34107155	11	212	11907979	28	39.11
Epinotia_cruciana	gfastats	44	865944720	30335449	11	115	14948109	20	39.00
Epinotia_demarniana	gfastats	43	735811797	26883300	11	109	13504585	18	39.51
Epinotia_nisella	insdc_release	38	585001234	21276924	11	46	21240484	11	39
Epinotia_ramella	gfastats	151	781992136	27488655	12	223	13995162	19	39.01
Epinotia_subocellana	gfastats	120	675332617	24465362	11	136	22741344	12	38.96
Epinotia_tenerana	gfastats	181	656677242	23910704	11	927	1580946	128	39.05
Epione_repandaria	gfastats	87	848263436	29722874	14	172	13520806	21	35.34
Epirrhoe_alternata	gfastats	40	358495576	13027933	13	40	13027933	13	37.91
Epirrhoe_tristata	gfastats	33	313821882	11321105	13	77	6547460	18	37.32
Epirrita_christyi	gfastats	43	474169335	16313595	14	142	6127092	28	37.67
Epistrophe_eligans	gfastats	124	405900150	111598366	2	248	5784911	23	31.65
Epistrophe_grossulariae	insdc_release	52	556609172	157473245	2	394	4913865	35	32
Epistrophella_euchroma	gfastats	7	523327223	160672062	2	88	12097380	15	32.74
Episyrphus_balteatus	gfastats	19	535362161	133640122	2	187	5909399	26	31.08
Epitonium_clathrus	gfastats	2115	1101878105	58875199	8	6814	339722	969	42.56
Eptesicus_nilssonii	insdc_release	207	2064119045	98018206	10	1630	2474537	256	43.5
Equisetum_palustre	gfastats	22595	15276818226	122693629	52	57525	716815	5567	38.38
Equisetum_sylvaticum	gfastats	4780	11088533095	102970418	46	6989	8713321	383	39.11
Erannis_defoliaria	gfastats	38	522372205	19179966	13	91	11448532	17	38.14
Eratigena_atrica	gfastats	475	4947431375	231919006	10	1096	21421710	66	31.84
Erebia_aethiops	insdc_release	54	473469105	25856419	8	80	21423644	9	37
Erebia_epiphron	gfastats	42	523388342	35217598	6	95	16267000	12	37.31
Erebia_ligea	insdc_release	371	506886416	3813605	45	380	3678934	45	
Eremobia_ochroleuca	gfastats	278	625465034	21456284	14	2138	708078	255	37.67
Eremocoris_podagricus	gfastats	1177	1923511175	160970097	5	1670	5929000	90	34.95
Eremotylus_marginatus	gfastats	129	330953104	23493719	7	476	1585740	62	42.39
Erica_ciliaris	gfastats	56	439378956	34908660	6	200	5105092	28	41.30
Erica_cinerea	gfastats	91	322007968	24127149	6	188	5503412	20	39.79
Erica_tetralix	gfastats	43	412743181	33391621	6	134	10712525	14	41.07
Erinaceus_europaeus	insdc_release	26600	1850742846	116706	3872	26601	116706	3873	42
Eriocrania_chrysolepidella	gfastats	1168	718284933	21611125	14	5885	202721	1076	35.45
Eriocrania_salopiella	gfastats	55	508742707	17435453	13	87	13208509	15	35.12
Eriophorum_angustifolium	gfastats	102	450619858	14589014	13	296	2929504	46	36.35
Eriophorum_vaginatum	gfastats	924	400742368	12539945	14	2017	541380	230	36.40
Eristalinus_aeneus	gfastats	198	495389070	85846282	3	448	5283291	29	40.35
Eristalinus_sepulchralis	gfastats	77	376849448	66496560	3	387	5609999	21	41.22
Eristalis_arbustorum	insdc_release	519	451042988	78272982	3	1339	1235116	99	
Eristalis_intricaria	gfastats	327	586401477	91593691	3	535	3879833	43	41.87
Eristalis_pertinax	insdc_release		465923089			1813	1218356	100	
Eristalis_tenax	insdc_release	1185	504353716	2410994	67	1193	2410441	68	
Erithacus_rubecula	insdc_release	3668	912720829	603216	405	3686	602370	405	
Erodium_cicutarium	gfastats	110	416277586	40655839	5	146	23988000	6	41.45
Erodium_maritimum	gfastats	43	763072775	76557761	4	397	4402184	50	42.47
Erodium_moschatum	gfastats	205	760954189	74791483	5	260	20603906	12	42.82
Erpobdella_octoculata	gfastats	102	386139802	39238523	5	706	1135949	87	34.24
Eryngium_campestre	gfastats	130	842464532	110610494	3	229	77870767	5	34.32
Erynnis_tages	insdc_release	41	329358918	11903105	13	111	8006790	16	
Esperia_sulphurella	gfastats	35	453222902	16376554	13	106	8224243	21	38.13
Estheria_cristata	gfastats	273	795304789	135281372	3	847	2175189	108	32.48
Ethiromyia_chalybea	gfastats	766	900075386	130418830	2	1883	1477515	163	25.40
Ethmia_dodecea	gfastats	43	457562604	16351113	12	73	12422804	14	36.91
Ethmia_quadrillella	gfastats	39	447565759	15669733	13	67	15282466	13	37.21
Euchoeca_nebulata	gfastats	67	416716697	11100618	14	170	6147773	24	38.10
Euclidia_mi	gfastats	303	2320389197	87750765	11	1835	2774982	232	38.04
Eucosma_cana	gfastats	34	546163976	20885372	10	42	20456476	10	38.88
Eudasyphora_cyanicolor	gfastats	75	1450436195	293424451	3	445	6949000	62	35.13
Eudemis_profundana	gfastats	44	691289278	25204545	11	135	16582823	14	38.48
Eudocimus_ruber	missing								
Eudonia_lacustrata	gfastats	55	699510583	24461152	12	229	5522000	38	37.68
Eudonia_lineola	gfastats	91	542626972	19220904	13	144	13262691	15	37.94
Eudonia_mercurella	gfastats	548	590364870	19096434	14	2248	629272	268	37.22
Eudonia_murana	gfastats	211	729597336	22099841	11	822	3917269	53	37.53
Eudonia_pallida	gfastats	66	921569768	59476022	7	257	8259000	35	37.76
Eudonia_truncicolella	gfastats	47	499132009	18437561	12	103	8940774	20	37.73
Eugnorisma_glareosa	gfastats	48	631006646	21954397	13	107	12079460	20	38.50
Eulagius_filicornis	gfastats	806	160733152	12507011	5	861	3619454	12	30.82
Eulalia_xanthomucosa	gfastats	1730	2340406686	128423557	8	3333	2307805	314	41.00
Eulamprotes_atrella	gfastats	50	616025216	20590052	12	77	18940212	15	38.15
Eulithis_prunata	insdc_release	31	263147802	9415980	13	36	9036279	14	
Eulithis_testata	gfastats	36	308098708	10981015	13	69	9289000	15	37.37
Eumerus_sabulonum	gfastats	44	712144515	123574484	2	110	23251000	9	44.14
Euonymus_europaeus	gfastats	33	443505013	27626769	8	68	24015904	9	37.01
Eupeodes_corollae	gfastats	784	648213917	158619773	2	2108	2287194	72	33.92
Eupeodes_latifasciatus	insdc_release		784924569			3223	1254140	171	
Eupeodes_luniger	gfastats	60	616908419	319955300	1	333	5195795	34	33.08
Euphorbia_amygdaloides	gfastats	1000	2855136166	271080552	5	1410	10256054	87	37.88
Euphorbia_helioscopia	gfastats	189	866604726	40116707	10	229	23509000	13	34.58
Euphorbia_lathyris	gfastats	38	1021599488	96320253	5	62	67695088	6	36.89
Euphorbia_maculata	gfastats	151	754395405	37521981	9	411	4295425	57	37.53
Euphorbia_peplus	gfastats	21	278080737	33771862	4	26	27114682	5	35.53
Euphrasia_confusa	gfastats	451	977066659	41336645	10	643	8255681	41	37.87
Euphrasia_nemorosa	gfastats	183	973283495	43450996	10	339	15041589	27	37.78
Euphrasia_tetraquetra	gfastats	129	951901131	43169121	10	604	4027075	80	37.79
Euphydryas_aurinia	gfastats	39	711539327	24479486	14	55	23304763	14	34.40
Eupithecia_abbreviata	gfastats	70	383462667	13098345	14	75	13098345	14	37.43
Eupithecia_absinthiata	gfastats	49	438661486	17506312	12	127	9149864	18	37.74
Eupithecia_centaureata	gfastats	162	465593408	15011971	14	548	1615577	83	36.84
Eupithecia_dodoneata	gfastats	33	353656369	12556972	13	40	12556972	13	37.29
Eupithecia_exiguata	gfastats	33	372887712	13143396	13	118	5437668	25	37.55
Eupithecia_haworthiata	gfastats	808	451193015	14861624	14	1980	655018	200	36.85
Eupithecia_icterata	gfastats	58	458337736	15696983	14	70	15479913	14	37.50
Eupithecia_insigniata	gfastats	41	438119297	15415171	14	139	4947348	29	37.47
Eupithecia_inturbata	gfastats	36	427777505	14971449	14	89	9914000	17	37.51
Eupithecia_lariciata	gfastats	78	483775556	16264710	14	107	16264710	14	38.04
Eupithecia_linariata	gfastats	67	364458481	12993854	13	133	6435883	20	36.58
Eupithecia_nanata	gfastats	64	631251099	14552052	15	169	12653855	19	37.83
Eupithecia_phoeniceata	gfastats	42	406458658	14620822	13	93	9850443	17	37.22
Eupithecia_pimpinellata	gfastats	40	506164039	18408140	13	57	18302977	13	37.10
Eupithecia_pulchellata	gfastats	474	385438482	13088875	14	1749	630654	172	36.47
Eupithecia_pusillata	gfastats	152	412435926	13547576	14	169	10566625	15	37.26
Eupithecia_subfuscata	gfastats	57	505920843	16884929	14	106	9360133	21	38.34
Eupithecia_subumbrata	gfastats	34	496202682	24477164	9	70	13570168	14	37.84
Eupithecia_tripunctaria	gfastats	85	494829581	16304492	14	125	8421523	21	37.38
Eupithecia_ultimaria	gfastats	107	523355989	16792466	14	261	5033453	35	36.18
Eupithecia_valerianata	gfastats	38	429282823	15296288	13	112	7462984	21	37.22
Eupithecia_vulgata	gfastats	40	454699389	16073052	13	53	16000884	13	37.29
Euplagia_quadripunctaria	gfastats	188	668399035	23196607	13	1944	734733	270	35.59
Euplexia_lucipara	insdc_release		643354249			1426	896480	223	37
Eupoecilia_angustana	gfastats	135	408184875	14269598	12	691	1280029	98	39.01
Euproctis_chrysorrhoea	gfastats	23	492156069	39121674	6	115	9349559	18	36.28
Euproctis_similis	insdc_release		494155770			333	3224485	39	
Eupsilia_transversa	insdc_release		428608692			165	5744270	24	
Eurhadina_loewii	gfastats	145	1780700764	154802372	4	454	10810000	48	36.37
Eurois_occulta	gfastats	36	603364441	20500800	14	94	11603215	19	38.40
Eurygaster_testudinaria	gfastats	40	899799616	131061960	3	76	58891947	5	33.97
Eurysa_lineata	gfastats	582	1170447297	81051719	6	1869	1969408	160	35.17
Euscorpius_flavicaudis	gfastats	311	3146033055	58878186	21	1049	8331000	114	35.24
Euspilapteryx_auroguttella	gfastats	103	331914766	11650979	12	471	2025000	55	37.40
Eustalomyia_histrio	gfastats	75	871342778	156857283	3	788	2313576	111	30.02
Euthrix_potatoria	gfastats	69	487872926	18020789	13	153	8229105	20	36.60
Euthycera_fumigata	gfastats	939	1036369221	202976121	3	5032	418644	731	32.75
Eutolmus_rufibarbis	gfastats	9	285936381	49615980	3	75	10187593	10	34.72
Eutomostethus_luteiventris	gfastats	97	265239419	43833490	3	160	11143624	8	38.02
Eutrigla_gurnardus	insdc_release	319	680483561	29198404	11	872	2351664	88	43
Euura_bergmanni	gfastats	28	241529807	33111892	4	88	14186633	7	41.08
Euura_tibialis	gfastats	35	240556783	18233511	6	50	13437000	7	40.60
Euzophera_pinguis	gfastats	57	464729775	17073911	13	129	7703320	22	36.30
Evergestis_limbata	gfastats	61	821626466	29830687	13	68	29830687	13	37.45
Exephanes_ischioxanthus	gfastats	85	284017360	23927040	6	544	1080685	78	42.47
Fabriciana_adippe	insdc_release		452203855			451	4513086	31	
Fabulina_fabula	gfastats	288	1975097227	104253009	8	956	4821516	127	37.38
Facelina_auriculata	gfastats	761	945521687	75469696	5	3063	725683	374	40.46
Fagus_sylvatica	gfastats	157	484849186	37596142	6	446	2707873	56	36.54
Falcaria_lacertinaria	gfastats	36	300186580	10359755	13	95	4850831	19	37.54
Falco_peregrinus	insdc_release	124	1311580791	93682670	6	356	15744644	24	42.5
Falco_punctatus	gfastats	1114	1319895435	97043426	6	1136	97043426	6	43.02
Falco_tinnunculus	insdc_release	507	1417242954	91707238	7	1003	4874000	86	43
Fallopia_convolvulus	gfastats	140	1242270652	60473102	10	633	3868226	101	38.52
Falseuncaria_ruficiliana	gfastats	294	439732817	14990027	13	1412	579389	225	38.65
Favorinus_blianus	gfastats	1947	839648596	59200611	5	5804	308223	786	40.90
Ferdinandea_cuprea	gfastats	68	560245752	125208805	2	232	8439957	21	37.20
Festuca_heterophylla	gfastats	2691	5078536524	287788462	8	3267	28251000	52	45.90
Ficedula_hypoleuca	gfastats	741	1512144981	38854566	9	801	26872539	15	44.42
Filago_lutescens	gfastats	148	648822980	43620274	7	346	5242467	37	33.55
Filago_pyramidata	gfastats	30	618146876	41485961	7	296	7301134	27	33.45
Filipendula_ulmaria	gfastats	36	276011510	44838700	3	133	6900330	12	39.12
Filipendula_vulgaris	gfastats	15	341380684	60651738	3	35	26677422	5	39.74
Fissidens_adianthoides	gfastats	880	577714781	22812427	10	4507	210043	830	37.97
Fissidens_bryoides	gfastats	16	188430188	19363239	4	278	1173132	48	39.56
Fissidens_dubius	gfastats	464	316515776	25048567	5	1853	342299	289	38.06
Fissidens_pusillus	gfastats	596	225602009	20576487	5	966	892738	73	41.44
Fissidens_taxifolius	gfastats	17	271074177	22282609	5	1428	322167	263	37.65
Fissipunctia_ypsillon	gfastats	44	715143095	25108161	13	221	11453929	23	38.67
Flammulina_velutipes	gfastats	15	37427120	3533511	5	170	503127	22	49.64
Flavoplaca_marina	gfastats	44	36271850	2241590	7	330	154039	75	43.24
Flexitrichum_flexicaule	gfastats	363	282505383	19468468	6	1061	589009	144	40.83
Flexitrichum_gracile	gfastats	333	242469491	18012156	6	1086	470430	161	39.89
Forcipomyia_palustris	gfastats	6	167308968	59673152	2	63	12696818	6	37.67
Formica_rufa	gfastats	1670	342976933	9821072	14	2493	505556	163	37.02
Fragaria_moschata	gfastats	61	224486883	29624753	4	131	5862020	13	38.97
Fragaria_vesca	gfastats	25	220251675	33798323	3	78	6989948	10	38.68
Frangula_alnus	gfastats	18	281245521	25059742	4	135	7035169	12	35.39
Fraxinus_excelsior	gfastats	344	760551024	33045252	10	698	3596183	69	34.81
Fringilla_coelebs	insdc_release	460	1209243761	73246393	6	1033	3733973	94	44
Fringilla_montifringilla	missing								
Fumaria_muralis	gfastats	272	191769456	22555374	4	295	16807875	5	37.82
Funaria_hygrometrica	gfastats	217	330157398	12159515	11	1095	573387	184	40.29
Furcula_furcula	insdc_release		741426203			60	25727493	12	
Gaidropsarus_vulgaris	insdc_release	431	615023628	22657000	13	448	21049000	14	47
Galatella_linosyris	gfastats	459	4456312234	521524287	4	2674	3128633	429	35.97
Galega_officinalis	gfastats	152	1791855877	242599640	4	292	26991262	21	34.61
Galeopsis_angustifolia	gfastats	138	467298006	59886761	4	186	16153047	10	35.79
Galeopsis_tetrahit	gfastats	428	1428368609	89793002	8	665	8528225	54	36.24
Galeruca_laticollis	gfastats	46	2154579676	231279273	5	643	6429013	105	33.45
Galerucella_nymphaeae	gfastats	33	350183102	20508763	7	131	6699100	17	33.37
Galerucella_sagittariae	gfastats	299	387468349	20842178	8	511	6935000	18	33.35
Galinsoga_quadriradiata	gfastats	341	1769876940	132917917	6	429	30502462	19	38.33
Galium_aparine	gfastats	151	857915003	26842566	15	190	21629994	17	37.94
Galium_boreale	gfastats	145	490588186	42358925	6	257	10134286	16	39.08
Galium_uliginosum	gfastats	315	528619509	45994941	6	434	7272685	21	38.95
Galleria_mellonella	gfastats	37	466922119	17091270	13	98	9261266	19	33.74
Gallinago_gallinago	insdc_release	2290	1208321625	33566476	10	2394	26198409	16	43
Gallinula_chloropus	insdc_release	395	1208559276	87261367	5	931	4021985	95	44
Gandaritis_pyraliata	gfastats	40	295653368	10572331	13	80	8287154	15	37.23
Ganoderma_resinaceum	gfastats	14	41102209	3159634	6	18	3018067	6	55.53
Gari_tellinella	gfastats	82	1597633217	85279272	8	261	19181371	26	36.45
Garrulus_glandarius	insdc_release	103	1351783353	68395236	7	116	45347863	9	44.5
Gasterosteus_aculeatus	insdc_release	170	457351142	21729606	9	479	2417549	57	44.5
Gasteruption_assectator	gfastats	371	316249825	16273516	8	857	1093785	74	37.79
Gasteruption_jaculator	gfastats	243	275622403	17765206	7	602	1418786	55	36.28
Gastracanthus_pulcherrimus	gfastats	144	1010024266	186761157	3	954	1890041	173	35.43
Gastrophysa_polygoni	gfastats	20	369770545	30539640	5	218	2815411	43	35.96
Gastrophysa_viridula	gfastats	48	349642668	24941671	5	208	3283698	31	36.70
Geheebia_maxima	gfastats	456	246354816	16427198	6	1146	503336	141	41.33
Gelis_areator	gfastats	140	228171769	19395723	5	480	1260444	48	39.07
Genista_pilosa	gfastats	1000	914993087	86429157	5	4628	334309	803	35.18
Gentianella_amarella	gfastats	273	3190758462	113432588	13	1354	5256750	170	37.40
Geodia_phlegraei	gfastats	43	112593815	4958901	7	439	723620	39	46.91
Geokichla_citrina	gfastats	2368	1303330832	64278777	7	2524	14842328	17	44.29
Geometra_papilionaria	gfastats	60	674496803	23789664	13	83	23105089	14	37.00
Geomyza_tripunctata	gfastats	13	223319145	69927139	2	128	3582598	21	44.92
Geotrupes_spiniger	gfastats	181	580588114	43979978	6	260	7348763	22	33.41
Geranium_dissectum	gfastats	355	567505542	49446890	6	402	30038493	7	40.35
Geranium_molle	gfastats	402	399849629	29412803	6	499	6071158	20	39.27
Geranium_pratense	gfastats	414	2104215659	149463658	7	470	80335909	9	44.45
Geranium_rotundifolium	gfastats	498	497501161	39696837	6	1196	1100351	133	38.98
Germaria_angustata	gfastats	114	586474393	100011560	3	335	7508000	28	31.18
Geronticus_eremita	missing								
Gerris_lacustris	gfastats	88	937542417	76374655	5	599	3828687	68	32.30
Geum_macrophyllum	gfastats	321	988496382	47806359	9	366	36647017	11	38.80
Geum_rivale	gfastats	475	1047996708	48934121	9	525	24393502	17	39.95
Geum_urbanum	gfastats	26	1304870458	65224196	9	113	19537000	25	39.98
Gibbaranea_gibbosa	gfastats	228	2816895006	226107600	5	436	50821000	18	31.81
Gibbula_magus	insdc_release	7594	1450877392	457344	883	7632	454001	909	36.5
Gillmeria_ochrodactyla	gfastats	173	1336234394	47576086	12	451	7507398	55	37.07
Gillmeria_pallidactyla	gfastats	299	1323985812	48039670	12	582	7297479	58	37.09
Gilpinia_frutetorum	gfastats	24	349505876	54051297	4	195	5256414	19	38.68
Glaucium_flavum	gfastats	141	832695406	126083466	3	158	57669260	5	37.06
Glaucopsyche_alexis	insdc_release	58	619543730	26518193	10	207	7600873	26	
Glaux_maritima	gfastats	28	1323984876	87031687	7	139	39287173	11	33.66
Glechoma_hederacea	gfastats	400	753930636	39719882	9	711	3757732	66	36.80
Gliophorus_irrigatus	gfastats	45	28332183	1822071	7	68	1308741	8	49.63
Glis_glis	insdc_release	84	2330654005	96657257	10	200	31213216	23	42.5
Globia_sparganii	gfastats	49	676688718	23857693	14	135	11367125	21	37.68
Globicephala_melas	insdc_release	993	2651292441	105087932	10	2077	3290841	247	42.5
Glyphipterix_forsterella	gfastats	95	599965002	20135473	14	130	14109266	16	36.99
Glyphipterix_fuscoviridella	gfastats	312	918898813	30999181	14	457	10139861	27	37.14
Glyphipterix_thrasonella	gfastats	131	741264792	26905062	13	294	6497035	34	37.55
Glyphotaelius_pellucidus	insdc_release	57	1037123706	36814344	13	285	8185058	36	35
Gnaphalium_supinum	gfastats	220	1062559910	74789679	7	426	9096303	36	35.54
Gnaphalium_uliginosum	gfastats	119	354732136	47177712	4	222	8708755	14	34.12
Gobio_gobio	insdc_release	231	1460679231	58069932	11	1277	2576923	170	39.5
Gobius_niger	insdc_release		838316121			3523	584669	416	42
Gobius_paganellus	insdc_release	469	839498950	34791490	11	547	32864919	12	42
Gonepteryx_rhamni	gfastats	52	317282795	11192694	13	211	2556599	43	35.11
Gonocerus_acuteangulatus	gfastats	173	1106209166	121348353	4	1871	1130754	296	34.71
Gonodera_luperus	gfastats	61	327533244	53773301	3	1197	656533	125	35.47
Gortyna_flavago	gfastats	34	534016593	19321740	13	86	10432479	17	38.29
Gorytes_laticinctus	gfastats	180	289245930	39206172	4	204	12401216	9	44.99
Gracillaria_syringella	gfastats	109	212487545	7717979	12	502	1054578	55	38.27
Grammoptera_ruficornis	gfastats	41	431602673	36796261	5	143	6863000	23	34.08
Grampus_griseus	insdc_release	1146	2667081928	107608252	10	2284	3106000	258	42
Graphiphora_augur	gfastats	62	536505949	18569050	14	94	15555849	16	38.07
Grapholita_janthinana	gfastats	82	730437358	26634128	11	147	22779940	14	38.17
Grapholita_jungiella	gfastats	845	510034722	17529993	12	2963	381686	380	38.48
Grapholita_pallifrontana	gfastats	244	612375548	24260925	10	1690	671207	280	38.17
Graphomya_maculata	gfastats	491	800687141	157749530	3	784	5775564	43	35.69
Grimmia_atrata	gfastats	433	413157511	36196289	5	3070	209093	584	41.71
Grimmia_decipiens	gfastats	279	556508456	22591750	10	2965	292733	608	40.01
Grimmia_donniana	gfastats	82	332730394	26622037	6	2791	162226	626	41.61
Grimmia_elongata	gfastats	113	393597687	30653069	5	1780	334968	372	41.40
Grimmia_funalis	gfastats	182	271813614	22744351	6	1579	285140	304	40.57
Grimmia_montana	gfastats	803	320330285	23950043	6	3718	120627	800	40.71
Grimmia_pulvinata	gfastats	201	476258515	19433895	11	2292	319573	460	38.83
Grimmia_trichophylla	gfastats	419	286042570	21264753	6	2317	195852	435	40.76
Griposia_aprilina	insdc_release	43	720426900	24562086	14	76	18585834	15	
Grus_grus	insdc_release	326	1291076428	84073833	5	885	3591816	102	43.5
Gryllus_bimaculatus	gfastats	840	1653342685	106422162	6	2523	1498736	334	39.91
Gryllus_campestris	gfastats	215	1688737901	110638818	6	906	4197064	128	40.02
Grypocoris_stysi	gfastats	129	763112267	40531885	7	616	2637052	80	39.61
Grypus_equiseti	gfastats	229	779292689	84483945	4	1593	968598	241	32.22
Gulosus_aristotelis	gfastats	175	1353579002	85182000	5	216	55020389	9	43.70
Gymnocheta_viridis	gfastats	232	600320215	127568459	3	685	2916000	54	30.37
Gymnoscelis_rufifasciata	insdc_release	52	462009964	15602950	14	63	15602950	14	35.5
Gymnosoma_rotundatum	insdc_release	428	780515323	137798182	3	665	9400655	27	
Gypsonoma_aceriana	gfastats	30	663754663	25268864	10	99	16645893	13	37.84
Gyrinus_marinus	gfastats	186	480272278	32375356	6	783	2022571	54	35.39
Gyroporus_aff_castaneus	gfastats	11	102382262	12458156	3	202	1327408	25	44.23
Habrosyne_pyritoides	insdc_release		398325470			3319	175653	717	
Hada_plebeja	gfastats	59	622262540	20902526	14	163	9400597	23	38.95
Hadena_bicruris	gfastats	126	689574068	22368930	14	246	7515472	31	38.92
Hadena_compta	gfastats	83	687105206	23680352	13	239	7469808	31	38.78
Haematopus_ostralegus	insdc_release	364	1290388642	85971649	5	812	4999330	80	43.5
Haliaeetus_albicilla	insdc_release	188	1320298205	44398590	12	612	4576000	85	43
Halichoerus_grypus	insdc_release	171	2400078677	156124300	7	1301	3750431	198	41.5
Hallomenus_binotatus	gfastats	296	204899697	19143717	5	335	4510000	14	39.40
Halyzia_sedecimguttata	gfastats	59	919111547	111009446	4	214	14028202	18	35.76
Hamearis_lucina	gfastats	32	594944453	21370901	13	62	20900932	13	37.50
Harmonia_axyridis	insdc_release	14	425544856	63675256	3	186	22915403	7	
Harmonia_quadripunctata	gfastats	167	661327562	89500714	3	355	7798040	28	34.56
Harmothoe_impar	gfastats	862	1512319410	83397641	8	3020	1337000	324	42.75
Harpalus_anxius	gfastats	729	1066253287	58613874	8	1217	3992063	81	32.38
Harpalus_rubripes	gfastats	775	1253243932	66357049	8	1270	5994626	59	31.60
Harpalus_rufipes	gfastats	88	890553490	52722989	7	350	8784621	28	31.28
Harpocera_thoracica	gfastats	102	998748788	62077711	6	526	3928050	72	43.70
Hecatera_bicolorata	gfastats	78	584522613	20015719	14	197	7382964	25	38.10
Hecatera_dysodea	insdc_release	41	640911641	21896367	14	116	18008363	15	
Hedera_helix	gfastats	55	1199358263	50454882	11	377	13335294	31	32.65
Hedwigia_stellata	gfastats	25	220489079	33562822	3	388	1107920	59	39.34
Hedya_nubiferana	gfastats	99	558166179	20303263	10	115	18535002	11	37.91
Hedya_ochroleucana	gfastats	56	668223094	23824554	11	199	10800038	22	38.68
Hedya_pruniana	gfastats	86	521068877	19170578	11	160	7873000	22	38.14
Hedya_salicella	insdc_release	1461	722634899	1009936	217	1462	1009936	217	
Hedychridium_cupreum	gfastats	33	195331432	11517649	8	80	7372746	11	42.62
Hedychridium_roseum	gfastats	21	174745474	10562532	8	67	5950676	12	42.63
Helcystogramma_rufescens	gfastats	61	536781576	19941015	12	127	9960441	21	37.23
Helianthemum_oelandicum	gfastats	120	2614012641	241651649	5	179	133829405	8	40.88
Helicoverpa_armigera	gfastats	33	362193782	12359365	13	49	11178908	14	36.75
Helina_obscurata	gfastats	3300	1576604110	285964392	3	9574	303874	1444	33.43
Heliothis_peltigera	gfastats	32	332843978	11813164	13	56	9158664	15	36.64
Hellinsia_carphodactyla	gfastats	233	536768605	17286892	14	295	16106178	14	35.73
Hellwigia_obscura	gfastats	55	270096106	19408671	6	217	4429581	17	41.74
Hemaris_fuciformis	insdc_release	43	448853392	16553285	12	90	10683069	14	
Hemicrepidius_hirtus	gfastats	197	377570513	35742776	5	265	7643588	15	34.49
Hemicrepidius_niger	gfastats	197	377570513	35742776	5	265	7643588	15	34.49
Hemioniscus_balani	gfastats	4009	1246847392	60788820	7	8279	291691	1227	35.19
Hemistola_chrysoprasaria	gfastats	32	438253172	16143413	12	82	8928695	19	37.38
Hemithea_aestivaria	gfastats	94	501713186	17632203	14	377	2591731	53	36.59
Heracleum_mantegazzianum	gfastats	158	1611803842	144329098	6	257	47458081	13	35.54
Heracleum_sphondylium	gfastats	410	2028656772	179908808	6	948	6084417	98	35.97
Herbertus_borealis	gfastats	534	939093377	120586259	4	1712	1239940	214	44.06
Herbertus_hutchinsiae	gfastats	100	1092183551	118538448	4	1684	1140822	287	43.48
Herbertus_stramineus	gfastats	220	1015297724	110206414	4	2584	688000	432	43.67
Heriades_truncorum	gfastats	633	333260087	12702384	11	951	1280142	60	37.62
Hericium_coralloides	gfastats	22	40666087	3544148	6	191	470893	23	53.79
Hericium_erinaceus	gfastats	17	44816606	4435691	4	104	831269	19	52.58
Herina_lugubris	gfastats	149	442794436	167104341	2	670	1708133	69	38.91
Herina_nigrina	gfastats	58	438114559	165437798	2	383	3284228	44	38.87
Hermaeophaga_mercurialis	gfastats	1490	479410748	47101683	5	1906	1363883	89	28.44
Herminia_grisealis	gfastats	106	1018929100	34926719	13	232	26638960	15	36.17
Herminia_tarsipennalis	gfastats	52	788450229	27762238	13	101	16015985	18	36.20
Hesperia_comma	insdc_release	40	525353014	18810678	12	125	10272607	17	
Hesperis_matronalis	gfastats	1208	3749717275	536739713	3	2419	5091235	206	39.98
Heteranomia_squamula	gfastats	116	738637561	137916506	3	237	10165414	24	33.77
Heterocladium_heteropterum	gfastats	798	333151881	26793777	5	1363	1000725	104	38.42
Heterogaster_urticae	gfastats	343	1656828240	264061029	3	761	6753102	70	33.70
Heteromyza_rotundicornis	gfastats	15	333428373	85643480	2	506	1478352	55	36.33
Heteropelma_amictum	gfastats	17	226445852	29282975	4	396	1071258	57	41.28
Heterotoma_planicornis	gfastats	273	861243779	52103569	7	651	3384798	70	42.49
Hibiscus_tridactylites	gfastats	312	2584817787	95285254	13	1227	4679955	174	37.31
Hibiscus_verdcourtii	gfastats	453	3028493783	108066256	13	1336	5984640	147	37.52
Hieracium_snowdoniense	gfastats	4307	6913692487	364401664	9	9179	2873663	681	37.38
Hierochloe_odorata	gfastats	598	3602437001	251676326	7	680	72183165	14	46.97
Hipparchia_semele	gfastats	48	403420717	14619000	13	61	14523314	13	37.06
Hippophae_rhamnoides	gfastats	543	1207304537	91693444	5	802	6463698	43	28.90
Hippuris_vulgaris	gfastats	86	529999143	33574873	7	152	16004000	15	33.29
Hirtodrosophila_cameraria	gfastats	40	214511801	82766246	2	419	1033460	61	37.00
Hofmannophila_pseudospretella	gfastats	30	406170397	14950471	12	80	8559969	18	38.26
Holcus_mollis	gfastats	830	3866030470	183070598	10	1662	12716938	81	46.07
Hololepta_plana	gfastats	46	139524217	14286131	5	146	2199103	19	36.89
Holothuria_forskali	gfastats	568	1457409795	62427515	10	903	9524158	51	38.89
Homoeosoma_sinuella	gfastats	106	657433329	22663479	13	432	3492498	62	36.35
Honckenya_peploides	gfastats	272	3592070332	108011306	15	644	19456147	64	36.53
Hookeria_lucens	gfastats	380	1426059244	129738133	6	3022	879694	502	40.26
Hoplismenus_bidentatus	gfastats	264	314670126	29488805	5	617	1464947	55	43.14
Hoplocampa_crataegi	gfastats	118	234184391	26233991	4	218	6777000	9	40.32
Hoplodrina_ambigua	gfastats	35	438113995	15265479	13	71	10467176	16	36.93
Hoplodrina_blanda	gfastats	33	464010239	16508168	13	62	12951863	14	36.94
Hoplodrina_octogenaria	gfastats	34	476667091	16834973	13	44	15860712	13	37.00
Hordeum_vulgare	gfastats	475	4197344081	609999555	4	1410	8747627	131	44.51
Horisme_tersata	gfastats	61	558132842	28016265	8	244	4574083	36	38.03
Horisme_vitalbata	gfastats	37	532772185	27063725	8	112	9370129	18	37.48
Hottonia_palustris	gfastats	199	743503455	69714689	5	704	2620674	82	34.98
Humulus_lupulus	gfastats	321	2488652510	251527947	5	450	29235848	27	39.00
Hybos_culiciformis	gfastats	569	342576346	106415713	2	1724	431149	229	25.38
Hybos_femoratus	gfastats	64	322544669	125872575	2	627	1043582	90	25.33
Hydnum_repandum	gfastats	135	56159403	4940492	5	405	333520	50	47.86
Hydraecia_micacea	insdc_release		503427563			369	2781100	56	
Hydriomena_furcata	insdc_release		421170847			199	5188503	31	
Hydrocotyle_vulgaris	gfastats	333	871112759	17802367	22	594	5330539	49	33.71
Hydrotaea_cyrtoneurina	gfastats	23	575214542	92963629	3	149	8111380	23	35.15
Hydrotaea_diabolus	gfastats	51	1074175361	197031954	3	505	7274068	45	36.24
Hydrotaea_militaris	gfastats	985	1703049284	316414360	3	1862	7991105	62	35.85
Hydrotaea_similis	gfastats	1104	884675284	146365869	3	1905	1654896	155	35.17
Hygrocybe_chlorophana	gfastats	144	34578167	2259018	7	284	325403	33	47.93
Hygrocybe_citrinovirens	gfastats	204	43018343	2751555	7	299	684565	19	47.59
Hygrocybe_coccinea	gfastats	14	65184779	5072114	6	221	504991	41	46.33
Hygrocybe_conica	gfastats	20	38977057	2795157	6	86	1131434	12	50.65
Hygrocybe_helobia	gfastats	48	28577243	2097822	6	62	1604483	8	50.06
Hygrocybe_punicea	gfastats	42	92203976	6794709	6	454	336693	82	46.94
Hygrohypnum_duriusculum	gfastats	1409	333508412	25256031	5	1739	1653069	59	37.87
Hygromia_cinctella	gfastats	3837	1432894936	62444355	9	11458	222033	1899	39.83
Hylaea_fasciaria	insdc_release	785	256092023	825097	88	787	825097	89	
Hylaeus_dilatatus	gfastats	799	307398590	19100058	6	1390	673677	120	42.22
Hylaeus_hyalinatus	gfastats	772	535027274	31426185	7	1035	2317745	53	38.16
Hylaeus_signatus	gfastats	202	683650531	45992166	7	237	22167347	12	39.03
Hylobius_abietis	gfastats	475	1655678481	162862512	5	608	43097306	14	35.46
Hylocomiadelphus_triquetrus	gfastats	216	472277899	67724493	3	438	4542045	31	37.85
Hymenoloma_crispulum	gfastats	326	305822475	22097123	6	1127	591366	171	40.80
Hyocomium_armoricum	gfastats	299	333825950	28971754	4	511	2681466	40	37.01
Hypatima_rhomboidella	gfastats	42	461633253	16428949	13	63	16097795	13	38.71
Hypena_proboscidalis	insdc_release	56	636786269	21969129	14	86	18834925	15	
Hypera_postica	gfastats	186	2015297219	212429740	5	523	10022818	69	33.52
Hypera_rumicis	gfastats	96	1773468211	205520964	4	390	11225160	51	33.71
Hypericum_androsaemum	gfastats	29	385125689	19806264	9	257	2899722	40	39.49
Hypericum_hircinum	gfastats	185	422455543	19346129	10	352	3343866	44	39.66
Hypericum_hirsutum	gfastats	118	338730073	37814175	5	298	3008396	34	38.40
Hypericum_maculatum	gfastats	578	380894193	38971517	5	677	13107223	11	37.59
Hypericum_perforatum	gfastats	220	357171379	39703796	4	288	14679512	10	37.81
Hypericum_pulchrum	gfastats	320	373786751	38876907	5	541	3499187	35	38.72
Hyperoodon_ampullatus	insdc_release	757	2828760712	117448692	9	1855	3126546	266	42
Hyperoplus_immaculatus	insdc_release	1568	797804280	31412174	12	2756	1486508	160	41
Hypnum_cupressiforme	gfastats	34	374640506	48124063	4	145	5679390	19	36.86
Hypochaeris_maculata	gfastats	657	3846594654	700424974	3	2018	5586952	205	37.74
Hypomecis_atomaria	gfastats	44	690029168	22772177	14	231	6703302	33	37.66
Hypomecis_punctinalis	gfastats	81	741177338	25902484	14	391	3588779	65	37.33
Hyposoter_dolosus	gfastats	796	222678160	18054839	5	1146	1258108	48	39.56
Hyppa_rectilinea	gfastats	45	569637116	19437210	14	121	8312066	23	38.40
Hypsopygia_costalis	gfastats	48	817693107	28854802	13	75	26785879	13	37.72
Hysterophora_maculosana	gfastats	38	315720954	11401365	12	68	10838411	12	39.48
Icerya_purchasi	gfastats	3	1098465797	600392024	1	678	2764913	121	33.45
Ichneumon_extensorius	gfastats	106	416204058	35547431	6	507	5657587	19	41.99
Ichneumon_xanthorius	gfastats	158	317344216	51071650	3	542	3233140	21	42.86
Idaea_aversata	insdc_release		433907406			315	2629754	52	
Idaea_biselata	gfastats	381	424284911	30964199	6	1664	602000	206	37.03
Idaea_dimidiata	gfastats	36	422592496	25418079	8	68	13150441	12	36.08
Idaea_emarginata	gfastats	50	348087300	12283725	13	87	11456793	14	36.02
Idaea_fuscovenosa	gfastats	195	441279597	15106349	14	646	1838141	71	36.45
Idaea_ochrata	gfastats	36	372699221	13931842	12	50	13402448	13	35.98
Idaea_rusticata	gfastats	45	374590076	12914738	14	55	12838314	14	35.83
Idaea_seriata	gfastats	73	391213795	15325197	10	299	2639100	46	34.74
Idaea_straminata	gfastats	35	411300018	14441715	14	68	9796490	16	35.99
Idaea_sylvestraria	gfastats	33	355860311	12798242	13	35	12798242	13	35.49
Idaea_trigeminata	gfastats	37	505864793	19518638	12	150	5436304	31	37.03
Ilex_aquifolium	gfastats	106	800663922	37412598	9	160	15160792	17	37.50
Ilione_lineata	gfastats	517	1281127271	243491341	3	1464	2672502	150	34.19
Ilybius_aenescens	gfastats	1685	1437008091	83037100	7	4991	603805	649	28.48
Impatiens_glandulifera	insdc_release	2278	421451920	460815	256	2293	459265	257	
Impatiens_noli_tangere	gfastats	120	591602605	58953581	5	292	5592315	32	35.53
Impatiens_parviflora	gfastats	458	1754931341	123111817	6	1761	2112000	256	33.54
Inachis_io	insdc_release	42	384172283	13340570	14	52	12944774	14	
Incurvaria_masculella	gfastats	31	552037208	21889303	11	42	19935990	12	39.59
Incurvaria_pectinea	gfastats	41	668153861	23530583	13	92	14621426	18	39.80
Inocybe_asterospora	gfastats	508	52130275	2798300	7	603	439631	27	45.79
Inocybe_fraudans	gfastats	27	62537964	5181557	6	134	1175808	17	46.93
Inocybe_grammopodia	gfastats	92	49484821	3773285	6	168	901770	15	46.24
Inocybe_obscuroides	gfastats	65	50079238	3984199	5	135	1176134	14	47.33
Inocybe_petiginosa	gfastats	47	29592116	2103053	6	309	231836	34	45.12
Inocybe_sindonia	gfastats	279	62306205	4210751	7	380	621992	31	46.53
Inocybe_tigrina	gfastats	36	42071222	3141663	6	116	864382	16	47.09
Inula_conyza	gfastats	3550	3354578611	191515263	7	7475	2910699	310	37.39
Inula_salicina	gfastats	485	1549176105	165532754	4	1469	2678284	180	36.78
Ipimorpha_subtusa	gfastats	105	922182380	31898691	14	141	26034392	15	37.96
Ips_sexdentatus	gfastats	31	284404123	28052552	5	154	8200202	14	35.04
Iris_foetidissima	gfastats	1370	6994939389	330135341	9	3223	6530302	330	40.75
Ischnodemus_sabuleti	gfastats	81	1199739842	166549026	4	628	3781644	93	36.70
Ischnura_elegans	insdc_release	111	1722763890	123641648	7	360	13055916	36	38
Ischnus_inquisitorius	gfastats	23	232207317	18611977	6	162	3910738	17	43.78
Isochrysis_galbana	gfastats	55	75875377	2854138	10	193	900546	22	63.03
Isolepis_cernua	gfastats	667	616557431	22266274	11	2997	303787	730	36.71
Isoperla_grammatica	gfastats	683	874600353	56757646	5	2827	653405	362	40.01
Isopterygiella_pulchella	gfastats	350	641851114	29568935	9	1832	762000	274	39.37
Isothecium_myosuroides	gfastats	256	388508077	34434597	5	310	9989289	13	38.17
Itoplectis_maculator	gfastats	272	223172150	10580486	9	519	1347257	51	45.43
Jacobaea_maritima	gfastats	1195	2191540893	110784988	10	3472	1607454	380	36.43
Jacobaea_vulgaris	gfastats	2398	2028282944	98425977	10	5038	1307756	457	36.13
Jaera_albifrons	gfastats	534	892446333	85708067	5	934	4380930	67	30.72
Janolus_hyalinus	gfastats	2134	1141093466	109486079	5	6540	397999	819	36.35
Jasione_montana	gfastats	450	1282554015	211226737	3	703	9322708	40	36.53
Juglans_regia	gfastats	51	539483996	36372675	7	212	29541958	8	36.53
Juncus_bufonius	gfastats	217	774942615	15126967	23	541	3291042	78	33.85
Juncus_conglomeratus	gfastats	890	245057473	10377976	10	1676	414716	168	34.54
Juncus_effusus	gfastats	91	243591218	11305184	10	272	2205953	34	33.20
Juncus_inflexus	gfastats	50	322573524	15421649	10	439	1494689	67	33.44
Juncus_squarrosus	gfastats	25	319657765	17146125	8	192	3803353	26	36.74
Kellia_suborbicularis	gfastats	59	811049301	120141804	3	482	5558000	41	38.21
Kiaeria_blyttii	gfastats	200	262893974	20332908	6	795	703765	124	40.63
Koelreuteria_paniculata	gfastats	159	331798481	20674000	8	168	17869900	9	35.72
Korscheltellus_lupulinus	gfastats	503	1417334868	50248402	13	3467	1151414	320	35.82
Kuehneromyces_mutabilis	gfastats	117	56365783	4090658	6	153	1598082	11	48.10
Kurzia_trichoclados	gfastats	119	531408937	51077462	5	303	5095745	33	42.57
Kybos_smaragdulus	gfastats	258	1684991896	127172179	5	395	19877467	27	38.58
Kyklioacalles_roboris	gfastats	965	698953032	30383510	9	1432	2967359	60	34.05
Labia_minor	gfastats	80	604519002	86446126	3	484	2388475	66	26.16
Labrus_bergylta	insdc_release	132	720227340	31261685	11	947	2715806	79	40.5
Labrus_mixtus	insdc_release		700699022			2462	756142	261	41
Laburnum_anagyroides	gfastats	459	1137838335	44864785	12	2701	793577	449	34.40
Lacanobia_contigua	gfastats	127	940135482	30068733	14	267	22577133	17	39.86
Lacanobia_oleracea	gfastats	76	817329868	26564265	15	155	12026502	24	39.77
Lacanobia_wlatinum	gfastats	146	903922692	29461643	14	272	22037973	17	39.67
Laccobius_striatulus	gfastats	449	1060833994	127248362	4	674	7426591	43	31.84
Laccophilus_minutus	gfastats	263	545172546	38209519	6	420	10335000	17	35.00
Lactarius_blennius	gfastats	12	68899955	6962671	5	182	799744	28	50.87
Lactarius_evosmus	gfastats	13	57293171	5448807	5	25	4137912	6	50.71
Lactarius_fulvissimus	gfastats	25	59313305	5511843	5	156	728436	23	50.73
Lactarius_pubescens	gfastats	52	66327575	6098378	5	178	801445	23	51.76
Lactarius_tabidus	gfastats	14	52396322	4878524	5	41	2359413	8	50.42
Lactarius_vellereus	gfastats	22	62820733	5856249	6	95	1182233	18	52.12
Lactuca_saligna	gfastats	345	2156065379	235114484	4	1229	4213943	154	37.66
Ladona_depressa	gfastats	511	1098304141	73601506	7	542	63071923	8	36.44
Laetiporus_sulphureus	gfastats	15	37546112	2582225	6	18	2582225	6	51.64
Lagenorhynchus_albirostris	insdc_release		2036276931			25620	119855	4559	42
Lagria_hirta	gfastats	26	336783501	31908519	5	139	7715647	11	29.45
Lamium_amplexicaule	gfastats	263	522048854	53956053	5	416	5129000	30	35.36
Lamium_purpureum	gfastats	206	581542605	61497587	5	306	10492197	16	36.40
Lampetra_fluviatilis	insdc_release	5717	939632249	460300	535	5726	460300	535	49
Lampronia_capitella	gfastats	142	674309661	23478612	13	1079	1217178	169	37.06
Lampropteryx_suffumata	gfastats	52	581655136	19956036	14	122	9512391	21	36.34
Lamprotettix_nitidulus	gfastats	404	2149088294	200715457	5	1551	2910131	233	35.84
Laothoe_populi	insdc_release	1395	532491273	762647	212	1397	762647	212	
Lapsana_communis	gfastats	227	1044175426	152351827	3	519	5752753	59	37.83
Larentia_clavaria	gfastats	33	376658309	13760538	12	91	11067587	15	37.05
Larinioides_cornutus	gfastats	502	2304597035	175460346	7	1234	5573773	145	30.47
Larinus_planus	gfastats	20	1137837508	59970235	7	94	27391000	16	35.64
Larus_argentatus	insdc_release	533	1256866793	85940022	5	989	4497000	90	44.5
Larus_canus	gfastats	121	1367435700	88255648	5	145	74843963	7	44.86
Larus_fuscus	gfastats	1371	1376857173	88100459	5	1701	9507278	41	44.92
Larus_glaucescens	insdc_release	666	1446603370	85721269	6	1239	3410995	118	45
Larus_hyperboreus	gfastats	1707	1222596547	96916423	4	2332	3123111	109	44.19
Larus_marinus	gfastats	143	1425492164	88584410	5	169	66672122	9	44.84
Larus_michahellis	gfastats	240	1402237168	89082920	5	308	45276000	10	44.64
Larus_occidentalis	insdc_release	386	1232342620	97575237	4	868	3921826	88	44.5
Lasioglossum_calceatum	gfastats	435	434811507	15366174	12	498	9645349	16	41.67
Lasioglossum_lativentre	insdc_release		479887857			1444	4147403	28	
Lasioglossum_leucozonium	gfastats	1309	545416073	6462898	19	1386	2704206	48	41.00
Lasioglossum_morio	insdc_release	555	505668932	18384561	9	599	7842008	15	
Lasioglossum_pauxillum	insdc_release	36	432014419	48162910	5	159	10669560	14	40
Lasioglossum_prasinum	gfastats	266	457706198	42182635	5	285	17664474	10	41.30
Lasioglossum_villosulum	gfastats	192	458521248	40458598	5	369	3091471	47	40.77
Lasiommata_megera	insdc_release		446015746			495	2011932	71	37
Lasiorhynchites_cavifrons	gfastats	174	1354946270	252295237	3	659	5090000	82	33.46
Lasius_brunneus	gfastats	151	264958387	18611562	7	818	657111	101	36.92
Lasius_flavus	gfastats	666	314627142	20879166	7	1427	810001	98	37.14
Lasius_fuliginosus	gfastats	198	256221841	18816047	6	971	526302	133	37.02
Lasius_platythorax	gfastats	201	288694583	20725720	7	1048	570517	126	36.67
Laspeyria_flexula	insdc_release	38	450897266	16004308	13	57	12239498	14	
Lathraea_clandestina	gfastats	4992	1143040525	38994901	12	5208	7773000	49	35.67
Lathraea_squamaria	gfastats	250	546554090	29407032	8	356	9033729	22	34.81
Lathrobium_brunnipes	gfastats	565	465517999	42629934	5	1472	1077214	121	33.36
Lathrobium_fulvipenne	gfastats	269	575836748	47176579	4	384	9753159	15	34.21
Lathronympha_strigana	gfastats	48	620978901	23664990	11	109	10724000	18	38.04
Lathyrus_aphaca	gfastats	288	4252923282	575512124	4	1346	7094369	197	37.47
Lathyrus_linifolius	gfastats	1652	5160053374	697169871	4	2745	7816247	197	37.80
Lecanipa_bicincta	gfastats	46	956094451	177245757	3	106	33525787	7	30.73
Leersia_oryzoides	gfastats	273	766878663	31173142	10	543	4504829	54	44.89
Leia_fascipennis	gfastats	162	518798045	79991370	3	385	30397882	7	31.52
Leia_winthemii	gfastats	89	466300271	126491374	2	336	3817325	39	28.50
Leiosoma_deflexum	gfastats	189	628194981	42277763	7	391	5745900	36	34.15
Leiothrix_argentauris	missing								
Leistus_fulvibarbis	gfastats	295	261731493	6924332	13	349	2898318	28	33.18
Leistus_rufomarginatus	gfastats	79	264408761	14695566	8	437	4280190	19	32.73
Leistus_spinibarbis	insdc_release		203762999			1905	321871	166	31.5
Lemna_minuta	gfastats	991	307079603	14917234	9	3188	172818	536	38.86
Leontodon_hispidus	gfastats	745	2023220071	304487635	3	2407	1961242	319	36.97
Leotia_lubrica	gfastats	16	86133614	6232439	6	42	5480364	7	47.57
Lepas_anatifera	gfastats	382	794866725	50852590	7	3205	507123	430	47.38
Lepeophtheirus_nordmannii	gfastats	190	345327545	39735406	4	309	4102787	27	29.65
Lepidium_campestre	gfastats	70	171615259	20726178	4	78	13881420	5	36.00
Lepidium_didymum	gfastats	440	345534292	20803385	8	706	2960142	36	36.06
Lepidium_draba	gfastats	60	434332883	27222867	8	230	4592236	30	35.49
Lepidium_latifolium	gfastats	30	345340368	42502102	4	88	12754804	10	35.08
Lepidochitona_cinerea	gfastats	87	705727910	46319931	6	221	8732403	28	37.76
Lepidocyrtus_curvicollis	gfastats	7	200262074	32682370	3	130	3275031	17	37.42
Lepidonotus_clava	insdc_release	401	1010252647	55150419	8	799	7105433	39	41
Lepidozia_cupressina	gfastats	196	582895623	55480921	4	417	4974081	36	43.44
Lepidozia_reptans	gfastats	150	613158078	64380007	4	408	4552536	43	42.66
Lepisma_saccharina	gfastats	1136	2974387953	84502641	13	4253	1672937	497	38.32
Lepista_sordida	gfastats	20	53732457	4473676	6	107	1049597	15	48.98
Leptarthrus_brevirostris	gfastats	162	850831777	155120804	3	468	5289418	47	37.07
Leptidea_sinapis	insdc_release	421	674498414	4501614	50	422	4501614	50	
Leptocerus_tineiformis	gfastats	23	455377550	21561740	9	26	21561740	9	33.02
Leptogaster_cylindrica	gfastats	188	196645336	39823257	3	476	1374445	41	35.41
Leptographium_flavum	gfastats	8	24058562	3559292	3	98	400860	17	59.78
Leptopterna_dolabrata	gfastats	362	987919866	59806621	6	2063	1003918	265	40.88
Leptura_quadrifasciata	gfastats	59	1403955945	166347592	4	485	5389979	86	34.30
Lestes_sponsa	gfastats	451	1111482007	78375349	6	587	25092982	14	38.20
Lesteva_pubescens	gfastats	1265	984748327	103271849	4	2328	1633415	177	29.97
Lesteva_punctata	gfastats	2175	1256755481	133440658	4	6034	443094	804	32.04
Lestiphorus_bicinctus	gfastats	491	381788802	19089312	8	604	2845185	35	46.17
Leucania_comma	gfastats	54	751749365	25646328	14	156	11502663	23	38.67
Leuciscus_leuciscus	insdc_release	876	1198377133	43730789	11	2078	1661817	205	39
Leucobryum_glaucum	gfastats	386	437020666	38913260	5	2921	225449	594	40.69
Leucobryum_juniperoideum	gfastats	15	400605916	38972047	5	2739	210050	594	40.23
Leucocephalonemertes_aurantiaca	gfastats	1887	1012653439	56599581	6	2581	2047063	164	43.26
Leucodon_sciuroides	gfastats	74	401858175	53119630	4	2034	318522	378	37.64
Leucoma_salicis	gfastats	50	733224434	26724430	13	147	9217107	28	38.39
Leucophora_obtusa	gfastats	202	1289857006	230154751	3	814	4345626	81	30.06
Leucophora_personata	gfastats	32	1116821633	213247279	3	73	53097091	7	31.96
Leucophora_sponsa	gfastats	2205	1551034273	256253166	3	4081	1360177	292	30.41
Leucopleurus_acutus	insdc_release	899	2676209414	109653882	9	1933	3493168	231	42
Leucoraja_naevus	insdc_release	2313	2428880871	56127418	12	3843	3343470	197	44.5
Leucozona_glaucia	gfastats	126	566996922	113500219	2	268	15969332	11	34.54
Leucozona_laternaria	insdc_release	58	613601305	134260815	2	266	7478926	25	34.5
Leuctra_nigra	insdc_release	175	536298261	39220573	6	1719	587864	277	38
Levisticum_officinale	gfastats	468	4362009094	409302250	6	720	38654000	39	34.49
Lewinskya_affinis	gfastats	67	270301841	42263408	3	771	596577	135	37.64
Lewinskya_rupestris	gfastats	8	267314911	41589731	3	719	652859	118	38.27
Lewinskya_speciosa	gfastats	31	534177964	40764531	6	1292	698487	244	37.94
Lichina_confinis	gfastats	23	33989275	3495150	4	58	1307000	9	53.22
Lichina_pygmaea	gfastats	8	32469017	5303397	3	54	992259	11	53.57
Ligdia_adustata	gfastats	36	399726061	14256869	13	53	12895190	14	35.38
Ligusticum_scoticum	gfastats	401	2775238282	263948800	5	623	65636000	13	35.12
Ligustrum_vulgare	gfastats	52	1385159111	62494563	10	233	11361039	38	34.02
Lilioceris_lilii	gfastats	539	1574146739	153960323	5	2127	1839481	228	34.22
Limacia_clavigera	gfastats	1321	1351417107	87630452	5	5710	482265	830	37.89
Limanda_limanda	insdc_release		668994872			2962	833236	220	42.5
Limaria_hians	gfastats	280	1121294398	62629269	8	498	13045000	28	34.66
Limbarda_crithmoides	gfastats	97	1494663561	159889881	5	207	74108315	9	36.53
Limecola_balthica	gfastats	452	1943239108	105165661	9	1306	4044286	146	36.22
Limenitis_camilla	insdc_release		396065961			426	1968423	63	
Limnaecia_phragmitella	gfastats	171	539240207	18834007	14	1667	560314	299	36.05
Limnephilus_auricula	gfastats	45	971302186	34751523	13	230	8139076	36	34.13
Limnephilus_lunatus	insdc_release		1295048757			158	19290965	20	
Limnephilus_marmoratus	insdc_release	771	1691226306	8018677	69	781	8018677	69	36
Limnephilus_rhombicus	insdc_release	62	1578823873	54234467	13	272	10796652	45	35.5
Limnia_unguicornis	gfastats	119	1096124058	221767260	3	502	7901000	40	32.34
Limnophora_tigrina	gfastats	1433	1097036155	211302478	3	3138	1461311	207	34.23
Limonia_nubeculosa	gfastats	28	599146447	216307657	2	132	11633319	18	32.44
Limonius_poneli	gfastats	173	1351624889	136717598	4	582	6595346	58	34.10
Limosa_lapponica	insdc_release	148	1236722256	35790172	10	220	20852067	19	43.5
Limosa_limosa	insdc_release	89	1283521030	34927945	11	144	30132381	12	43.5
Limosella_australis	gfastats	16	259349404	26298712	5	117	5420727	17	38.03
Linaria_cannabina	insdc_release	179	1247156902	73534814	6	211	56749077	7	43.5
Linaria_repens	gfastats	151	773692487	130161852	3	222	15506512	15	38.66
Linaria_vulgaris	gfastats	41	760456579	127462361	3	132	12652593	20	38.07
Lineus_longissimus	insdc_release	452	386385643	2664490	41	453	2664490	41	
Lineus_ruber	gfastats	298	1067287735	55650608	8	1291	4619103	75	41.49
Linnaea_borealis	gfastats	50	765954905	45768945	7	278	5579427	38	38.75
Linnaemya_tessellans	gfastats	36	709888043	125158878	3	289	7736229	25	32.11
Linnaemya_vulpina	gfastats	47	554043072	89037140	3	301	5718539	25	31.10
Linum_bienne	gfastats	48	487332896	31909332	7	382	3376025	42	37.80
Linum_catharticum	gfastats	13	562814360	68851132	4	40	65501840	4	42.49
Linyphia_triangularis	gfastats	374	1349110697	96455727	7	663	6254512	55	31.56
Liophloeus_tessulatus	gfastats	172	1199454256	131213107	4	246	26848683	17	33.02
Liopterus_haemorrhoidalis	gfastats	95	1020131422	65667942	5	853	2239306	147	32.78
Lipara_lucens	gfastats	2925	1478659692	238240785	3	3378	11805394	33	33.69
Lipophrys_pholis	insdc_release	847	768243328	31905247	11	1445	3299550	68	42
Lipoptena_cervi	gfastats	43	502682745	53573803	4	95	25837672	8	27.94
Lispocephala_erythrocera	gfastats	2182	1022397013	157081541	3	4346	997778	263	32.56
Lispocephala_verna	gfastats	934	987723333	227717882	2	1909	1880399	135	32.34
Lissotriton_helveticus	insdc_release	233788	20161647536	517027	6587	233911	514085	6685	45
Lissotriton_montandoni	missing								
Lissotriton_vulgaris	insdc_release	191290	20825862529	591068	7034	191352	591068	7095	45
Listrodromus_nycthemerus	gfastats	12	190795133	21139540	4	426	1296412	38	43.30
Lithobius_variegatus	gfastats	624	1766511765	78175123	8	1716	2691386	194	40.05
Lithophane_leautieri	gfastats	45	521693918	17894250	14	94	9651505	19	37.59
Lithophane_ornitopus	gfastats	37	508611498	17228122	14	95	10880751	17	37.60
Lithophane_semibrunnea	gfastats	44	558004720	18234465	14	289	2743605	70	37.90
Lithophane_socia	gfastats	37	489345261	16922983	14	85	11704965	17	37.72
Lithosia_quadra	gfastats	44	456285213	16413209	13	111	8982953	19	37.24
Lithospermum_officinale	gfastats	1037	577763483	34673740	8	1188	4477306	36	36.78
Littorina_arcana	gfastats	898	1108095540	64550629	7	4476	515673	609	42.35
Littorina_littorea	gfastats	3224	849630958	44265885	8	9562	169519	1449	42.11
Littorina_obtusata	gfastats	2174	1077512465	54354338	8	6426	326000	977	42.19
Littorina_saxatilis	gfastats	3496	1619657050	81898310	8	23934	111662	4303	42.19
Lobelia_dortmanna	gfastats	39	780759988	108895176	4	666	2047597	118	38.61
Lobelia_urens	gfastats	64	393054755	56406421	4	153	7068645	18	36.07
Lobesia_abscisana	gfastats	57	551486249	21287262	10	87	13748464	14	37.82
Lobesia_littoralis	gfastats	41	521742917	18588874	11	112	18477075	12	37.25
Lobesia_reliquana	gfastats	47	500337001	17190344	9	111	14194000	14	38.31
Lobophora_halterata	insdc_release		299234960			107	8063952	15	37
Lochmaea_capreae	gfastats	32	534692516	31551978	8	105	9517382	20	33.70
Lochmaea_crataegi	gfastats	137	891301393	53024378	6	738	2848502	101	33.83
Loensia_variegata	gfastats	404	531439522	62967081	4	2351	398410	417	39.10
Loeskeobryum_brevirostre	gfastats	337	385314286	46515812	4	1180	726377	159	37.54
Loewia_submetallica	gfastats	138	797547084	147058611	3	927	1793122	130	32.39
Logfia_minima	gfastats	232	545274608	36772736	7	666	4097084	39	33.50
Lomaspilis_marginata	gfastats	54	590658002	19819635	13	129	9744012	24	37.05
Lomographa_bimaculata	gfastats	33	554752746	19622098	13	68	14201541	16	36.20
Lomographa_temerata	gfastats	68	682900622	22720523	14	194	8235691	27	36.07
Lonchoptera_bifurcata	gfastats	575	255242635	63980176	2	639	3624265	14	29.32
Lonchoptera_lutea	gfastats	491	406219056	39623735	5	600	2363033	47	28.24
Longitarsus_dorsalis	gfastats	120	1034971433	66341637	6	478	7050000	48	33.54
Longitarsus_flavicornis	gfastats	1602	1128266149	68774571	7	2718	1366323	227	32.71
Lophozia_ventricosa	gfastats	168	706609906	82267040	4	273	12180272	22	42.67
Lordithon_lunulatus	gfastats	656	674385862	56801317	6	860	4216376	39	39.39
Lotus_pedunculatus	gfastats	9	481042948	76796754	3	474	2275746	62	37.30
Lotus_subbiflorus	gfastats	424	975761675	74376508	5	462	38033447	10	37.34
Lotus_tenuis	gfastats	338	555151329	83359248	3	382	18431941	12	38.01
Lozotaenia_forsterana	gfastats	53	657992597	23385065	12	189	7467167	27	38.24
Lucilia_caesar	gfastats	858	615561248	104106412	3	2399	628909	232	30.20
Luffia_ferchaultella	gfastats	127	645276354	22599242	13	799	1483462	133	34.99
Luidia_sarsii	gfastats	253	471203137	23238236	9	1494	755984	157	44.29
Lullula_arborea	insdc_release	42	1183549260	72862896	5	49	72862896	5	45
Lumbricus_rubellus	gfastats	381	787530981	41365854	8	2261	709756	337	40.47
Lumbricus_terrestris	gfastats	362	1056547181	56588617	8	1587	1589769	209	40.78
Lunularia_cruciata	gfastats	80	565881122	69188341	4	372	3254994	52	40.21
Luperina_nickerlii	gfastats	50	661975145	23242021	14	173	8052121	27	38.10
Luperina_testacea	insdc_release		593701007			1360	839134	218	38
Luperus_flavipes	gfastats	925	1214595491	53372501	9	1890	1716876	202	33.06
Luperus_longicornis	gfastats	302	1340439773	89780195	7	3157	748388	538	32.76
Luquetia_lobella	gfastats	31	493968541	18346282	10	55	17359458	12	38.05
Lutra_lutra	insdc_release		1081484062			8506	174900	1412	
Lutraria_lutraria	gfastats	1144	815470134	38914382	10	2202	1075722	211	35.86
Luzula_pallescens	gfastats	9	338527789	59578150	3	228	2513555	43	33.35
Luzula_sylvatica	gfastats	38	445370405	74526441	3	186	5345210	27	31.98
Lycaena_phlaeas	insdc_release	25	420484508	18312151	10	28	18072480	11	
Lycia_hirtaria	gfastats	20	551971097	45432280	6	83	11784587	16	36.06
Lyciella_decipiens	gfastats	24	436406077	100646067	2	314	3705653	37	32.70
Lyciella_platycephala	gfastats	41	457184338	107587010	2	333	3721000	35	32.54
Lycophotia_porphyrea	gfastats	33	542420237	18690029	14	87	11053919	17	38.32
Lycopus_europaeus	gfastats	124	400584923	36223966	5	143	22473279	7	38.36
Lygephila_pastinum	gfastats	101	899477794	30051364	13	265	29767000	14	38.18
Lymantria_dispar	gfastats	49	966897590	35162497	13	155	13048317	25	38.80
Lymantria_monacha	insdc_release	31	915668756	33870686	12	48	33489103	13	
Lyonetia_clerkella	gfastats	1708	255326573	7476933	15	3848	137302	428	37.70
Lypha_dubia	gfastats	262	645062304	112609545	3	618	3454164	55	31.34
Lysandra_bellargus	insdc_release		497064181			696	1845172	88	
Lysandra_coridon	insdc_release	100	540734767	5931830	36	339	2004790	85	
Lysimachia_thyrsiflora	gfastats	521	1252771711	61729720	10	979	4042857	97	33.45
Lythrum_hyssopifolia	gfastats	653	660278246	84487723	4	1646	1112061	183	42.79
Lythrum_portula	gfastats	10	239096198	47386524	3	44	18595054	6	42.46
Lythrum_salicaria	gfastats	298	709537952	44224643	7	540	4854518	44	42.10
Macaria_brunneata	gfastats	157	363307025	12675615	14	444	1930802	62	36.69
Macaria_liturata	gfastats	368	370333844	12764109	13	1707	518060	202	35.86
Macaria_notata	insdc_release		364983189			211	4117977	27	36
Machimus_atricapillus	insdc_release		213567461			696	1013192	62	36
Machimus_rusticus	gfastats	9	279714746	49085463	3	82	11885694	9	35.60
Macomangulus_tenuis	gfastats	256	1906577126	100244879	9	526	10971308	51	37.36
Macrocera_phalerata	gfastats	333	572828304	152014579	2	2197	489232	357	29.30
Macrochilo_cribrumalis	gfastats	121	834607295	29448275	13	769	2238372	114	36.81
Macrodema_micropterum	gfastats	286	1132147534	164202963	4	395	16900000	21	34.02
Macroglossum_stellatarum	gfastats	104	471987716	16495016	13	640	1782645	83	37.07
Macrophya_alboannulata	gfastats	49	245239222	37453143	3	465	1167444	63	37.50
Macrophya_annulata	gfastats	29	236804564	38433985	3	273	2054876	32	35.46
Macrophya_punctumalbum	gfastats	271	262520468	25346833	5	1205	459355	155	37.24
Macrophya_ribis	gfastats	11	219907502	23967316	4	65	10350042	7	36.91
Macropis_europaea	insdc_release	2153	541840950	22679440	8	2460	8431811	15	
Macrothylacia_rubi	gfastats	24	581358840	44298237	6	47	35365541	7	35.48
Maea_johnstoni	gfastats	1251	881621989	46584540	8	9986	141581	1774	37.51
Magallana_gigas	gfastats	30	564004028	57274926	5	185	7289204	23	33.55
Magdalis_barbicornis	gfastats	2801	1457495962	66004839	8	8182	305274	1168	33.72
Magdalis_cerasi	gfastats	3416	1665122682	77827345	9	9647	321191	1209	33.96
Malachius_bipustulatus	insdc_release	1475	542319742	945557	162	1480	945557	162	
Malacoceros_girardi	gfastats	1719	2062074448	114639858	9	7640	530523	1211	35.81
Malacosoma_castrense	gfastats	98	551140820	19431728	13	227	8003744	23	36.63
Malacosoma_neustria	gfastats	37	567734030	21044201	12	99	10905316	19	37.38
Malthinus_flaveolus	gfastats	8	236723918	36462998	2	106	3462109	19	34.21
Malthinus_seriepunctatus	gfastats	49	338830915	55191692	2	334	2081540	46	32.60
Malthodes_marginatus	gfastats	401	343839042	44463143	3	512	7986321	13	32.21
Malthodes_minimus	gfastats	191	583620766	89909434	3	692	1842732	90	34.71
Malus_domestica	gfastats	28	647358101	37047584	8	55	27105993	10	38.11
Malus_sylvestris	gfastats	34	641560122	36902754	8	135	8322097	25	38.07
Malus_x_robusta	gfastats	37	621359780	35755900	8	166	6999877	27	38.05
Malva_arborea	gfastats	455	567233742	29279833	9	604	5734000	31	33.67
Malva_neglecta	gfastats	452	577613388	27335881	9	617	5307401	36	33.67
Malva_sylvestris	gfastats	711	604509543	28190246	9	957	3239458	51	35.08
Mamestra_brassicae	insdc_release		23004467			292	552583	14	
Maniola_jurtina	insdc_release	32	402054102	15090120	13	53	13288869	14	
Maniola_tithonus	gfastats	89	397671649	15039019	13	167	6786974	21	36.88
Marasmarcha_lunaedactyla	insdc_release		573404466			1863	817427	224	37
Marasmius_cohaerens	gfastats	12	68175056	7285252	5	110	1581183	14	45.14
Marchantia_polymorpha	gfastats	1023	264510060	30838473	5	1296	1582237	53	43.53
Marchantia_quadrata	gfastats	226	696986155	49452906	6	1027	1529397	131	43.63
Mareca_penelope	insdc_release	1193	1246711686	78484091	5	1275	19052000	21	42.5
Mareca_strepera	insdc_release	1156	1300614387	66097916	6	2005	2097805	172	42.5
Marsupella_aquatica	gfastats	68	231840394	27139421	4	283	1633460	44	44.36
Marsupella_emarginata	gfastats	90	256085643	31141989	4	310	1828614	45	44.61
Martes_martes	insdc_release	477	2484650161	146289188	7	2727	1599794	493	42.5
Marthasterias_glacialis	insdc_release	1396	501817965	923542	159	1417	906929	163	
Marvania_coccoides	gfastats	15	22464571	1767042	5	20	1491320	5	54.85
Mastigophora_woodsii	gfastats	48	2273539620	255097285	4	254	17175386	43	41.86
Matricaria_chamomilla	gfastats	61	2461879362	291094366	4	661	6422802	118	36.61
Matricaria_discoidea	gfastats	217	2092032953	256210049	4	680	7407913	87	35.86
Matthiola_sinuata	gfastats	205	2066947055	276710281	4	1625	2317000	275	40.12
Mechanitis_lysimnia	gfastats	18	243841188	20627368	6	63	10569590	8	30.25
Mechanitis_polymnia	gfastats	37	268104561	17192009	8	100	10955740	10	30.46
Meconema_thalassinum	gfastats	455	9039075905	991394496	3	2252	9856111	253	40.27
Mecyna_asinalis	gfastats	61	471921692	16490431	13	89	14575615	14	36.94
Mecyna_flavalis	gfastats	39	531631657	18615685	13	84	14695975	15	37.48
Medicago_arabica	gfastats	109	515954536	64674077	4	235	6476079	24	34.03
Medicago_lupulina	gfastats	20	575848570	69616069	4	485	2915500	61	34.21
Meesia_triquetra	gfastats	613	292405161	34848848	4	987	1320297	70	42.78
Megachile_leachella	gfastats	299	572981880	15071797	14	440	4596250	35	34.06
Megachile_ligniseca	gfastats	676	290044579	14111993	9	701	14111993	9	34.90
Megachile_maritima	gfastats	992	414149972	14708316	12	1185	3051711	32	35.69
Megachile_willughbiella	insdc_release	338	413963746	15284273	11	348	14767377	12	41
Megalepthyphantes_collinus	gfastats	3791	1113025550	79211922	7	9780	244251	1321	32.29
Megalonotus_praetextatus	gfastats	1823	2500687177	362856510	3	4097	1506233	487	36.37
Megamerina_dolium	gfastats	8	500527914	74270313	3	164	4493370	34	34.53
Meganola_albula	insdc_release		360425271			486	1714907	62	36.5
Megatoma_undata	gfastats	1006	417178869	40739288	5	1094	6947368	18	33.43
Melampyrum_pratense	gfastats	1234	7014544386	763268156	5	2005	17340000	120	41.01
Melampyrum_sylvaticum	gfastats	39	4365145314	518619984	4	1110	7117492	192	40.73
Melanargia_galathea	insdc_release	1148	581506946	1107053	158	1149	1106272	158	
Melanchra_persicariae	gfastats	46	647911175	21548939	14	108	11584858	19	38.79
Melangyna_compositarum	gfastats	1700	999973627	253175270	2	5196	368104	810	32.73
Melangyna_quadrimaculata	gfastats	216	951933593	485851375	1	1428	1618830	171	34.20
Melanomya_nana	gfastats	97	1392010612	251615676	3	430	7687960	58	30.59
Melanophora_roralis	gfastats	116	565136330	97632154	3	452	3908477	42	31.58
Melanostoma_mellinum	insdc_release	521	773109603	4565599	52	526	4565599	52	
Melanostoma_scalare	gfastats	144	738179629	241717587	2	701	2344216	93	36.97
Melanotus_villosus	gfastats	79	803481935	80210941	4	187	13836834	21	33.56
Melanthia_procellata	gfastats	37	255531527	8959122	13	117	6706914	15	37.71
Melica_uniflora	gfastats	123	2222696031	245214545	4	133	187394101	5	44.57
Melieria_crassipennis	gfastats	117	414010554	125911761	2	360	3041392	39	38.09
Melieria_omissa	gfastats	174	490557876	127743786	2	351	4091810	33	38.76
Melieria_picta	gfastats	143	423834311	134711152	2	630	1577180	81	38.03
Melilotus_altissimus	gfastats	153	1237580077	156472446	4	610	9368166	35	36.01
Melinna_palmata	gfastats	613	2295718412	139850088	7	2085	2843922	241	37.92
Melinopterus_prodromus	gfastats	711	645636312	66599450	4	1265	1982000	78	35.71
Meliscaeva_auricollis	gfastats	43	385165895	96515288	2	207	4898463	28	32.79
Meliscaeva_cinctella	gfastats	117	753351388	225988982	2	653	2953125	78	33.37
Melitaea_athalia	insdc_release		590748717			836	4262437	45	
Melitaea_cinxia	insdc_release	31	484462241	17331753	13	529	1831849	79	34
Melitta_haemorrhoidalis	gfastats	4953	1420102147	782365	308	5269	735991	320	42.62
Melittis_melissophyllum	gfastats	101	437224166	25553823	7	239	4481693	31	36.40
Mellicta_athalia	insdc_release		590748717			836	4262437	45	
Melolontha_melolontha	insdc_release	55	1656884461	180468607	4	563	5929690	82	33
Membranipora_membranacea	insdc_release		304400989			278	2655483	37	
Menophra_abruptaria	gfastats	103	430239607	15096104	13	153	9018400	16	37.16
Mentha_aquatica	gfastats	556	1305270422	26071522	22	1244	3150000	122	37.39
Mercurialis_annua	gfastats	65	453773921	56051264	4	80	35553452	6	33.92
Mergellus_albellus	insdc_release	910	1160594237	65538291	5	1541	2538332	127	42.5
Mergus_serrator	insdc_release	2560	1413277592	65261140	8	3156	2748324	142	43
Merodon_equestris	gfastats	272	872988745	129753689	3	463	5555269	41	39.77
Meromyza_pratorum	gfastats	1201	793303382	243111139	2	4783	286421	785	35.59
Merrifieldia_baliodactyla	gfastats	41	298214767	10144369	13	80	10144369	13	36.67
Merrifieldia_leucodactyla	gfastats	61	414619230	14314868	13	134	7573594	20	36.61
Merzomyia_westermanni	gfastats	18	986173515	160295369	3	259	9319020	34	36.51
Mesapamea_secalis	gfastats	550	1033838288	32267030	15	670	10472081	35	38.98
Mesoleptidea_cingulata	gfastats	312	433951183	32103789	6	463	6170250	23	37.55
Mesoligia_furuncula	insdc_release	1136	870828391	1682941	165	1137	1682941	165	
Mesoligia_literosa	gfastats	125	742963515	24279752	14	176	23645564	15	38.78
Mesoplodon_mirus	insdc_release	2757	3442419404	115717908	10	3997	3298322	310	42.5
Mesopsocus_fuscifrons	gfastats	21	184352988	21655844	5	276	1168996	48	41.73
Mesoptychia_rutheana	gfastats	125	835912316	47075188	7	410	5323172	49	43.67
Meta_bourneti	insdc_release	471	1382750151	104066336	7	945	8589329	45	35.5
Metalampra_italica	gfastats	32	319385554	11389890	13	58	9319444	14	39.11
Metellina_segmentata	gfastats	178	1665125926	129427594	7	1060	3433000	145	35.55
Meteorus_filator	gfastats	43	136157555	15768742	4	131	4601255	10	34.70
Meteorus_ictericus	gfastats	20	137803110	16246068	4	221	1328045	32	34.69
Meteorus_pendulus	gfastats	15	142726305	16601023	4	26	12604740	5	34.69
Meteorus_rubens	gfastats	123	142838515	14447070	5	307	2438758	16	34.32
Metoecus_paradoxus	gfastats	76	100388454	14268511	3	295	698376	45	22.33
Metopia_argyrocephala	gfastats	62	626947346	149280999	2	167	9607850	18	30.92
Metridium_senile	gfastats	251	390902175	20827098	6	590	1819000	66	35.39
Metriotes_lutarea	gfastats	186	513882715	17198100	14	199	16313157	14	37.14
Metschnikowia_zobellii	insdc_release	15	13530125	1873630	3	16	1873630	3	48
Metzneria_aprilella	gfastats	53	700671305	19343835	8	235	16863269	16	38.18
Metzneria_lappella	gfastats	32	481546966	15469084	10	41	15298078	10	38.15
Metzneria_neuropterella	gfastats	48	527569234	17885685	12	58	17037643	14	37.48
Microcara_testacea	gfastats	100	677305610	52494400	6	115	34394507	8	30.23
Microchirus_variegatus	insdc_release	188	724694306	29835075	10	642	2444644	90	40.5
Microchrysa_polita	gfastats	99	846658994	110221473	3	580	2833571	90	38.37
Microdon_myrmicae	gfastats	66	1366191544	194795503	3	645	4014998	105	40.88
Microlinyphia_pusilla	gfastats	407	1072710505	81309436	7	595	9293699	37	31.77
Microlophium_carnosum	gfastats	23	456989955	37251608	3	33	33914000	6	30.16
Micromesistius_poutassou	insdc_release	9852	984462869	252240	463	13768	118878	2097	46
Micromys_minutus	insdc_release		476356972			5020	505805	182	39.5
Microphor_holosericeus	gfastats	5126	1437688854	201370931	4	15096	158717	2702	31.77
Microplitis_deprimator	gfastats	136	233239307	21403585	5	1428	406183	120	30.90
Micropterix_aruncella	gfastats	827	1079211800	35295981	13	4033	540406	571	37.16
Microrhagus_pygmaeus	gfastats	196	320831068	28484166	6	557	1272189	69	36.83
Microstomus_kitt	insdc_release		928207996			7487	622647	359	42
Microtus_agrestis	insdc_release	1296	3031284764	96121408	11	1645	13475000	60	41.5
Miltochrista_miniata	insdc_release	110	1057002560	37487092	13	184	16479611	22	39
Mimachlamys_varia	gfastats	83	975381475	50749371	9	171	19361000	19	36.72
Mimas_tiliae	insdc_release	30	477981037	17899878	12	41	17797476	13	
Mimulus_peregrinus	gfastats	342	875821911	19651683	19	625	7256661	48	35.72
Mimumesa_dahlbomi	insdc_release	304	286164066	14283648	8	354	9606734	11	
Minettia_fasciata	gfastats	25	683104780	124064727	3	239	6643566	32	33.47
Miniopterus_schreibersii	insdc_release	168	1693881420	84995947	7	1305	2346505	208	42.5
Mirificarma_mulinella	gfastats	110	658367579	21589240	12	259	7485854	28	37.80
Miris_striatus	gfastats	69	1183797795	72451790	7	327	7317798	45	40.39
Misopates_orontium	gfastats	30	361730048	47284787	4	63	13838486	10	35.73
Moehringia_trinervia	gfastats	254	1244753530	103006838	6	456	10545392	36	36.44
Molanna_angustata	gfastats	131	994864955	37008082	12	874	2095000	144	32.38
Mompha_epilobiella	gfastats	190	328218597	11146000	13	923	778290	129	34.69
Mompha_miscella	gfastats	797	499350425	17029940	13	4092	233634	610	36.10
Mompha_subbistrigella	gfastats	38	337273470	11907169	11	134	5186894	24	35.09
Monacha_cantiana	gfastats	1408	2063357571	85311451	9	4868	941584	686	39.69
Monochroa_lutulentella	gfastats	53	591863433	16453977	7	82	14893231	14	39.04
Monochroa_tenebrella	gfastats	319	441974567	14046260	11	691	2209355	55	37.72
Mononychus_punctumalbum	gfastats	36	384632552	31290284	5	71	14901000	10	31.25
Monopis_laevigella	gfastats	36	632608541	26464553	10	109	12832485	19	34.18
Monopis_weaverella	gfastats	269	547728836	22003946	10	1064	1312235	123	33.82
Monostegia_abdominalis	gfastats	753	191069787	10535588	7	2944	110282	472	39.92
Monotoma_picipes	gfastats	1397	183109997	11246844	8	1526	1957789	25	29.85
Mormo_maura	gfastats	48	504571694	17191984	14	114	9907750	19	37.90
Mortierella_fluviae	gfastats	59	53027211	3056199	7	79	2650929	8	48.06
Motacilla_cinerea	insdc_release	75	1239185874	74311177	6	101	38625624	8	44
Motacilla_flava	insdc_release	46	1217930904	73327407	6	59	51352781	7	44
Mucor_piriformis	gfastats	8	34942049	18443047	1	9	18443047	1	37.07
Mullus_surmuletus	insdc_release	131	569117735	26015219	9	667	2381320	62	45.5
Muntiacus_reevesi	insdc_release	268	2656184892	114544513	7	950	5780196	142	42
Mus_musculus	gfastats	179	2770968735	132150484	9	280	39533248	23	41.38
Muscardinus_avellanarius	insdc_release	213	2497520702	119481734	8	2018	2432660	310	41.5
Muscicapa_striata	insdc_release	167	1516191245	44684014	8	345	10566087	41	44
Muscina_levida	gfastats	381	805186964	153495895	3	1472	1877730	135	35.14
Musotima_nitidalis	gfastats	42	555651201	19407673	13	99	10916885	18	36.60
Mustela_erminea	insdc_release	94	2445217281	130149454	8	293	36329944	19	
Mustela_nivalis	insdc_release	2239	2835054152	121453323	9	4948	1178999	721	42.5
Mustelus_asterias	insdc_release	5314	3679792345	109010392	13	8904	1197343	829	45.5
Myathropa_florea	insdc_release	152	485103743	132857545	2	289	8948556	17	40.5
Mycena_galericulata	gfastats	196	104986843	8612780	6	491	892406	34	51.47
Mycetophagus_atomarius	gfastats	30	140073457	14289502	4	136	3526068	12	30.45
Mycetophagus_piceus	gfastats	163	169628257	16108877	4	448	1957516	22	31.32
Mycetophagus_quadripustulatus	gfastats	12	118983894	13851735	3	35	9540424	5	32.72
Mycetophila_formosa	gfastats	258	188418755	27461589	4	1810	164595	325	41.19
Mycetophila_fungorum	gfastats	362	210873491	27155444	4	616	3326267	16	43.47
Myennis_octopunctata	gfastats	10	303590959	58699422	3	76	15163053	7	35.41
Myodes_glareolus	insdc_release	189	2585111086	90684812	11	471	14620921	54	42
Myopa_buccata	gfastats	122	322875959	65625899	3	627	1097874	86	36.08
Myopa_tessellatipennis	gfastats	6	249275748	65812558	2	19	39921807	3	36.72
Myopa_testacea	gfastats	132	257567039	64217599	2	464	1458000	44	36.80
Myotis_daubentonii	insdc_release		1938252784			4930	975345	606	43.5
Myotis_emarginatus	insdc_release	402	2109797427	96276321	7	1942	2127843	301	42.5
Myotis_mystacinus	insdc_release	327	1943289057	98765083	6	1741	2254345	249	43
Myotis_nattereri	insdc_release	319	1930603033	97795217	6	1706	2100158	275	43.5
Myrica_gale	gfastats	27	644412481	26842264	12	157	21639016	13	38.21
Myriophyllum_alterniflorum	gfastats	78	244819399	32916660	4	217	5546270	14	36.72
Myriophyllum_aquaticum	gfastats	2412	790643021	37100540	10	2592	8711000	31	36.90
Myriophyllum_spicatum	gfastats	768	830270393	38741818	10	896	12369000	25	34.93
Myriophyllum_verticillatum	gfastats	1019	427888866	28669220	7	1279	3366572	41	35.96
Myrrha_octodecimguttata	gfastats	1067	769912521	72739419	5	1153	9660000	23	36.56
Myrrhis_odorata	gfastats	61	736489095	69712319	5	132	27588517	10	35.41
Mysia_undata	gfastats	312	1613725160	85061451	8	1564	1923934	256	37.55
Mystacides_azureus	gfastats	59	622416188	31365725	9	176	7836599	27	35.21
Mystacides_longicornis	gfastats	38	665109236	33624892	9	246	5126945	41	34.66
Mythimna_albipuncta	insdc_release	34	698566279	23908972	13	41	23732277	14	38
Mythimna_conigera	gfastats	63	850221873	28898610	14	161	10504398	26	38.97
Mythimna_ferrago	insdc_release	47	861042006	27874102	14	63	27190380	15	
Mythimna_impura	gfastats	58	935348972	30601083	15	105	24326301	16	39.13
Mythimna_lalbum	gfastats	33	691886654	23072105	14	117	9459547	25	38.96
Mythimna_pallens	gfastats	33	719100281	25192387	14	97	14353839	19	38.58
Mythimna_pudorina	gfastats	66	853235177	28687776	14	126	20648919	17	39.01
Mythimna_straminea	gfastats	66	887081450	29760021	14	80	29412729	15	39.17
Mythimna_vitellina	gfastats	40	726695790	25372425	14	87	15239282	17	38.53
Mytilus_edulis	gfastats	2369	1368430993	93447462	7	3558	1737898	235	32.39
Mytilus_galloprovincialis	gfastats	339	1385388320	98048912	7	552	12118000	39	32.38
Myxine_glutinosa	insdc_release	24876	2754027477	187206	4274	24878	187206	4274	44.5
Myzus_persicae	gfastats	7	427184827	91504894	2	62	73490526	3	31.05
Nacerdes_melanura	gfastats	139	530914942	65472910	3	213	38393140	5	37.82
Nalassus_laevioctostriatus	gfastats	1426	534586778	51132463	5	1691	2823984	54	35.61
Nanogona_polydesmoides	gfastats	321	406277844	25383153	7	1194	780963	139	39.76
Nansenia_antarctica	insdc_release	1177	1085794659	66745282	7	4476	750607	386	45
Nardia_scalaris	gfastats	188	351855666	41155346	4	395	2618947	40	45.23
Narthecium_ossifragum	gfastats	159	379436309	28566898	6	2846	213202	545	42.64
Nasturtium_officinale	gfastats	32	225394506	14505831	7	266	1424452	46	35.44
Natrix_helvetica	insdc_release	487	1777516490	172830377	4	2497	1870695	266	41.5
Nebria_brevicollis	gfastats	425	241934194	13798286	7	788	2458479	29	33.09
Nebria_salina	gfastats	552	256740106	11282846	7	745	3131785	24	32.26
Neckera_pumila	gfastats	46	339573208	31052031	4	167	3724133	25	37.26
Nedyus_quadrimaculatus	gfastats	1012	1228358368	67122161	6	1842	3660000	92	34.75
Nemapogon_clematella	gfastats	79	282256264	10218000	11	83	10168670	11	34.11
Nemapogon_koenigi	gfastats	53	382963939	12956294	13	237	3425311	36	35.34
Nemapogon_ruricolella	gfastats	39	337282249	11627825	13	176	5868216	22	35.41
Nematopogon_swammerdamellus	gfastats	41	699520461	23985694	13	258	5510598	40	41.42
Nematostella_vectensis	gfastats	54	269889592	18081847	7	197	4034881	21	40.77
Nemophora_degeerella	gfastats	448	498257609	21670944	9	2797	317846	461	37.83
Nemophora_metallica	gfastats	62	710853154	25217423	12	272	4782677	43	37.55
Nemopoda_nitidula	gfastats	30	178463094	29829044	3	199	1669000	36	38.38
Nemotelus_nigrinus	gfastats	637	722201843	217608999	2	3490	1637451	78	37.08
Nemotelus_notatus	gfastats	144	1356019554	349667576	2	444	9238803	41	39.79
Nemotelus_pantherinus	gfastats	150	804710455	241309138	2	686	7095600	26	36.83
Nemotelus_uliginosus	gfastats	465	963485098	244958781	2	674	10119911	29	38.91
Nemoura_dubitans	insdc_release	41	321017140	53077913	3	158	5169658	19	44
Nemurella_pictetii	insdc_release		219787140			981	522207	121	44
Neoascia_interrupta	gfastats	39	601923271	219059534	2	373	4001592	35	38.99
Neoascia_tenur	gfastats	93	491784198	169641362	2	204	7094218	23	37.00
Neocochylis_molliculana	gfastats	72	420555539	14428567	11	94	11514946	15	37.85
Neocrepidodera_transversa	gfastats	283	671316925	29279830	10	469	5881602	36	29.94
Neofaculta_ericetella	gfastats	57	464758636	16429263	13	65	16429263	13	37.27
Neoitamus_cothurnatus	gfastats	140	603592076	114045897	3	241	25730000	7	37.84
Neoitamus_cyanurus	gfastats	17	365510276	42716038	4	95	6868000	16	38.01
Neoorthocaulis_attenuatus	gfastats	105	690338010	74533173	4	329	5595737	39	43.17
Neottiglossa_pusilla	gfastats	134	1261261442	162253702	3	953	2885499	126	32.95
Neoturris_pileata	gfastats	49	599711826	40169566	7	179	12885932	16	34.85
Neovison_vison	insdc_release	351	2662777898	217713070	6	3200	1455681	566	42.5
Nephrocerus_scutellatus	gfastats	9	613391848	119915786	3	267	4302369	41	37.99
Nephrotoma_appendiculata	gfastats	423	1138061071	375927842	2	1102	3235052	103	33.07
Nephrotoma_flavescens	insdc_release		1007026532			7397	387868	730	32.5
Nephrotoma_guestfalica	gfastats	136	916063554	307551131	2	1020	2123086	122	34.12
Nereis_zonata	gfastats	189	1139207879	70548460	6	316	20609000	17	37.72
Neria_commutata	gfastats	9	273074360	47587461	3	136	3039449	26	38.81
Netelia_cristata	gfastats	25	236291286	40897350	3	195	2762334	21	42.41
Netelia_fuscicornis	gfastats	755	324758365	47279114	4	920	4036708	20	42.30
Netelia_inedita	gfastats	526	403637960	36331929	5	823	1389800	79	44.56
Netelia_infractor	gfastats	611	401020033	39972744	5	1046	1410844	57	49.58
Netelia_melanura	gfastats	632	253894662	39449259	3	2148	237000	282	40.29
Netelia_thomsonii	gfastats	526	403637960	36331929	5	823	1389800	79	44.56
Netelia_virgata	gfastats	151	249708225	46467545	3	603	1032722	70	39.92
Netta_rufina	insdc_release	3206	968137862	1084822	246	3207	1084822	246	42
Neurigona_quadrifasciata	gfastats	100	582547862	135253407	2	603	2424071	69	26.52
Nicotiana_alata	gfastats	479	1813443716	183167331	4	557	38673091	18	40.61
Nicrophorus_investigator	gfastats	128	202291714	28407949	4	241	3077846	22	31.33
Nigrotipula_nigra	gfastats	725	1686167432	547433922	2	1735	3431969	142	33.95
Nineta_flava	gfastats	188	732353473	119373907	3	465	5799206	41	30.36
Noctua_comes	gfastats	46	540735880	18283226	14	50	18283226	14	38.45
Noctua_fimbriata	insdc_release	52	573955380	18977511	14	267	4379755	38	
Noctua_janthe	insdc_release	33	532786062	18438343	14	41	18438343	14	
Noctua_janthina	gfastats	32	539718606	18542558	14	88	10068958	20	38.73
Noctua_pronuba	insdc_release	50	529194529	17891575	14	75	16195000	15	
Noctuidae_sp_SAN22000473	gfastats	103	496185601	17623984	13	155	13289026	15	37.10
Nogopterium_gracile	gfastats	295	383248936	30449348	5	934	880442	129	37.88
Nomada_fabriciana	insdc_release	194	233603770	18567632	6	224	13396754	7	
Nomada_ferruginata	gfastats	63	310521597	17220278	8	80	12758063	9	42.25
Nomada_flava	gfastats	114	308446685	19641500	6	153	12675410	9	42.48
Nomada_fucata	gfastats	37	264084769	31296684	4	119	5664464	14	43.38
Nomada_goodeniana	gfastats	203	216389001	27135048	4	380	3222345	20	43.19
Nomada_hirtipes	gfastats	103	316499700	17418997	7	216	4083930	24	43.01
Nomada_lathburiana	gfastats	83	269712933	15962000	7	101	13077505	8	42.58
Nomada_panzeri	gfastats	85	303929527	18709531	7	214	4952858	19	42.48
Nomada_ruficornis	gfastats	170	273031491	14982175	8	227	7170000	14	42.01
Nomada_rufipes	gfastats	1136	336659491	11682463	11	1288	3905049	28	44.80
Nomada_zonata	gfastats	251	232380030	27528164	4	458	4681710	17	41.84
Nomophila_noctuella	gfastats	44	438101957	15483321	13	237	3354197	44	37.73
Norellia_spinipes	gfastats	160	568011858	102417443	3	744	1629861	100	30.77
Nothochrysa_capitata	gfastats	1528	688447097	61893665	4	1599	19002780	13	28.23
Notiophilus_biguttatus	gfastats	460	490373994	22792868	9	577	3818127	36	29.95
Notocelia_roborana	gfastats	54	866361362	30957304	10	97	24559507	13	38.24
Notocelia_uddmanniana	insdc_release	49	794123667	28990537	11	238	6700113	36	
Notodonta_dromedarius	insdc_release	146	341992784	12059830	13	168	10324145	14	
Notodonta_ziczac	insdc_release		348921405			183	5097237	23	38
Notolepis_coatsi	insdc_release	36180	3043131496	146774	5296	36192	146774	5296	44.5
Notoxus_monoceros	gfastats	720	1173075296	130424048	5	1020	5447211	65	32.19
Nowickia_ferox	insdc_release	104	670715075	116629194	3	242	35222213	8	31
Nudaria_mundana	gfastats	139	643944256	21811653	13	2003	531108	372	39.48
Numenius_arquata	insdc_release	811	1198356613	63779631	7	1504	2824112	116	43.5
Nuphar_lutea	gfastats	189	2246090050	147652483	7	380	30242377	25	37.83
Nuphar_pumila	gfastats	886	2131651552	128264041	8	993	82605489	10	37.71
Nyctalus_leisleri	insdc_release	1281	2233532335	90881000	8	2943	1871731	355	43
Nycteola_revayana	gfastats	45	621039493	21960024	11	110	11315063	19	36.47
Nyctia_halterata	gfastats	74	636066515	119274920	3	488	3421174	57	32.33
Nymphalis_c_album	gfastats	37	363603066	12787123	13	44	12616632	13	33.58
Nymphalis_io	insdc_release	42	384172283	13340570	14	52	12944774	14	
Nymphalis_polychloros	insdc_release	179	375036897	5147969	24	182	5147969	24	
Nymphalis_urticae	insdc_release		392919256			40	13174285	14	
Nymphoides_peltata	gfastats	180	722410841	24727578	12	395	10548709	27	35.70
Nymphula_nitidulata	gfastats	41	635785502	22210000	13	46	21168000	13	36.72
Nysson_spinosus	gfastats	159	314635965	9740424	12	218	7396645	16	38.71
Nysson_trimaculatus	gfastats	597	301337559	10247200	12	798	1895111	46	39.02
Ochlerotatus_rusticus	gfastats	141	2132527672	796577548	2	945	4547528	145	38.93
Ochlodes_sylvanus	gfastats	33	379686204	13557832	13	127	6806391	18	36.85
Ochropacha_duplaris	gfastats	57	354749143	12796443	13	92	9491029	15	36.32
Ochropleura_leucogaster	gfastats	38	545738609	18695136	14	75	14664511	16	37.62
Ochropleura_plecta	insdc_release	1048	617411268	5038555	41	1051	5038555	41	
Ocypus_olens	gfastats	188	1083870417	57303393	9	733	4567902	70	32.53
Ocys_tachysoides	gfastats	273	493776323	44569281	4	538	3804920	33	30.08
Odiellus_spinosus	gfastats	311	443687896	23904202	8	541	3575313	36	34.90
Odontocerum_albicorne	gfastats	1268	1287343752	44898628	13	6038	387033	946	33.78
Odontomyia_argentata	gfastats	1731	1950497375	429267467	2	3601	2515841	212	38.72
Odontomyia_ornata	gfastats	204	2045367925	357693088	3	818	7362578	82	39.04
Odontomyia_tigrina	gfastats	1803	1798640014	315421763	3	2452	5255893	100	38.26
Odontopera_bidentata	gfastats	335	494547368	17505727	13	627	2918779	44	38.35
Odontoschisma_sphagni	gfastats	81	518362222	61594243	4	473	2333971	66	42.67
Oecetis_lacustris	gfastats	45	685228809	30135991	10	112	12601905	19	31.45
Oedemera_lurida	gfastats	889	1284772064	88392728	6	1273	4848000	77	39.12
Oedipodium_griffithianum	gfastats	137	269713578	24451873	4	1300	334095	255	44.82
Oegoconia_quadripuncta	gfastats	45	622656778	36190098	8	177	6683120	29	36.97
Oenanthe_lachenalii	gfastats	204	609697629	58018748	5	821	1539000	116	34.24
Oenanthe_oenanthe	insdc_release	81	1320648424	71826620	7	115	43191474	9	43.5
Oenothera_biennis	gfastats	147	952353667	140622947	4	167	85900563	4	45.67
Oidaematophorus_lithodactyla	gfastats	228	385937022	12614000	14	244	11883693	15	35.61
Oligia_fasciuncula	gfastats	38	617739502	21512857	13	98	11923736	19	38.57
Oligia_latruncula	gfastats	34	564103159	19611206	13	110	9599730	20	38.50
Oligia_strigilis	gfastats	963	626116773	20522485	14	3345	393240	470	38.48
Oligotrichum_hercynicum	gfastats	159	409246200	64585166	3	482	2399871	56	40.66
Omonadus_floralis	gfastats	51	504525050	57693452	4	147	22317565	9	30.71
Omosita_discoidea	gfastats	280	942373862	83263543	5	594	19418450	14	30.99
Omphaloscelis_lunosa	insdc_release	50	661874710	22138921	14	61	21574654	15	
Omphiscola_glabra	gfastats	37	744797483	41458688	7	326	3669713	61	37.93
Onchidella_celtica	gfastats	115	1141029958	61404578	8	1038	1962700	177	40.23
Ononis_reclinata	gfastats	97	1196663988	39932449	12	1167	2277296	158	33.12
Ontholestes_murinus	gfastats	1442	1023326090	74692260	6	4108	662260	426	31.38
Operophtera_brumata	insdc_release	40	619179106	43329000	5	64	24133000	8	39
Ophiocomina_nigra	gfastats	1988	1761208584	68793918	12	4888	900404	602	37.15
Ophion_confusus	gfastats	391	697721313	54525933	6	3135	414858	483	38.72
Ophion_costatus	gfastats	195	519402440	42526767	6	1855	555036	248	40.05
Ophion_crassicornis	gfastats	575	726381627	55841190	6	3826	368895	565	38.74
Ophion_ellenae	gfastats	209	650320565	51501536	6	1961	657725	281	39.05
Ophion_forticornis	gfastats	2010	682599134	48518991	6	8719	123193	1571	38.86
Ophion_obscuratus	gfastats	329	742628716	57779928	6	2895	505137	420	38.64
Ophion_slaviceki	gfastats	572	654238417	50234018	6	2836	472634	399	38.84
Ophion_variegatus	gfastats	164	738797047	58923316	6	2418	655748	339	38.72
Ophion_ventricosus	gfastats	622	436823725	31043478	7	3060	314174	383	38.74
Ophion_wuestneii	gfastats	497	651154554	47137254	6	2025	803917	219	38.71
Ophiothrix_fragilis	gfastats	1313	1646996432	71490132	11	1834	5666363	82	35.24
Ophonus_ardosiacus	gfastats	74	911917119	52059326	8	302	8331656	33	30.83
Opilo_mollis	gfastats	413	1597812280	173272706	4	932	5501207	89	35.55
Opisthograptis_luteolata	insdc_release	43	365253957	13236533	13	48	13097472	13	38.5
Opomyza_florum	gfastats	109	274447986	46350942	2	269	2270000	31	42.89
Opomyza_germinationis	gfastats	573	315952623	47571614	2	1390	418072	217	42.80
Orchesella_cincta	gfastats	123	296004151	54533228	3	447	1542939	53	36.66
Orchesella_flavescens	gfastats	14	273703962	51764802	3	250	2415455	36	36.07
Orchesia_undulata	gfastats	33	226809626	26832798	4	179	4513838	18	38.40
Orchestes_rusci	gfastats	121	624046445	81830918	3	933	1248716	145	35.59
Orcinus_orca	insdc_release		1882900201			12410	374481	1338	42
Orgyia_antiqua	insdc_release	19	480110421	34414056	7	27	32004277	7	
Orgyia_recens	gfastats	85	533691634	18647209	13	335	7216682	26	34.19
Ormyrus_nitidulus	gfastats	363	461004763	80563474	3	2528	361247	317	37.73
Ornithomya_avicularia	gfastats	10	161172127	28842293	3	128	2327322	23	33.03
Ornithomya_chloropus	gfastats	9	193190450	56870124	2	125	2666834	23	33.51
Ornithomya_fringillina	gfastats	15	172816623	27564397	3	146	1968350	31	32.78
Ornithopus_perpusillus	gfastats	44	529410958	82813887	3	267	3663699	43	37.96
Orobanche_alba	gfastats	282	2790046962	145087094	9	366	51654872	16	40.74
Orobanche_hederae	gfastats	505	2364042500	125328918	9	730	23231814	32	40.68
Orobanche_minor	gfastats	153	2550097085	143805354	8	272	45978829	20	40.55
Orthetrum_coerulescens	gfastats	3353	1338287935	74698641	8	7357	373060	993	36.36
Orthonevra_brevicornis	gfastats	452	788629151	185719601	2	740	3993696	52	37.28
Orthonevra_nobilis	gfastats	515	512011061	144718074	2	943	2027990	61	36.48
Orthosia_cerasi	gfastats	56	1022226171	35895517	12	620	3998917	69	38.36
Orthosia_cruda	gfastats	196	1229938701	42845720	12	816	3185382	120	38.41
Orthosia_gothica	gfastats	338	1065129911	32428790	14	1142	2254692	147	38.10
Orthosia_gracilis	gfastats	20	715548976	52000109	6	92	14109635	18	37.60
Orthosia_incerta	gfastats	164	946262002	32315740	12	456	5146806	54	38.58
Orthotaenia_undulana	gfastats	94	415826508	15095000	11	173	7258786	20	38.31
Orthothecium_rufescens	gfastats	350	313989162	28669415	4	1124	622331	147	38.84
Orthotrichum_anomalum	gfastats	177	292903152	28275170	4	908	616961	140	37.82
Orthotrichum_lyellii	gfastats	99	311049274	48473649	3	885	645035	158	38.40
Orthotrichum_pulchellum	gfastats	53	258798037	24887537	4	841	489673	156	37.58
Orthotrichum_striatum	gfastats	105	262087396	40020148	3	657	717462	105	37.83
Oryctolagus_cuniculus	insdc_release	222	2804674863	144279705	8	2498	2030165	443	44
Orygma_luctuosum	gfastats	403	265370450	35272055	4	660	1074702	73	38.23
Osmerus_eperlanus	insdc_release	1008	508737883	18633437	12	3470	396237	272	45.5
Osmia_bicolor	gfastats	73	252546669	26152078	5	293	2220627	29	40.87
Osmia_bicornis	insdc_release	853	198064647	893605	54	859	893605	54	
Osmia_bicornis_bicornis	insdc_release	853	198064647	893605	54	859	893605	54	
Osphya_bipunctata	gfastats	480	2524735108	301730695	4	1948	3001164	250	37.75
Ostrea_edulis	gfastats	53	894803243	94306699	5	658	2427391	112	35.49
Ostrinia_nubilalis	gfastats	53	495515798	16461208	14	70	15546852	14	37.63
Othius_punctulatus	gfastats	471	870474623	97110198	4	669	7685560	37	32.98
Otiorhynchus_armadillo	gfastats	55	1720106050	177336740	5	116	59069498	10	33.42
Otiorhynchus_porcatus	gfastats	378	967958407	89034807	5	509	25587273	14	30.95
Otiorhynchus_rugosostriatus	gfastats	38	397515838	13769150	13	75	13140803	14	38.41
Otis_tarda	insdc_release	514	1179491724	83185579	4	964	4272575	91	44
Ourapteryx_sambucaria	gfastats	149	508746680	17399501	13	231	10346104	18	37.27
Oxalis_acetosella	gfastats	30	2402075800	222255001	5	105	89273382	8	38.77
Oxalis_corniculata	gfastats	152	497010832	41859146	6	160	41859146	6	36.22
Oxalis_debilis	gfastats	327	1749592804	61794828	13	874	5963639	84	37.13
Oxycera_nigricornis	gfastats	272	604345583	114368532	3	1619	903000	157	36.12
Oxycera_pygmaea	gfastats	266	807321094	146805445	3	356	16933698	14	39.27
Oxycera_trilineata	gfastats	249	2100607407	356224189	3	397	26083000	23	41.30
Oxypselaphus_obscurus	gfastats	568	613651329	32202442	9	1272	1554830	107	31.44
Oxypteryx_atrella	gfastats	50	616025216	20590052	12	77	18940212	15	38.15
Oxyptilus_pilosellae	gfastats	939	1326149370	45617001	12	5846	386931	1045	35.72
Oxyria_digyna	gfastats	33	552704565	77668887	4	310	4351411	40	38.56
Oxystoma_pomonae	gfastats	19	1174362655	115244409	5	184	11698280	29	33.60
Oxytorus_armatus	gfastats	39	367853913	31210731	5	357	2048397	56	37.57
Pachygaster_atra	gfastats	1503	1423757766	225595903	3	1596	25811459	15	40.61
Pachygaster_leachii	gfastats	66	1126627956	207069165	3	193	17784523	20	40.73
Pachygnatha_clercki	gfastats	190	696868247	52953749	7	264	18526407	12	33.51
Pachyrhinus_lethierryi	gfastats	21	619593172	55447666	5	182	8125853	18	31.68
Pachythelia_villosella	gfastats	173	897838821	30683753	13	468	5022700	53	36.23
Paederus_riparius	gfastats	2002	1201430653	68032290	8	6910	358822	894	36.39
Pagrus_pagrus	insdc_release	249	786794581	32537884	12	784	2483692	94	41.5
Palloptera_scutellata	gfastats	66	415657720	98550696	2	389	2526921	49	35.13
Palpita_vitrealis	gfastats	36	366954155	13230834	13	41	13230834	13	36.17
Pammene_aurita	gfastats	52	1041812917	37501620	12	246	9236171	35	37.50
Pammene_fasciana	insdc_release	50	564414990	17726390	13	69	16017629	14	
Pammene_giganteana	gfastats	309	733555184	26885752	11	831	2188932	111	37.64
Pammene_regiana	gfastats	92	863608681	30012843	12	239	9251767	29	37.37
Pammene_rhediella	gfastats	1035	665316742	22819233	12	2791	671503	289	37.79
Pammene_suspectana	gfastats	118	581295331	21528134	11	336	5777741	34	37.66
Pamponerus_germanicus	gfastats	75	317040375	53315646	3	250	7121649	14	34.51
Pandarus_bicolor	gfastats	261	835233563	101776934	4	451	6131000	44	34.69
Pandemis_cerasana	gfastats	50	460635008	15691955	13	96	15304160	14	38.37
Pandemis_cinnamomeana	insdc_release		398629950			1236	676887	186	39
Pandemis_corylana	gfastats	40	441605538	15684937	12	75	12139594	15	39.00
Pandemis_heparana	gfastats	39	459990036	16008471	13	213	3511077	40	38.31
Pandivirilia_melaleuca	gfastats	1227	1258672314	221829363	3	1594	5717932	64	37.56
Panellus_stipticus	gfastats	67	40372951	3027701	6	169	718457	18	53.12
Panorpa_germanica	gfastats	255	464228243	22111551	8	438	4982906	27	30.90
Panzeria_rudis	gfastats	300	852235490	158859063	3	1696	1593398	139	31.08
Papestra_biren	gfastats	62	633595472	21344442	14	91	20796513	14	38.57
Papilio_machaon	insdc_release	34	252129366	8777606	13	38	8641220	13	
Parachronistis_albiceps	gfastats	408	400268408	13854266	13	1708	575798	198	36.39
Paracoenia_fumosa	gfastats	811	608160906	106959516	3	1673	1160009	156	29.28
Paracorymbia_fulva	gfastats	116	1287715334	148469256	4	497	6769966	59	33.00
Paracraspedothrix_montivaga	gfastats	700	400215328	72808211	3	1172	1317796	78	31.37
Paragus_haemorrhous	gfastats	74	521031088	155870998	2	443	24456201	7	33.04
Paraperithous_gnathaulax	gfastats	37	500956119	32596936	7	511	2315000	61	37.29
Parapoynx_stratiotata	insdc_release		452850288			430	2262674	63	
Pararge_aegeria	insdc_release	71	516586240	19375358	13	82	19375358	13	
Parascotia_fuliginaria	gfastats	52	541574905	19174172	13	97	8688707	20	35.36
Parasmittina_trispinosa	gfastats	1550	587685810	53987574	5	2903	631092	284	38.19
Parasteatoda_lunata	gfastats	339	1411378570	114314067	6	934	3552830	120	29.42
Parastichtis_suspecta	gfastats	92	869517933	29642624	13	192	11151241	26	37.63
Paraswammerdamia_albicapitella	gfastats	228	333925041	11134695	13	579	1695106	57	38.68
Paratalanta_hyalinalis	gfastats	45	529466555	19942251	12	146	8511923	23	36.91
Pardosa_nigriceps	gfastats	1357	2437803292	172785392	7	3252	3117741	218	31.99
Parectropis_similaria	gfastats	37	574809162	20845176	13	106	10625851	20	37.94
Parhelophilus_frutetorum	gfastats	323	472249690	81127362	3	675	2148688	57	39.58
Parietaria_judaica	gfastats	93	539320906	40273085	6	129	16564159	10	37.13
Parydra_coarctata	gfastats	191	624102747	107438328	3	633	3853398	53	29.28
Pasiphila_chloerata	gfastats	90	700394294	25943014	13	129	20152613	14	39.25
Pasiphila_rectangulata	gfastats	52	582513096	20901828	13	107	12551412	17	38.71
Pastinaca_sativa	gfastats	228	1739690838	155810096	6	326	46941399	15	35.49
Patella_depressa	gfastats	35	683711263	77532951	5	117	13889351	13	35.97
Patella_pellucida	insdc_release	1529	701248048	1412938	147	1538	1410546	148	
Patella_ulyssiponensis	gfastats	28	693575778	86687008	4	101	16753147	10	36.28
Patella_vulgata	gfastats	23	695382709	87393929	4	67	23836764	10	36.11
Paulownia_tomentosa	gfastats	41	524481338	27180994	9	274	11998578	18	31.57
Pecten_maximus	insdc_release		456686			4	108847	2	
Pediacus_dermestoides	gfastats	108	235030629	31898251	3	187	5783852	13	31.93
Pedicia_rivosa	gfastats	394	279531813	47200452	3	562	2378111	35	25.53
Pegoplata_infirma	gfastats	836	1384385935	241705591	3	2052	2300000	179	29.70
Pelochrista_caecimaculana	gfastats	58	572695395	29254902	7	142	11458182	16	38.62
Pelophylax_lessonae	insdc_release	1328	5811246175	677924506	4	4372	3786355	455	43.5
Pelosia_muscerda	gfastats	36	500509294	18061030	12	78	11354741	17	37.32
Pempelia_genistella	gfastats	45	674981186	24759337	13	78	21934642	14	36.11
Pemphredon_inornata	gfastats	17	308562558	46782840	3	76	23562599	5	42.03
Pemphredon_lugubris	insdc_release	1359	328159117	64765430	3	1786	21615587	6	42.5
Pentaglottis_sempervirens	gfastats	343	850535882	76165603	5	429	15004067	18	36.50
Peplomyza_litura	gfastats	88	474663202	118980816	2	241	6721113	25	32.17
Perdix_perdix	insdc_release	202	1177351671	63016277	6	467	6530791	51	42.5
Perforatus_perforatus	gfastats	98	1065701938	68071483	7	2251	772320	417	47.74
Peribatodes_rhomboidaria	insdc_release		489305594			1530	604672	239	
Peridea_anceps	gfastats	46	325594175	11342625	14	50	11228542	14	38.63
Periphyllus_acericola	gfastats	469	405379013	40598107	4	809	1546004	81	33.52
Perithous_albicinctus	gfastats	50	383493515	24661369	7	445	1860279	69	37.38
Perithous_divinator	gfastats	73	313794673	22760669	7	477	2148253	37	37.02
Perizoma_affinitatum	gfastats	26	357708599	14385535	11	53	11939442	13	36.94
Perizoma_albulatum	gfastats	269	443770326	14908583	13	1324	799392	165	38.02
Perizoma_blandiatum	gfastats	422	421452223	14651724	13	737	2364298	55	38.15
Perizoma_didymatum	gfastats	80	456299900	17079568	10	196	8314002	20	38.88
Perizoma_flavofasciatum	gfastats	40	369296232	13416557	12	43	13416557	12	36.99
Perophora_japonica	gfastats	110	562244269	33359531	8	271	8393537	20	41.22
Persicaria_amphibia	gfastats	772	1826238376	37707149	23	1595	3545233	156	38.17
Persicaria_maculosa	gfastats	173	1505730382	73414861	10	219	42945431	13	38.86
Persicaria_nepalensis	gfastats	247	1630922096	68320300	12	1642	1798689	264	39.86
Petalophyllum_ralfsii	gfastats	1718	2299882165	259786185	4	9719	428576	1600	43.73
Petasites_albus	gfastats	3376	2846347634	88100263	15	4013	7411461	119	35.10
Petasites_hybridus	gfastats	2408	2803326165	90180561	15	3624	4262117	203	35.07
Petrophora_chlorosata	gfastats	44	512012765	17996493	14	137	8688886	21	37.73
Phaedon_cochleariae	gfastats	385	936683464	60504008	7	1110	2113065	134	36.38
Phaedon_tumidulus	gfastats	326	1537244807	119062041	6	1191	3027198	153	35.89
Phaeoclavulina_alboapiculata	gfastats	16	49602168	3664921	6	70	1381930	12	48.17
Phaethon_aethereus	insdc_release	657	1321027743	85546101	5	1926	2122569	181	43
Phalacrocorax_carbo	insdc_release	351	1283643005	84621172	5	844	4631399	84	43.5
Phalaris_arundinacea	gfastats	135	4272256725	302475469	7	444	35184847	36	45.66
Phalera_bucephala	insdc_release	2586	858026449	660869	387	2590	660869	387	
Phaleria_cadaverina	gfastats	186	367352041	22616628	6	257	5469000	21	27.16
Phallusia_mammillata	insdc_release	254	251476239	32507979	4	585	1011672	70	37.5
Phania_funesta	gfastats	239	557407170	95987737	3	314	11699856	15	32.60
Phaonia_angelicae	gfastats	927	1593896126	315025452	3	1564	3922237	140	35.03
Phaonia_errans	gfastats	1420	1838975186	348038918	3	5189	1427933	300	33.82
Phaonia_falleni	gfastats	9761	2106677791	310904570	3	11475	1396575	386	33.87
Phaonia_gobertii	gfastats	953	1289803419	247650176	3	1473	5395713	72	36.55
Phaonia_palpata	gfastats	1150	1591684063	303251286	3	2311	3341692	147	34.51
Phaonia_tiefii	gfastats	108	1537971686	298339950	3	1095	2644854	186	35.84
Phasia_hemiptera	gfastats	1694	994821292	172031770	3	7388	228490	1296	31.06
Phasia_obesa	gfastats	623	876822879	151089552	3	3379	472295	509	31.12
Phasianus_colchicus	insdc_release	109	1109802809	72731597	5	126	59613751	7	42
Phaxas_pellucidus	gfastats	2736	1325964131	61222708	10	4592	839298	457	37.45
Phengaris_arion	gfastats	30	544505416	23974698	9	195	11004078	18	36.37
Pheosia_gnoma	insdc_release	39	271350489	9829711	13	102	7537178	15	
Pheosia_tremula	insdc_release	1284	295036384	412752	213	1285	412752	213	
Pherbellia_schoenherri	gfastats	1065	812010232	149907473	3	3423	497661	501	34.07
Pherbina_coryleti	gfastats	18	862972526	178934347	3	577	3328242	85	33.56
Philanthus_triangulum	gfastats	380	575739446	12486260	14	498	2852635	50	41.97
Philedonides_lunana	gfastats	740	372570758	12838696	11	2533	341624	317	37.87
Philereme_transversata	gfastats	58	591768722	29476098	9	126	9520689	21	37.58
Philereme_vetulata	insdc_release		664315961			1737	709530	293	38
Philodromus_cespitum	gfastats	195	1866142564	130391032	7	911	5424587	100	31.34
Philodromus_dispar	gfastats	139	2188354307	156748948	7	452	13257055	54	31.61
Philonicus_albiceps	gfastats	29	253934187	57530495	2	230	2495341	31	34.55
Philonthus_carbonarius	gfastats	1213	1083861530	98604733	5	1405	15668044	22	30.87
Philonthus_cognatus	gfastats	25	1092781302	108927700	4	196	27307051	11	33.11
Philonthus_marginatus	gfastats	571	418725278	24138567	8	980	2150514	56	30.45
Philonthus_spinipes	gfastats	31	671082430	27346300	10	180	8244937	25	30.80
Philopedon_plagiatum	gfastats	375	1080348791	132169332	4	1455	1795000	173	33.91
Philophylla_caesio	gfastats	81	777445867	124272521	3	526	3970328	58	35.14
Philopotamus_montanus	gfastats	31	517796697	42950350	6	38	36986611	7	32.65
Phlegmacium_triumphans	gfastats	156	168684676	13644938	6	500	824317	65	43.07
Phleum_pratense	gfastats	493	1462147703	193073707	4	866	5867033	74	45.79
Phlogophora_meticulosa	insdc_release	172	507279698	9014086	21	173	8980099	21	
Phoca_vitulina	insdc_release	179	2446401169	155348159	7	221	93764544	10	41.5
Phocoena_phocoena	insdc_release	440	2512729496	110192646	9	1406	3726689	208	41.5
Phoenicurus_phoenicurus	insdc_release	495	1185530748	37828334	8	617	18217981	19	43.5
Pholadidea_loscombiana	gfastats	1639	1335546719	66068153	10	3745	937492	419	35.98
Pholis_gunnellus	insdc_release	102	588730976	25364761	11	520	3519450	51	
Phorcus_lineatus	insdc_release	79	957853961	49790511	8	429	4940451	62	35
Phorocera_assimilis	gfastats	1839	1950086079	359431200	3	2437	43262087	14	33.60
Phosphuga_atrata	gfastats	590	1199998149	74247030	7	1709	2238738	119	35.90
Photedes_minima	gfastats	40	694674493	24269339	14	48	24175547	14	38.73
Phoxinus_phoxinus	insdc_release	125	950498056	36753459	11	1006	1988965	142	39
Phragmataecia_castaneae	gfastats	66	590735046	20817006	13	218	6047718	32	35.12
Phragmatobia_fuliginosa	insdc_release	33	629457366	22865098	11	74	14057552	17	36
Phragmites_australis	gfastats	41	849281002	35123032	10	100	30881264	11	44.17
Phratora_vitellinae	gfastats	49	565084400	33983073	8	187	5970765	30	35.84
Phryganea_bipunctata	gfastats	1608	1119190268	38039741	13	5548	400166	786	34.13
Phtheochroa_inopiana	gfastats	86	422822921	14910240	12	106	13253973	14	38.68
Phtheochroa_sodaliana	gfastats	168	457272333	16057572	12	204	10299876	17	38.54
Phthiria_pulicaria	gfastats	269	351989075	52165855	4	362	7056884	18	28.78
Phycita_roborella	gfastats	52	710489921	24323256	14	380	3621216	56	36.45
Phylidorea_fulvonervosa	gfastats	63	891827083	329568782	2	357	6595000	39	28.46
Phyllaphis_fagi	gfastats	83	838139799	183015822	2	112	55842726	7	30.03
Phyllobius_argentatus	gfastats	244	977790651	84168171	5	659	5055939	54	33.00
Phyllobius_pyri	gfastats	39	748126839	73663449	4	84	31606165	10	32.57
Phyllobius_roboretanus	gfastats	145	677495237	56479346	5	256	15301417	14	32.92
Phyllobius_virideaeris	gfastats	386	1178116888	104084948	4	752	6641151	56	32.87
Phyllocnistis_unipunctella	gfastats	89	376336150	13660803	12	560	1260039	88	33.51
Phyllodoce_laminosa	gfastats	723	2492823870	128286753	9	3345	1672000	462	39.81
Phylloneta_impressa	gfastats	290	1282515773	111860272	6	429	17441776	21	31.10
Phyllonorycter_maestingella	gfastats	306	384300865	13146074	13	1911	344440	335	36.77
Phyllonorycter_quercifoliella	gfastats	145	376314081	13022919	13	1725	414884	260	37.48
Phyllonorycter_salicicolella	gfastats	610	430088500	14335074	13	2441	314182	410	37.86
Phyllonorycter_sorbi	gfastats	302	303135008	10255576	13	1836	280207	316	36.52
Phyllonorycter_stettinensis	gfastats	155	358718817	12356368	13	798	820000	139	36.48
Phyllonorycter_ulicicolella	gfastats	144	595992825	20430235	12	722	1616933	113	36.84
Phylloscopus_collybita	insdc_release	123	1092447993	75499418	5	155	33977462	11	43.5
Phylloscopus_proregulus	insdc_release	1869	1178884430	67640742	6	2335	6744169	46	44
Phylloscopus_trochilus	insdc_release	63	1120096297	80490853	5	69	57780314	7	44
Phymatocera_aterrima	gfastats	213	280179390	12585458	7	288	3026574	24	40.14
Phymatodes_testaceus	gfastats	29	456006230	55196423	4	210	5955825	25	33.74
Physeter_catodon	insdc_release	783	2787094575	120321103	9	1140	43408382	21	42
Physocephala_rufipes	gfastats	288	243323581	41882264	3	1417	765721	71	33.14
Phyto_melanocephala	insdc_release		708676230			5687	226609	879	30
Phytoecia_cylindrica	gfastats	299	831481543	87406049	4	386	16066490	18	34.32
Phytometra_viridaria	gfastats	155	364621746	12943092	13	192	8041733	17	35.09
Pica_pica	insdc_release	123	1084411198	76110606	5	149	41667789	7	43.5
Pieris_brassicae	insdc_release	442	264942436	2813355	30	444	2813355	30	
Pieris_napi	insdc_release	49	320004350	12982002	12	76	10922705	13	
Pieris_rapae	insdc_release		241658777			59	10308461	11	33
Pilophorus_perplexus	gfastats	19	481339200	36228558	5	181	4796917	33	41.33
Pilosella_aurantiaca	gfastats	413	3672848510	196231361	8	747	18890320	58	36.96
Pilosella_officinarum	gfastats	1849	7803122338	164853821	20	5303	4056553	548	36.66
Pimephales_promelas	insdc_release	1013	944773924	37558045	11	1129	17481000	19	39
Pimpla_contemplator	gfastats	268	270281225	15691722	8	490	1861481	38	45.37
Pimpla_rufipes	gfastats	66	322783379	24027985	6	359	2490355	41	43.57
Pimpla_turionellae	gfastats	19	240102384	16220637	7	109	7699321	11	45.22
Piniphila_bifasciana	gfastats	35	381788912	14042830	11	47	13681651	11	38.05
Pipistrellus_nathusii	insdc_release	653	1961094329	90635369	7	2485	1706354	357	42
Pipistrellus_pipistrellus	insdc_release	10447	1579816813	230226	1928	10459	229984	1929	
Pipistrellus_pygmaeus	insdc_release	243	1895125685	89507134	7	404	54047000	14	42.5
Pisaura_mirabilis	gfastats	91	2137923134	152092371	7	169	106468000	8	33.05
Piscicola_geometra	gfastats	70	171095250	9301023	7	255	1427829	36	37.49
Pithanus_maerkelii	gfastats	733	766397046	43791913	6	2452	847207	256	40.21
Plagiochila_carringtonii	gfastats	109	646143779	70766854	4	369	4603522	44	43.34
Plagiodera_versicolora	gfastats	129	236737571	14121880	6	201	4745322	19	35.61
Plagiothecium_denticulatum	gfastats	422	406014484	36360634	5	1121	916937	126	39.47
Plagodis_dolabraria	gfastats	60	939090914	32423364	13	142	13266216	25	36.87
Plagodis_pulveraria	gfastats	48	931745945	32374275	13	149	11590665	31	37.26
Planococcus_citri	gfastats	10	403677806	83717158	3	36	23636000	7	34.58
Platalea_leucorodia	insdc_release	408	1190439839	102182018	5	1012	3600208	102	43.5
Platanus_x_hispanica	gfastats	589	1751220392	82837229	10	629	71966899	11	36.96
Platichthys_flesus	insdc_release		587918088			1915	742482	208	42.5
Platismatia_glauca	gfastats	22	33285102	1760456	9	30	1508676	9	50.84
Platycephala_planifrons	gfastats	211	734355155	107109584	3	495	5869562	37	34.91
Platycheirus_albimanus	insdc_release	1192	665330124	2561986	66	1193	2561986	66	
Platycheirus_rosarum	gfastats	269	764067161	160868514	2	636	4627859	41	34.84
Platycnemis_pennipes	insdc_release	88	1793356121	144837943	6	253	18171807	32	39.5
Platydracus_latebricola	gfastats	2235	1396256494	96449528	6	2948	3085000	140	32.92
Platyedra_subcinerea	gfastats	36	555712603	20486398	13	110	10050948	19	38.37
Platyptilia_gonodactyla	gfastats	154	1242177204	44430425	12	241	25721606	18	36.22
Platypus_cylindrus	gfastats	26	147483955	15234454	3	128	2446278	19	31.06
Platyrhinus_resinosus	gfastats	279	764059739	77122923	4	558	5966951	36	37.23
Platystomos_albinus	gfastats	12	555328512	69355648	3	262	4331580	38	36.37
Platytes_cerussella	gfastats	92	602405087	20815951	13	186	14313672	16	37.21
Plebejus_argus	gfastats	39	382108302	16721534	10	208	3678063	35	36.61
Plecotus_auritus	insdc_release	65	2163221563	186501726	5	1302	2948753	226	43
Plemyria_rubiginata	gfastats	46	356234577	12846343	13	68	11828261	14	37.98
Pleuronectes_platessa	insdc_release	356	687405470	26648505	12	1428	1477112	118	42.5
Pleurotus_eryngii	gfastats	17	49069873	4487193	5	80	1935490	9	49.55
Pleurotus_ostreatus	gfastats	16	40636420	4316464	4	17	4316464	4	51.22
Pleurozia_purpurea	gfastats	14	1095369294	144836377	4	105	80116000	6	43.96
Plodia_interpunctella	gfastats	70	290959616	10272535	13	88	9306066	14	35.33
Plusia_festucae	gfastats	38	422553914	14669375	13	85	10572398	16	35.56
Plusia_putnami	gfastats	536	422672982	13922141	14	1825	551057	221	35.66
Plutella_xylostella	gfastats	34	323320469	11339310	13	40	10961940	14	38.32
Poa_chaixii	gfastats	438	1423355625	184506871	4	1067	3586441	123	46.47
Pocota_personata	gfastats	266	845253571	247560496	2	907	2864724	87	38.29
Podabrus_alpinus	insdc_release	3388	741844795	587059	339	3389	587059	339	34
Podagrica_fuscicornis	gfastats	218	1948986734	110818420	8	1600	2265000	268	33.62
Poecile_palustris	insdc_release	74	1092270166	77899342	5	89	42732192	8	43
Poecilobothrus_nobilitatus	gfastats	93	943986725	272287048	2	891	3616594	66	25.27
Poecilus_cupreus	gfastats	2818	748493741	28467149	11	3007	4481000	45	31.58
Pogonatum_aloides	gfastats	750	487545223	64011405	3	1501	959430	152	41.29
Pogonocherus_hispidulus	gfastats	26	704454747	68278649	4	213	8036892	28	32.97
Pogonognathellus_longicornis	gfastats	77	355673382	58020933	3	665	1041680	104	34.08
Pogonus_chalceus	gfastats	2025	1138142727	1743861	24	2642	1060644	199	27.18
Pohlia_annotina	gfastats	45	320098964	27198281	5	787	629986	156	38.16
Pohlia_cruda	gfastats	413	515411012	43696140	5	2108	452362	341	39.56
Pohlia_nutans	gfastats	430	702534347	30900626	9	2100	659554	326	39.09
Pohlia_wahlenbergii	gfastats	1278	364983224	30458288	5	2538	387262	278	39.38
Polemochartus_liparae	gfastats	25	183833655	12852302	6	64	5669106	9	37.66
Polia_nebulosa	gfastats	115	1011201207	33695675	13	309	7655059	45	39.18
Polietes_domitor	gfastats	779	1043329465	190665199	3	2499	1245466	235	34.10
Polietes_lardarius	gfastats	1306	1379958646	221024710	3	1747	4415760	84	36.30
Polietes_meridionalis	gfastats	3537	1596768604	194438696	4	4153	2546146	132	37.35
Polistichus_connexus	gfastats	1534	489509885	21628261	9	1649	15956580	11	29.14
Pollachius_pollachius	insdc_release		591893695			4970	249476	643	45.5
Pollenia_amentaria	gfastats	35	1270771193	235639307	3	240	19389550	23	30.68
Pollenia_angustigena	insdc_release	31	1370512213	255371252	3	142	21036068	21	31
Pollenia_griseotomentosa	gfastats	53	1046311373	194518302	3	246	9571469	37	30.55
Pollenia_labialis	gfastats	159	907969487	172077407	3	486	4568754	53	30.63
Pollenia_pediculata	gfastats	50	1156873334	221330053	3	202	12399402	31	30.90
Polyblastus_varitarsus	gfastats	63	336620749	52175630	3	186	7767883	12	38.51
Polycarpa_mamillaris	insdc_release	1458	689830028	39395798	8	5388	206000	1025	42.5
Polycarpon_tetraphyllum	gfastats	335	1264916014	40080858	15	882	3513271	112	36.96
Polycera_quadrilineata	gfastats	374	876482040	57521317	5	3024	558060	455	38.56
Polydesmus_denticulatus	gfastats	54	281469454	55135780	3	360	3330287	23	33.34
Polydrusus_cervinus	insdc_release	15	713374358	72832772	4	75	19113408	13	33
Polydrusus_formosus	gfastats	686	778024733	65757949	5	2126	923709	250	32.73
Polydrusus_impressifrons	gfastats	20	567119153	51561373	4	102	23749401	8	31.86
Polydrusus_pterygomalis	gfastats	30	1051570683	123839857	4	129	23161000	13	32.47
Polydrusus_tereticollis	gfastats	58	1396132539	146058287	4	620	4992693	84	34.04
Polygala_serpyllifolia	gfastats	175	342170651	23207090	7	321	4471449	26	37.82
Polygonia_c_album	gfastats	37	363603066	12787123	13	44	12616632	13	33.58
Polygonum_aviculare	insdc_release	100	360390821	16612793	7	276	10315719	11	39.5
Polygonum_maritimum	gfastats	22	429154917	43467259	5	727	1011000	133	39.26
Polymixis_flavicincta	gfastats	72	766585079	25484544	14	154	11995485	24	38.99
Polymixis_lichenea	gfastats	41	716694765	24363533	13	118	13734632	19	38.55
Polyommatus_icarus	insdc_release	34	511758028	21845677	10	138	5516066	32	36.5
Polyploca_ridens	gfastats	482	493579502	16791215	13	1987	570469	253	36.77
Polypogon_plumigeralis	gfastats	126	639552491	21355528	14	254	9178940	23	35.88
Polypogon_viridis	gfastats	178	2854047001	206348452	7	254	68392590	14	45.43
Polytribax_perspicillator	gfastats	18	314233772	39896785	4	258	3831000	26	40.85
Polytrichastrum_alpinum	gfastats	456	525764453	85911230	3	885	2177832	80	41.20
Polytrichastrum_sexangulare	gfastats	612	804335216	56393046	6	922	4823889	52	41.50
Polytrichum_commune	gfastats	71	408105420	59155864	3	146	8847918	16	40.72
Polytrichum_formosum	gfastats	329	487779153	72514192	3	574	5745311	31	41.54
Polytrichum_juniperinum	gfastats	218	378242118	55444407	3	505	2094037	51	40.29
Polytrichum_piliferum	gfastats	786	455773631	61874882	4	1096	2313790	54	41.11
Polytrichum_strictum	gfastats	581	338552491	47574325	3	1150	867110	121	40.65
Pomatias_elegans	gfastats	537	1074982740	90995901	5	2054	1092107	296	39.16
Pontederia_cordata	gfastats	172	560828853	82038749	4	197	50599000	5	37.30
Populicerus_laminatus	gfastats	235	1917567885	148271344	5	468	16753000	32	39.17
Populus_alba	gfastats	293	424993776	22193656	8	325	12657000	11	35.76
Populus_nigra	gfastats	25	414184750	22490379	7	302	3535101	40	34.97
Populus_tremula	gfastats	164	409583786	20998327	8	277	6609440	22	35.46
Porella_arboris_vitae	gfastats	89	1198917263	189698731	3	1330	2219548	151	42.06
Poromitra_crassiceps	insdc_release	2788	1630001977	53864884	11	5763	841497	534	44.5
Porpolomopsis_calyptriformis	gfastats	17	33544692	2289695	6	43	1860760	8	47.46
Portevinia_maculata	gfastats	62	1125327955	310928733	2	323	7927148	40	38.19
Potamogeton_compressus	gfastats	98	295656683	24958743	6	144	10176699	10	36.92
Potamogeton_crispus	gfastats	1970	513465357	19926051	11	2089	8777000	24	36.95
Potamogeton_epihydrus	gfastats	2027	305720213	21388776	7	2241	1558051	60	39.83
Potamogeton_lucens	gfastats	1144	660439668	23743336	12	1198	15636855	15	38.67
Potamogeton_natans	gfastats	730	729410829	22351093	13	841	5497000	41	37.99
Potamogeton_nodosus	gfastats	2170	694206461	22286430	14	2370	4488443	40	38.86
Potamogeton_perfoliatus	gfastats	998	717202314	22676300	14	1121	9009000	27	38.68
Potamogeton_pusillus	gfastats	231	284885455	26103200	5	269	12871202	8	37.54
Potamogeton_trichoides	gfastats	1505	361695966	22871622	7	1554	10323251	13	39.07
Potentilla_anglica	gfastats	166	1199280042	42225132	13	738	2928000	128	38.37
Potentilla_anserina	insdc_release	1196	604516465	5278788	25	1198	5278788	27	38
Potentilla_indica	gfastats	174	1525686958	35573808	19	745	3942825	126	37.78
Potentilla_sterilis	gfastats	252	744915792	51007344	7	785	2260000	100	40.65
Prays_fraxinella	gfastats	41	366633234	12802287	13	57	12802287	13	36.33
Primula_farinosa	gfastats	85	1455856621	158706035	5	134	139973366	5	36.73
Primula_scotica	gfastats	819	2627377735	92036935	13	4126	1053253	786	36.42
Primula_veris	gfastats	36	436647751	35415404	6	234	5268255	26	34.93
Primula_vulgaris	gfastats	85	418234260	36375910	5	466	1665012	77	34.09
Priocnemis_perturbator	gfastats	480	391644865	16133428	11	617	2392700	48	46.14
Prionocera_turcica	gfastats	2418	549809997	143523054	2	3835	436400	259	32.15
Prionocyphon_serricornis	gfastats	188	433127847	39608670	5	331	5823847	24	35.45
Prionychus_ater	gfastats	361	385235285	31509337	6	774	1817819	59	36.48
Prociphilus_bumeliae	gfastats	168	869473495	79618331	3	227	47533347	7	29.17
Procloeon_bifidum	gfastats	19	200871179	41148066	3	71	5718087	12	38.34
Promethes_sulcator	gfastats	60	278765349	38955347	4	520	1274733	58	41.83
Propylea_quattuordecimpunctata	gfastats	98	579314304	62243796	4	166	21063383	11	34.96
Prosena_siberita	gfastats	9	523719308	91464081	3	791	1273726	121	32.08
Protarchanara_brevilinea	gfastats	50	639122517	22588143	14	83	20653250	14	37.98
Protocalliphora_azurea	insdc_release		853967505			1614	1535847	161	27.5
Protoclythia_modesta	gfastats	1145	653157956	103981483	3	2658	609114	308	32.95
Protodeltote_pygarga	gfastats	34	421153487	14901961	13	44	14657130	13	35.53
Protonemura_montana	gfastats	36	258540979	25865980	5	88	6106071	13	42.38
Protophormia_terraenovae	gfastats	16	783669833	140006774	3	263	6582222	31	27.54
Prunella_modularis	insdc_release	652	1393577463	66584964	7	800	16243561	19	44
Prunella_vulgaris	gfastats	153	577953322	42964990	6	440	4440218	44	36.53
Prunus_avium	gfastats	162	356352214	40330751	4	280	5220769	21	39.43
Prunus_lusitanica	gfastats	114	1290543421	38981646	14	134	35465994	16	38.21
Prunus_padus	gfastats	302	455082348	27204657	8	509	3473451	42	38.09
Psallus_varians	gfastats	46	682328589	44049607	6	422	2997209	69	42.25
Psathyrella_piluliformis	gfastats	24	41011755	3853963	5	80	1304126	11	49.41
Pseudeuparius_sepicola	gfastats	17	769076310	68511602	4	134	12710576	20	35.43
Pseudisothecium_interludens	gfastats	58	386655644	34468542	5	678	969069	122	37.96
Pseudobryum_cinclidioides	gfastats	817	911867600	151545321	3	4074	418002	602	38.80
Pseudochorthippus_parallelus	gfastats	6284	10170015091	1129673460	4	11457	3020249	975	41.51
Pseudocistela_ceramboides	gfastats	1298	356609373	24545939	6	2731	307262	303	38.57
Pseudognaphalium_luteoalbum	gfastats	65	881743385	121921648	4	493	4308214	62	35.82
Pseudoips_prasinana	gfastats	56	1125692588	36985250	14	105	25062394	17	37.06
Pseudopediastrum_boryanum	gfastats	206	183531687	9776993	9	1137	284879	207	51.75
Pseudosciaphila_branderiana	gfastats	216	522229769	18256429	11	267	16284510	13	37.80
Pseudoscleropodium_purum	gfastats	275	318491139	28084366	4	329	7662048	16	36.81
Pseudoswammerdamia_combinella	gfastats	62	604817558	20642196	14	163	7473361	26	38.81
Pseudotaxiphyllum_elegans	gfastats	113	308188157	25769256	4	481	1428855	66	37.89
Pseudoterpna_pruinata	gfastats	50	351114841	11974724	14	86	11961053	14	36.74
Psittacula_krameri	insdc_release	465	1129396257	126046215	4	623	22673920	12	43
Psococerastis_gibbosa	gfastats	70	409222307	49173895	4	428	1835334	68	38.28
Psychoides_filicivora	gfastats	61	483512420	17812689	12	321	5385707	29	36.28
Psylliodes_napi	gfastats	2017	1425272872	89187432	7	6568	474589	875	32.08
Pterapherapteryx_sexalata	gfastats	273	289132747	10112218	14	889	910992	98	36.79
Pterigynandrum_filiforme	gfastats	165	305876974	27186251	4	1002	595564	160	37.76
Pterophorus_pentadactyla	gfastats	107	348221687	11998588	13	155	11744238	14	36.16
Pterostichus_diligens	gfastats	121	572084460	36590417	7	1538	587496	292	31.18
Pterostichus_madidus	insdc_release	4352	594613092	255117	667	4355	255117	667	
Pterostichus_niger	gfastats	179	674098515	36870366	9	596	2834613	64	31.32
Pterostichus_nigrita	gfastats	146	763336071	39931200	9	334	18872000	19	31.12
Pterostichus_vernalis	gfastats	864	972296600	16293436	17	1295	2239000	124	31.34
Pterostoma_palpinum	gfastats	55	418692020	15123618	13	127	7695130	18	37.87
Ptilidium_ciliare	gfastats	91	1043957000	153560588	4	726	2956033	99	41.65
Ptilodon_capucinus	insdc_release	32	348711871	12643213	13	34	12643213	13	
Ptilodon_cucullina	gfastats	50	315343581	11278554	13	110	6932715	17	38.21
Ptilophora_plumigera	gfastats	91	347831110	13550312	11	209	3723184	29	38.42
Ptycholoma_lecheana	gfastats	500	584147239	17348856	14	1469	958398	184	38.61
Ptychomitrium_polyphyllum	gfastats	89	160395824	13182800	5	487	661394	73	39.13
Ptychoptera_albimana	gfastats	45	197877019	35422782	3	274	1860529	27	24.64
Ptychoptera_contaminata	gfastats	336	204092663	36522127	3	489	2631978	18	25.09
Ptychoptera_lacustris	gfastats	277	255937878	49279724	3	521	6024000	12	25.69
Ptychostomum_cyclophyllum	gfastats	1187	386397694	41475341	4	1944	761000	147	42.36
Ptychostomum_pallens	gfastats	1370	415458683	30746562	5	3112	277603	455	42.27
Puffinus_puffinus	insdc_release	354	1246605765	52489861	5	402	30106819	11	44
Pulicaria_dysenterica	gfastats	62	833756611	99126001	4	129	22105616	14	35.61
Pungitius_pungitius	insdc_release		413337341			1934	532838	203	44
Pusa_hispida	missing								
Pycnococcus_provasolii	gfastats	46	32334159	757545	16	51	728549	17	57.41
Pycnomerus_fuliginosus	gfastats	51	359237621	37944690	4	110	7625985	15	37.01
Pycnonotus_jocosus	insdc_release	290	1203881100	73291005	6	378	24044578	14	43
Pyralis_farinalis	gfastats	66	985743151	39277333	12	324	7072203	46	38.47
Pyrausta_aurata	gfastats	541	420651694	14140966	14	2213	417041	299	36.58
Pyrausta_despicata	gfastats	68	481842595	16618000	14	97	11594260	16	37.89
Pyrausta_nigrata	gfastats	35	538880572	18960927	13	100	9299199	20	37.61
Pyrausta_purpuralis	gfastats	1601	837250528	27191282	14	1910	3734651	66	36.86
Pyrgus_malvae	insdc_release		724831075			42	25951495	13	
Pyrochroa_serraticornis	insdc_release	40	249414617	37181734	3	83	12970676	7	
Pyrrhalta_viburni	gfastats	371	666357056	39158528	8	718	4748172	38	34.42
Pyrrhia_umbra	gfastats	33	433595438	14761759	14	61	11256701	16	36.67
Pyrrhocorax_pyrrhocorax	insdc_release	75	1198465287	84129437	6	94	38346811	7	43.5
Pyrrhosoma_nymphula	gfastats	323	2117243717	156229410	6	794	7730046	86	38.96
Pyrrhula_pyrrhula	insdc_release	231	1070374360	73733104	5	248	55586381	6	43.5
Pyrus_communis	gfastats	201	514423406	29565202	8	219	20422705	10	37.75
Quedius_lateralis	gfastats	266	760215307	45398306	8	642	5976611	41	35.58
Quercus_cerris	gfastats	30	777946377	67471959	5	396	7461000	33	35.65
Quercus_ilex	gfastats	295	855785827	72620000	5	817	2802517	89	36.28
Quercus_petraea	gfastats	160	824083371	69921773	5	779	2919378	93	35.92
Quercus_robur	insdc_release	97	789739484	68065914	5	216	15951894	13	35.5
Racomitrium_heterostichum	gfastats	77	232780871	18352366	6	1740	212985	332	42.38
Radula_complanata	gfastats	178	664879274	41543526	7	1190	1112763	181	41.77
Raja_brachyura	insdc_release		2597179146			10683	525117	1398	45
Raja_clavata	insdc_release	3232	2829124408	68219342	14	5935	2805725	244	44.5
Raja_microocellata	insdc_release	2828	2928506381	112788691	11	5516	1348461	579	45.5
Raja_montagui	insdc_release	4542	2761524045	66828203	14	7572	1211366	594	44.5
Rallus_aquaticus	insdc_release	1571	1266667233	86795660	5	2347	4112000	92	44
Ramalina_siliquosa	gfastats	62	39029021	1990246	9	97	1307399	11	42.59
Ramariopsis_corniculata	gfastats	70	47657943	3293648	6	228	466762	30	47.17
Ramonda_spathulata	gfastats	137	709019367	125577343	3	287	18712000	11	31.08
Ramularia_vizellae	gfastats	459	58131906	3231786	7	464	3170709	7	48.47
Rana_temporaria	insdc_release	12019	3686210129	548370	1960	12033	547939	1961	
Ranunculus_repens	gfastats	646	8634249023	516443859	8	906	67116801	40	41.27
Ranunculus_sardous	gfastats	272	2813423353	337804797	4	1306	4618000	183	41.26
Ranunculus_sceleratus	gfastats	318	2986240266	198107836	7	846	9723298	96	40.76
Raphanus_raphanistrum	gfastats	775	496528436	51682851	5	1070	2638000	53	37.75
Reboulia_hemisphaerica	gfastats	1059	271838098	30035509	5	1212	2844251	30	42.48
Recurvaria_nanella	gfastats	648	658691258	20644592	12	3572	310387	629	38.07
Regulus_ignicapilla	insdc_release	160	1161563218	73764597	6	180	51256308	7	43.5
Regulus_regulus	insdc_release	243	1156601548	75101213	6	388	18576000	19	43
Reseda_luteola	gfastats	451	517451416	41703710	6	929	1912072	84	44.25
Rhabdoweisia_crispata	gfastats	144	264418618	18315459	6	1581	280426	300	40.50
Rhadiurgus_variabilis	gfastats	291	377115853	53849723	3	448	21534803	7	36.11
Rhagio_lineola	gfastats	311	1654975506	398369368	2	764	6661105	74	32.58
Rhagio_scolopaceus	gfastats	3312	1269205848	167079494	3	8609	245765	1549	32.10
Rhagio_tringarius	gfastats	584	1720904481	426122327	2	895	12831522	37	33.25
Rhagium_inquisitor	gfastats	1353	594385534	52269252	5	3365	375738	441	33.09
Rhagium_mordax	gfastats	69	775654262	80109270	4	515	2857000	85	32.93
Rhagonycha_fulva	insdc_release	13	424679337	115753052	2	82	21086067	5	
Rhagonycha_lignosa	gfastats	113	554761727	69891697	3	235	7941140	23	33.26
Rhagonycha_lutea	gfastats	109	479857303	71007614	3	197	7455203	19	31.45
Rhamnus_cathartica	gfastats	19	437045637	37015207	5	68	29796408	6	35.80
Rhamphomyia_laevipes	gfastats	194	394528726	62624551	2	1016	1144504	73	25.91
Rhamphomyia_sulcata	gfastats	735	366995060	64695942	3	1024	2259433	48	25.89
Rhaphigaster_nebulosa	gfastats	75	1155816268	186487842	3	1229	1716941	199	31.89
Rheumaptera_undulata	gfastats	108	676512017	22692804	14	304	7544584	31	37.77
Rhimphoctona_megacephalus	gfastats	217	406027452	31485267	5	1158	695103	162	36.11
Rhinanthus_minor	gfastats	516	1178908111	143937428	4	696	12437200	26	42.06
Rhingia_campestris	insdc_release		664408267			1366	2712162	75	38
Rhingia_rostrata	gfastats	602	650078394	149206226	2	1118	1925229	93	37.72
Rhinolophus_hipposideros	insdc_release	723	2171328640	88364482	11	2350	2014157	336	41
Rhizedra_lutosa	gfastats	70	591376753	21779894	13	131	10294841	20	37.94
Rhizopogon_luteolus	gfastats	211	41683617	3227390	5	250	1278818	11	46.15
Rhizosphaera_kalkhoffii	gfastats	15	24853322	1841781	6	39	1640363	7	50.45
Rhizotrogus_aestivus	gfastats	2015	2078285991	199413833	5	3484	2065809	275	33.77
Rhodocollybia_maculata	gfastats	184	143362584	12465744	6	761	375751	114	46.26
Rhododendron_ponticum	gfastats	55	644888546	52154842	6	440	3083000	65	40.87
Rhodomonas_baltica	gfastats	733	210168206	2221559	37	1909	258072	206	57.38
Rhodophaea_formosa	gfastats	37	616286378	22288753	13	95	12361267	18	36.89
Rhogogaster_chlorosoma	gfastats	11	255287193	27728829	4	28	12573238	8	38.98
Rhopalum_coarctatum	gfastats	298	281889235	20454549	6	932	1639309	42	47.55
Rhopobota_naevana	gfastats	68	581812484	21255259	12	249	7163427	26	38.73
Rhopobota_stagnana	gfastats	219	611800882	22856013	10	1440	805113	231	37.86
Rhopobota_ustomaculana	gfastats	57	666918009	24815921	11	225	6638249	30	38.47
Rhorus_exstirpatorius	gfastats	116	420296464	42445972	5	849	942755	136	37.89
Rhyacionia_buoliana	gfastats	54	447688050	16762353	11	73	16354067	12	38.45
Rhyacionia_pinicolana	gfastats	228	740405174	23977579	12	338	9361241	27	38.26
Rhynchostegiella_tenella	gfastats	25	317305552	41588678	4	497	1085708	89	36.70
Rhynchostegium_confertum	gfastats	56	331812876	29753391	4	807	793237	136	36.10
Rhynchostegium_megapolitanum	gfastats	23	315560577	28564651	4	591	970865	102	35.68
Rhyparochromus_pini	gfastats	869	2122290023	313053140	3	1457	5627115	108	36.53
Rhysodromus_fallax	gfastats	1325	1465412365	104982524	7	4321	777855	479	28.76
Rhyssella_approximator	gfastats	117	355985825	23884751	7	503	2642887	34	41.10
Rhytidiadelphus_loreus	gfastats	532	407436917	84776342	3	565	20175178	8	38.54
Rhyzobius_forestieri	gfastats	1256	753472367	96482978	4	7481	158616	1368	33.71
Ribautiana_ulmi	gfastats	149	1631357926	272323151	3	490	9296652	55	35.64
Ribes_nigrum	gfastats	511	894885120	111811152	4	986	3220678	85	37.11
Ribes_rubrum	gfastats	489	834940214	102863307	4	887	3545883	72	36.91
Ribes_uva_crispa	gfastats	2945	813254984	94913092	4	7737	206950	1145	36.87
Riccia_beyrichiana	gfastats	203	469233110	64300064	4	795	1451345	101	41.60
Riccia_sorocarpa	gfastats	866	422885920	59147147	4	2951	293006	428	41.84
Riparia_riparia	insdc_release	161	1225876665	70350203	6	207	26421967	12	43.5
Ripartites_tricholoma	gfastats	61	59897833	5378089	5	195	605554	33	46.59
Rivellia_syngenesiae	gfastats	391	986080731	294039940	2	1164	1888384	141	36.61
Robinia_pseudoacacia	gfastats	248	676204141	58975527	5	313	45820500	7	33.67
Roeseliana_roeselii	gfastats	396	6619123741	545234639	4	1161	16002430	119	40.28
Roeslerstammia_erxlebella	gfastats	33	750754579	25952373	14	113	12386318	22	36.71
Rosa_agrestis	gfastats	256	1940130601	71897752	13	851	5458574	114	39.09
Rosa_canina	gfastats	209	1926150800	70259056	13	806	6183938	105	39.09
Rosa_rubiginosa	gfastats	138	1939604400	71929161	13	300	34757473	23	39.07
Rosa_rugosa	gfastats	79	417588498	58176182	4	1093	653714	202	39.30
Rosa_spinosissima	gfastats	283	816551404	57400696	7	626	4051521	63	39.33
Rosulabryum_capillare	gfastats	263	394730218	40967537	4	1420	522000	227	40.24
Rubus_caesius	gfastats	430	629177552	42941820	7	843	2295321	78	37.75
Rubus_idaeus	gfastats	63	274753023	37275847	4	172	4102461	24	38.14
Rubus_saxatilis	gfastats	142	631001995	42756489	7	164	25007623	12	38.33
Ruditapes_philippinarum	gfastats	412	1342354699	71089707	9	635	11336114	37	32.44
Rumex_acetosa	gfastats	535	2949597712	435673935	3	1329	6085371	154	42.22
Rumex_acetosella	gfastats	566	3967083117	100218309	18	1430	7788333	159	40.41
Rumex_conglomeratus	gfastats	37	670451952	68712815	5	117	55704046	6	38.28
Rumex_obtusifolius	gfastats	162	1118182313	66312738	8	231	42294189	10	38.39
Russula_aff_farinipes	gfastats	12	39023744	3734652	5	33	2549700	7	51.86
Russula_delica	gfastats	160	49075339	4150534	6	313	530643	26	52.72
Russula_faginea	gfastats	13	41770960	4016879	5	77	1084761	13	50.01
Russula_gracillima	gfastats	16	41422854	3993894	5	106	661793	22	50.46
Russula_nigricans	gfastats	11	45011098	4241509	5	31	3203228	6	50.97
Russula_nobilis	gfastats	87	37962164	3360184	6	124	1478608	9	51.55
Russula_olivacea	gfastats	12	38390055	3449110	5	35	1983509	7	50.21
Russula_versicolor	gfastats	26	38178774	3610286	5	89	1121069	11	50.67
Russula_vesca	gfastats	12	55155101	5040368	5	125	1001079	15	49.95
Rutilus_rutilus	insdc_release	4606	1042711183	495756	588	4612	495661	590	38.5
Rutpela_maculata	gfastats	166	2021580433	187008567	4	1046	4272090	143	33.69
Rymosia_fasciata	gfastats	192	232046426	34542835	4	345	4146230	18	43.98
Sabra_harpagula	gfastats	35	377255174	13211089	13	116	5447578	24	38.13
Sacculina_carcini	insdc_release	1720	280987062	831903	75	1723	831903	75	
Sagina_maritima	gfastats	119	815614251	58040480	6	134	44830275	8	35.78
Salicornia_ramosissima	gfastats	20	529593104	59065583	5	143	6611454	25	34.76
Salix_alba	gfastats	764	809991966	19558141	18	1182	2865900	89	35.08
Salix_arbuscula	gfastats	124	374889190	18329091	9	259	3894404	30	35.45
Salix_cinerea	gfastats	439	387558502	17406329	10	574	3551799	34	36.63
Salix_euxina	gfastats	1749	762633805	16403500	19	2094	2496754	83	34.61
Salix_herbacea	gfastats	157	422276162	21399927	9	208	9451000	15	35.72
Salix_lanata	gfastats	101	375599659	17732360	9	174	5652401	24	35.10
Salix_myrsinifolia	gfastats	525	386338267	16325713	10	687	2764536	43	36.57
Salix_pentandra	gfastats	191	780103356	19773396	18	240	11156283	25	36.13
Salix_phylicifolia	gfastats	367	347249519	16027369	9	517	2683299	42	36.41
Salix_purpurea	gfastats	376	436025036	17075786	10	458	7025702	21	36.27
Salix_repens	gfastats	204	363734021	18448369	9	541	2413289	45	35.39
Salix_reticulata	gfastats	203	396991753	18452530	10	343	3443301	36	35.36
Salix_triandra	gfastats	86	341213683	16526680	9	147	6968000	18	35.46
Salix_viminalis	gfastats	622	304147383	15256138	9	1294	632860	147	34.28
Salmo_trutta	insdc_release	1440	2371863509	52209666	18	5377	1703178	294	
Salpingus_planirostris	gfastats	87	127540636	8840065	6	174	2186765	19	41.30
Sambucus_nigra	gfastats	666	11814595023	681539918	8	1776	18928000	176	37.48
Samolus_valerandi	gfastats	127	504278659	42053491	6	359	3241199	53	35.10
Sapyga_quinquepunctata	gfastats	52	371873681	16100550	10	146	6861125	19	47.17
Sarcophaga_caerulescens	insdc_release	2502	586036124	670250	242	2503	669526	242	33
Sarcophaga_carnaria	gfastats	260	744142361	129022085	3	417	11846842	18	33.46
Sarcophaga_rosellei	insdc_release	292	525810356	5483563	28	293	5483563	28	33.5
Sarcophaga_subulata	gfastats	73	550352047	104788547	3	272	15471593	12	33.65
Sarcophaga_subvicina	gfastats	274	714216227	122749534	3	445	10290937	21	33.39
Sarcophaga_vagans	gfastats	463	701735690	113130001	3	755	2888996	72	33.49
Sarcophaga_variegata	insdc_release	120	718474625	130241815	3	603	7365154	27	33.5
Sardina_pilchardus	insdc_release	4089	935120696	33020121	13	7438	427866	558	44.5
Sargus_bipunctatus	gfastats	383	1336891066	164817665	4	1225	2509000	155	40.13
Sarmentypnum_sarmentosum	gfastats	64	389000538	32585030	5	351	2205727	49	36.93
Saturnia_pavonia	gfastats	32	489898868	17680408	13	72	13190847	16	34.91
Saxifraga_aizoides	gfastats	318	1445854455	106767620	6	1381	2225640	202	37.71
Saxifraga_cespitosa	gfastats	621	2271120364	64400944	15	857	25438000	33	37.77
Saxifraga_oppositifolia	gfastats	333	1270947566	90508503	6	433	22534039	20	37.74
Scaeva_pyrastri	insdc_release	5	320047146	86161057	2	184	8651641	9	
Scaeva_selenitica	gfastats	368	497285987	253330317	1	652	3298445	44	34.97
Scambus_brevicornis	gfastats	49	397915175	31389000	6	273	9527573	16	38.30
Scapania_compacta	gfastats	81	314379058	35357065	4	188	8469629	13	41.99
Scapania_gracilis	gfastats	11	314332564	33064515	4	133	5017893	20	42.94
Scapania_ornithopodioides	gfastats	25	930106854	108952248	3	396	4452520	69	42.83
Scapania_undulata	gfastats	89	250149413	28623087	4	145	7519724	11	43.03
Scaphidium_quadrimaculatum	gfastats	84	1268483215	160722045	4	420	6726481	59	37.26
Scaptomyza_pallida	gfastats	95	213094690	58023889	2	374	2750893	17	38.82
Scardinius_erythrophthalmus	insdc_release	755	1229666150	44954600	11	1591	2291051	157	39
Scathophaga_furcata	gfastats	43	768130920	142005060	3	236	7470059	34	30.04
Scathophaga_inquinata	gfastats	264	663622415	121825974	3	396	7857300	26	29.72
Scathophaga_litorea	gfastats	218	401186480	70646346	3	565	3077590	39	27.14
Scathophaga_stercoraria	gfastats	336	543498474	92475821	3	712	4307470	39	28.92
Scellus_notatus	gfastats	84	446843906	121741210	2	164	10240475	13	26.04
Scheuchzeria_palustris	gfastats	74	519038893	48046955	4	97	35659000	6	43.86
Schistidium_strictum	gfastats	138	246557943	20756265	6	866	522333	147	40.44
Schizoporella_japonica	gfastats	136	255550640	13302450	8	334	2316862	34	40.03
Schizopyga_frigida	gfastats	310	404488625	35787531	5	626	2597049	47	35.54
Schizotus_pectinicornis	gfastats	219	181134879	18534248	4	286	3604651	15	37.75
Schoenobius_gigantella	gfastats	37	1030870466	42296276	10	139	14359119	24	37.62
Schoenobius_gigantellus	gfastats	37	1030870466	42296276	10	139	14359119	24	37.62
Schoenoplectus_lacustris	gfastats	51	483060647	23938866	9	327	2291339	59	33.24
Schoenoplectus_tabernaemontani	gfastats	957	553560328	25408557	11	2278	602717	288	34.09
Schoenoplectus_triqueter	gfastats	95	582138614	27800309	10	368	3452771	60	36.18
Schoenus_nigricans	gfastats	112	779725935	38118163	9	335	5469731	44	38.10
Schrankia_costaestrigalis	insdc_release		569176499			486	3065922	57	
Schreckensteinia_festaliella	gfastats	198	571611196	27170332	9	2641	371000	475	34.19
Sciapus_platypterus	gfastats	309	1000107785	190239623	3	1027	2881579	108	28.37
Sciara_hemerobioides	gfastats	222	615889279	198897754	2	322	14493005	16	35.59
Sciota_angustella	gfastats	76	526206478	18317935	14	108	15895388	14	36.75
Scirpus_sylvaticus	gfastats	42	323150636	10176075	13	231	2955856	36	34.84
Sciuro_hypnum_glaciale	gfastats	52	414739292	38000887	5	75	29982000	6	38.13
Sciurus_carolinensis	insdc_release	9508	2057949030	492513	1082	9510	492513	1082	
Sciurus_vulgaris	insdc_release	10655	1366022868	193053	2033	10657	192948	2033	
Scleranthus_annuus	gfastats	265	1677690763	75344652	11	443	23053000	26	39.10
Scomber_scombrus	insdc_release	666	764157853	31095048	12	2155	1496448	140	40
Scoparia_ambigualis	gfastats	92	1040845733	36664438	12	577	3538396	97	38.24
Scoparia_basistrigalis	gfastats	70	1084003639	37401503	12	223	13323000	31	38.21
Scoparia_pyralella	gfastats	1059	946919860	31400769	13	3828	574047	453	38.11
Scophthalmus_maximus	insdc_release	108	550297089	26138615	10	913	1410686	111	43.5
Scopula_floslactata	gfastats	90	726017545	24107174	14	163	19274341	17	37.32
Scopula_immutata	gfastats	144	661225635	23475480	13	457	3188235	60	37.56
Scopula_ornata	gfastats	283	485043797	14138210	16	312	13893726	16	35.42
Scotophaeus_blackwalli	gfastats	209	1214191712	99413829	6	406	16440000	25	31.80
Scotopteryx_bipunctaria	gfastats	46	326465721	11591880	13	76	7806198	16	38.41
Scotopteryx_chenopodiata	gfastats	79	337873209	12068378	13	160	4182218	30	38.65
Scrobipalpa_costella	gfastats	46	603185274	22161698	12	110	10200444	19	38.30
Scrobipalpa_ocellatella	gfastats	200	968713180	32728062	12	782	2980521	96	38.24
Scrophularia_umbrosa	gfastats	122	1237857606	46709319	12	184	24680975	21	37.35
Scutellaria_galericulata	gfastats	17	328140357	20504200	7	44	11603307	10	33.36
Scutellaria_minor	gfastats	22	342281700	21760285	6	28	19681422	7	34.13
Scyliorhinus_canicula	insdc_release	645	4220389930	198790641	9	7773	1862211	614	
Scythris_empetrella	gfastats	376	553373815	18198405	13	1347	822448	198	36.25
Scythris_picaepennis	gfastats	53	508900391	18253860	13	68	17615286	13	36.03
Scythropia_crataegella	gfastats	65	605778999	28606097	10	1008	1180827	151	35.67
Sebastes_mentella	insdc_release	370	869758026	37503246	11	425	29146053	13	41
Sedum_acre	gfastats	1043	666176718	31476722	10	1631	2378746	74	38.77
Sedum_album	gfastats	373	664738581	12623351	22	676	3629013	58	37.78
Segestria_senoculata	gfastats	3800	3893163846	477625959	4	8278	1505047	770	34.84
Seladonia_tumulorum	insdc_release	45	375945062	18583095	8	57	15130577	10	
Selandria_serva	gfastats	136	201065964	16206841	6	611	923869	62	37.59
Selenia_dentaria	insdc_release	68	1030772253	35319394	13	160	20086487	17	37
Selenia_tetralunaria	gfastats	158	1008254616	35438200	12	198	23276984	17	37.25
Semibalanus_balanoides	gfastats	546	1331096074	71794478	9	2549	953747	393	47.68
Senecio_squalidus	insdc_release	4768	161158903	49378	875	4769	49378	875	34.5
Senecio_sylvaticus	gfastats	360	1815982469	91449534	10	938	5009491	113	34.64
Senecio_viscosus	gfastats	295	2016301308	100816051	10	1233	3451876	173	34.80
Senecio_vulgaris	gfastats	577	1403595484	76691416	9	620	36447817	14	35.90
Senotainia_conica	gfastats	780	659988951	110954185	3	1894	960920	177	31.37
Senta_flammea	gfastats	61	708502868	25010589	13	121	16360000	17	38.20
Sepedon_sphegea	gfastats	167	747808464	120972897	3	821	2338352	84	32.35
Sepia_officinalis	gfastats	731	5752167524	117495131	20	6650	2020660	812	33.90
Serica_brunnea	gfastats	2138	1695574393	133671589	6	2523	4783073	99	33.64
Sericomyia_silentis	gfastats	197	759406310	191407063	2	959	2215895	100	40.72
Serpula_vermicularis	gfastats	1030	980526602	62908978	6	2718	1002732	242	36.61
Serratella_ignita	gfastats	3048	521472666	54012599	4	8686	98058	1440	28.20
Sertularella_gayi	gfastats	103	519130533	34810588	7	544	2129638	75	33.98
Seseli_libanotis	gfastats	219	1296438271	116457631	6	257	61363000	8	35.63
Sesia_apiformis	insdc_release	36	546808751	19957231	13	55	19957231	13	
Sesia_bembeciformis	gfastats	45	477151446	17397286	13	52	17138721	13	36.55
Shargacucullia_lychnitis	gfastats	39	409133400	14710607	13	41	14710607	13	36.88
Shargacucullia_verbasci	gfastats	34	422739721	14523181	14	82	9474500	18	37.04
Sherardia_arvensis	gfastats	13	441296019	43593172	5	35	18882264	10	38.37
Sialis_fuliginosa	gfastats	24	392127767	29640374	6	73	10166000	14	29.00
Sialis_lutaria	gfastats	56	461976963	30623967	7	147	6710782	22	29.23
Sibbaldia_procumbens	gfastats	14	408089947	58001117	4	40	45427086	4	40.93
Sicus_ferrugineus	gfastats	10	333984186	47428040	3	131	14282360	10	40.63
Silba_fumosa	gfastats	553	761223038	122329488	3	1386	1591686	128	36.83
Silene_acaulis	gfastats	163	1322230803	107849797	6	231	46205000	12	37.63
Silene_dioica	gfastats	333	2456598900	187432993	6	1151	5299148	136	38.69
Silene_noctiflora	gfastats	335	2517303886	212804929	6	602	15646465	47	36.76
Silpha_atrata	gfastats	590	1199998149	74247030	7	1709	2238738	119	35.90
Silvanus_unidentatus	gfastats	103	187170625	23657960	4	281	2207987	28	32.98
Simacauda_dicommatias	gfastats	117	432351012	15122106	13	672	1467598	91	42.54
Simplicillium_lamellicola	gfastats	8	28732755	4686602	3	15	4149641	3	48.40
Simyra_albovenosa	gfastats	42	549172471	19282034	13	60	19282034	13	37.57
Siphlonurus_alternatus	gfastats	108	455861235	50231148	4	518	1841543	79	32.18
Sisymbrium_orientale	gfastats	34	258016194	36134047	4	291	15222201	7	37.57
Sisyra_nigra	gfastats	112	372608688	50790609	4	353	3121196	34	30.31
Sisyra_terminalis	gfastats	11	376648809	62969495	3	36	21257292	7	29.85
Sitochroa_palealis	gfastats	36	477888229	16084683	14	99	15193920	15	37.52
Sitona_cylindricollis	gfastats	782	1126157852	98628678	4	1825	2445702	120	32.75
Sitona_lineatus	gfastats	28	835420617	87745720	4	205	8906263	30	32.46
Sitona_obsoletus	gfastats	946	1289627512	124206504	4	3213	1179815	240	31.69
Smerinthus_ocellatus	gfastats	39	503050045	19403458	12	60	17927277	13	36.83
Solanum_dulcamara	gfastats	107	946926110	80040668	6	145	44229464	8	35.84
Solanum_nigrum	gfastats	323	2975641874	85061814	17	942	9514797	90	36.44
Solidago_canadensis	gfastats	235	812490506	85697689	5	656	3125107	79	35.22
Solidago_virgaurea	gfastats	86	1071154965	114634751	5	254	15468237	22	35.82
Somateria_mollissima	gfastats	395	1218601460	78561676	5	584	18009853	20	43.47
Somatochlora_arctica	gfastats	3580	2516230215	159264669	8	4084	5599810	99	33.89
Sonchus_oleraceus	gfastats	223	1256975039	80942858	7	324	23806615	17	35.31
Sonchus_palustris	gfastats	612	1538379342	168227644	5	758	22857000	19	35.62
Sonronius_dahlbomi	gfastats	95	1713056045	156494846	4	374	15697782	36	36.22
Sophronia_semicostella	gfastats	39	444519716	15364628	11	140	13935805	13	37.51
Sorbus_anglica	gfastats	255	2409326411	35119561	30	392	16839000	52	38.03
Sorbus_bristoliensis	gfastats	119	1261858785	37337469	15	559	4730647	87	37.90
Sorbus_devoniensis	gfastats	140	1262338431	36098478	16	238	14463962	30	37.93
Southbya_tophacea	gfastats	97	1162693594	163944340	4	311	12107790	29	40.08
Spania_nigra	gfastats	248	239768049	60856306	2	644	1202000	57	33.65
Sparassis_minoensis	gfastats	60	38375118	2986287	6	105	1170964	11	53.09
Sparganium_emersum	gfastats	389	501696820	33537519	7	638	3073351	52	42.53
Sparganium_erectum	gfastats	321	486189750	29766156	7	483	5782289	20	43.12
Spatula_clypeata	insdc_release	585	1200106829	76648654	5	1067	3836274	95	42
Spergula_arvensis	gfastats	162	348556760	38292802	5	268	4859504	24	37.70
Spergularia_bocconei	gfastats	48	466632261	26218481	9	244	3557304	42	37.55
Spergularia_marina	gfastats	280	499767373	27838271	9	490	3658406	42	37.45
Sphaeridium_bipustulatum	gfastats	127	261755836	22902741	5	308	4115265	24	31.63
Sphaerium_corneum	gfastats	1284	3625521797	269432599	6	4757	1472648	758	35.69
Sphaerocystis_schroeteri	gfastats	26	48588422	3140227	7	361	197289	73	68.13
Sphaeroderma_testaceum	gfastats	4346	1521315424	58484549	10	5275	2407971	173	30.30
Sphaeroma_serratum	gfastats	11259	3626059040	69671334	21	18550	482425	2057	35.18
Sphaerophoria_rueppellii	gfastats	112	566054204	150631077	2	350	5913243	30	35.20
Sphaerophoria_scripta	gfastats	143	600365106	305345119	1	201	28563796	7	36.19
Sphaerophoria_taeniata	gfastats	26	609270636	164279875	2	206	9215195	19	36.52
Sphagnum_capillifolium	gfastats	54	410041059	21229141	8	532	1295032	101	36.60
Sphagnum_compactum	gfastats	115	351010476	18344335	9	443	1648203	68	37.29
Sphagnum_contortum	gfastats	226	370836393	17941746	9	594	1711608	71	37.11
Sphagnum_fallax	gfastats	87	392238099	18246300	9	664	1121908	111	36.47
Sphagnum_fimbriatum	gfastats	34	412764507	22044790	8	542	1301437	103	36.50
Sphagnum_girgensohnii	gfastats	42	432656278	23017309	8	433	1773014	78	36.59
Sphagnum_lindbergii	gfastats	43	401435968	18943445	9	825	873850	142	36.25
Sphagnum_palustre	gfastats	82	843278775	22631887	16	2269	597352	432	36.14
Sphagnum_papillosum	gfastats	190	825138664	22267869	16	1198	1329493	194	36.35
Sphagnum_riparium	gfastats	24	379286208	18397861	9	365	1690288	70	36.16
Sphagnum_rubellum	gfastats	77	426562640	20342733	9	664	1253814	114	36.70
Sphagnum_russowii	gfastats	281	853949997	20420232	17	726	2795846	94	36.74
Sphagnum_squarrosum	gfastats	155	400015997	18683313	9	343	3580643	35	36.20
Sphagnum_tenellum	gfastats	560	386440849	21216778	8	1199	1033447	118	36.78
Sphagnum_teres	gfastats	24	397466906	21799379	8	213	3575021	38	36.16
Sphecodes_crassus	gfastats	1511	766526702	40335792	9	2080	1745768	116	37.15
Sphecodes_ephippius	gfastats	902	568759863	28715923	9	1020	12792000	16	38.24
Sphecodes_longulus	gfastats	927	571090593	29116207	8	1303	8555887	19	38.91
Sphecodes_monilicornis	insdc_release	395	491809393	27859942	8	566	7420798	21	
Sphecodes_pellucidus	gfastats	425	715263291	52983462	5	659	14961127	16	38.09
Sphecodes_puncticeps	gfastats	2374	769454631	33660132	10	2983	4531639	36	38.96
Sphecodes_scabricollis	gfastats	1665	629606912	26575396	9	2646	4545378	34	36.54
Sphenella_marginata	gfastats	120	595252386	109573589	3	1389	758719	239	35.14
Sphinx_ligustri	gfastats	118	426296498	15963085	12	137	15675784	12	36.89
Sphinx_pinastri	gfastats	44	509238608	18699573	12	52	17730049	13	37.32
Spilarctia_lutea	insdc_release	949	544673322	1082441	154	950	1068816	154	
Spilosoma_lubricipeda	insdc_release	37	587362176	21028324	13	57	20639572	13	
Spilosoma_urticae	gfastats	129	567079116	19625217	13	236	7521215	25	35.72
Spinacia_oleracea	gfastats	285	915697780	161484888	3	295	69924992	4	38.23
Spinus_spinus	insdc_release	55	1084317732	65248089	6	70	65248089	6	44
Spiraea_salicifolia	gfastats	40	463634778	25104577	8	51	21254591	9	39.35
Spisula_solida	gfastats	38	932108243	52695421	8	132	15021671	18	35.56
Spisula_subtruncata	gfastats	152	930862144	48288179	8	590	3953165	69	35.13
Splachnum_sphaericum	gfastats	106	175602455	23552166	4	541	662010	81	46.21
Spodoptera_exigua	gfastats	40	455901111	15076601	14	83	15036259	15	36.86
Sprattus_sprattus	insdc_release	4969	803136922	404098	509	4971	404098	510	44
Spuleria_flavicaput	gfastats	68	380461647	13592314	12	85	12604000	13	36.95
Squalius_cephalus	insdc_release	106	1101930522	41795634	11	694	3040692	117	38.5
Stachys_alpina	gfastats	130	744805535	49748155	7	330	6794587	35	37.71
Stagnicola_palustris	gfastats	721	1018916700	52944935	8	5345	289375	1023	38.34
Standfussiana_lucernea	gfastats	480	553524180	17102160	15	1214	1209454	140	38.15
Staphylinus_erythropterus	gfastats	1744	1412498254	75443792	9	2111	6140586	71	33.61
Stathmopoda_pedella	gfastats	60	727799255	26508438	12	174	7792969	29	36.37
Stelis_phaeoptera	gfastats	183	301081373	14114627	9	204	13395760	10	40.77
Stenagostus_rhombeus	gfastats	250	562185079	51197258	5	623	11777000	17	21.68
Stenella_coeruleoalba	insdc_release	638	2691423227	105253534	10	1631	3590204	240	42
Stenepteryx_hirundinis	gfastats	17	161304042	27600913	3	45	15103949	5	33.09
Stenichneumon_culpator	gfastats	102	284648011	19696322	7	239	4269547	24	43.30
Stenocarus_ruficornis	gfastats	28	607150101	53441765	4	156	24964000	9	35.80
Stenodema_calcarata	gfastats	249	575371402	34076137	7	1167	1163907	141	39.28
Stenodema_holsata	gfastats	222	889298976	52599508	7	313	14967003	13	40.31
Stenoptilia_bipunctidactyla	gfastats	314	822897450	27025175	14	676	3693567	67	35.55
Stenoptilia_pterodactyla	gfastats	126	979293181	31689056	14	179	27443798	15	36.05
Stenurella_melanura	gfastats	205	1616911602	154376042	5	823	3913043	115	33.41
Stenus_bimaculatus	gfastats	1589	450605311	51678104	4	1865	3547562	34	28.68
Stenus_solutus	gfastats	720	512229837	33622536	7	836	8608505	19	29.74
Stereodon_callichrous	gfastats	81	298910899	26444266	4	554	1048616	90	38.07
Sterna_paradisaea	insdc_release	410	1342557223	86229238	5	441	76634282	7	45
Sternaspis_cf_scutata_NHMUK_ANEA_2019	gfastats	372	1628353265	103273765	8	887	6176709	81	37.24
Steromphala_cineraria	insdc_release	284	1270504078	70748747	8	843	6200493	57	
Sthenelais_limicola	gfastats	202	1131150536	136979486	4	1311	10232024	29	38.99
Stictoleptura_scutellata	gfastats	231	1471110694	172532277	4	503	10870000	41	33.56
Stictopleurus_punctatonervosus	gfastats	266	2659717247	382310061	3	740	12835856	64	35.55
Stilbops_ruficornis	gfastats	115	334254104	32327324	5	1238	562202	172	38.21
Stomorhina_lunata	insdc_release	4151	747341097	471405	404	4152	471405	404	28.5
Stomoxys_calcitrans	gfastats	298	1070952165	199748301	3	1804	1592967	198	38.67
Stragania_apicalis	gfastats	533	1369608078	138054442	3	991	6126196	70	34.13
Straminergon_stramineum	gfastats	369	326482466	27619532	4	884	1122249	88	37.54
Stratiomys_singularior	gfastats	405	715212284	116479916	3	522	35958556	8	37.23
Streptopelia_decaocto	insdc_release	2451	1290957608	78754139	5	3147	2425281	137	42
Streptopelia_turtur	insdc_release	357	1178928410	80150727	4	1246	3790373	87	
Strigamia_acuminata	gfastats	159	237534282	19347077	3	343	1815963	34	39.11
Strix_aluco	insdc_release	184	1219048950	89677789	5	390	13783470	25	42.5
Stromboceros_delicatulus	gfastats	104	306694485	43252210	4	191	7743220	13	32.77
Strophosoma_melanogrammum	gfastats	243	2454106813	124837798	9	530	14652000	50	32.20
Stuckenia_pectinata	gfastats	1437	881725623	10911200	29	1812	3982000	57	37.29
Sturmia_bella	gfastats	19	437792745	80664815	3	101	8855949	17	32.34
Sturnus_vulgaris	insdc_release	358	1141483137	48087100	6	493	15618000	20	43.5
Styela_clava	insdc_release	389	377969001	23815600	8	423	17108000	9	36
Stylops_aterrimus	gfastats	19	85431144	8351253	3	180	830143	34	33.27
Suaeda_maritima	gfastats	741	780271279	43223270	9	860	12928925	22	36.24
Subacronicta_megacephala	gfastats	217	424245178	14835206	13	1138	981990	128	36.64
Subcoccinella_vigintiquattuorpunctata	gfastats	257	532046696	40002734	6	386	7289122	25	32.24
Succisa_pratensis	gfastats	908	2353784417	235668787	5	1900	3828314	187	37.50
Suillia_affinis	gfastats	22	380746253	70928149	3	218	3794944	35	32.24
Suillia_flava	gfastats	206	284559288	52633194	3	1270	489207	134	33.11
Suillia_notata	gfastats	769	355679612	61741591	3	1254	1711535	59	31.61
Suillia_pallida	gfastats	846	338660787	56454856	3	2847	277792	315	33.85
Suillia_variegata	gfastats	28	263984139	49452834	3	179	2752696	28	34.12
Suillus_viscidus	gfastats	37	71301718	5644901	6	151	1335833	16	48.67
Sussaba_pulchella	gfastats	1380	299940281	14656329	8	3019	197855	407	39.40
Sycon_ciliatum	gfastats	618	539574681	38951906	5	2391	620096	268	47.34
Sylvicola_cinctus	gfastats	8	179151203	51364034	2	88	6712941	9	33.02
Symmerus_annulatus	gfastats	63	352423983	61414706	3	681	1023054	104	30.99
Symmorphus_gracilis	gfastats	517	220053667	36102828	3	981	682066	96	39.31
Sympetrum_sanguineum	gfastats	672	1304051207	96021296	6	1242	2618371	147	35.25
Sympetrum_striolatum	gfastats	551	1349614149	103201359	6	901	6094284	49	35.19
Symphodus_melops	insdc_release	395	636368453	27641414	10	1774	1186940	156	42
Synanthedon_andrenaeformis	gfastats	35	348388281	12440847	13	52	10560084	14	34.80
Synanthedon_formicaeformis	gfastats	32	321232668	11651530	13	36	11545479	13	34.42
Synanthedon_myopaeformis	gfastats	33	295689421	10766502	13	37	10360151	13	34.02
Synanthedon_tipuliformis	gfastats	35	295831181	10885013	13	61	9776511	14	34.64
Synanthedon_vespiformis	insdc_release		248370841			1190	382097	183	34
Syndemis_musculana	gfastats	418	472495501	17330389	10	1496	683580	208	38.00
Syngnathus_acus	insdc_release		324331233			130	11959915	11	
Synophropsis_lauri	gfastats	1281	2486833285	252584121	4	2644	4410927	157	36.68
Syntrichia_ruraliformis	gfastats	21	340280301	25294722	6	758	778038	139	41.45
Syringa_vulgaris	gfastats	264	1083834654	45559375	11	589	5937734	61	34.80
Syritta_pipiens	insdc_release		314927444			158	7810249	12	
Syrphoctonus_tarsatorius	gfastats	921	475319079	22304356	9	1348	1728951	65	41.91
Syrphus_vitripennis	gfastats	400	388834270	110905286	2	876	2171258	49	32.59
Systoechus_ctenopterus	gfastats	27	352580392	91057005	2	140	11279804	12	29.78
Tachina_fera	insdc_release	13	751737434	141997299	3	323	16231967	12	
Tachina_grossa	gfastats	91	936923941	172890404	3	272	29528263	10	30.74
Tachina_lurida	gfastats	42	899175728	167332097	3	545	3838872	69	31.25
Tachinus_rufipes	gfastats	111	1151999613	121182260	5	353	12054482	31	30.51
Tachybaptus_ruficollis	insdc_release	1217	1419221833	80823261	5	1376	16327741	19	45
Tachyporus_hypnorum	gfastats	703	531391758	19014134	9	1394	1061911	113	35.14
Tachystola_acroxantha	gfastats	39	388147487	13937285	13	93	7881905	17	38.25
Tadorna_tadorna	insdc_release	114	1217634296	81501701	5	159	32664058	11	42.5
Taeniapion_urticarium	gfastats	363	827072622	82144690	5	2195	819000	274	32.62
Taleporia_tubulosa	gfastats	62	394600005	14429320	12	179	6980348	21	37.80
Talpa_europaea	insdc_release	464	2061000977	136888642	7	1520	3421604	183	42
Tamarix_gallica	gfastats	650	1405457573	117264569	6	1332	3411257	130	33.76
Tanacetum_parthenium	gfastats	458	2124552114	246493322	5	1440	3296756	197	34.93
Tanacetum_vulgare	gfastats	2272	4610732054	509053465	5	4753	3650889	371	35.95
Taphrorychus_bicolor	gfastats	517	575240612	48296002	5	1283	1227000	129	36.23
Taurulus_bubalis	insdc_release		614755631			1778	883972	212	
Tausonia_pullulans	gfastats	22	23873987	1354748	8	58	725611	11	58.44
Teleiodes_luculella	gfastats	528	454474787	15281747	14	1914	520963	251	36.82
Teleiodes_vulgella	gfastats	54	626966263	21048747	11	148	7676919	25	37.79
Teleogryllus_oceanicus	gfastats	548	2042538480	135145726	5	1773	2638867	221	40.27
Tellima_grandiflora	gfastats	455	562695287	64990747	4	495	19214125	9	38.40
Temnocerus_longiceps	gfastats	321	1197257221	114172313	5	417	27811909	15	33.42
Tenebrio_molitor	gfastats	239	276971150	29772305	4	310	7033857	12	36.49
Tenthredo_amoena	gfastats	21	199877998	12736242	5	120	3886311	16	39.06
Tenthredo_arcuata	gfastats	48	267935946	20092995	6	124	5765624	15	37.35
Tenthredo_distinguenda	gfastats	95	229413372	25528205	4	111	14135000	7	41.10
Tenthredo_livida	gfastats	54	348438180	38226633	4	145	6013175	16	38.80
Tenthredo_mesomela	gfastats	68	392852752	44941172	4	246	3419667	36	37.48
Tenthredo_notha	insdc_release	28	252841769	13966764	7	99	7016856	11	
Tenthredo_scrophulariae	gfastats	16	233151890	28768445	4	246	3069073	25	38.89
Tenthredo_zona	gfastats	19	211495204	17460386	5	62	17460386	5	40.49
Tephritis_conura	gfastats	150	1866853509	314812082	3	1424	2803753	198	36.07
Tephritis_formosa	gfastats	1161	1825847323	304693863	3	5972	599860	895	35.32
Tephritis_matricariae	gfastats	66	1791225154	309591247	3	514	7427346	73	35.26
Tephritis_neesii	gfastats	127	1936757295	307248125	3	1438	3865679	143	35.28
Tephroseris_palustris	gfastats	722	4247066753	172388787	12	1644	10392656	103	37.84
Terebella_lapidaria	gfastats	577	765247992	43950887	7	820	6684000	36	41.14
Testudinalia_testudinalis	gfastats	205	495225352	60127231	4	374	8775000	19	35.34
Tetanocera_arrogans	gfastats	55	1093993503	227849163	3	1025	2453282	129	34.62
Tetanocera_ferruginea	gfastats	83	790383743	161584466	3	519	3935007	55	32.32
Tethea_ocularis	gfastats	60	339142399	12138052	13	79	10027438	14	35.73
Tetheella_fluctuosa	gfastats	40	369148441	12835744	13	75	8785854	15	35.67
Tethya_citrina	gfastats	55	121472936	8591855	6	77	7205432	8	40.18
Tetragnatha_montana	gfastats	82	784702176	61119082	7	333	4743939	50	33.32
Tetramitus_jugosus	insdc_release	56	26350207	499551	23	58	491107	23	41
Tetranychus_urticae	gfastats	128	88257956	21661122	2	221	2754948	11	32.58
Tetrao_urogallus	insdc_release		853786400			5464	341259	741	41.5
Tetraplodon_mnioides	gfastats	174	216898823	22353143	4	791	479625	131	44.59
Tetropium_fuscum	gfastats	17	555649476	43086128	5	332	3916055	38	33.60
Teucrium_botrys	gfastats	37	233048774	14068444	8	367	2254889	32	36.70
Teucrium_scorodonia	gfastats	165	1035801414	59430467	9	454	5490132	57	38.99
Thalasseus_sandvicensis	insdc_release	257	1403768714	85247316	5	281	66168877	8	46
Thalictrum_alpinum	gfastats	15	504421202	69782715	4	33	36675286	4	36.15
Thalictrum_minus	gfastats	458	994917171	46091054	11	906	3435089	88	36.09
Thalpophila_matura	gfastats	627	520413395	18353037	13	686	11850868	17	37.31
Thanasimus_formicarius	gfastats	20	1408503883	159705222	4	109	55932413	10	36.77
Thaumetopoea_processionea	gfastats	59	724357335	14819450	18	75	14688840	20	37.36
Thecocarcelia_acutangulata	insdc_release		678742822			910	3508021	54	
Thecophora_atra	insdc_release	23	354246487	94083503	2	94	7720000	16	38
Thelaira_nigripes	gfastats	200	525029822	93995801	3	298	12372263	14	30.52
Thelaira_solivaga	gfastats	27	429359894	77173402	3	217	3407366	36	29.80
Thera_britannica	gfastats	48	380638026	22904759	8	140	6403893	20	37.81
Thera_firmata	gfastats	173	301485940	16263279	9	487	1739776	53	38.00
Thera_juniperata	gfastats	47	357538778	12826322	13	171	3718748	26	38.02
Thera_obeliscata	gfastats	46	404701398	25318533	8	114	7637625	18	37.84
Thereva_nobilitata	gfastats	71	829216724	196096102	2	481	7272000	34	37.10
Thereva_plebeja	gfastats	332	1142931494	249533693	3	970	5044739	64	38.13
Thereva_unica	gfastats	941	910162612	167368244	3	1865	2150359	110	38.51
Therion_circumflexum	gfastats	15	207941332	21383841	4	37	17565840	4	37.34
Thermobia_domestica	gfastats	2361	5131602656	297651706	8	6493	2041157	645	35.79
Therophilus_tumidulus	gfastats	190	345342069	37818892	5	419	4246079	25	31.35
Tholera_cespitis	gfastats	106	1168454534	40053904	13	161	22005664	18	37.37
Tholera_decimalis	gfastats	84	1334081899	44326127	14	311	10165913	46	37.79
Thracia_phaseolina	gfastats	30	793740170	41064924	8	167	11776032	22	40.22
Threskiornis_aethiopicus	missing								
Thuidium_delicatulum	gfastats	88	334818877	29206711	4	120	11426858	10	36.70
Thuidium_tamariscinum	gfastats	19	363240836	32540268	4	43	18047883	9	36.84
Thumatha_senex	gfastats	79	810282324	28419001	12	89	27325957	13	38.10
Thyatira_batis	gfastats	52	314798501	11052377	13	99	7458081	16	35.88
Thymelicus_acteon	gfastats	67	536997220	19676428	12	120	10698480	17	36.30
Thymelicus_lineola	gfastats	486	511826406	17791929	13	2068	466433	343	35.90
Thymelicus_sylvestris	insdc_release	716	455065439	1610447	98	717	1610447	98	
Thyridanthrax_fenestratus	gfastats	372	305348231	36129542	4	577	2976665	29	22.84
Tibellus_oblongus	gfastats	243	3189481590	239915410	6	566	48515146	21	31.63
Tilia_cordata	gfastats	63	911206252	22646505	17	227	7379838	39	33.83
Tiliacea_aurago	gfastats	40	798053025	27510994	14	106	16029918	18	37.83
Tiliacea_citrago	gfastats	113	800975014	27470468	14	385	12463310	23	38.64
Tillus_elongatus	gfastats	42	1719093477	190090450	4	744	4001000	136	35.33
Timandra_comae	gfastats	40	334373444	11490666	13	92	6719650	18	35.44
Tinea_pellionella	gfastats	38	245305114	8907774	13	102	4567964	20	35.39
Tinea_semifulvella	insdc_release		589249846			433	3295679	59	
Tinea_trinotella	insdc_release	32	371738977	13660558	13	35	13660558	13	
Tinodes_waeneri	gfastats	25	158960034	12446510	7	26	12446510	7	37.20
Tiphia_femorata	gfastats	50	276162441	25801794	5	76	12680120	8	43.79
Tiphia_minuta	gfastats	181	228022608	22706273	5	483	1195906	52	44.33
Tipula_confusa	gfastats	652	728119463	228831665	2	1944	1211439	168	30.78
Tipula_fascipennis	gfastats	961	1137024867	357015855	2	1346	4457978	77	32.00
Tipula_fulvipennis	gfastats	2633	807798437	210600350	2	3008	2459701	93	30.69
Tipula_helvola	gfastats	871	1204764971	396779011	2	2108	1860264	165	32.10
Tipula_lateralis	gfastats	672	701335652	198680531	2	1049	3514814	57	32.87
Tipula_scripta	gfastats	538	599163531	187575574	2	1379	1309589	135	33.68
Tipula_unca	gfastats	42	692223074	223236985	2	377	4468842	46	32.27
Tipula_vernalis	gfastats	372	1272268798	411919547	2	1332	3311925	107	33.08
Tischeria_ekebladella	gfastats	89	491051461	19975143	10	199	10358453	18	36.94
Tolmerus_cingulatus	gfastats	149	279988177	42937693	3	195	7098638	10	36.26
Torilis_japonica	gfastats	130	551816302	68497555	4	301	6587701	30	34.19
Tortella_tortuosa	gfastats	259	292080817	19710685	6	1104	562708	156	38.54
Tortricodes_alternella	gfastats	26	441253704	18827800	8	87	10046775	17	38.01
Tortrix_viridana	gfastats	43	456586594	14768249	12	88	10072809	16	37.71
Toxonevra_muliebris	gfastats	98	491432865	109563727	2	342	3471243	44	32.68
Trachurus_trachurus	insdc_release	1185	818939194	1610964	149	1260	1547897	153	
Tragopogon_porrifolius	gfastats	1127	2530354872	457849510	3	1538	13997101	50	37.17
Tragopogon_pratensis	gfastats	501	2071030077	383411168	3	1228	5368523	122	36.97
Tranosemella_praerogator	gfastats	21	196282354	17423099	5	162	2158746	27	41.40
Travisia_forbesii	gfastats	2842	1574107664	82394518	9	9196	328847	1403	44.29
Triaenodes_bicolor	gfastats	183	615767272	29501011	9	1639	706590	265	31.70
Triaxomasia_caprimulgella	gfastats	35	316772550	11294092	13	50	10920225	14	35.32
Triaxomera_parasitella	gfastats	42	307877440	12858574	10	118	6745119	17	37.35
Trichiura_crataegi	gfastats	87	1115224364	35800584	9	271	10626359	34	38.62
Trichoderma_citrinoviride	gfastats	8	32977012	5093812	3	10	5093812	3	52.40
Tricholauxania_praeusta	gfastats	101	661296384	165485890	2	292	8001616	24	33.12
Tricholepidozia_tetradactyla	gfastats	175	480966520	42487261	4	294	6541270	22	41.77
Tricholoma_cingulatum	gfastats	104	47966802	3145815	6	232	505339	29	48.47
Tricholoma_hemisulphureum	gfastats	26	128976826	10683071	5	87	5205231	10	47.13
Tricholoma_terreum	gfastats	133	80678418	6244179	6	372	759307	32	47.72
Trichophorum_cespitosum	gfastats	65	319612142	6716932	21	172	3075005	35	36.37
Trichopteryx_carpinata	gfastats	470	477030663	12574999	15	935	1520860	95	38.73
Trichostegia_minor	gfastats	42	771320424	38780123	8	119	14865599	17	34.76
Trichostomum_littorale	gfastats	15	271287063	19064650	6	688	668139	121	38.07
Trichostrongylus_colubriformis	gfastats	56	330959201	59633637	3	405	1511274	64	44.11
Tricolia_pullus	gfastats	130	769510909	96795429	4	314	6492662	35	36.45
Tricyphona_immaculata	gfastats	191	285120542	81474664	2	340	3852831	20	21.68
Trifolium_bocconei	gfastats	63	612447671	95292244	3	382	3660537	51	35.02
Trifolium_dubium	gfastats	156	679499717	46006535	7	742	3006263	75	32.66
Trifolium_fragiferum	gfastats	21	512414909	63352505	4	222	6203536	27	33.69
Trifolium_occidentale	gfastats	71	578263298	73078136	4	426	2972297	63	33.96
Trifolium_repens	gfastats	162	969060430	59591716	8	285	17972000	21	33.93
Trifolium_striatum	gfastats	32	372590898	48478819	4	287	2686173	47	33.45
Trifolium_subterraneum	gfastats	67	484240520	58995023	4	575	1719271	84	33.74
Triglochin_maritima	gfastats	195	1063434068	44071572	10	360	20942340	20	40.09
Triglochin_palustris	gfastats	68	437995367	38339048	5	304	4409272	30	38.47
Trigloporus_lastoviza	insdc_release	3894	683795164	28968985	11	3938	16262538	14	43
Trigonometopus_frontalis	gfastats	29	671546895	122840103	3	193	7671391	29	33.29
Trigonophora_flammea	gfastats	95	779602769	25892381	13	160	25200448	13	39.33
Tringa_totanus	insdc_release	941	1311072894	56285534	8	1634	3596000	108	43.5
Tripolium_pannonicum	gfastats	4033	8349212925	1019676980	4	10866	1979233	1268	36.29
Trisateles_emortualis	gfastats	33	565515330	20149241	13	54	18979242	13	36.44
Trisopterus_luscus	gfastats	508	632265965	23930518	13	2235	586712	325	47.62
Tritomaria_quinquedentata	gfastats	408	1086200070	109054498	4	822	4210678	79	43.80
Triturus_cristatus	insdc_release	1304	22324633092	1248769876	8	6002	8497210	808	45.5
Trocdaris_verticillatum	gfastats	309	627876734	57079934	5	539	4783000	39	34.62
Troglodytes_troglodytes	insdc_release	172	1289978967	76236200	6	213	29180000	10	44
Troilus_luridus	gfastats	263	842577471	130503845	3	459	6436184	39	33.79
Trollius_europaeus	gfastats	597	4099831083	500448160	4	1126	16892283	78	39.61
Tromatobia_lineatoria	gfastats	67	383602644	19039001	9	219	3800369	31	37.37
Tropidia_scita	gfastats	395	331437574	79519158	2	843	1597090	57	41.78
Trychosis_tristator	gfastats	13	206243114	18196502	5	37	16407582	6	37.54
Tryphon_signator	gfastats	228	310044909	28061331	5	621	1894589	46	37.25
Tryphon_thomsoni	gfastats	184	331814796	42861145	4	431	3112042	33	37.85
Trypoxylon_attenuatum	gfastats	210	217843487	36403616	3	477	1329307	50	43.16
Trypoxylon_clavicerum	gfastats	231	270917681	24813245	5	324	10061818	10	43.94
Tuberolachnus_salignus	gfastats	100	456773275	45837389	5	266	5549255	24	31.82
Turritis_glabra	gfastats	20	184806357	29072303	3	26	27231879	3	36.41
Tussilago_farfara	gfastats	400	1596652141	51245651	14	940	4840604	102	34.07
Tuta_absoluta	gfastats	44	589299333	20785294	12	80	19689828	13	38.54
Tyria_jacobaeae	gfastats	56	589695457	21035164	13	141	9303053	23	36.44
Tyto_alba	missing								
Tytthaspis_sedecimpunctata	gfastats	74	355696676	32127224	5	142	8946478	11	35.11
Udea_ferrugalis	gfastats	38	495610244	17412294	13	67	13239845	15	38.63
Udea_olivalis	gfastats	47	624353836	21486546	13	140	8228797	28	38.10
Uleiota_planata	gfastats	160	586510528	51641909	5	383	4820208	38	30.36
Uleiota_planatus	gfastats	160	586510528	51641909	5	383	4820208	38	30.36
Ulex_minor	gfastats	182	879058356	53229788	7	458	4971336	57	34.46
Ulmus_glabra	gfastats	307	1788880463	123199894	7	1278	2978653	193	35.88
Ulmus_minor	gfastats	260	1701411329	117301425	7	1025	3448940	155	35.21
Ulmus_procera	gfastats	99	1720445970	126350328	7	214	23629277	22	35.22
Uloborus_plumipes	gfastats	397	1702440841	166009277	5	922	5717173	89	33.59
Ulota_crispa	gfastats	410	275217579	25686176	4	1152	583538	143	37.44
Ulota_phyllantha	gfastats	13	263917262	25810638	4	359	1432518	58	37.96
Umbilicaria_deusta	gfastats	98	40856270	1688060	11	126	1351649	13	47.51
Umbilicus_rupestris	gfastats	29	352420005	15403277	11	93	14099454	11	42.74
Uncinus_obductella	gfastats	47	827924007	30937061	12	68	27534932	13	37.39
Urocerus_augur	gfastats	19	179572884	11429090	7	84	6727104	10	39.50
Uroleucon_taraxaci	gfastats	314	497610797	96498399	2	905	1907912	57	29.64
Urophora_cardui	gfastats	67	837836207	162960411	3	642	3040217	72	34.39
Urtica_dioica	gfastats	3293	618485585	37327017	7	3701	2075954	71	41.35
Urtica_urens	gfastats	93	340129727	24801648	6	362	19854874	7	36.32
Vaccinium_myrtillus	gfastats	121	507845187	41768785	6	137	28755960	7	39.22
Vaccinium_vitis_idaea	gfastats	226	514213843	41464896	6	990	1052000	151	39.09
Valerianella_locusta	gfastats	23	165416069	20215004	4	98	17579122	5	37.02
Vanellus_vanellus	insdc_release	2408	1476623026	82789932	6	3344	1930563	211	44.5
Vanessa_atalanta	insdc_release	252	345513688	5095216	25	255	5095216	25	
Vanessa_cardui	insdc_release	273	400957847	2747079	43	274	2747079	43	
Venerupis_corrugata	gfastats	346	1363549009	74194748	9	610	9283000	42	32.02
Venturia_canescens	gfastats	105	299985944	24934724	5	426	2847696	32	39.99
Venusia_cambrica	gfastats	45	470457076	12813859	15	97	8875562	20	37.89
Verbascum_nigrum	gfastats	24	336439505	22845101	7	206	5425003	18	33.87
Verbascum_thapsus	gfastats	65	346893431	19516886	7	158	6346154	22	33.84
Verbena_officinalis	gfastats	14	289850359	42305780	4	21	35931848	4	37.20
Veronica_anagallis_aquatica	gfastats	112	1001182799	56551949	8	378	5367063	60	36.40
Veronica_arvensis	gfastats	46	369218737	45190452	4	147	5692998	19	37.18
Veronica_filiformis	gfastats	383	303349987	40853388	4	479	4816735	18	36.38
Veronica_officinalis	gfastats	379	1827103783	56862249	14	730	15413732	37	35.90
Veronica_persica	gfastats	183	628053237	43899030	7	343	5657011	35	36.50
Veronica_scutellata	gfastats	291	767804712	86660642	5	551	4954198	51	39.32
Veronica_serpyllifolia	gfastats	32	368626856	58544098	3	206	6490913	18	36.49
Veronica_triphyllos	gfastats	174	506924355	73444829	4	337	4583274	35	37.61
Veronica_verna	gfastats	157	464345339	56820964	4	321	4818980	27	38.65
Vespa_crabro	insdc_release	106	229601916	9767562	8	214	2980993	25	
Vespa_velutina	insdc_release		26709819			739	44289	216	
Vespertilio_murinus	insdc_release	178	1925577803	186292382	5	1158	3319810	177	43.5
Vespula_germanica	insdc_release	741	196453834	650048	101	742	650048	101	
Vespula_vulgaris	insdc_release		185444329			507	849164	66	
Viburnum_lantana	gfastats	321	3818299872	358875348	4	392	119064264	11	37.69
Vicia_hirsuta	gfastats	179	3434821198	502100219	4	239	119999560	10	37.07
Vicia_lathyroides	gfastats	404	2182452815	400054948	3	592	29477624	22	34.92
Vicia_parviflora	gfastats	167	2827019887	399062982	4	1295	4201000	212	35.57
Vicia_sativa	gfastats	257	1749445589	346554540	3	303	55950344	8	36.21
Vicia_tetrasperma	gfastats	236	2557345641	358327478	4	376	51399719	17	35.92
Villa_cingulata	gfastats	46	412610433	45252737	4	152	5759920	21	26.64
Villa_modesta	gfastats	20	358453470	44685333	4	59	19734722	8	26.21
Villa_occulta	gfastats	31	427108528	65862328	3	76	23152000	7	25.88
Vincenzellus_ruficollis	gfastats	33	218281901	23972382	4	192	3169000	21	37.90
Viola_odorata	gfastats	27	699261407	70509786	5	511	2779843	82	39.97
Viola_palustris	gfastats	266	1771972029	75796461	11	956	3888153	144	41.75
Viola_stagnina	gfastats	62	567572124	55391568	5	334	3109642	51	38.37
Viola_tricolor	gfastats	369	1796619820	125029428	6	1285	3071063	180	41.67
Vipera_berus	insdc_release	348	1476666783	216582812	3	1256	4761684	91	41
Virgichneumon_dumeticola	gfastats	138	326792288	24469633	6	281	4432775	23	42.30
Virgichneumon_maculicauda	gfastats	114	275004651	25784097	5	225	5765193	15	42.28
Virgularia_mirabilis	gfastats	169	515226315	58516266	4	878	1270174	120	39.25
Viscum_album	gfastats	5096	94261041113	2134690998	23	11464	34834422	831	31.25
Vitis_vinifera	gfastats	86	491128279	24948707	9	155	12589510	14	34.93
Volucella_bombylans	gfastats	293	1213209025	200280940	3	1218	2831328	129	39.02
Volucella_inanis	insdc_release	53	961462834	163465417	3	406	30067333	12	
Volucella_inflata	insdc_release		649717072			3839	334484	536	38.5
Volucella_pellucens	gfastats	276	1242124515	204477830	3	493	14899384	25	39.43
Volucella_zonaria	gfastats	859	1262799357	201040152	3	1296	3785188	102	38.81
Volvariella_surrecta	gfastats	15	28022230	2781078	5	25	1653094	6	47.80
Vulgichneumon_bimaculatus	gfastats	594	277226064	20496662	6	1807	386285	193	42.43
Vulgichneumon_saturatorius	gfastats	45	204790144	26384410	4	97	14499065	6	44.73
Vulpes_vulpes	insdc_release	461	2411727275	139235879	8	2306	2040520	373	41.5
Watersipora_subatra	gfastats	241	783752486	66545008	6	496	4547826	51	35.39
Watsonalla_binaria	insdc_release	577	307519700	1101316	94	578	1095795	95	37.5
Watsonalla_cultraria	gfastats	37	319397328	11404046	13	93	6829000	20	37.27
Winthemia_cruentata	gfastats	642	680227610	119506953	3	821	6241268	32	31.33
Xanthandrus_comtus	gfastats	760	721720037	222657226	2	936	10927005	18	34.71
Xanthia_icteritia	gfastats	37	664638346	22252460	14	93	14938151	18	37.88
Xanthia_togata	gfastats	47	799521991	27016469	14	101	15867659	19	38.33
Xanthogramma_pedissequum	insdc_release	3263	935989290	1374127	195	3274	1358354	196	
Xantholinus_longiventris	gfastats	500	474088339	34534338	6	3051	287807	424	36.21
Xanthorhoe_designata	gfastats	92	351485917	12720102	13	169	6185073	20	36.54
Xanthorhoe_montanata	gfastats	107	381110642	12870628	12	303	7164157	20	36.82
Xanthorhoe_spadicearia	gfastats	33	276691867	10252953	12	51	7616428	15	36.30
Xanthostigma_xanthostigma	gfastats	29	623324696	53129619	5	87	18004000	12	33.28
Xerophyllum_tenax	gfastats	311	2371813648	164087826	7	987	7433000	80	44.82
Xestia_ashworthii	gfastats	70	726328142	25131726	14	191	8046000	31	38.54
Xestia_baja	gfastats	53	584408700	19157355	14	186	8078656	23	38.15
Xestia_c_nigrum	insdc_release		751976263			301	6045646	37	
Xestia_castanea	gfastats	78	721791457	24574882	14	319	7090254	29	38.53
Xestia_rhomboidea	gfastats	62	604993035	20670239	14	137	9866268	20	38.60
Xestia_sexstrigata	gfastats	42	638333203	21939867	14	104	12018096	19	38.57
Xestia_triangulum	gfastats	93	805419280	26211200	14	194	24639000	15	38.67
Xestia_xanthographa	insdc_release	61	933882018	31247186	14	302	9149592	27	
Xestobium_rufovillosum	gfastats	33	475562900	36916890	6	144	7346478	18	36.67
Xiphydria_camelus	gfastats	53	357325173	32839854	5	795	996051	96	42.11
Xylena_solidaginis	gfastats	57	668054659	22535892	14	100	21296096	15	38.04
Xylena_vetusta	gfastats	100	611103911	20450959	14	116	20351139	14	37.91
Xylocampa_areola	insdc_release		538771836			1517	700934	239	37
Xylophagus_ater	gfastats	54	459297347	52552972	4	274	4315000	29	30.12
Xylota_segnis	gfastats	15	422924077	132342603	2	141	5344565	25	39.52
Xylota_sylvarum	insdc_release	120	534835910	124801819	2	183	29218644	6	
Xyphosia_miliaria	gfastats	262	806997426	132487932	3	771	4199855	49	33.09
Xysticus_acerbus	gfastats	1927	3088135109	237073779	6	4211	2169591	419	31.77
Yponomeuta_cagnagella	gfastats	90	575394847	19772650	14	130	14200349	17	39.28
Yponomeuta_evonymella	gfastats	57	572742383	19958162	14	197	8541679	22	39.27
Yponomeuta_malinellus	gfastats	109	568758500	19437463	14	234	5594066	28	39.29
Yponomeuta_plumbellus	gfastats	51	636643948	22918849	13	66	21017000	14	39.24
Yponomeuta_sedellus	insdc_release		318781889			1955	520050	174	39.5
Ypsolopha_horridella	gfastats	81	814450075	27272957	13	234	19380777	16	36.50
Ypsolopha_scabrella	insdc_release		847097007			915	1989567	122	
Ypsolopha_sequella	insdc_release		835220011			2892	632938	394	36
Ypsolopha_sylvella	gfastats	69	960811404	33839514	13	91	32954223	13	36.89
Zaglyptus_varipes	gfastats	25	297750195	14812862	8	102	7843136	13	37.44
Zeiraphera_griseana	gfastats	47	629104852	22619591	11	85	19750115	13	39.27
Zele_albiditarsus	gfastats	11	137700185	16223185	4	50	4301049	12	33.74
Zele_chlorophthalmus	gfastats	17	132198596	15081598	4	121	3589080	10	33.62
Zelleria_hepariella	gfastats	181	428786765	24231187	7	896	1033269	133	39.69
Zeus_faber	insdc_release		809816570			5370	331067	656	44
Zeuzera_pyrina	insdc_release	37	686903256	24575201	13	47	23452699	14	
Zootoca_vivipara	insdc_release		1221338756			8057	324996	1049	44
Zoropsis_spinimana	gfastats	7347	2848752923	191490901	7	13386	1267352	564	31.90
Zostera_noltei	gfastats	114	697672625	123052676	3	279	11188490	20	40.61
Zygaena_filipendulae	insdc_release		342800128			417	2058275	56	
Zygodon_viridissimus	gfastats	115	240686002	24437458	4	875	493609	153	38.88
