search_string	unique_name	approximate_match	score	ott_id	is_synonym	flags	number_matches	species
abax parallelepipedus	Abax parallelepipedus	FALSE	1	46221	FALSE		1	Abax_parallelepipedus
abia aenea	Abia aenea	FALSE	1	5540165	FALSE		1	Abia_aenea
abia candens	Abia candens	FALSE	1	327861	FALSE		1	Abia_candens
abramis brama	Abramis brama	FALSE	1	103921	FALSE		1	Abramis_brama
abraxas grossulariata	Abraxas grossulariatus	FALSE	1	696325	TRUE		1	Abraxas_grossulariata
abraxas sylvata	Abraxas sylvata	FALSE	1	1030087	FALSE		1	Abraxas_sylvata
abrostola tripartita	Abrostola tripartita	FALSE	1	653495	FALSE		1	Abrostola_tripartita
abrostola triplasia	Abrostola triplasia	FALSE	1	481264	FALSE		1	Abrostola_triplasia
acaena novae zelandiae	Acaena novae-zelandiae	TRUE	0.954545438289642	984464	FALSE		5	Acaena_novae_zelandiae
acaena ovalifolia	Acaena ovalifolia	FALSE	1	984457	FALSE		1	Acaena_ovalifolia
acalles misellus	Acalles misellus	FALSE	1	510982	FALSE		1	Acalles_misellus
acanthis cabaret	Acanthis cabaret	FALSE	1	893125	FALSE		1	Acanthis_cabaret
acanthis flammea	Acanthis flammea	FALSE	1	38566	FALSE		1	Acanthis_flammea
acanthocardia echinata	Acanthocardia echinata	FALSE	1	71103	FALSE		1	Acanthocardia_echinata
acanthosoma haemorrhoidale	Acanthosoma haemorrhoidale	FALSE	1	1086907	FALSE		1	Acanthosoma_haemorrhoidale
acasis viretata	Acasis viretata	FALSE	1	63669	FALSE		1	Acasis_viretata
accipiter gentilis	Accipiter gentilis	FALSE	1	786433	FALSE		1	Accipiter_gentilis
accipiter nisus	Accipiter nisus	FALSE	1	238460	FALSE		1	Accipiter_nisus
acentria ephemerella	Acentria ephemerella	FALSE	1	3170534	FALSE		1	Acentria_ephemerella
acer campestre	Acer campestre	FALSE	1	506137	FALSE		1	Acer_campestre
acer pseudoplatanus	Acer pseudoplatanus	FALSE	1	948911	FALSE		1	Acer_pseudoplatanus
acericerus heydenii	Idiocerus heydenii	FALSE	1	3461174	TRUE		1	Acericerus_heydenii
achaius oratorius	Achaius oratorius	FALSE	1	87369	FALSE		1	Achaius_oratorius
achillea maritima	Achillea maritima	FALSE	1	869832	FALSE		1	Achillea_maritima
achillea ptarmica	Achillea ptarmica	FALSE	1	195131	FALSE		1	Achillea_ptarmica
achlya flavicornis	Achlya flavicornis	FALSE	1	1098007	FALSE		1	Achlya_flavicornis
acholoe squamosa	Acholoe astericola	FALSE	1	888451	TRUE		1	Acholoe_squamosa
achroia grisella	Achroia grisella	FALSE	1	890796	FALSE		1	Achroia_grisella
acidia cognata	Acidia cognata	FALSE	1	229833	FALSE		1	Acidia_cognata
acleris aspersana	Acleris aspersana	FALSE	1	513074	FALSE		1	Acleris_aspersana
acleris cristana	Acleris cristana	FALSE	1	513059	FALSE		1	Acleris_cristana
acleris emargana	Acleris emargana	FALSE	1	135810	FALSE		1	Acleris_emargana
acleris ferrugana	Acleris ferrugana	FALSE	1	135808	FALSE		1	Acleris_ferrugana
acleris hastiana	Acleris hastiana	FALSE	1	3053002	FALSE		1	Acleris_hastiana
acleris holmiana	Acleris holmiana	FALSE	1	972611	FALSE		1	Acleris_holmiana
acleris hyemana	Acleris hyemana	FALSE	1	3052953	FALSE		1	Acleris_hyemana
acleris laterana	Acleris laterana	FALSE	1	135813	FALSE		1	Acleris_laterana
acleris literana	Acleris literana	FALSE	1	228375	FALSE		1	Acleris_literana
acleris logiana	Acleris logiana	FALSE	1	48688	FALSE		1	Acleris_logiana
acleris lorquiniana	Acleris lorquiniana	FALSE	1	48682	FALSE		1	Acleris_lorquiniana
acleris sparsana	Acleris sparsana	FALSE	1	48692	FALSE		1	Acleris_sparsana
acleris umbrana	Acleris umbrana	FALSE	1	48698	FALSE		1	Acleris_umbrana
acompsia schmidtiellus	Acompsia schmidtiellus	FALSE	1	3223658	FALSE		1	Acompsia_schmidtiellus
acrobasis consociella	Acrobasis consociella	FALSE	1	751013	FALSE		1	Acrobasis_consociella
acrobasis repandana	Acrobasis repandana	FALSE	1	301190	FALSE		1	Acrobasis_repandana
acrobasis suavella	Acrobasis suavella	FALSE	1	3152911	FALSE		1	Acrobasis_suavella
acrocephalus schoenobaenus	Acrocephalus schoenobaenus	FALSE	1	1071378	FALSE		1	Acrocephalus_schoenobaenus
acrocera orbiculus	Acrocera orbiculus	FALSE	1	862180	FALSE	sibling_higher	1	Acrocera_orbiculus
acrocnida brachiata	Acrocnida brachiata	FALSE	1	1069186	FALSE		1	Acrocnida_brachiata
acrodactyla quadrisculpta	Acrodactyla quadrisculpta	FALSE	1	1085165	FALSE		1	Acrodactyla_quadrisculpta
acromegalomma vesiculosum	Acromegalomma vesiculosum	FALSE	1	7489613	FALSE		1	Acromegalomma_vesiculosum
acronicta aceris	Acronicta aceris	FALSE	1	866630	FALSE	sibling_higher	1	Acronicta_aceris
acronicta alni	Acronicta alni	FALSE	1	391250	FALSE	sibling_higher	1	Acronicta_alni
acronicta leporina	Acronicta leporina	FALSE	1	391246	FALSE	sibling_higher	1	Acronicta_leporina
acronicta megacephala	Acronicta megacephala	FALSE	1	391248	FALSE	sibling_higher	1	Acronicta_megacephala
acronicta psi	Acronicta psi	FALSE	1	391244	FALSE	sibling_higher	1	Acronicta_psi
acronicta rumicis	Acronicta rumicis	FALSE	1	281071	FALSE	sibling_higher	1	Acronicta_rumicis
acrosathe annulata	Acrosathe annulata	FALSE	1	4428059	FALSE		1	Acrosathe_annulata
actenicerus siaelandicus	Actenicerus siaelandicus	FALSE	1	495712	FALSE		1	Actenicerus_siaelandicus
acupalpus dubius	Acupalpus dubius	FALSE	1	510985	FALSE		1	Acupalpus_dubius
acupalpus parvulus	Acupalpus parvulus	FALSE	1	911734	FALSE		1	Acupalpus_parvulus
adaina microdactyla	Adaina microdactyla	FALSE	1	3091979	FALSE	sibling_higher	1	Adaina_microdactyla
adalia bipunctata	Adalia bipunctata	FALSE	1	965949	FALSE		1	Adalia_bipunctata
adalia decempunctata	Adalia decempunctata	FALSE	1	629403	FALSE		1	Adalia_decempunctata
adela reaumurella	Adela reaumurella	FALSE	1	227126	FALSE		1	Adela_reaumurella
adicella reducta	Adicella reducta	FALSE	1	1028619	FALSE		1	Adicella_reducta
adonis annua	Adonis annua	FALSE	1	804994	FALSE		1	Adonis_annua
adscita geryon	Adscita geryon	FALSE	1	1091745	FALSE		1	Adscita_geryon
aegialia arenaria	Aegialia arenaria	FALSE	1	557966	FALSE	sibling_higher	1	Aegialia_arenaria
aegithalos caudatus	Aegithalos caudatus	FALSE	1	467867	FALSE		1	Aegithalos_caudatus
aelia acuminata	Aelia acuminata	FALSE	1	3471678	FALSE		1	Aelia_acuminata
aesculus hippocastanum	Aesculus hippocastanum	FALSE	1	404238	FALSE		1	Aesculus_hippocastanum
aeshna juncea	Aeshna juncea	FALSE	1	621489	FALSE		1	Aeshna_juncea
aethecerus discolor	Aethecerus discolor	FALSE	1	3284068	FALSE		1	Aethecerus_discolor
aethes beatricella	Aethes beatricella	FALSE	1	3054409	FALSE		1	Aethes_beatricella
aethes cnicana	Aethes cnicana	FALSE	1	281078	FALSE		1	Aethes_cnicana
aethes francillana	Aethes francillana	FALSE	1	3054393	FALSE		1	Aethes_francillana
aethes hartmanniana	Aethes hartmanniana	FALSE	1	48700	FALSE		1	Aethes_hartmanniana
aethes rubigana	Aethes rubigana	FALSE	1	3054537	FALSE		1	Aethes_rubigana
aethes rutilana	Aethes rutilana	FALSE	1	3054407	FALSE		1	Aethes_rutilana
aethes smeathmanniana	Aethes smeathmanniana	FALSE	1	3054453	FALSE		1	Aethes_smeathmanniana
aethes tesserana	Aethes tesserana	FALSE	1	3054401	FALSE		1	Aethes_tesserana
aethusa cynapium	Aethusa cynapium	FALSE	1	1005122	FALSE		1	Aethusa_cynapium
agapeta hamana	Agapeta hamana	FALSE	1	907233	FALSE		1	Agapeta_hamana
agapeta zoegana	Agapeta zoegana	FALSE	1	596589	FALSE		1	Agapeta_zoegana
agapetus fuscipes	Agapetus fuscipes	FALSE	1	3020134	FALSE		1	Agapetus_fuscipes
agapornis nigrigenis	Agapornis nigrigenis	FALSE	1	174390	FALSE		1	Agapornis_nigrigenis
agaricus bisporus	Agaricus bisporus	FALSE	1	564405	FALSE		1	Agaricus_bisporus
agaricus langei	Agaricus langei	FALSE	1	131442	FALSE		1	Agaricus_langei
agelastica alni	Agelastica alni	FALSE	1	614639	FALSE		1	Agelastica_alni
agnoea josephinae	Pseudatemelia josephinae	FALSE	1	439850	TRUE		1	Agnoea_josephinae
agnoea subochreella	Pseudatemelia subochreella	FALSE	1	4231420	TRUE		1	Agnoea_subochreella
agonopterix alstromeriana	Agonopterix alstromeriana	FALSE	1	3229924	FALSE		1	Agonopterix_alstromeriana
agonopterix arenella	Agonopterix arenella	FALSE	1	3230059	FALSE		1	Agonopterix_arenella
agonopterix atomella	Agonopterix atomella	FALSE	1	3230167	FALSE		1	Agonopterix_atomella
agonopterix ciliella	Agonopterix ciliella	FALSE	1	3229887	FALSE		1	Agonopterix_ciliella
agonopterix heracliana	Agonopterix heracliana	FALSE	1	145500	FALSE		1	Agonopterix_heracliana
agonopterix kaekeritziana	Agonopterix kaekeritziana	FALSE	1	3229973	FALSE		1	Agonopterix_kaekeritziana
agonopterix nanatella	Agonopterix nanatella	FALSE	1	3229864	FALSE		1	Agonopterix_nanatella
agonopterix nervosa	Agonopterix nervosa	FALSE	1	3229880	FALSE		1	Agonopterix_nervosa
agonopterix propinquella	Agonopterix propinquella	FALSE	1	3230022	FALSE		1	Agonopterix_propinquella
agonopterix subpropinquella	Agonopterix subpropinquella	FALSE	1	3230168	FALSE		1	Agonopterix_subpropinquella
agonum fuliginosum	Agonum fuliginosum	FALSE	1	3425891	FALSE		1	Agonum_fuliginosum
agonum gracile	Agonum gracile	FALSE	1	3425810	FALSE		2	Agonum_gracile
agonum muelleri	Agonum muelleri	FALSE	1	305075	FALSE		1	Agonum_muelleri
agonum thoreyi	Agonum thoreyi	FALSE	1	3425776	FALSE		1	Agonum_thoreyi
agonum viduum	Agonum viduum	FALSE	1	924887	FALSE		1	Agonum_viduum
agrilus biguttatus	Agrilus biguttatus	FALSE	1	1028250	FALSE		1	Agrilus_biguttatus
agrilus cyanescens	Agrilus cyanescens	FALSE	1	3415804	FALSE		1	Agrilus_cyanescens
agrimonia eupatoria	Agrimonia eupatoria	FALSE	1	852855	FALSE		3	Agrimonia_eupatoria
agriopis aurantiaria	Agriopis aurantiaria	FALSE	1	272583	FALSE		1	Agriopis_aurantiaria
agriopis leucophaearia	Agriopis leucophaearia	FALSE	1	63671	FALSE		1	Agriopis_leucophaearia
agriopis marginaria	Agriopis marginaria	FALSE	1	1030104	FALSE		1	Agriopis_marginaria
agriotes lineatus	Agriotes lineatus	FALSE	1	640452	FALSE		1	Agriotes_lineatus
agriphila geniculea	Agriphila geniculea	FALSE	1	3167085	FALSE		1	Agriphila_geniculea
agriphila inquinatella	Agriphila inquinatella	FALSE	1	301264	FALSE		1	Agriphila_inquinatella
agriphila straminella	Agriphila straminella	FALSE	1	972622	FALSE		1	Agriphila_straminella
agriphila tristella	Agriphila tristella	FALSE	1	3167106	FALSE		1	Agriphila_tristella
agrochola circellaris	Agrochola circellaris	FALSE	1	391238	FALSE	sibling_higher	1	Agrochola_circellaris
agrochola litura	Agrochola litura	FALSE	1	391256	FALSE	sibling_higher	1	Agrochola_litura
agrochola lota	Agrochola lota	FALSE	1	916933	FALSE	sibling_higher	1	Agrochola_lota
agrochola lychnidis	Agrochola lychnidis	FALSE	1	916931	FALSE	sibling_higher	1	Agrochola_lychnidis
agrochola macilenta	Agrochola macilenta	FALSE	1	916937	FALSE	sibling_higher	1	Agrochola_macilenta
agrocybe praecox	Agrocybe praecox	FALSE	1	887971	FALSE		2	Agrocybe_praecox
agrostemma githago	Agrostemma githago	FALSE	1	689981	FALSE		1	Agrostemma_githago
agrothereutes abbreviatus	Agrothereutes abbreviatus	FALSE	1	915226	FALSE		1	Agrothereutes_abbreviatus
agrotis clavis	Agrotis clavis	FALSE	1	210000	FALSE		1	Agrotis_clavis
agrotis exclamationis	Agrotis exclamationis	FALSE	1	114385	FALSE		1	Agrotis_exclamationis
agrotis puta	Agrotis puta	FALSE	1	3205956	FALSE		1	Agrotis_puta
agrotis ripae	Agrotis ripae	FALSE	1	3205574	FALSE		1	Agrotis_ripae
agrotis vestigialis	Agrotis vestigialis	FALSE	1	485182	FALSE		1	Agrotis_vestigialis
agrypnus murinus	Agrypnus murinus	FALSE	1	38985	FALSE		1	Agrypnus_murinus
agrypon flaveolatum	Agrypon flaveolatum	FALSE	1	3290907	FALSE		2	Agrypon_flaveolatum
agrypon varitarsum	Agrypon varitarsum	FALSE	1	474304	FALSE		1	Agrypon_varitarsum
ailanthus altissima	Ailanthus altissima	FALSE	1	30793	FALSE		1	Ailanthus_altissima
ajuga chamaepitys	Ajuga chamaepitys	FALSE	1	382256	FALSE		1	Ajuga_chamaepitys
ajuga reptans	Ajuga reptans	FALSE	1	11338	FALSE		1	Ajuga_reptans
alauda arvensis	Alauda arvensis	FALSE	1	312548	FALSE		1	Alauda_arvensis
alcedo atthis	Alcedo atthis	FALSE	1	549519	FALSE		1	Alcedo_atthis
alchemilla alpina	Alchemilla alpina	FALSE	1	176699	FALSE		1	Alchemilla_alpina
alchemilla mollis	Alchemilla mollis	FALSE	1	833570	FALSE		1	Alchemilla_mollis
alcis jubata	Alcis jubata	FALSE	1	3067216	FALSE		1	Alcis_jubata
alcis repandata	Alcis repandata	FALSE	1	973776	FALSE		1	Alcis_repandata
alcyonidium gelatinosum	Alcyonidium gelatinosum	FALSE	1	619650	FALSE	sibling_higher	1	Alcyonidium_gelatinosum
alectoris rufa	Alectoris rufa	FALSE	1	51360	FALSE		1	Alectoris_rufa
aleimma loeflingiana	Aleimma loeflingiana	FALSE	1	928268	FALSE		1	Aleimma_loeflingiana
aleiodes alternator	Aleiodes alternator	FALSE	1	474306	FALSE	sibling_higher	1	Aleiodes_alternator
aleiodes circumscriptus	Aleiodes circumscriptus	FALSE	1	740796	FALSE	sibling_higher	1	Aleiodes_circumscriptus
aleiodes coxalis	Aleiodes coxalis	FALSE	1	1024517	FALSE	sibling_higher	1	Aleiodes_coxalis
aleiodes gastritor	Aleiodes gastritor	FALSE	1	588712	FALSE	sibling_higher	1	Aleiodes_gastritor
aleiodes leptofemur	Aleiodes leptofemur	FALSE	1	5963890	FALSE	sibling_higher	1	Aleiodes_leptofemur
aleiodes praetor	Aleiodes praetor	FALSE	1	422405	FALSE	sibling_higher	1	Aleiodes_praetor
aleiodes rugulosus	Aleiodes rugulosus	FALSE	1	1077905	FALSE	sibling_higher	1	Aleiodes_rugulosus
aleiodes similis	Aleiodes similis	FALSE	1	474298	FALSE	sibling_higher	2	Aleiodes_similis
aleiodes testaceus	Aleiodes testaceus	FALSE	1	923605	FALSE	sibling_higher	1	Aleiodes_testaceus
aleiodes unipunctator	Aleiodes unipunctator	FALSE	1	876796	FALSE	sibling_higher	1	Aleiodes_unipunctator
alentia gelatinosa	Alentia gelatinosa	FALSE	1	1009764	FALSE		1	Alentia_gelatinosa
aleochara curtula	Aleochara curtula	FALSE	1	467933	FALSE	sibling_higher	1	Aleochara_curtula
alisma plantago aquatica	Alisma plantago-aquatica	TRUE	0.958333313465118	484565	FALSE		2	Alisma_plantago_aquatica
alitta virens	Alitta virens	FALSE	1	986619	FALSE		1	Alitta_virens
allacma fusca	Allacma fusca	FALSE	1	485525	FALSE		1	Allacma_fusca
allantus rufocinctus	Allantus rufocinctus	FALSE	1	3245403	FALSE		1	Allantus_rufocinctus
alliopsis billbergi	Alliopsis billbergi	FALSE	1	4361739	FALSE	sibling_higher	1	Alliopsis_billbergi
allodia ornaticollis	Allodia ornaticollis	FALSE	1	4493469	FALSE	sibling_higher	1	Allodia_ornaticollis
allomacrus arcticus	Allomacrus arcticus	FALSE	1	825930	FALSE		1	Allomacrus_arcticus
allophyes oxyacanthae	Allophyes oxyacanthae	FALSE	1	51561	FALSE		1	Allophyes_oxyacanthae
alloplasta piceator	Alloplasta piceator	FALSE	1	4555022	FALSE		1	Alloplasta_piceator
allygidius commutatus	Allygidius commutatus	FALSE	1	4213036	FALSE		1	Allygidius_commutatus
allygus modestus	Allygus modestus	FALSE	1	4210278	FALSE		1	Allygus_modestus
alnus cordata	Alnus cordata	FALSE	1	117349	FALSE		1	Alnus_cordata
alnus glutinosa	Alnus glutinosa	FALSE	1	791130	FALSE		1	Alnus_glutinosa
alnus incana	Alnus incana	FALSE	1	791133	FALSE		1	Alnus_incana
alomya debellator	Alomya debellator	FALSE	1	1024513	FALSE		1	Alomya_debellator
alopecurus geniculatus	Alopecurus geniculatus	FALSE	1	407890	FALSE		3	Alopecurus_geniculatus
alopecurus pratensis	Alopecurus pratensis	FALSE	1	463754	FALSE		2	Alopecurus_pratensis
alopochen aegyptiaca	Alopochen aegyptiaca	FALSE	1	693339	FALSE		1	Alopochen_aegyptiaca
alsophila aescularia	Alsophila aescularia	FALSE	1	53204	FALSE		1	Alsophila_aescularia
altenia scriptella	Altenia scriptella	FALSE	1	3225966	FALSE		1	Altenia_scriptella
altica lythri	Altica lythri	FALSE	1	1087730	FALSE		1	Altica_lythri
alucita hexadactyla	Alucita hexadactyla	FALSE	1	804627	FALSE		1	Alucita_hexadactyla
alydus calcaratus	Alydus calcaratus	FALSE	1	150283	FALSE		1	Alydus_calcaratus
alysia alticola	Alysia alticola	FALSE	1	5812048	FALSE		1	Alysia_alticola
amanita muscaria	Amanita muscaria	FALSE	1	75257	FALSE	sibling_higher	1	Amanita_muscaria
amanita phalloides	Amanita phalloides	FALSE	1	545199	FALSE	sibling_higher	1	Amanita_phalloides
amanita rubescens	Amanita rubescens	FALSE	1	148310	FALSE	sibling_higher	1	Amanita_rubescens
amara aenea	Amara aenea	FALSE	1	842543	FALSE	sibling_higher	1	Amara_aenea
amara aulica	Amara aulica	FALSE	1	305077	FALSE	sibling_higher	1	Amara_aulica
amara convexiuscula	Amara convexiuscula	FALSE	1	3424511	FALSE	sibling_higher	1	Amara_convexiuscula
amara familiaris	Amara familiaris	FALSE	1	3424469	FALSE	sibling_higher	1	Amara_familiaris
amara ovata	Amara ovata	FALSE	1	1087731	FALSE	sibling_higher	3	Amara_ovata
amara plebeja	Amara plebeja	FALSE	1	386580	FALSE	sibling_higher	1	Amara_plebeja
amara tibialis	Amara tibialis	FALSE	1	386582	FALSE	sibling_higher	3	Amara_tibialis
amaurobius ferox	Amaurobius ferox	FALSE	1	434698	FALSE		1	Amaurobius_ferox
amblyjoppa fuscipennis	Amblyjoppa fuscipennis	FALSE	1	7866473	FALSE		1	Amblyjoppa_fuscipennis
amblyjoppa proteus	Amblyjoppa proteus	FALSE	1	4552772	FALSE		1	Amblyjoppa_proteus
amblyteles armatorius	Amblyteles armatorius	FALSE	1	86266	FALSE		1	Amblyteles_armatorius
ametastegia carpini	Ametastegia carpini	FALSE	1	3245426	FALSE		1	Ametastegia_carpini
ametastegia equiseti	Ametastegia equiseti	FALSE	1	462897	FALSE		1	Ametastegia_equiseti
ammi majus	Ammi majus	FALSE	1	1074876	FALSE	sibling_higher	2	Ammi_majus
ammophila pubescens	Ammophila pubescens	FALSE	1	797683	FALSE		1	Ammophila_pubescens
ammophila sabulosa	Ammophila sabulosa	FALSE	1	796958	FALSE		1	Ammophila_sabulosa
ampedus balteatus	Ampedus balteatus	FALSE	1	389817	FALSE		1	Ampedus_balteatus
ampedus sanguinolentus	Ampedus sanguinolentus	FALSE	1	712558	FALSE		1	Ampedus_sanguinolentus
amphibalanus improvisus	Amphibalanus improvisus	FALSE	1	43613	FALSE		1	Amphibalanus_improvisus
amphicteis midas	Amphicteis midas	FALSE	1	4975462	FALSE		1	Amphicteis_midas
amphidium lapponicum	Amphidium lapponicum	FALSE	1	167711	FALSE		1	Amphidium_lapponicum
amphidium mougeotii	Amphidium mougeotii	FALSE	1	191005	FALSE		1	Amphidium_mougeotii
amphigerontia contaminata	Amphigerontia contaminata	FALSE	1	7477971	FALSE		1	Amphigerontia_contaminata
amphimallon solstitiale	Amphimallon solstitiale	FALSE	1	508095	FALSE	sibling_higher	1	Amphimallon_solstitiale
amphipoea lucens	Amphipoea lucens	FALSE	1	916924	FALSE		1	Amphipoea_lucens
amphipoea oculea	Amphipoea oculea	FALSE	1	1053950	FALSE		1	Amphipoea_oculea
amphipyra berbera	Amphipyra berbera	FALSE	1	916928	FALSE		1	Amphipyra_berbera
amphipyra tragopoginis	Amphipyra tragopoginis	FALSE	1	891509	FALSE		1	Amphipyra_tragopoginis
ampulloclitocybe clavipes	Ampulloclitocybe clavipes	FALSE	1	454800	FALSE		1	Ampulloclitocybe_clavipes
anacampsis blattariella	Anacampsis blattariella	FALSE	1	3226093	FALSE		1	Anacampsis_blattariella
anagallis arvensis	Anagallis arvensis	FALSE	1	486208	FALSE		1	Anagallis_arvensis
anaglyptus mysticus	Anaglyptus mysticus	FALSE	1	224211	FALSE	sibling_higher	1	Anaglyptus_mysticus
anania coronata	Anania coronata	FALSE	1	7877	FALSE		1	Anania_coronata
anania crocealis	Anania crocealis	FALSE	1	907249	FALSE		1	Anania_crocealis
anania fuscalis	Anania fuscalis	FALSE	1	907254	FALSE		1	Anania_fuscalis
anania hortulata	Anania hortulata	FALSE	1	3166420	FALSE		1	Anania_hortulata
anania verbascalis	Anania verbascalis	FALSE	1	3165345	FALSE		1	Anania_verbascalis
anaplectoides prasina	Anaplectoides prasina	FALSE	1	33068	FALSE		1	Anaplectoides_prasina
anarsia innoxiella	Anarsia innoxiella	FALSE	1	7141715	FALSE		1	Anarsia_innoxiella
anarsia spartiella	Anarsia spartiella	FALSE	1	3223714	FALSE		1	Anarsia_spartiella
anarta trifolii	Anarta trifolii	FALSE	1	384126	FALSE	sibling_higher	1	Anarta_trifolii
anas acuta	Anas acuta	FALSE	1	855474	FALSE	sibling_higher	1	Anas_acuta
anas platyrhynchos	Anas platyrhynchos	FALSE	1	765167	FALSE	sibling_higher	1	Anas_platyrhynchos
anasimyia lineata	Anasimyia lineata	FALSE	1	335970	FALSE		2	Anasimyia_lineata
anaspis frontalis	Anaspis frontalis	FALSE	1	963793	FALSE		1	Anaspis_frontalis
anaspis garneysi	Anaspis garneysi	FALSE	1	1087736	FALSE		1	Anaspis_garneysi
anaspis maculata	Anaspis maculata	FALSE	1	621625	FALSE		1	Anaspis_maculata
anaspis regimbarti	Anaspis regimbarti	FALSE	1	1087737	FALSE		1	Anaspis_regimbarti
anaspis thoracica	Anaspis thoracica	FALSE	1	963795	FALSE		2	Anaspis_thoracica
anastrepta orcadensis	Anastrepta orcadensis	FALSE	1	428569	FALSE		1	Anastrepta_orcadensis
anastrophyllum donnianum	Anastrophyllum donnianum	FALSE	1	383582	FALSE		1	Anastrophyllum_donnianum
anax imperator	Anax imperator	FALSE	1	485521	FALSE		1	Anax_imperator
anchusa arvensis	Anchusa arvensis	FALSE	1	900051	FALSE	sibling_higher	1	Anchusa_arvensis
ancistrocerus nigricornis	Ancistrocerus nigricornis	FALSE	1	727307	FALSE	sibling_higher	1	Ancistrocerus_nigricornis
ancylis achatana	Ancylis achatana	FALSE	1	3048828	FALSE		1	Ancylis_achatana
ancylis mitterbacheriana	Ancylis mitterbacheriana	FALSE	1	888537	FALSE		1	Ancylis_mitterbacheriana
ancylis unculana	Ancylis unculana	FALSE	1	3048868	FALSE		1	Ancylis_unculana
andreaea frigida	Andreaea frigida	FALSE	1	3864642	FALSE		1	Andreaea_frigida
andreaea hookeri	Adriana hookeri	TRUE	0.800000011920929	5535149	FALSE	hidden	1	Andreaea_hookeri
andreaea mutabilis	Andreaea mutabilis	FALSE	1	3864600	FALSE		1	Andreaea_mutabilis
andreaea nivalis	Andreaea nivalis	FALSE	1	403417	FALSE		1	Andreaea_nivalis
andreaea rothii	Andreaea rothii	FALSE	1	449331	FALSE		1	Andreaea_rothii
andreaea rupestris	Andreaea rupestris	FALSE	1	1087127	FALSE		2	Andreaea_rupestris
andrena angustior	Andrena angustior	FALSE	1	883577	FALSE	incertae_sedis	1	Andrena_angustior
andrena apicata	Andrena apicata	FALSE	1	883559	FALSE	incertae_sedis	1	Andrena_apicata
andrena barbilabris	Andrena barbilabris	FALSE	1	163656	FALSE	incertae_sedis	1	Andrena_barbilabris
andrena bicolor	Andrena bicolor	FALSE	1	883561	FALSE		2	Andrena_bicolor
andrena bucephala	Andrena bucephala	FALSE	1	3262276	FALSE		1	Andrena_bucephala
andrena chrysosceles	Andrena chrysosceles	FALSE	1	3263176	FALSE		1	Andrena_chrysosceles
andrena clarkella	Andrena clarkella	FALSE	1	883563	FALSE	incertae_sedis	1	Andrena_clarkella
andrena denticulata	Andrena denticulata	FALSE	1	330870	FALSE	incertae_sedis	1	Andrena_denticulata
andrena dorsata	Andrena dorsata	FALSE	1	3262756	FALSE		1	Andrena_dorsata
andrena flavipes	Andrena flavipes	FALSE	1	358138	FALSE		1	Andrena_flavipes
andrena florea	Andrena florea	FALSE	1	3263011	FALSE	incertae_sedis	1	Andrena_florea
andrena fulva	Andrena fulva	FALSE	1	3262273	FALSE		1	Andrena_fulva
andrena haemorrhoa	Andrena haemorrhoa	FALSE	1	462726	FALSE		1	Andrena_haemorrhoa
andrena hattorfiana	Andrena hattorfiana	FALSE	1	3262814	FALSE	incertae_sedis	1	Andrena_hattorfiana
andrena helvola	Andrena helvola	FALSE	1	858088	FALSE	incertae_sedis	1	Andrena_helvola
andrena marginata	Andrena marginata	FALSE	1	3263332	FALSE		1	Andrena_marginata
andrena minutula	Andrena minutula	FALSE	1	747468	FALSE	incertae_sedis	1	Andrena_minutula
andrena nitida	Andrena nitida	FALSE	1	3263016	FALSE	incertae_sedis	1	Andrena_nitida
andrena nitidiuscula	Andrena nitidiuscula	FALSE	1	698600	FALSE		1	Andrena_nitidiuscula
andrena praecox	Andrena praecox	FALSE	1	747471	FALSE	incertae_sedis	1	Andrena_praecox
andrena scotica	Andrena carantonica	FALSE	1	1053843	TRUE		1	Andrena_scotica
andrena trimmerana	Andrena trimmerana	FALSE	1	3263356	FALSE		1	Andrena_trimmerana
anerastia lotella	Anerastia lotella	FALSE	1	3158161	FALSE		1	Anerastia_lotella
aneugmenus padi	Aneugmenus padi	FALSE	1	4578014	FALSE		1	Aneugmenus_padi
aneugmenus temporalis	Aneugmenus temporalis	FALSE	1	4578011	FALSE		1	Aneugmenus_temporalis
angelica archangelica	Angelica archangelica	FALSE	1	428208	FALSE	sibling_higher	1	Angelica_archangelica
anilocra frontalis	Anilocra frontalis	FALSE	1	2997593	FALSE		1	Anilocra_frontalis
anisosticta novemdecimpunctata	Anisosticta novemdecimpunctata	FALSE	1	348748	FALSE		1	Anisosticta_novemdecimpunctata
anisus vortex	Anisus vortex	FALSE	1	882493	FALSE		1	Anisus_vortex
anobium punctatum	Anobium punctatum	FALSE	1	224216	FALSE		1	Anobium_punctatum
anoectangium aestivum	Anoectangium aestivum	FALSE	1	969564	FALSE		1	Anoectangium_aestivum
anomodon viticulosus	Anomodon viticulosus	FALSE	1	3217	FALSE		1	Anomodon_viticulosus
anomoia purmunda	Anomoia purmunda	FALSE	1	752968	FALSE		1	Anomoia_purmunda
anopheles coluzzii	Anopheles coluzzii	FALSE	1	5341171	FALSE		1	Anopheles_coluzzii
anoplius caviventris	Anoplius caviventris	FALSE	1	774165	FALSE	sibling_higher	1	Anoplius_caviventris
anoplius nigerrimus	Anoplius nigerrimus	FALSE	1	3261843	FALSE	sibling_higher	1	Anoplius_nigerrimus
anorthoa munda	Anorthoa munda	FALSE	1	521522	FALSE		1	Anorthoa_munda
anser albifrons	Anser albifrons	FALSE	1	430239	FALSE		1	Anser_albifrons
anser anser	Anser anser	FALSE	1	190887	FALSE		1	Anser_anser
anser brachyrhynchus	Anser brachyrhynchus	FALSE	1	970372	FALSE		1	Anser_brachyrhynchus
anser erythropus	Anser erythropus	FALSE	1	691333	FALSE		1	Anser_erythropus
anser fabalis	Anser fabalis	FALSE	1	325140	FALSE		1	Anser_fabalis
anseropoda placenta	Anseropoda placenta	FALSE	1	149996	FALSE		1	Anseropoda_placenta
antedon bifida	Antedon bifida	FALSE	1	964000	FALSE		1	Antedon_bifida
anthelia julacea	Anthelia julacea	FALSE	1	360418	FALSE		1	Anthelia_julacea
anthene sylvanus	Anthene sylvanus	FALSE	1	3143310	FALSE		1	Anthene_sylvanus
anthidium manicatum	Anthidium manicatum	FALSE	1	3266473	FALSE		1	Anthidium_manicatum
anthobium unicolor	Anthobium unicolor	FALSE	1	518837	FALSE		1	Anthobium_unicolor
anthocharis cardamines	Anthocharis cardamines	FALSE	1	398585	FALSE		1	Anthocharis_cardamines
anthocomus fasciatus	Anthocomus fasciatus	FALSE	1	290116	FALSE		1	Anthocomus_fasciatus
anthocoris confusus	Anthocoris confusus	FALSE	1	548488	FALSE		1	Anthocoris_confusus
anthocoris nemoralis	Anthocoris nemoralis	FALSE	1	54051	FALSE		1	Anthocoris_nemoralis
anthomyza gracilis	Anthomyza gracilis	FALSE	1	356931	FALSE		1	Anthomyza_gracilis
anthonomus pomorum	Anthonomus pomorum	FALSE	1	102012	FALSE		1	Anthonomus_pomorum
anthophila fabriciana	Anthophila fabriciana	FALSE	1	401829	FALSE		1	Anthophila_fabriciana
anthophora plumipes	Anthophora plumipes	FALSE	1	811589	FALSE		2	Anthophora_plumipes
anthrax anthrax	Anthrax anthrax	FALSE	1	4429875	FALSE	sibling_higher	1	Anthrax_anthrax
anthriscus sylvestris	Anthriscus sylvestris	FALSE	1	1074874	FALSE		1	Anthriscus_sylvestris
anthus petrosus	Anthus petrosus	FALSE	1	695347	FALSE		1	Anthus_petrosus
anthus pratensis	Anthus pratensis	FALSE	1	870543	FALSE		1	Anthus_pratensis
anthus trivialis	Anthus trivialis	FALSE	1	695340	FALSE		1	Anthus_trivialis
anthyllis vulneraria	Anthyllis vulneraria	FALSE	1	253733	FALSE	sibling_higher	1	Anthyllis_vulneraria
anticlea derivata	Anticlea derivata	FALSE	1	63662	FALSE		1	Anticlea_derivata
antitrichia curtipendula	Antitrichia curtipendula	FALSE	1	798110	FALSE		1	Antitrichia_curtipendula
antitype chi	Antitype chi	FALSE	1	521519	FALSE		1	Antitype_chi
anyphaena accentuata	Anyphaena accentuata	FALSE	1	963003	FALSE		1	Anyphaena_accentuata
anyphaena sabina	Anyphaena sabina	FALSE	1	3552057	FALSE		1	Anyphaena_sabina
apaeleticus inimicus	Apaeleticus inimicus	FALSE	1	3280776	FALSE		1	Apaeleticus_inimicus
apamea anceps	Apamea anceps	FALSE	1	209994	FALSE	sibling_higher	1	Apamea_anceps
apamea crenata	Apamea crenata	FALSE	1	804629	FALSE	sibling_higher	1	Apamea_crenata
apamea epomidion	Apamea epomidion	FALSE	1	36068	FALSE	sibling_higher	1	Apamea_epomidion
apamea lithoxylaea	Apamea lithoxylaea	FALSE	1	36070	FALSE	sibling_higher	1	Apamea_lithoxylaea
apamea monoglypha	Apamea monoglypha	FALSE	1	50269	FALSE	sibling_higher	1	Apamea_monoglypha
apamea scolopacina	Apamea scolopacina	FALSE	1	36065	FALSE	sibling_higher	1	Apamea_scolopacina
apamea sordens	Apamea sordens	FALSE	1	366744	FALSE	sibling_higher	1	Apamea_sordens
apamea sublustris	Apamea sublustris	FALSE	1	217359	FALSE	sibling_higher	1	Apamea_sublustris
apamea unanimis	Apamea unanimis	FALSE	1	366751	FALSE	sibling_higher	1	Apamea_unanimis
apechthis compunctor	Apechthis compunctor	FALSE	1	3285092	FALSE		1	Apechthis_compunctor
apeira syringaria	Apeira syringaria	FALSE	1	710937	FALSE		1	Apeira_syringaria
aphantopus hyperantus	Aphantopus hyperantus	FALSE	1	495344	FALSE		1	Aphantopus_hyperantus
aphelia paleana	Aphelia paleana	FALSE	1	804635	FALSE		1	Aphelia_paleana
aphelia viburniana	Aphelia viburniana	FALSE	1	3054641	FALSE		1	Aphelia_viburniana
aphidecta obliterata	Aphidecta obliterata	FALSE	1	3355817	FALSE		1	Aphidecta_obliterata
aphodius ater	Aphodius ater	FALSE	1	1003181	FALSE	sibling_higher	1	Aphodius_ater
aphodius fimetarius	Aphodius fimetarius	FALSE	1	379714	FALSE		1	Aphodius_fimetarius
aphodius granarius	Aphodius granarius	FALSE	1	1032341	FALSE		1	Aphodius_granarius
aphodius sticticus	Aphodius sticticus	FALSE	1	724425	FALSE		2	Aphodius_sticticus
aphomia sociella	Aphomia sociella	FALSE	1	546354	FALSE		1	Aphomia_sociella
aphthona herbigrada	Aphthona herbigrada	FALSE	1	3371281	FALSE		1	Aphthona_herbigrada
aphthona nonstriata	Aphthona nonstriata	FALSE	1	290118	FALSE		1	Aphthona_nonstriata
apis mellifera	Apis mellifera (species in domain Eukaryota)	FALSE	1	461645	FALSE		1	Apis_mellifera
aplasta ononaria	Aplasta ononaria	FALSE	1	4277650	FALSE		1	Aplasta_ononaria
aplidium pallidum	Aplidium pallidum	FALSE	1	3644567	FALSE		1	Aplidium_pallidum
aplidium turbinatum	Aplidium turbinatum	FALSE	1	3644569	FALSE		1	Aplidium_turbinatum
aplocera efformata	Aplocera efformata	FALSE	1	710940	FALSE		1	Aplocera_efformata
aplocera plagiata	Aplocera plagiata	FALSE	1	536947	FALSE		1	Aplocera_plagiata
aplotarsus incanus	Aplotarsus incanus	FALSE	1	57943	FALSE		1	Aplotarsus_incanus
apocheima hispidaria	Apocheima hispidaria	FALSE	1	315055	FALSE		1	Apocheima_hispidaria
apoda limacodes	Apoda limacodes	FALSE	1	1091774	FALSE		1	Apoda_limacodes
apodemus sylvaticus	Apodemus sylvaticus	FALSE	1	794922	FALSE		1	Apodemus_sylvaticus
apoderus coryli	Apoderus coryli	FALSE	1	727512	FALSE		1	Apoderus_coryli
apomyelois bistriatella	Apomyelois bistriatella	FALSE	1	3156880	FALSE		1	Apomyelois_bistriatella
aponogeton distachyos	Aponogeton distachyos	FALSE	1	242984	FALSE		1	Aponogeton_distachyos
aporia crataegi	Aporia crataegi (species in Nucletmycea)	FALSE	1	4047122	FALSE	sibling_higher	2	Aporia_crataegi
aporophyla australis	Aporophyla australis	FALSE	1	3209660	FALSE		1	Aporophyla_australis
aporophyla lueneburgensis	Aporophyla lueneburgensis	FALSE	1	3209666	FALSE		1	Aporophyla_lueneburgensis
aporophyla nigra	Aporophyla nigra	FALSE	1	521527	FALSE		1	Aporophyla_nigra
aporrectodea caliginosa	Aporrectodea caliginosa	FALSE	1	128734	FALSE		1	Aporrectodea_caliginosa
aporrectodea icterica	Aporrectodea icterica	FALSE	1	280280	FALSE		1	Aporrectodea_icterica
apotomis betuletana	Apotomis betuletana	FALSE	1	1059692	FALSE		1	Apotomis_betuletana
apotomis capreana	Apotomis capreana	FALSE	1	178009	FALSE		1	Apotomis_capreana
apotomis turbidana	Apotomis turbidana	FALSE	1	1059690	FALSE		1	Apotomis_turbidana
aproaerema taeniolella	Aproaerema taeniolella	FALSE	1	7141400	FALSE		1	Aproaerema_taeniolella
aproaerema vinella	Syncopacma vinella	FALSE	1	3226167	TRUE		1	Aproaerema_vinella
aproceros leucopoda	Aproceros leucopoda	FALSE	1	5230033	FALSE		1	Aproceros_leucopoda
aquila chrysaetos	Aquila chrysaetos	FALSE	1	263127	FALSE		1	Aquila_chrysaetos
aquila chrysaetos chrysaetos	Aquila chrysaetos chrysaetos	FALSE	1	479314	FALSE	infraspecific	1	Aquila_chrysaetos_chrysaetos
aquilegia vulgaris	Aquilegia vulgaris	FALSE	1	964058	FALSE		3	Aquilegia_vulgaris
ara militaris	Ara militaris	FALSE	1	758345	FALSE		1	Ara_militaris
arabidopsis thaliana	Arabidopsis thaliana	FALSE	1	309263	FALSE		1	Arabidopsis_thaliana
arabis hirsuta	Arabis hirsuta	FALSE	1	550043	FALSE		2	Arabis_hirsuta
arachnomyces sp kdtol00113								Arachnomyces_sp_KDTOL00113
aradus depressus	Aradus depressus	FALSE	1	3473097	FALSE		1	Aradus_depressus
aradus truncatus	Aradus truncatus	FALSE	1	3472897	FALSE		2	Aradus_truncatus
araneus angulatus	Araneus angulatus	FALSE	1	469206	FALSE		1	Araneus_angulatus
araneus marmoreus	Araneus marmoreus	FALSE	1	434713	FALSE		1	Araneus_marmoreus
araneus quadratus	Araneus quadratus	FALSE	1	524911	FALSE		1	Araneus_quadratus
araniella cucurbitina	Araniella cucurbitina	FALSE	1	3569434	FALSE		1	Araniella_cucurbitina
arbutus unedo	Arbutus unedo	FALSE	1	100947	FALSE		1	Arbutus_unedo
archanara dissoluta	Archanara dissoluta	FALSE	1	683395	FALSE		1	Archanara_dissoluta
archiearis parthenias	Archiearis parthenias	FALSE	1	795994	FALSE		1	Archiearis_parthenias
archips crataeganus	Archips crataeganus	FALSE	1	3055241	FALSE		1	Archips_crataeganus
archips podanus	Archips rosana	TRUE	0.866666674613953	254514	FALSE		4	Archips_podanus
archips xylosteana	Archips xylosteana	FALSE	1	178478	FALSE		1	Archips_xylosteana
arctia villica	Arctia villica	FALSE	1	891703	FALSE		1	Arctia_villica
arctium lappa	Arctium lappa	FALSE	1	46196	FALSE		2	Arctium_lappa
arctium minus	Arctium minus	FALSE	1	756713	FALSE		1	Arctium_minus
arctosa perita	Arctosa perita	FALSE	1	3558648	FALSE		1	Arctosa_perita
arcuatula senhousia	Arcuatula senhousia	FALSE	1	50689	FALSE		1	Arcuatula_senhousia
ardea cinerea	Ardea cinerea	FALSE	1	119222	FALSE		1	Ardea_cinerea
arenaria serpyllifolia	Arenaria serpyllifolia	FALSE	1	161914	FALSE		2	Arenaria_serpyllifolia
arenicola marina	Arenicola marina	FALSE	1	941625	FALSE	sibling_higher	1	Arenicola_marina
arenostola phragmitidis	Arenostola phragmitidis	FALSE	1	521524	FALSE		1	Arenostola_phragmitidis
arge berberidis	Arge berberidis	FALSE	1	3244974	FALSE		1	Arge_berberidis
arge ochropus	Arge ochropus	FALSE	1	3244979	FALSE		1	Arge_ochropus
arge pagana	Arge pagana	FALSE	1	3244982	FALSE		1	Arge_pagana
arge ustulata	Arge ustulata	FALSE	1	847452	FALSE		1	Arge_ustulata
argiope bruennichi	Argiope bruennichi	FALSE	1	1043550	FALSE		1	Argiope_bruennichi
argynnis aglaja	Argynnis aglaja	FALSE	1	8220	FALSE		1	Argynnis_aglaja
argyra leucocephala	Argyra leucocephala	FALSE	1	340991	FALSE		1	Argyra_leucocephala
argyresthia albistria	Argyresthia albistria	FALSE	1	3219138	FALSE		1	Argyresthia_albistria
argyresthia cupressella	Argyresthia cupressella	FALSE	1	3219246	FALSE		1	Argyresthia_cupressella
argyresthia goedartella	Argyresthia goedartella	FALSE	1	1085768	FALSE		1	Argyresthia_goedartella
argyresthia praecocella	Argyresthia praecocella	FALSE	1	3219161	FALSE		1	Argyresthia_praecocella
arhopalus rusticus	Arhopalus rusticus	FALSE	1	753534	FALSE		1	Arhopalus_rusticus
aria edulis	Dovyalis caffra	TRUE	0.846153855323792	270449	FALSE		2	Aria_edulis
arianta arbustorum	Arianta arbustorum	FALSE	1	230337	FALSE		1	Arianta_arbustorum
aricia agestis	Aricia agestis	FALSE	1	390969	FALSE	sibling_higher	1	Aricia_agestis
aricia artaxerxes	Aricia artaxerxes	FALSE	1	390972	FALSE	sibling_higher	1	Aricia_artaxerxes
aristotelia ericinella	Aristotelia ericinella	FALSE	1	905174	FALSE		1	Aristotelia_ericinella
aritranis director	Aritranis director	FALSE	1	957534	FALSE		1	Aritranis_director
armillaria ostoyae	Armillaria ostoyae	FALSE	1	376128	FALSE		1	Armillaria_ostoyae
armoracia rusticana	Armoracia rusticana	FALSE	1	309283	FALSE		1	Armoracia_rusticana
aromia moschata	Aromia moschata	FALSE	1	3367513	FALSE		1	Aromia_moschata
artemisia norvegica	Artemisia norvegica	FALSE	1	246967	FALSE	sibling_higher	1	Artemisia_norvegica
arthaldeus pascuellus	Arthaldeus pascuellus	FALSE	1	4206229	FALSE		1	Arthaldeus_pascuellus
arvicola amphibius	Arvicola amphibius	FALSE	1	684847	FALSE		1	Arvicola_amphibius
ascidia mentula	Ascidia mentula	FALSE	1	658	FALSE		1	Ascidia_mentula
ascidiella aspersa	Ascidiella aspersa	FALSE	1	898217	FALSE		1	Ascidiella_aspersa
ascidiella scabra	Ascidiella scabra	FALSE	1	5320188	FALSE		2	Ascidiella_scabra
asellus aquaticus	Asellus aquaticus	FALSE	1	335971	FALSE		1	Asellus_aquaticus
aspidapion aeneum	Aspidapion aeneum	FALSE	1	4606404	FALSE		1	Aspidapion_aeneum
aspilapteryx tringipennella	Aspilapteryx tringipennella	FALSE	1	3038702	FALSE		1	Aspilapteryx_tringipennella
aspitates ochrearia	Aspitates ochrearia	FALSE	1	1030093	FALSE		1	Aspitates_ochrearia
asterias rubens	Asterias rubens	FALSE	1	721252	FALSE		4	Asterias_rubens
asterina gibbosa pennant 1777	Asterina gibbosa (Pennant, 1777)	TRUE	0.90625	174352	FALSE		1	Asterina_gibbosa_Pennant_1777
asterina phylactica	Asterina phylactica	FALSE	1	823232	FALSE		1	Asterina_phylactica
asterocarpa humilis	Asterocarpa humilis	FALSE	1	713525	FALSE		1	Asterocarpa_humilis
asteroscopus sphinx	Asteroscopus sphinx	FALSE	1	521515	FALSE		1	Asteroscopus_sphinx
astragalus alpinus	Astragalus alpinus	FALSE	1	314135	FALSE		2	Astragalus_alpinus
astragalus glycyphyllos	Astragalus glycyphyllos	FALSE	1	564650	FALSE		1	Astragalus_glycyphyllos
astropecten irregularis	Astropecten irregularis	FALSE	1	269238	FALSE		1	Astropecten_irregularis
atethmia centrago	Atethmia centrago	FALSE	1	1098937	FALSE		1	Atethmia_centrago
athalia circularis	Athalia circularis	FALSE	1	902194	FALSE		1	Athalia_circularis
athalia cordata	Athalia cordata	FALSE	1	921053	FALSE		1	Athalia_cordata
athalia rosae	Athalia rosae	FALSE	1	106278	FALSE		1	Athalia_rosae
athene noctua	Athene noctua	FALSE	1	427150	FALSE	sibling_higher	1	Athene_noctua
atherix ibis	Atherix ibis	FALSE	1	4455064	FALSE		1	Atherix_ibis
athrips mouffetella	Athrips mouffetella	FALSE	1	1038466	FALSE		1	Athrips_mouffetella
athripsodes cinereus	Athripsodes cinereus	FALSE	1	190993	FALSE		1	Athripsodes_cinereus
atolmis rubricollis	Atolmis rubricollis	FALSE	1	841448	FALSE		1	Atolmis_rubricollis
atractylocarpus subporodictyon								Atractylocarpus_subporodictyon
atrichum undulatum	Atrichum undulatum	FALSE	1	371275	FALSE		1	Atrichum_undulatum
atriplex glabriuscula	Atriplex glabriuscula	FALSE	1	119704	FALSE		1	Atriplex_glabriuscula
atriplex littoralis	Atriplex littoralis	FALSE	1	222732	FALSE		2	Atriplex_littoralis
atropa belladonna	Atropa belladonna	FALSE	1	232448	FALSE		1	Atropa_belladonna
attagenus pellio	Attagenus pellio	FALSE	1	161628	FALSE		1	Attagenus_pellio
atylotus fulvus	Tabanus rufipes	FALSE	1	4431573	TRUE		1	Atylotus_fulvus
atylotus latistriatus	Atylotus latistriatus	FALSE	1	4452743	FALSE	sibling_higher	1	Atylotus_latistriatus
atylotus rusticus	Atylotus rusticus	FALSE	1	4452698	FALSE	sibling_higher	1	Atylotus_rusticus
aulacomnium androgynum	Aulacomnium androgynum	FALSE	1	991828	FALSE		1	Aulacomnium_androgynum
aulactinia verrucosa	Aulactinia verrucosa	FALSE	1	661305	FALSE	sibling_higher	1	Aulactinia_verrucosa
aureoboletus gentilis	Aureoboletus gentilis	FALSE	1	42930	FALSE		1	Aureoboletus_gentilis
autographa gamma	Autographa gamma	FALSE	1	481258	FALSE		1	Autographa_gamma
autographa pulchrina	Autographa pulchrina	FALSE	1	556885	FALSE		1	Autographa_pulchrina
axylia putris	Axylia putris	FALSE	1	1098934	FALSE		1	Axylia_putris
aythya ferina	Aythya ferina	FALSE	1	817989	FALSE		1	Aythya_ferina
aythya fuligula	Aythya fuligula	FALSE	1	817992	FALSE		1	Aythya_fuligula
aythya marila	Aythya marila	FALSE	1	1044561	FALSE		1	Aythya_marila
azelia nebulosa	Azelia nebulosa	FALSE	1	4364968	FALSE		1	Azelia_nebulosa
azorinus chamasolen	Azorinus chamasolen	FALSE	1	2856479	FALSE		1	Azorinus_chamasolen
baccha elongata	Baccha elongata	FALSE	1	434823	FALSE		1	Baccha_elongata
bactra lancealana	Bactra lancealana	FALSE	1	804643	FALSE		1	Bactra_lancealana
baetis atlanticus	Baetis atlanticus	FALSE	1	5014751	FALSE		1	Baetis_atlanticus
baetis rhodani	Baetis rhodani	FALSE	1	48987	FALSE		1	Baetis_rhodani
balaenoptera acutorostrata	Balaenoptera acutorostrata	FALSE	1	800317	FALSE		1	Balaenoptera_acutorostrata
balaenoptera borealis	Balaenoptera borealis	FALSE	1	800329	FALSE		1	Balaenoptera_borealis
balaenoptera physalus	Balaenoptera physalus	FALSE	1	226193	FALSE		1	Balaenoptera_physalus
balanococcus diminutus	Balanococcus diminutus	FALSE	1	437438	FALSE		1	Balanococcus_diminutus
ballota nigra	Ballota nigra	FALSE	1	298394	FALSE		1	Ballota_nigra
baranisobas ridibundus	Baranisobas ridibundus	FALSE	1	7865517	FALSE		1	Baranisobas_ridibundus
barbarea vulgaris	Barbarea vulgaris	FALSE	1	35910	FALSE		1	Barbarea_vulgaris
barbatula barbatula	Barbatula barbatula	FALSE	1	611751	FALSE		1	Barbatula_barbatula
barbilophozia sudetica	Barbilophozia sudetica	FALSE	1	5679355	FALSE		1	Barbilophozia_sudetica
barbus barbus	Barbus barbus	FALSE	1	780943	FALSE		1	Barbus_barbus
barichneumon chionomus	Barichneumon chionomus	FALSE	1	4552357	FALSE		1	Barichneumon_chionomus
barycnemis harpura	Barycnemis harpura	FALSE	1	501251	FALSE		1	Barycnemis_harpura
barylypa propugnator	Erigorgus propugnator	FALSE	1	3282745	TRUE		1	Barylypa_propugnator
barypeithes pellucidus	Barypeithes pellucidus	FALSE	1	691158	FALSE	sibling_higher	1	Barypeithes_pellucidus
bathysaurus mollis	Bathysaurus mollis	FALSE	1	1029237	FALSE		1	Bathysaurus_mollis
bathythrix pellucidator	Bathythrix pellucidator	FALSE	1	201679	FALSE		1	Bathythrix_pellucidator
batia lambdella	Batia lambdella	FALSE	1	599767	FALSE		1	Batia_lambdella
batrachedra pinicolella	Batrachedra pinicolella	FALSE	1	35093	FALSE		1	Batrachedra_pinicolella
batrachedra praeangusta	Batrachedra praeangusta	FALSE	1	242236	FALSE		1	Batrachedra_praeangusta
batracomorphus irroratus	Batracomorphus irroratus	FALSE	1	3460780	FALSE		1	Batracomorphus_irroratus
bazzania pearsonii	Bazzania pearsonii	FALSE	1	692559	FALSE		1	Bazzania_pearsonii
bazzania tricrenata	Bazzania tricrenata	FALSE	1	898342	FALSE		1	Bazzania_tricrenata
bazzania trilobata	Bazzania trilobata	FALSE	1	738985	FALSE		1	Bazzania_trilobata
bedellia somnulentella	Bedellia somnulentella	FALSE	1	1055007	FALSE		1	Bedellia_somnulentella
bellardia bayeri	Bellardia bayeri	FALSE	1	4388346	FALSE	sibling_higher	1	Bellardia_bayeri
bellardia pandia	Bellardia pandia	FALSE	1	4364640	FALSE	sibling_higher	1	Bellardia_pandia
bellardia viscosa	Bellardia viscosa	FALSE	1	83798	FALSE		1	Bellardia_viscosa
bellis perennis	Bellis perennis	FALSE	1	792843	FALSE	incertae_sedis_inherited	1	Bellis_perennis
bembecia ichneumoniformis	Bembecia ichneumoniformis	FALSE	1	642255	FALSE		1	Bembecia_ichneumoniformis
berberis aquifolium	Berberis aquifolium	FALSE	1	793093	FALSE		1	Berberis_aquifolium
berberis vulgaris	Berberis vulgaris	FALSE	1	996604	FALSE		1	Berberis_vulgaris
beris chalybata	Beris chalybata	FALSE	1	4364739	FALSE		1	Beris_chalybata
beris morrisii	Beris morrisii	FALSE	1	371567	FALSE		1	Beris_morrisii
berytinus crassipes	Berytinus crassipes	FALSE	1	3470347	FALSE		1	Berytinus_crassipes
berytinus minor	Berytinus minor	FALSE	1	3470315	FALSE		1	Berytinus_minor
berytinus montivagus	Berytinus montivagus	FALSE	1	3470332	FALSE		1	Berytinus_montivagus
betula pendula	Betula pendula	FALSE	1	267719	FALSE		1	Betula_pendula
betula pubescens	Betula pubescens	FALSE	1	456846	FALSE		1	Betula_pubescens
betulapion simile	Betulapion simile	FALSE	1	653470	FALSE		1	Betulapion_simile
bibio marci	Bibio marci	FALSE	1	121916	FALSE		1	Bibio_marci
bicyclus anynana	Bicyclus anynana	FALSE	1	559934	FALSE		1	Bicyclus_anynana
bidens cernua	Bidens cernua	FALSE	1	86785	FALSE		1	Bidens_cernua
bimastos rubidus	Dendrodrilus rubidus	FALSE	1	1098821	TRUE		1	Bimastos_rubidus
biomphalaria glabrata	Biomphalaria glabrata	FALSE	1	673791	FALSE	sibling_higher	1	Biomphalaria_glabrata
biphyllus lunatus	Biphyllus lunatus	FALSE	1	973436	FALSE		1	Biphyllus_lunatus
bispira polyomma	Bispira polyomma	FALSE	1	5723383	FALSE		1	Bispira_polyomma
biston betularia	Biston betularia	FALSE	1	968114	FALSE		1	Biston_betularia
biston stratarius	Biston stratarius	FALSE	1	315062	FALSE		1	Biston_stratarius
bithynia leachii	Bithynia leachii	FALSE	1	2891877	FALSE		1	Bithynia_leachii
bitoma crenata	Bitoma crenata	FALSE	1	389319	FALSE		1	Bitoma_crenata
blasia pusilla	Blasia pusilla	FALSE	1	756399	FALSE		1	Blasia_pusilla
blastobasis adustella	Blastobasis adustella	FALSE	1	3222476	FALSE		1	Blastobasis_adustella
blastobasis lacticolella	Blastobasis lacticolella	FALSE	1	3222460	FALSE		1	Blastobasis_lacticolella
blastobasis vittata	Blastobasis lignea	FALSE	1	3222508	TRUE		1	Blastobasis_vittata
blennius ocellaris	Blennius ocellaris	FALSE	1	898543	FALSE		1	Blennius_ocellaris
blera fallax	Blera fallax	FALSE	1	1011660	FALSE	sibling_higher	1	Blera_fallax
blindiadelphus recurvatus	Blindiadelphus recurvatus	FALSE	1	3863303	FALSE		1	Blindiadelphus_recurvatus
blitum bonus henricus	Blitum bonus-henricus	TRUE	0.952380955219269	992152	FALSE		1	Blitum_bonus_henricus
boletina plana	Boletina plana	FALSE	1	185062	FALSE		1	Boletina_plana
boloria euphrosyne	Boloria euphrosyne	FALSE	1	1064470	FALSE	sibling_higher	1	Boloria_euphrosyne
boloria selene	Boloria selene	FALSE	1	1038979	FALSE	sibling_higher	1	Boloria_selene
bombina variegata	Bombina variegata	FALSE	1	991539	FALSE		1	Bombina_variegata
bombus campestris	Bombus campestris	FALSE	1	713462	FALSE		1	Bombus_campestris
bombus distinguendus	Bombus distinguendus	FALSE	1	815395	FALSE		1	Bombus_distinguendus
bombus hortorum	Bombus hortorum	FALSE	1	386322	FALSE		1	Bombus_hortorum
bombus hypnorum	Bombus hypnorum	FALSE	1	161183	FALSE		1	Bombus_hypnorum
bombus jonellus	Bombus jonellus	FALSE	1	386321	FALSE		1	Bombus_jonellus
bombus lapidarius	Bombus lapidarius	FALSE	1	161187	FALSE		1	Bombus_lapidarius
bombus lucorum	Bombus lucorum	FALSE	1	161192	FALSE		1	Bombus_lucorum
bombus monticola	Bombus monticola	FALSE	1	689189	FALSE		1	Bombus_monticola
bombus muscorum	Bombus muscorum	FALSE	1	483324	FALSE		1	Bombus_muscorum
bombus pascuorum	Bombus pascuorum	FALSE	1	1093159	FALSE		1	Bombus_pascuorum
bombus pratorum	Bombus pratorum	FALSE	1	161196	FALSE		1	Bombus_pratorum
bombus sylvarum	Bombus sylvarum	FALSE	1	192294	FALSE		1	Bombus_sylvarum
bombus sylvestris	Bombus sylvestris	FALSE	1	507835	FALSE		1	Bombus_sylvestris
bombus terrestris	Bombus terrestris (species in domain Eukaryota)	FALSE	1	161197	FALSE		1	Bombus_terrestris
bombus vestalis	Bombus vestalis	FALSE	1	864249	FALSE		1	Bombus_vestalis
bombylius discolor	Bombylius discolor	FALSE	1	4431423	FALSE		2	Bombylius_discolor
bombylius major	Bombylius major	FALSE	1	138463	FALSE		1	Bombylius_major
bombylius minor	Bombylius minor	FALSE	1	4431353	FALSE		1	Bombylius_minor
borkhausenia fuscescens	Borkhausenia fuscescens	FALSE	1	23993	FALSE		1	Borkhausenia_fuscescens
borostomias antarcticus	Borostomias antarcticus	FALSE	1	258156	FALSE		1	Borostomias_antarcticus
botrylloides diegensis	Botrylloides diegensis	FALSE	1	805148	FALSE		1	Botrylloides_diegensis
brachmia blandella	Brachmia blandella	FALSE	1	475514	FALSE		1	Brachmia_blandella
brachydontium trichodes	Brachydontium trichodes	FALSE	1	826509	FALSE		1	Brachydontium_trichodes
brachylomia viminalis	Brachylomia viminalis	FALSE	1	880781	FALSE		1	Brachylomia_viminalis
brachyopa scutellaris	Brachyopa scutellaris	FALSE	1	4359907	FALSE		1	Brachyopa_scutellaris
brachypalpoides lentus	Brachypalpoides lentus	FALSE	1	860647	FALSE		1	Brachypalpoides_lentus
brachypalpus laphriformis	Brachypalpus laphriformis	FALSE	1	4355180	FALSE	sibling_higher	1	Brachypalpus_laphriformis
brachyptera putata	Brachyptera putata	FALSE	1	5018764	FALSE		1	Brachyptera_putata
brachyptera risi	Brachyptera risi	FALSE	1	271980	FALSE		1	Brachyptera_risi
brachypterus glaber	Brachypterus glaber	FALSE	1	533874	FALSE		1	Brachypterus_glaber
brachythecium rutabulum	Brachythecium rutabulum	FALSE	1	734784	FALSE	sibling_higher	1	Brachythecium_rutabulum
branchiostoma lanceolatum	Branchiostoma lanceolatum	FALSE	1	801608	FALSE		1	Branchiostoma_lanceolatum
branta canadensis	Branta canadensis	FALSE	1	714461	FALSE		1	Branta_canadensis
branta leucopsis	Branta leucopsis	FALSE	1	799124	FALSE		1	Branta_leucopsis
brassica nigra	Brassica nigra	FALSE	1	833635	FALSE		1	Brassica_nigra
braunia imberbis	Braunia imberbis	FALSE	1	5690885	FALSE		1	Braunia_imberbis
bromus sterilis	Bromus sterilis	FALSE	1	389216	FALSE		2	Bromus_sterilis
bruchidius siliquastri	Bruchidius siliquastri	FALSE	1	5043619	FALSE	sibling_higher	1	Bruchidius_siliquastri
bruchidius varius	Bruchidius varius	FALSE	1	211195	FALSE	sibling_higher	1	Bruchidius_varius
bruchidius villosus	Bruchidius villosus	FALSE	1	661535	FALSE	sibling_higher	1	Bruchidius_villosus
bruchus rufimanus	Bruchus rufimanus	FALSE	1	87366	FALSE		1	Bruchus_rufimanus
bryoerythrophyllum caledonicum	Bryoerythrophyllum caledonicum	FALSE	1	3863946	FALSE		1	Bryoerythrophyllum_caledonicum
bryoerythrophyllum ferruginascens	Bryoerythrophyllum ferruginascens	FALSE	1	1061327	FALSE		1	Bryoerythrophyllum_ferruginascens
bryophila domestica	Bryophila domestica	FALSE	1	5933484	FALSE		1	Bryophila_domestica
bryotropha affinis	Bryotropha affinis	FALSE	1	3224887	FALSE		1	Bryotropha_affinis
bryotropha senectella	Bryotropha senectella	FALSE	1	649104	FALSE		1	Bryotropha_senectella
bryotropha terrella	Bryotropha terrella	FALSE	1	632972	FALSE		1	Bryotropha_terrella
bryum calophyllum	Bryum calophyllum	FALSE	1	3856942	FALSE		1	Bryum_calophyllum
bryum knowltonii	Bryum knowltonii	FALSE	1	3856746	FALSE		1	Bryum_knowltonii
bryum marratii	Bryum marratii	FALSE	1	3857049	FALSE		1	Bryum_marratii
bryum moravicum	Bryum moravicum	FALSE	1	926767	FALSE		1	Bryum_moravicum
bryum riparium	Bryum riparium	FALSE	1	3856964	FALSE		1	Bryum_riparium
buathra laborator	Buathra laborator	FALSE	1	3280461	FALSE		1	Buathra_laborator
bucculatrix nigricomella	Bucculatrix nigricomella	FALSE	1	3033311	FALSE		1	Bucculatrix_nigricomella
bucculatrix thoracella	Bucculatrix thoracella	FALSE	1	649106	FALSE		1	Bucculatrix_thoracella
bucephala clangula	Bucephala clangula	FALSE	1	166683	FALSE		1	Bucephala_clangula
buddleja davidii	Buddleja davidii	FALSE	1	125854	FALSE		1	Buddleja_davidii
bufo bufo	Bufo bufo	FALSE	1	889350	FALSE		1	Bufo_bufo
buglossidium luteum	Buglossidium luteum	FALSE	1	186718	FALSE		1	Buglossidium_luteum
buglossoporus quercinus	Piptoporus quercinus	FALSE	1	535902	TRUE	sibling_higher	2	Buglossoporus_quercinus
bugula neritina	Bugula neritina	FALSE	1	100737	FALSE		1	Bugula_neritina
bugulina stolonifera	Bugulina stolonifera	FALSE	1	547653	FALSE		1	Bugulina_stolonifera
buteo buteo	Buteo buteo	FALSE	1	119214	FALSE	sibling_higher	1	Buteo_buteo
butyriboletus subappendiculatus	Boletus subappendiculatus	FALSE	1	322935	TRUE	sibling_higher	1	Butyriboletus_subappendiculatus
buxus sempervirens	Buxus sempervirens	FALSE	1	1000252	FALSE	sibling_higher	2	Buxus_sempervirens
cabera exanthemata	Cabera exanthemata	FALSE	1	63666	FALSE		1	Cabera_exanthemata
cabera pusaria	Cabera pusaria	FALSE	1	315065	FALSE		1	Cabera_pusaria
cacoecimorpha pronubana	Cacoecimorpha pronubana	FALSE	1	420848	FALSE		1	Cacoecimorpha_pronubana
caenorhabditis monodelphis	Caenorhabditis monodelphis	FALSE	1	624495	FALSE		1	Caenorhabditis_monodelphis
calameuta filiformis	Calameuta filiformis	FALSE	1	1071548	FALSE		1	Calameuta_filiformis
calameuta pallipes	Calameuta pallipes	FALSE	1	181112	FALSE		1	Calameuta_pallipes
calamotropha paludella	Calamotropha paludella	FALSE	1	3168212	FALSE		1	Calamotropha_paludella
calathus fuscipes	Calathus fuscipes	FALSE	1	795134	FALSE		1	Calathus_fuscipes
calathus melanocephalus	Calathus melanocephalus	FALSE	1	276640	FALSE		1	Calathus_melanocephalus
calendula officinalis	Calendula officinalis	FALSE	1	768229	FALSE		1	Calendula_officinalis
calidris alba	Calidris alba	FALSE	1	654824	FALSE	sibling_higher	1	Calidris_alba
calidris alpina	Calidris alpina	FALSE	1	887705	FALSE	sibling_higher	1	Calidris_alpina
calidris canutus	Calidris canutus	FALSE	1	214779	FALSE	sibling_higher	1	Calidris_canutus
callicera rufa	Callicera rufa	FALSE	1	918827	FALSE		1	Callicera_rufa
calliergon cordifolium	Calliergon cordifolium	FALSE	1	1005350	FALSE		1	Calliergon_cordifolium
calliergonella cuspidata	Calliergonella cuspidata	FALSE	1	405418	FALSE		1	Calliergonella_cuspidata
callimorpha dominula	Callimorpha dominula	FALSE	1	1024979	FALSE		1	Callimorpha_dominula
callionymus lyra	Callionymus lyra	FALSE	1	795408	FALSE		1	Callionymus_lyra
calliopum aeneum	Calliopum aeneum	FALSE	1	4418760	FALSE		1	Calliopum_aeneum
calliopum simillimum	Calliopum simillimum	FALSE	1	4418748	FALSE		1	Calliopum_simillimum
calliphora loewi	Calliphora loewi	FALSE	1	539005	FALSE	sibling_higher	1	Calliphora_loewi
calliphora vicina	Calliphora vicina	FALSE	1	1010998	FALSE	sibling_higher	1	Calliphora_vicina
calliphora vomitoria	Calliphora vomitoria	FALSE	1	724009	FALSE	sibling_higher	1	Calliphora_vomitoria
calliteara pudibunda	Calliteara pudibunda	FALSE	1	325722	FALSE		1	Calliteara_pudibunda
callitriche obtusangula	Callitriche obtusangula	FALSE	1	294928	FALSE		1	Callitriche_obtusangula
callitriche stagnalis	Callitriche stagnalis	FALSE	1	903394	FALSE		1	Callitriche_stagnalis
calluna vulgaris	Calluna vulgaris	FALSE	1	1080794	FALSE		1	Calluna_vulgaris
calodromius spilotus	Calodromius spilotus	FALSE	1	4592073	FALSE		1	Calodromius_spilotus
calonectris borealis	Calonectris borealis	FALSE	1	3595600	FALSE		1	Calonectris_borealis
calophasia lunula	Calophasia lunula	FALSE	1	1029952	FALSE		1	Calophasia_lunula
caloptilia robustella	Caloptilia robustella	FALSE	1	3037449	FALSE	sibling_higher	1	Caloptilia_robustella
caloptilia rufipennella	Caloptilia rufipennella	FALSE	1	3037412	FALSE	sibling_higher	1	Caloptilia_rufipennella
calvia quattuordecimguttata	Calvia quatuordecimguttata	TRUE	0.961538434028625	927588	FALSE		2	Calvia_quattuordecimguttata
calystegia soldanella	Calystegia soldanella	FALSE	1	1081895	FALSE		1	Calystegia_soldanella
campaea margaritaria	Campaea margaritaria	FALSE	1	636958	FALSE		1	Campaea_margaritaria
campanula latifolia	Campanula latifolia	FALSE	1	219663	FALSE	sibling_higher	1	Campanula_latifolia
campiglossa producta	Campiglossa producta	FALSE	1	4402973	FALSE		1	Campiglossa_producta
campoletis raptor	Campoletis raptor	FALSE	1	3283982	FALSE		1	Campoletis_raptor
campsicnemus scambus	Campsicnemus scambus	FALSE	1	291000	FALSE		1	Campsicnemus_scambus
camptogramma bilineatum	Camptogramma bilineatum	FALSE	1	136899	FALSE		1	Camptogramma_bilineatum
campylopus flexuosus	Campylopus flexuosus	FALSE	1	534229	FALSE		1	Campylopus_flexuosus
campylopus introflexus	Campylopus introflexus	FALSE	1	435378	FALSE		1	Campylopus_introflexus
candelabrum cocksii	Candelabrum cocksii	FALSE	1	183504	FALSE		1	Candelabrum_cocksii
canis lupus	Canis lupus	FALSE	1	247341	FALSE		1	Canis_lupus
cantharis decipiens	Cantharis decipiens	FALSE	1	696491	FALSE		1	Cantharis_decipiens
cantharis figurata	Cantharis figurata	FALSE	1	5074297	FALSE		1	Cantharis_figurata
cantharis flavilabris	Cantharis flavilabris	FALSE	1	337111	FALSE		1	Cantharis_flavilabris
cantharis lateralis	Cantharis lateralis	FALSE	1	696493	FALSE		1	Cantharis_lateralis
cantharis nigra	Cantharis nigra	FALSE	1	5074300	FALSE		1	Cantharis_nigra
cantharis pallida	Cantharis pallida	FALSE	1	696495	FALSE		2	Cantharis_pallida
cantharis pellucida	Cantharis pellucida	FALSE	1	337114	FALSE		1	Cantharis_pellucida
cantharis rufa	Cantharis rufa	FALSE	1	630874	FALSE		1	Cantharis_rufa
cantharis rustica	Cantharis rustica	FALSE	1	725489	FALSE		1	Cantharis_rustica
caprimulgus europaeus	Caprimulgus europaeus	FALSE	1	178687	FALSE		1	Caprimulgus_europaeus
carabus intricatus	Carabus intricatus	FALSE	1	248885	FALSE		1	Carabus_intricatus
carabus nemoralis	Carabus nemoralis	FALSE	1	823417	FALSE		1	Carabus_nemoralis
carabus problematicus	Carabus problematicus	FALSE	1	823413	FALSE		1	Carabus_problematicus
caradrina clavipalpis	Caradrina clavipalpis	FALSE	1	400868	FALSE		1	Caradrina_clavipalpis
caradrina kadenii	Caradrina kadenii	FALSE	1	556895	FALSE		1	Caradrina_kadenii
caradrina morpheus	Caradrina morpheus	FALSE	1	559230	FALSE		1	Caradrina_morpheus
carassius carassius	Carassius carassius	FALSE	1	1010092	FALSE		1	Carassius_carassius
carcina quercana	Carcina quercana	FALSE	1	564247	FALSE		1	Carcina_quercana
cardamine amara	Cardamine amara	FALSE	1	609008	FALSE		1	Cardamine_amara
cardamine flexuosa	Cardamine flexuosa	FALSE	1	608996	FALSE		1	Cardamine_flexuosa
cardamine hirsuta	Cardamine hirsuta	FALSE	1	608999	FALSE		2	Cardamine_hirsuta
cardamine pratensis	Cardamine pratensis	FALSE	1	609020	FALSE		1	Cardamine_pratensis
carduelis carduelis	Carduelis carduelis	FALSE	1	1083719	FALSE		1	Carduelis_carduelis
carduus crispus	Carduus crispus	FALSE	1	249618	FALSE		2	Carduus_crispus
carduus nutans	Carduus nutans	FALSE	1	597709	FALSE		1	Carduus_nutans
carex acutiformis	Carex acutiformis	FALSE	1	576808	FALSE	sibling_higher	2	Carex_acutiformis
carex arenaria	Carex arenaria	FALSE	1	397260	FALSE	sibling_higher	2	Carex_arenaria
carex bigelowii	Carex bigelowii	FALSE	1	836016	FALSE	sibling_higher	1	Carex_bigelowii
carex caryophyllea	Carex caryophyllea	FALSE	1	758240	FALSE	sibling_higher	2	Carex_caryophyllea
carex depauperata	Carex depauperata	FALSE	1	397262	FALSE	sibling_higher	1	Carex_depauperata
carex distans	Carex distans	FALSE	1	836040	FALSE	sibling_higher	2	Carex_distans
carex divulsa	Carex divulsa	FALSE	1	345702	FALSE	sibling_higher	1	Carex_divulsa
carex echinata	Carex echinata	FALSE	1	397258	FALSE	sibling_higher	3	Carex_echinata
carex elata	Carex elata	FALSE	1	323067	FALSE	sibling_higher	2	Carex_elata
carex extensa	Carex extensa	FALSE	1	836050	FALSE	sibling_higher	2	Carex_extensa
carex hirta	Carex hirta	FALSE	1	189167	FALSE	sibling_higher	1	Carex_hirta
carex laevigata	Carex laevigata	FALSE	1	38675	FALSE	sibling_higher	3	Carex_laevigata
carex lasiocarpa	Carex lasiocarpa	FALSE	1	988027	FALSE	sibling_higher	1	Carex_lasiocarpa
carex montana	Carex montana	FALSE	1	879276	FALSE	sibling_higher	3	Carex_montana
carex nigra	Carex nigra	FALSE	1	397256	FALSE	sibling_higher	2	Carex_nigra
carex pendula	Carex pendula	FALSE	1	958310	FALSE	sibling_higher	2	Carex_pendula
carex riparia	Carex riparia	FALSE	1	958317	FALSE	sibling_higher	5	Carex_riparia
carex rostrata	Carex rostrata	FALSE	1	682864	FALSE	sibling_higher	3	Carex_rostrata
carex spicata	Carex spicata	FALSE	1	345698	FALSE	sibling_higher	5	Carex_spicata
carex sylvatica	Carex sylvatica	FALSE	1	847595	FALSE	sibling_higher	2	Carex_sylvatica
carlina vulgaris	Carlina vulgaris	FALSE	1	1066139	FALSE	sibling_higher	1	Carlina_vulgaris
carpatolechia decorella	Carpatolechia decorella	FALSE	1	1069565	FALSE		1	Carpatolechia_decorella
carpatolechia fugitivella	Carpatolechia fugitivella	FALSE	1	262776	FALSE		1	Carpatolechia_fugitivella
carpinus betulus	Carpinus betulus	FALSE	1	466468	FALSE		1	Carpinus_betulus
carpobrotus edulis	Carpobrotus edulis	FALSE	1	482394	FALSE		1	Carpobrotus_edulis
carsia sororiata	Carsia sororiata	FALSE	1	141131	FALSE		1	Carsia_sororiata
carterocephalus palaemon	Carterocephalus palaemon	FALSE	1	775946	FALSE		1	Carterocephalus_palaemon
cartodere bifasciata	Cartodere bifasciata	FALSE	1	814057	FALSE	sibling_higher	1	Cartodere_bifasciata
caryocolum tricolorella	Caryocolum tricolorella	FALSE	1	3224078	FALSE		1	Caryocolum_tricolorella
castanea sativa	Castanea sativa	FALSE	1	1028994	FALSE		1	Castanea_sativa
castor fiber	Castor fiber	FALSE	1	1048188	FALSE		1	Castor_fiber
cataclysta lemnata	Cataclysta lemnata	FALSE	1	3154022	FALSE		1	Cataclysta_lemnata
catapodium rigidum	Catapodium rigidum	FALSE	1	285405	FALSE		1	Catapodium_rigidum
catarhoe cuculata	Catarhoe cuculata	FALSE	1	187432	FALSE		1	Catarhoe_cuculata
catarhoe rubidata	Catarhoe rubidata	FALSE	1	212365	FALSE		1	Catarhoe_rubidata
catocala fraxini	Catocala fraxini	FALSE	1	650242	FALSE	sibling_higher	1	Catocala_fraxini
catocala nupta	Catocala nupta	FALSE	1	235031	FALSE	sibling_higher	1	Catocala_nupta
catocala promissa	Catocala promissa	FALSE	1	3203626	FALSE	sibling_higher	1	Catocala_promissa
catocala sponsa	Catocala sponsa	FALSE	1	230661	FALSE	sibling_higher	1	Catocala_sponsa
catops nigricans	Catops nigricans	FALSE	1	914925	FALSE		1	Catops_nigricans
catoptria pinella	Catoptria pinella	FALSE	1	755641	FALSE		1	Catoptria_pinella
cauchas fibulella	Cauchas fibulella	FALSE	1	1091654	FALSE		1	Cauchas_fibulella
cauchas rufimitrella	Cauchas rufimitrella	FALSE	1	1055000	FALSE		1	Cauchas_rufimitrella
celastrina argiolus	Celastrina argiolus	FALSE	1	532307	FALSE		1	Celastrina_argiolus
celypha lacunana	Celypha lacunana	FALSE	1	3051688	FALSE		1	Celypha_lacunana
celypha striana	Celypha striana	FALSE	1	249645	FALSE		1	Celypha_striana
cenopis cana	Cenopis cana	FALSE	1	7138389	FALSE		1	Cenopis_cana
centaurium erythraea	Centaurium erythraea	FALSE	1	732976	FALSE		1	Centaurium_erythraea
centaurium intermedium	Anthurium intermedium	TRUE	0.857142865657806	7581341	FALSE		6	Centaurium_intermedium
cepaea hortensis	Cepaea hortensis	FALSE	1	983300	FALSE		1	Cepaea_hortensis
cepaea nemoralis	Cepaea nemoralis	FALSE	1	891883	FALSE		1	Cepaea_nemoralis
cephus pygmeus	Cephus pygmeus	FALSE	1	1089825	FALSE		1	Cephus_pygmeus
cephus spinipes	Cephus spinipes	FALSE	1	809442	FALSE		1	Cephus_spinipes
cepola macrophthalma	Cepola macrophthalma (species in Deuterostomia)	FALSE	1	143017	FALSE		2	Cepola_macrophthalma
ceraclea albimacula	Ceraclea albimacula	FALSE	1	3026879	FALSE		1	Ceraclea_albimacula
ceraclea dissimilis	Ceraclea dissimilis	FALSE	1	519222	FALSE		1	Ceraclea_dissimilis
ceramica pisi	Ceramica pisi	FALSE	1	880778	FALSE		1	Ceramica_pisi
cerapteryx graminis	Cerapteryx graminis	FALSE	1	105723	FALSE		1	Cerapteryx_graminis
cerastis leucographa	Cerastis leucographa	FALSE	1	733490	FALSE	sibling_higher	1	Cerastis_leucographa
cerastis rubricosa	Cerastis rubricosa	FALSE	1	880788	FALSE	sibling_higher	1	Cerastis_rubricosa
cerastium alpinum	Cerastium alpinum	FALSE	1	1001424	FALSE		2	Cerastium_alpinum
cerastoderma edule	Cerastoderma edule	FALSE	1	439669	FALSE		1	Cerastoderma_edule
cerastoderma glaucum	Cerastoderma glaucum	FALSE	1	128407	FALSE		1	Cerastoderma_glaucum
ceratinostoma ostiorum	Ceratinostoma ostiorum	FALSE	1	170263	FALSE		1	Ceratinostoma_ostiorum
ceratocapnos claviculata	Ceratocapnos claviculata	FALSE	1	187661	FALSE		1	Ceratocapnos_claviculata
ceratodon purpureus	Ceratodon purpureus	FALSE	1	195704	FALSE		1	Ceratodon_purpureus
ceratothoa steindachneri	Ceratothoa steindachneri	FALSE	1	2997547	FALSE		1	Ceratothoa_steindachneri
cerceris ruficornis	Cerceris ruficornis	FALSE	1	4532793	FALSE		1	Cerceris_ruficornis
cerceris rybyensis	Cerceris rybyensis	FALSE	1	4532773	FALSE		1	Cerceris_rybyensis
ceriagrion tenellum	Ceriagrion tenellum	FALSE	1	264424	FALSE		1	Ceriagrion_tenellum
certhia familiaris	Certhia familiaris	FALSE	1	1007196	FALSE		1	Certhia_familiaris
cerura vinula	Cerura vinula	FALSE	1	262512	FALSE		1	Cerura_vinula
cervus elaphus	Cervus elaphus	FALSE	1	936014	FALSE		1	Cervus_elaphus
cetonia aurata	Cetonia aurata	FALSE	1	3706	FALSE	sibling_higher	1	Cetonia_aurata
cetorhinus maximus	Cetorhinus maximus	FALSE	1	73671	FALSE		1	Cetorhinus_maximus
cettia cetti	Cettia cetti	FALSE	1	1010418	FALSE		1	Cettia_cetti
ceutorhynchus obstrictus	Ceutorhynchus obstrictus	FALSE	1	117660	FALSE		1	Ceutorhynchus_obstrictus
chaetocnema hortensis	Chaetocnema hortensis	FALSE	1	340140	FALSE		1	Chaetocnema_hortensis
chaetopeltis orbicularis	Chaetopeltis orbicularis	FALSE	1	322041	FALSE		1	Chaetopeltis_orbicularis
chalcis sispes	Chalcis sispes	FALSE	1	1048977	FALSE		1	Chalcis_sispes
chalcosyrphus nemorum	Chalcosyrphus nemorum	FALSE	1	434831	FALSE	sibling_higher	1	Chalcosyrphus_nemorum
chamaenerion angustifolium	Chamaenerion angustifolium	FALSE	1	139466	FALSE		1	Chamaenerion_angustifolium
chamelea striatula	Chamelea striatula	FALSE	1	298588	FALSE		1	Chamelea_striatula
charadrius hiaticula	Charadrius hiaticula	FALSE	1	425445	FALSE		1	Charadrius_hiaticula
charanyca ferruginea	Charanyca ferruginea	FALSE	1	434657	FALSE	sibling_higher	1	Charanyca_ferruginea
charanyca trigrammica	Charanyca trigrammica	FALSE	1	262510	FALSE	sibling_higher	1	Charanyca_trigrammica
cheilosia fraterna	Cheilosia fraterna	FALSE	1	219803	FALSE	sibling_higher	1	Cheilosia_fraterna
cheilosia grossa	Cheilosia grossa	FALSE	1	946349	FALSE	sibling_higher	1	Cheilosia_grossa
cheilosia illustrata	Cheilosia illustrata	FALSE	1	485396	FALSE	sibling_higher	1	Cheilosia_illustrata
cheilosia impressa	Cheilosia impressa	FALSE	1	219801	FALSE	sibling_higher	1	Cheilosia_impressa
cheilosia pagana	Cheilosia pagana	FALSE	1	845436	FALSE	sibling_higher	1	Cheilosia_pagana
cheilosia scutellata	Cheilosia scutellata	FALSE	1	794489	FALSE	sibling_higher	1	Cheilosia_scutellata
cheilosia soror	Cheilosia soror	FALSE	1	299158	FALSE	sibling_higher	1	Cheilosia_soror
cheilosia urbana	Cheilosia urbana	FALSE	1	499620	FALSE	sibling_higher	1	Cheilosia_urbana
cheilosia variabilis	Cheilosia variabilis	FALSE	1	946343	FALSE	sibling_higher	1	Cheilosia_variabilis
cheilosia vernalis	Cheilosia vernalis	FALSE	1	209656	FALSE	sibling_higher	1	Cheilosia_vernalis
cheilosia vulpina	Cheilosia vulpina	FALSE	1	845444	FALSE	sibling_higher	1	Cheilosia_vulpina
cheiracanthium erraticum	Cheiracanthium erraticum	FALSE	1	3574660	FALSE	incertae_sedis_inherited	1	Cheiracanthium_erraticum
chelidonichthys cuculus	Chelidonichthys cuculus	FALSE	1	697156	FALSE		1	Chelidonichthys_cuculus
chelidonichthys lucerna	Chelidonichthys lucerna	FALSE	1	3631590	FALSE		2	Chelidonichthys_lucerna
chelon labrosus	Chelon labrosus	FALSE	1	777079	FALSE		1	Chelon_labrosus
chenopodium album	Chenopodium album	FALSE	1	892395	FALSE		1	Chenopodium_album
chesias legatella	Chesias legatella	FALSE	1	187435	FALSE		1	Chesias_legatella
chiasmia clathrata	Chiasmia clathrata	FALSE	1	264934	FALSE	sibling_higher	1	Chiasmia_clathrata
chironomus sp san22000474								Chironomus_sp_SAN22000474
chironomus tentans	Chironomus tentans	FALSE	1	269681	FALSE		1	Chironomus_tentans
chloris chloris	Chloris chloris	FALSE	1	1083715	FALSE		1	Chloris_chloris
chlorochytrium lemnae	Chlorochytrium lemnae	FALSE	1	5152554	FALSE		1	Chlorochytrium_lemnae
chloroclysta siterata	Chloroclysta siterata	FALSE	1	63678	FALSE		1	Chloroclysta_siterata
chloroclystis v ata	Chloroclystis v-ata	TRUE	0.947368443012238	1030085	FALSE		14	Chloroclystis_v_ata
chloromyia formosa	Chloromyia formosa	FALSE	1	915094	FALSE		1	Chloromyia_formosa
chlorophyllum brunneum	Chlorophyllum brunneum	FALSE	1	949907	FALSE		1	Chlorophyllum_brunneum
chlorops pumilionis	Chlorops pumilionis	FALSE	1	4412330	FALSE		1	Chlorops_pumilionis
choerades gilvus	Laphria gilva	FALSE	1	4436537	TRUE	sibling_higher	1	Choerades_gilvus
choneiulus palmatus	Choneiulus palmatus	FALSE	1	434568	FALSE		1	Choneiulus_palmatus
choreutis nemorana	Choreutis nemorana	FALSE	1	77071	FALSE		1	Choreutis_nemorana
chorisops tibialis	Chorisops tibialis	FALSE	1	4446312	FALSE		1	Chorisops_tibialis
chortodes pygminus	Chortodes pygminus	FALSE	1	960412	FALSE	sibling_higher	1	Chortodes_pygminus
chroicocephalus ridibundus	Chroicocephalus ridibundus	FALSE	1	938670	FALSE		1	Chroicocephalus_ridibundus
chrysis angustula	Chrysis angustula	FALSE	1	62986	FALSE		1	Chrysis_angustula
chrysogaster coemiteriorum	Chrysogaster coemiteriorum	FALSE	1	4353394	FALSE		1	Chrysogaster_coemiteriorum
chrysolina americana	Chrysolina americana	FALSE	1	232779	FALSE		1	Chrysolina_americana
chrysolina graminis	Chrysolina graminis	FALSE	1	1016199	FALSE		1	Chrysolina_graminis
chrysolina haemoptera	Chrysolina haemoptera	FALSE	1	979876	FALSE		1	Chrysolina_haemoptera
chrysolina herbacea	Chrysolina herbacea	FALSE	1	453847	FALSE		1	Chrysolina_herbacea
chrysolina hyperici	Chrysolina hyperici	FALSE	1	1016198	FALSE		1	Chrysolina_hyperici
chrysolina oricalcia	Chrysolina oricalcia	FALSE	1	3369673	FALSE		1	Chrysolina_oricalcia
chrysomela populi	Chrysomela populi	FALSE	1	14524	FALSE		1	Chrysomela_populi
chrysomela saliceti	Chrysomela saliceti	FALSE	1	3369622	FALSE		1	Chrysomela_saliceti
chrysoperla carnea	Chrysoperla carnea	FALSE	1	994257	FALSE		1	Chrysoperla_carnea
chrysopilus asiliformis	Chrysopilus asiliformis	FALSE	1	4364396	FALSE		1	Chrysopilus_asiliformis
chrysops caecutiens	Chrysops caecutiens	FALSE	1	4453088	FALSE		1	Chrysops_caecutiens
chrysops relictus	Chrysops relictus	FALSE	1	4453081	FALSE		1	Chrysops_relictus
chrysops viduatus	Chrysops viduatus	FALSE	1	1020201	FALSE		1	Chrysops_viduatus
chrysosplenium oppositifolium	Chrysosplenium oppositifolium	FALSE	1	294944	FALSE		3	Chrysosplenium_oppositifolium
chrysoteuchia culmella	Chrysoteuchia culmella	FALSE	1	3166996	FALSE		1	Chrysoteuchia_culmella
chrysotoxum bicinctum	Chrysotoxum bicinctum	FALSE	1	691675	FALSE		1	Chrysotoxum_bicinctum
chrysotoxum festivum	Chrysotoxum festivum	FALSE	1	691667	FALSE		1	Chrysotoxum_festivum
chrysotoxum verralli	Chrysotoxum verralli	FALSE	1	4357197	FALSE		1	Chrysotoxum_verralli
chymomyza fuscimana	Chymomyza fuscimana	FALSE	1	4419833	FALSE	sibling_higher	1	Chymomyza_fuscimana
cicadella lasiocarpae	Cicadella lasiocarpae	FALSE	1	3458583	FALSE		1	Cicadella_lasiocarpae
cicadella viridis	Cicadella viridis	FALSE	1	582674	FALSE		1	Cicadella_viridis
cicerbita muralis	Cicerbita muralis	FALSE	1	155225	FALSE		1	Cicerbita_muralis
ciconia ciconia	Ciconia ciconia	FALSE	1	363031	FALSE		1	Ciconia_ciconia
ciconia episcopus	Ciconia episcopus	FALSE	1	324160	FALSE		1	Ciconia_episcopus
cidaria fulvata	Cidaria fulvata	FALSE	1	15517	FALSE		1	Cidaria_fulvata
ciliata mustela	Ciliata mustela	FALSE	1	33200	FALSE		1	Ciliata_mustela
cinara cedri	Cinara cedri	FALSE	1	207827	FALSE		1	Cinara_cedri
cinara pinea	Cinara pinea	FALSE	1	753367	FALSE		1	Cinara_pinea
cinclus cinclus	Cinclus cinclus	FALSE	1	496009	FALSE		1	Cinclus_cinclus
circus cyaneus	Circus cyaneus	FALSE	1	581831	FALSE		1	Circus_cyaneus
cirriformia tentaculata	Cirriformia tentaculata	FALSE	1	304694	FALSE		1	Cirriformia_tentaculata
cirsium dissectum	Cirsium dissectum	FALSE	1	22644	FALSE		1	Cirsium_dissectum
cirsium eriophorum	Cirsium eriophorum	FALSE	1	316122	FALSE		1	Cirsium_eriophorum
cirsium heterophyllum	Cirsium heterophyllum	FALSE	1	850437	FALSE		1	Cirsium_heterophyllum
cis bilamellatus	Cis bilamellatus	FALSE	1	385493	FALSE		1	Cis_bilamellatus
cistogaster globosa	Cistogaster globosa	FALSE	1	4357521	FALSE		1	Cistogaster_globosa
cladonia squamosa	Cladonia squamosa	FALSE	1	51764	FALSE		1	Cladonia_squamosa
clangula hyemalis	Clangula hyemalis	FALSE	1	316879	FALSE		1	Clangula_hyemalis
clava multicornis	Clava multicornis	FALSE	1	805175	FALSE		1	Clava_multicornis
clavaria fumosa	Clavaria fumosa	FALSE	1	449632	FALSE		1	Clavaria_fumosa
clavariadelphus pistillaris	Clavariadelphus pistillaris	FALSE	1	160856	FALSE		1	Clavariadelphus_pistillaris
clavelina lepadiformis	Clavelina lepadiformis	FALSE	1	941454	FALSE		1	Clavelina_lepadiformis
clavelina producta	Clavelina producta	FALSE	1	379326	FALSE		1	Clavelina_producta
claytonia sibirica	Claytonia sibirica	FALSE	1	115796	FALSE		2	Claytonia_sibirica
cleorodes lichenaria	Cleorodes lichenaria	FALSE	1	227274	FALSE		1	Cleorodes_lichenaria
clepsis consimilana	Clepsis consimilana	FALSE	1	418011	FALSE		1	Clepsis_consimilana
clepsis dumicolana	Clepsis dumicolana	FALSE	1	3055409	FALSE		1	Clepsis_dumicolana
climacium dendroides	Climacium dendroides	FALSE	1	411691	FALSE		1	Climacium_dendroides
clistopyga incitator	Clistopyga incitator	FALSE	1	536664	FALSE		1	Clistopyga_incitator
clitocybe odora	Clitocybe odora	FALSE	1	387027	FALSE	sibling_higher	1	Clitocybe_odora
clitopilus prunulus	Clitopilus prunulus	FALSE	1	438742	FALSE		1	Clitopilus_prunulus
clivina fossor	Clivina fossor	FALSE	1	924893	FALSE		1	Clivina_fossor
cloeon dipterum	Cloeon dipterum	FALSE	1	725593	FALSE		1	Cloeon_dipterum
clogmia albipunctata	Clogmia albipunctata	FALSE	1	311364	FALSE		1	Clogmia_albipunctata
clostera curtula	Clostera curtula	FALSE	1	262516	FALSE		1	Clostera_curtula
closterotomus norwegicus	Closterotomus norwegicus	FALSE	1	3478644	FALSE		1	Closterotomus_norwegicus
closterotomus trivialis	Closterotomus trivialis	FALSE	1	3478596	FALSE		1	Closterotomus_trivialis
clubiona comta	Clubiona comta	FALSE	1	3543190	FALSE	sibling_higher	1	Clubiona_comta
clubiona pallidula	Clubiona pallidula	FALSE	1	314374	FALSE	sibling_higher	1	Clubiona_pallidula
clubiona phragmitis	Clubiona phragmitis	FALSE	1	3543091	FALSE	sibling_higher	1	Clubiona_phragmitis
clusia tigrina	Clusia tigrina	FALSE	1	435041	FALSE		1	Clusia_tigrina
cnaemidophorus rhododactyla	Cnaemidophorus rhododactyla	FALSE	1	3092000	FALSE		1	Cnaemidophorus_rhododactyla
cnephasia longana	Cnephasia longana	FALSE	1	3053533	FALSE		1	Cnephasia_longana
cnephasia stephensiana	Cnephasia stephensiana	FALSE	1	907064	FALSE		1	Cnephasia_stephensiana
cobitis taenia	Cobitis taenia	FALSE	1	14761	FALSE		1	Cobitis_taenia
coccidula rufa	Coccidula rufa	FALSE	1	629405	FALSE		1	Coccidula_rufa
coccinella magnifica	Coccinella magnifica	FALSE	1	348746	FALSE		1	Coccinella_magnifica
coccinella septempunctata	Coccinella septempunctata	FALSE	1	343294	FALSE		1	Coccinella_septempunctata
coccinella undecimpunctata	Coccinella undecimpunctata	FALSE	1	348761	FALSE		1	Coccinella_undecimpunctata
coccus hesperidum	Coccus hesperidum	FALSE	1	955156	FALSE		1	Coccus_hesperidum
cochlearia danica	Cochlearia danica	FALSE	1	440670	FALSE		1	Cochlearia_danica
cochlostoma elegans	Cochlostoma elegans	FALSE	1	179549	FALSE		1	Cochlostoma_elegans
cochylidia implicitana	Cochylidia implicitana	FALSE	1	3056949	FALSE		1	Cochylidia_implicitana
cochylidia rupicola	Cochylidia rupicola	FALSE	1	3056056	FALSE		1	Cochylidia_rupicola
cochylis nana	Cochylis nana	FALSE	1	3054285	FALSE		1	Cochylis_nana
codriophorus aciculare	Codriophorus aciculare	FALSE	1	26443	FALSE		1	Codriophorus_aciculare
coelichneumon leucocerus	Coelichneumon leucocerus	FALSE	1	3285677	FALSE		1	Coelichneumon_leucocerus
coelioxys conoideus	Coelioxys conoidea	TRUE	0.888888895511627	3263656	FALSE		2	Coelioxys_conoideus
coelopa frigida	Coelopa frigida	FALSE	1	547670	FALSE	sibling_higher	1	Coelopa_frigida
coelopa pilipes	Coelopa pilipes	FALSE	1	253239	FALSE	sibling_higher	1	Coelopa_pilipes
coelostoma orbiculare	Coelostoma orbiculare	FALSE	1	1051265	FALSE		1	Coelostoma_orbiculare
coenagrion pulchellum	Coenagrion pulchellum	FALSE	1	235167	FALSE		1	Coenagrion_pulchellum
coenobia rufa	Coenobia rufa	FALSE	1	211452	FALSE		1	Coenobia_rufa
coenosia tigrina	Coenosia tigrina	FALSE	1	479456	FALSE	sibling_higher	1	Coenosia_tigrina
coincya wrightii	Coincya wrightii	FALSE	1	824954	FALSE		1	Coincya_wrightii
colchicum autumnale	Colchicum autumnale	FALSE	1	295700	FALSE		2	Colchicum_autumnale
coleophora albicosta	Coleophora albicosta	FALSE	1	3220216	FALSE		1	Coleophora_albicosta
coleophora alticolella	Coleophora alticolella	FALSE	1	238768	FALSE		1	Coleophora_alticolella
coleophora argentula	Coleophora argentula	FALSE	1	461552	FALSE		1	Coleophora_argentula
coleophora deauratella	Coleophora deauratella	FALSE	1	560855	FALSE		1	Coleophora_deauratella
coleophora flavipennella	Coleophora flavipennella	FALSE	1	280063	FALSE		1	Coleophora_flavipennella
coleophora follicularis	Coleophora follicularis	FALSE	1	3220892	FALSE		1	Coleophora_follicularis
coleophora galbulipennella	Coleophora galbulipennella	FALSE	1	280061	FALSE		1	Coleophora_galbulipennella
coleophora gryphipennella	Coleophora gryphipennella	FALSE	1	456945	FALSE		1	Coleophora_gryphipennella
coleophora lixella	Coleophora lixella	FALSE	1	3220730	FALSE		1	Coleophora_lixella
coleophora lutipennella	Coleophora lutipennella	FALSE	1	23856	FALSE		1	Coleophora_lutipennella
coleophora niveicostella	Coleophora niveicostella	FALSE	1	334427	FALSE		1	Coleophora_niveicostella
coleophora otidipennella	Coleophora otidipennella	FALSE	1	484781	FALSE		1	Coleophora_otidipennella
coleophora pennella	Coleophora pennella	FALSE	1	771814	FALSE		1	Coleophora_pennella
coleophora solitariella	Coleophora solitariella	FALSE	1	4948	FALSE		1	Coleophora_solitariella
coleophora striatipennella	Coleophora striatipennella	FALSE	1	962739	FALSE		1	Coleophora_striatipennella
coleophora sylvaticella	Coleophora sylvaticella	FALSE	1	280051	FALSE		1	Coleophora_sylvaticella
colias croceus	Colias croceus	FALSE	1	765655	FALSE		1	Colias_croceus
colletes cunicularius	Colletes cunicularius	FALSE	1	184859	FALSE		1	Colletes_cunicularius
collyria trichophthalma	Collyria trichophthalma	FALSE	1	1019130	FALSE		1	Collyria_trichophthalma
colocasia coryli	Colocasia coryli	FALSE	1	262514	FALSE		1	Colocasia_coryli
coloeus monedula	Corvus monedula	FALSE	1	711848	TRUE	sibling_higher	1	Coloeus_monedula
colostygia multistrigaria	Colostygia multistrigaria	FALSE	1	3086299	FALSE		1	Colostygia_multistrigaria
colostygia pectinataria	Colostygia pectinataria	FALSE	1	761578	FALSE		1	Colostygia_pectinataria
colotois pennaria	Colotois pennaria	FALSE	1	272586	FALSE		1	Colotois_pennaria
columba oenas	Columba oenas	FALSE	1	921832	FALSE		1	Columba_oenas
columba palumbus	Columba palumbus	FALSE	1	938408	FALSE		1	Columba_palumbus
colydium elongatum	Colydium elongatum	FALSE	1	755448	FALSE		1	Colydium_elongatum
comarum palustre	Comarum palustre	FALSE	1	902637	FALSE		1	Comarum_palustre
comibaena bajularia	Comibaena bajularia	FALSE	1	212349	FALSE	sibling_higher	1	Comibaena_bajularia
commophila aeneana	Commophila aeneana	FALSE	1	3056839	FALSE		1	Commophila_aeneana
conger conger	Conger conger	FALSE	1	142596	FALSE		1	Conger_conger
conistra ligula	Conistra ligula	FALSE	1	262494	FALSE		1	Conistra_ligula
conistra vaccinii	Conistra vaccinii	FALSE	1	850209	FALSE		1	Conistra_vaccinii
conocephalum conicum	Conocephalum conicum	FALSE	1	199292	FALSE		1	Conocephalum_conicum
conomelus anceps	Conomelus anceps	FALSE	1	5178	FALSE		1	Conomelus_anceps
conops quadrifasciatus	Conops quadrifasciatus	FALSE	1	4396163	FALSE	sibling_higher	1	Conops_quadrifasciatus
convolvulus arvensis	Convolvulus arvensis	FALSE	1	1071032	FALSE		1	Convolvulus_arvensis
conwentzia psociformis	Conwentzia psociformis	FALSE	1	3016328	FALSE		1	Conwentzia_psociformis
coprinellus micaceus	Coprinellus micaceus	FALSE	1	1046466	FALSE		1	Coprinellus_micaceus
coprinopsis atramentaria	Coprinopsis atramentaria	FALSE	1	363316	FALSE		1	Coprinopsis_atramentaria
cordilura impudica	Cordilura impudica	FALSE	1	131782	FALSE		1	Cordilura_impudica
cordulegaster boltonii	Cordulegaster boltonii	FALSE	1	210435	FALSE		1	Cordulegaster_boltonii
cordyceps fumosorosea	Isaria fumosorosea	FALSE	1	559032	TRUE	sibling_higher	1	Cordyceps_fumosorosea
coregonus lavaretus	Coregonus lavaretus	FALSE	1	872355	FALSE		1	Coregonus_lavaretus
corella eumyota	Corella eumyota	FALSE	1	489110	FALSE		1	Corella_eumyota
corella parallelogramma	Corella parallelogramma	FALSE	1	3645995	FALSE		1	Corella_parallelogramma
coremacera marginata	Coremacera marginata	FALSE	1	1098579	FALSE		1	Coremacera_marginata
cornu aspersum	Cornu aspersum	FALSE	1	349699	FALSE		1	Cornu_aspersum
cornus sanguinea	Cornus sanguinea	FALSE	1	21994	FALSE		1	Cornus_sanguinea
cornus suecica	Cornus suecica	FALSE	1	309628	FALSE		1	Cornus_suecica
corrigiola litoralis	Corrigiola litoralis	FALSE	1	258783	FALSE		1	Corrigiola_litoralis
cortinarius acutus	Cortinarius acutus	FALSE	1	764684	FALSE		1	Cortinarius_acutus
cortinarius anomalus	Cortinarius anomalus	FALSE	1	845402	FALSE		1	Cortinarius_anomalus
cortinarius bolaris	Cortinarius bolaris	FALSE	1	224499	FALSE		1	Cortinarius_bolaris
cortinarius cisticola	Cortinarius cisticola	FALSE	1	693763	FALSE		1	Cortinarius_cisticola
cortinarius croceocaeruleus	Cortinarius croceocoeruleus	FALSE	1	1051774	TRUE		1	Cortinarius_croceocaeruleus
cortinarius elegantissimus	Cortinarius elegantissimus	FALSE	1	658210	FALSE		1	Cortinarius_elegantissimus
cortinarius flexipes	Cortinarius flexipes	FALSE	1	748422	FALSE		1	Cortinarius_flexipes
cortinarius hemitrichus	Cortinarius hemitrichus	FALSE	1	748423	FALSE		1	Cortinarius_hemitrichus
cortinarius splendens	Cortinarius meinhardii	FALSE	1	448656	TRUE		1	Cortinarius_splendens
cortinarius torvus	Cortinarius torvus	FALSE	1	174133	FALSE		1	Cortinarius_torvus
cortinarius triumphans	Cortinarius triumphans	FALSE	1	499399	FALSE		1	Cortinarius_triumphans
corvus corax	Corvus corax	FALSE	1	140425	FALSE	sibling_higher	1	Corvus_corax
corvus corone	Corvus corone	FALSE	1	711844	FALSE	sibling_higher	1	Corvus_corone
corvus frugilegus	Corvus frugilegus	FALSE	1	219955	FALSE	sibling_higher	1	Corvus_frugilegus
corylus avellana	Corylus avellana	FALSE	1	424336	FALSE		1	Corylus_avellana
corylus colurna	Corylus colurna	FALSE	1	182954	FALSE		1	Corylus_colurna
corynactis viridis	Corynactis viridis	FALSE	1	788733	FALSE		1	Corynactis_viridis
cosmia affinis	Cosmia affinis	FALSE	1	463802	FALSE		1	Cosmia_affinis
cosmia pyralina	Cosmia pyralina	FALSE	1	262476	FALSE		1	Cosmia_pyralina
cosmia trapezina	Cosmia trapezina	FALSE	1	564244	FALSE		1	Cosmia_trapezina
cosmorhoe ocellata	Cosmorhoe ocellata	FALSE	1	761583	FALSE		1	Cosmorhoe_ocellata
cossus cossus	Cossus cossus	FALSE	1	528937	FALSE		1	Cossus_cossus
crabro cribrarius	Crabro cribrarius	FALSE	1	3277066	FALSE		1	Crabro_cribrarius
crambus lathoniellus	Crambus lathoniellus	FALSE	1	280049	FALSE		1	Crambus_lathoniellus
crambus pascuella	Crambus pascuella	FALSE	1	127215	FALSE		1	Crambus_pascuella
crambus perlellus	Crambus perlellus	FALSE	1	460120	FALSE		1	Crambus_perlellus
craniophora ligustri	Craniophora ligustri	FALSE	1	203449	FALSE		1	Craniophora_ligustri
crassula aquatica	Crassula aquatica	FALSE	1	3943236	FALSE		1	Crassula_aquatica
crataegus laevigata	Crataegus laevigata	FALSE	1	547115	FALSE	sibling_higher	1	Crataegus_laevigata
crataegus monogyna	Crataegus monogyna	FALSE	1	653070	FALSE	sibling_higher	1	Crataegus_monogyna
crataerina pallida	Crataerina pallida	FALSE	1	289864	FALSE	sibling_higher	1	Crataerina_pallida
craterellus tubaeformis	Craterellus tubaeformis	FALSE	1	183999	FALSE		2	Craterellus_tubaeformis
cratoneuron filicinum	Cratoneuron filicinum	FALSE	1	941972	FALSE		1	Cratoneuron_filicinum
crepidodera aurata	Crepidodera aurata	FALSE	1	972185	FALSE		1	Crepidodera_aurata
crepidodera aurea	Crepidodera aurea	FALSE	1	340141	FALSE		1	Crepidodera_aurea
crepidodera fulvicornis	Crepidodera fulvicornis	FALSE	1	340142	FALSE		1	Crepidodera_fulvicornis
crepis capillaris	Crepis capillaris	FALSE	1	949962	FALSE		1	Crepis_capillaris
crex crex	Crex crex	FALSE	1	897460	FALSE		1	Crex_crex
crioceris asparagi	Crioceris asparagi	FALSE	1	455658	FALSE		1	Crioceris_asparagi
criorhina berberina	Criorhina berberina	FALSE	1	4354969	FALSE		1	Criorhina_berberina
criorhina ranunculi	Criorhina ranunculi	FALSE	1	4355010	FALSE		1	Criorhina_ranunculi
crocallis elinguaria	Crocallis elinguaria	FALSE	1	63680	FALSE		1	Crocallis_elinguaria
crocus tommasinianus	Crocus tommasinianus	FALSE	1	1038897	FALSE		1	Crocus_tommasinianus
crossocerus annulipes	Crossocerus annulipes	FALSE	1	3277532	FALSE		1	Crossocerus_annulipes
crossocerus cetratus	Crossocerus cetratus	FALSE	1	3277440	FALSE		1	Crossocerus_cetratus
cruciata laevipes	Cruciata laevipes	FALSE	1	442651	FALSE		1	Cruciata_laevipes
crudosilis ruficollis	Crudosilis ruficollis	FALSE	1	522145	FALSE		1	Crudosilis_ruficollis
cryphaea heteromalla	Cryphaea heteromalla	FALSE	1	275836	FALSE		1	Cryphaea_heteromalla
cryphia algae	Cryphia algae	FALSE	1	837101	FALSE		1	Cryphia_algae
cryptocephalus moraei	Cryptocephalus moraei	FALSE	1	137542	FALSE	sibling_higher	1	Cryptocephalus_moraei
cryptocephalus primarius	Cryptocephalus primarius	FALSE	1	5825147	FALSE	sibling_higher	1	Cryptocephalus_primarius
cryptocephalus pusillus	Cryptocephalus pusillus	FALSE	1	870533	FALSE	sibling_higher	1	Cryptocephalus_pusillus
cryptophagus acutangulus	Cryptophagus acutangulus	FALSE	1	3355083	FALSE	sibling_higher	1	Cryptophagus_acutangulus
cryptops hortensis	Cryptops hortensis	FALSE	1	1007812	FALSE	sibling_higher	1	Cryptops_hortensis
cryptopygus clavatus	Cryptopygus clavatus	FALSE	1	5009257	FALSE		1	Cryptopygus_clavatus
cryptorhynchus lapathi	Cryptorhynchus lapathi	FALSE	1	344715	FALSE		1	Cryptorhynchus_lapathi
cryptosula pallasiana	Cryptosula pallasiana	FALSE	1	900629	FALSE		1	Cryptosula_pallasiana
cryptus armator	Cryptus armator	FALSE	1	385863	FALSE		1	Cryptus_armator
cryptus viduatorius	Cryptus viduatorius	FALSE	1	674367	FALSE		1	Cryptus_viduatorius
ctenicera cuprea	Ctenicera cuprea	FALSE	1	6251743	FALSE	sibling_higher	1	Ctenicera_cuprea
culiseta annulata	Culiseta annulata	FALSE	1	392022	FALSE		1	Culiseta_annulata
cupido minimus	Cupido minimus	FALSE	1	748179	FALSE		1	Cupido_minimus
curculio glandium	Curculio glandium	FALSE	1	447355	FALSE		1	Curculio_glandium
curruca communis	Sylvia communis	FALSE	1	862895	TRUE		1	Curruca_communis
cuscuta epithymum	Cuscuta epithymum	FALSE	1	1053792	FALSE		4	Cuscuta_epithymum
cyaniris semiargus	Cyaniris semiargus	FALSE	1	152029	FALSE		1	Cyaniris_semiargus
cyanistes caeruleus	Cyanistes caeruleus	FALSE	1	746120	FALSE		1	Cyanistes_caeruleus
cybosia mesomella	Cybosia mesomella	FALSE	1	837085	FALSE		1	Cybosia_mesomella
cyclophora albipunctata	Cyclophora albipunctata	FALSE	1	540281	FALSE		1	Cyclophora_albipunctata
cyclophora annularia	Cyclophora annularia	FALSE	1	212347	FALSE		1	Cyclophora_annularia
cyclophora linearia	Cyclophora linearia	FALSE	1	584718	FALSE		1	Cyclophora_linearia
cyclophora punctaria	Cyclophora punctaria	FALSE	1	126684	FALSE		1	Cyclophora_punctaria
cyclophora puppillaria	Cyclophora puppillaria	FALSE	1	1030081	FALSE		1	Cyclophora_puppillaria
cyclopterus lumpus	Cyclopterus lumpus	FALSE	1	237344	FALSE		1	Cyclopterus_lumpus
cydalima perspectalis	Cydalima perspectalis	FALSE	1	3170808	FALSE		1	Cydalima_perspectalis
cydia amplana	Cydia amplana	FALSE	1	3051117	FALSE		1	Cydia_amplana
cydia fagiglandana	Cydia fagiglandana	FALSE	1	3051302	FALSE		1	Cydia_fagiglandana
cydia splendana	Cydia splendana	FALSE	1	752792	FALSE		1	Cydia_splendana
cydia strobilella	Cydia strobilella	FALSE	1	752788	FALSE		1	Cydia_strobilella
cygnus columbianus	Cygnus columbianus	FALSE	1	207360	FALSE		1	Cygnus_columbianus
cygnus cygnus	Cygnus cygnus	FALSE	1	817994	FALSE		1	Cygnus_cygnus
cygnus olor	Cygnus olor	FALSE	1	140314	FALSE		1	Cygnus_olor
cylindroiulus punctatus	Cylindroiulus punctatus	FALSE	1	177534	FALSE		1	Cylindroiulus_punctatus
cylindromyia interrupta	Cylindromyia interrupta	FALSE	1	4377001	FALSE	sibling_higher	1	Cylindromyia_interrupta
cylloceria caligata	Cylloceria melancholica	FALSE	1	343008	TRUE		1	Cylloceria_caligata
cymatophorima diluta	Cymatophorima diluta	FALSE	1	906116	FALSE		1	Cymatophorima_diluta
cymbalaria muralis	Cymbalaria muralis	FALSE	1	75202	FALSE		1	Cymbalaria_muralis
cynodontium bruntonii	Cynodontium bruntonii	FALSE	1	428783	FALSE		1	Cynodontium_bruntonii
cynomya mortuorum	Cynomya mortuorum	FALSE	1	460990	FALSE		1	Cynomya_mortuorum
cyperus fuscus	Cyperus fuscus	FALSE	1	157135	FALSE		1	Cyperus_fuscus
cyphostethus tristriatus	Cyphostethus tristriatus	FALSE	1	3471775	FALSE		1	Cyphostethus_tristriatus
cyrtopogon pulchripes	Cyrtopogon pulchripes	FALSE	1	4439626	FALSE	sibling_higher	1	Cyrtopogon_pulchripes
cystoderma amianthinum	Cystoderma amianthinum	FALSE	1	242145	FALSE		1	Cystoderma_amianthinum
dactylorhiza fuchsii	Dactylorhiza fuchsii	FALSE	1	904680	FALSE		1	Dactylorhiza_fuchsii
dalopius marginatus	Dalopius marginatus	FALSE	1	3412478	FALSE		1	Dalopius_marginatus
danio rerio	Danio rerio	FALSE	1	1005914	FALSE		1	Danio_rerio
dascillus cervinus	Dascillus cervinus	FALSE	1	761497	FALSE		1	Dascillus_cervinus
dasypoda hirtipes	Dasypoda hirtipes	FALSE	1	76251	FALSE		2	Dasypoda_hirtipes
dasypolia templi	Dasypolia templi	FALSE	1	837087	FALSE		1	Dasypolia_templi
dasysyrphus albostriatus	Dasysyrphus albostriatus	FALSE	1	490758	FALSE		1	Dasysyrphus_albostriatus
dasysyrphus tricinctus	Dasysyrphus tricinctus	FALSE	1	4357261	FALSE		1	Dasysyrphus_tricinctus
daucus carota	Daucus carota	FALSE	1	372836	FALSE		1	Daucus_carota
daudebardia rufa	Daudebardia rufa	FALSE	1	2882997	FALSE		1	Daudebardia_rufa
deilephila elpenor	Deilephila elpenor	FALSE	1	3093426	FALSE		1	Deilephila_elpenor
deilephila porcellus	Deilephila porcellus	FALSE	1	3093425	FALSE		1	Deilephila_porcellus
delia radicum	Delia radicum	FALSE	1	116718	FALSE		1	Delia_radicum
delichon urbicum	Delichon urbicum	FALSE	1	36109	FALSE		1	Delichon_urbicum
delphinus delphis	Delphinus delphis	FALSE	1	698438	FALSE	sibling_higher	1	Delphinus_delphis
delplanqueia inscriptella	Delplanqueia inscriptella	FALSE	1	4236984	FALSE		1	Delplanqueia_inscriptella
demoticus plebejus	Demoticus plebejus	FALSE	1	4380096	FALSE		1	Demoticus_plebejus
dendrocopos major	Dendrocopos major	FALSE	1	348848	FALSE	sibling_higher	1	Dendrocopos_major
dendrogyra cylindrus	Dendrogyra cylindrus	FALSE	1	623075	FALSE		1	Dendrogyra_cylindrus
dendrolimus pini	Dendrolimus pini	FALSE	1	413584	FALSE		1	Dendrolimus_pini
denticollis linearis	Denticollis linearis	FALSE	1	495397	FALSE		1	Denticollis_linearis
depressaria douglasella	Depressaria douglasella	FALSE	1	3229752	FALSE		1	Depressaria_douglasella
deschampsia cespitosa	Deschampsia cespitosa	FALSE	1	58513	FALSE		1	Deschampsia_cespitosa
descurainia sophia	Descurainia sophia	FALSE	1	67981	FALSE		1	Descurainia_sophia
dexiosoma caninum	Dexiosoma caninum	FALSE	1	7229677	FALSE	sibling_higher	1	Dexiosoma_caninum
diachrysia chrysitis	Diachrysia chrysitis	FALSE	1	301813	FALSE		1	Diachrysia_chrysitis
diadocidia ferruginosa	Diadocidia ferruginosa	FALSE	1	935973	FALSE		1	Diadocidia_ferruginosa
diadumene lineata	Diadumene lineata	FALSE	1	100009	FALSE		1	Diadumene_lineata
diapensia lapponica	Diapensia lapponica	FALSE	1	3582	FALSE		1	Diapensia_lapponica
diaperis boleti	Diaperis boleti	FALSE	1	296616	FALSE		1	Diaperis_boleti
diaphora mendica	Diaphora mendica	FALSE	1	211600	FALSE		1	Diaphora_mendica
diarsia brunnea	Diarsia brunnea	FALSE	1	211598	FALSE		1	Diarsia_brunnea
diarsia dahlii	Diarsia dahlii	FALSE	1	3207945	FALSE		1	Diarsia_dahlii
diarsia mendica	Diarsia mendica	FALSE	1	211596	FALSE		1	Diarsia_mendica
diarsia rubi	Diarsia rubi	FALSE	1	211594	FALSE		1	Diarsia_rubi
diastrophus rubi	Diastrophus rubi	FALSE	1	127280	FALSE		1	Diastrophus_rubi
diazona violacea	Diazona violacea	FALSE	1	3646215	FALSE		1	Diazona_violacea
dichetophora obliterata	Dichetophora obliterata	FALSE	1	749498	FALSE		1	Dichetophora_obliterata
dichomeris marginella	Dichomeris marginella	FALSE	1	3223019	FALSE		1	Dichomeris_marginella
dichrorampha alpinana	Dichrorampha alpinana	FALSE	1	3050774	FALSE		1	Dichrorampha_alpinana
dichrorampha sequana	Dichrorampha sequana	FALSE	1	3050903	FALSE		1	Dichrorampha_sequana
dicraeus fennicus	Dicraeus fennicus	FALSE	1	4412916	FALSE	sibling_higher	1	Dicraeus_fennicus
dicranocephalus agilis	Dicranocephalus agilis	FALSE	1	3475394	FALSE		1	Dicranocephalus_agilis
dicranodontium denudatum	Dicranodontium denudatum	FALSE	1	747817	FALSE		1	Dicranodontium_denudatum
dicranoweisia cirrata	Dicranoweisia cirrata	FALSE	1	1060545	FALSE		1	Dicranoweisia_cirrata
dicranum bonjeanii	Dicranum bonjeanii	FALSE	1	1060000	FALSE		1	Dicranum_bonjeanii
dicranum flexicaule	Dicranum fuscescens var. flexicaule	FALSE	1	722980	TRUE	infraspecific	1	Dicranum_flexicaule
dicranum scottianum	Dicranum scottianum	FALSE	1	3862344	FALSE		1	Dicranum_scottianum
dicranum tauricum	Dicranum tauricum	FALSE	1	143953	FALSE		1	Dicranum_tauricum
dicycla oo	Dicycla oo	FALSE	1	4264886	FALSE		1	Dicycla_oo
dicyrtoma fusca	Dicyrtoma fusca	FALSE	1	5008221	FALSE		1	Dicyrtoma_fusca
dicyrtomina minuta	Dicyrtomina minuta	FALSE	1	5008242	FALSE		1	Dicyrtomina_minuta
dicyrtomina saundersi	Dicyrtomina saundersi	FALSE	1	847560	FALSE		1	Dicyrtomina_saundersi
didymodon insulanus	Didymodon insulanus	FALSE	1	212667	FALSE		1	Didymodon_insulanus
didymodon rigidulus	Didymodon rigidulus	FALSE	1	123224	FALSE		1	Didymodon_rigidulus
digitaria sanguinalis	Digitaria sanguinalis	FALSE	1	971465	FALSE		1	Digitaria_sanguinalis
digitivalva pulicariae	Digitivalva pulicariae	FALSE	1	3219577	FALSE		1	Digitivalva_pulicariae
diloba caeruleocephala	Diloba caeruleocephala	FALSE	1	211592	FALSE		1	Diloba_caeruleocephala
dilophus febrilis	Dilophus febrilis	FALSE	1	423689	FALSE		1	Dilophus_febrilis
dilophus femoratus	Dilophus femoratus	FALSE	1	837324	FALSE		1	Dilophus_femoratus
dilutineuron fasciculare	Dilutineuron fasciculare	FALSE	1	286433	FALSE		1	Dilutineuron_fasciculare
dinocampus coccinellae	Dinocampus coccinellae	FALSE	1	1000603	FALSE		1	Dinocampus_coccinellae
dinocras cephalotes	Dinocras cephalotes	FALSE	1	1029527	FALSE		1	Dinocras_cephalotes
dioctria baumhaueri	Dioctria baumhaueri	FALSE	1	4438704	FALSE		1	Dioctria_baumhaueri
dioctria linearis	Dioctria linearis	FALSE	1	4438677	FALSE		1	Dioctria_linearis
dioctria rufipes	Dioctria rufipes	FALSE	1	466915	FALSE		1	Dioctria_rufipes
diogma glabrata	Diogma glabrata	FALSE	1	4497477	FALSE		1	Diogma_glabrata
diphasiastrum alpinum	Diphasiastrum alpinum	FALSE	1	429348	FALSE		1	Diphasiastrum_alpinum
diplazon laetatorius	Diplazon laetatorius	FALSE	1	40237	FALSE		1	Diplazon_laetatorius
diplecogaster bimaculata	Diplecogaster bimaculata	FALSE	1	751845	FALSE		1	Diplecogaster_bimaculata
diplocoelus fagi	Diplocoelus fagi	FALSE	1	1014449	FALSE		1	Diplocoelus_fagi
diplosoma listerianum	Diplosoma listerianum	FALSE	1	279736	FALSE		1	Diplosoma_listerianum
diplosoma spongiforme	Diplosoma spongiforme	FALSE	1	55637	FALSE		2	Diplosoma_spongiforme
dipsacus fullonum	Dipsacus fullonum	FALSE	1	994148	FALSE		3	Dipsacus_fullonum
dipturus intermedius	Dipturus batis	FALSE	1	881959	TRUE		1	Dipturus_intermedius
distichium capillaceum	Distichium capillaceum	FALSE	1	318810	FALSE		1	Distichium_capillaceum
ditrichum cornubicum	Ditrichum cornubicum	FALSE	1	3861970	FALSE		1	Ditrichum_cornubicum
ditula angustiorana	Ditula angustiorana	FALSE	1	871679	FALSE		1	Ditula_angustiorana
diurnea fagella	Diurnea fagella	FALSE	1	422150	FALSE		1	Diurnea_fagella
diurnea lipsiella	Diurnea lipsiella	FALSE	1	3227865	FALSE		1	Diurnea_lipsiella
dixa nubilipennis	Dixa nubilipennis	FALSE	1	4479686	FALSE		1	Dixa_nubilipennis
dolerus asper	Dolerus asper	FALSE	1	3245379	FALSE		1	Dolerus_asper
dolerus haematodes	Dolerus haematodes	FALSE	1	3245366	FALSE		1	Dolerus_haematodes
dolerus madidus	Dolerus madidus	FALSE	1	3245364	FALSE		1	Dolerus_madidus
dolerus nigratus	Dolerus nigratus	FALSE	1	3245387	FALSE		1	Dolerus_nigratus
dolerus triplicatus	Dolerus triplicatus	FALSE	1	3245374	FALSE		1	Dolerus_triplicatus
dolichomitus mesocentrus	Dolichomitus mesocentrus	FALSE	1	3287213	FALSE		1	Dolichomitus_mesocentrus
dolichopus griseipennis	Dolichopus griseipennis	FALSE	1	835489	FALSE		1	Dolichopus_griseipennis
dolichopus picipes	Dolichopus picipes	FALSE	1	117675	FALSE		1	Dolichopus_picipes
dolichopus virgultorum	Dolichopus virgultorum	FALSE	1	4333942	FALSE		1	Dolichopus_virgultorum
dolichovespula media	Dolichovespula media	FALSE	1	642726	FALSE		1	Dolichovespula_media
dolichovespula saxonica	Dolichovespula saxonica	FALSE	1	377669	FALSE		1	Dolichovespula_saxonica
dolichovespula sylvestris	Dolichovespula sylvestris	FALSE	1	377682	FALSE		1	Dolichovespula_sylvestris
dolomedes plantarius	Dolomedes plantarius	FALSE	1	73033	FALSE		1	Dolomedes_plantarius
donacaula forficella	Donacaula forficella	FALSE	1	3167264	FALSE		1	Donacaula_forficella
donacaula mucronella	Donacaula mucronella	FALSE	1	3167254	FALSE		1	Donacaula_mucronella
doratura stylata	Doratura stylata	FALSE	1	571505	FALSE		1	Doratura_stylata
dorcus parallelipipedus	Dorcus parallelipipedus	FALSE	1	867944	FALSE	sibling_higher	1	Dorcus_parallelipipedus
douinia ovata	Douinia ovata	FALSE	1	831948	FALSE		1	Douinia_ovata
draba incana	Draba incana	FALSE	1	846698	FALSE		1	Draba_incana
draba verna	Draba verna	FALSE	1	22646	FALSE		1	Draba_verna
drassodes cupreus	Drassodes cupreus	FALSE	1	3552987	FALSE	sibling_higher	1	Drassodes_cupreus
dreisbachia pictifrons	Dreisbachia pictifrons	FALSE	1	77449	FALSE		1	Dreisbachia_pictifrons
dreissena polymorpha	Dreissena polymorpha	FALSE	1	201843	FALSE		1	Dreissena_polymorpha
drepana falcataria	Drepana falcataria	FALSE	1	897075	FALSE		1	Drepana_falcataria
drepanosiphum platanoidis	Drepanosiphum platanoidis	FALSE	1	668660	FALSE		1	Drepanosiphum_platanoidis
drilus flavescens	Drilus flavescens	FALSE	1	25901	FALSE		1	Drilus_flavescens
dromius quadrimaculatus	Dromius quadrimaculatus	FALSE	1	864792	FALSE		1	Dromius_quadrimaculatus
drosophila funebris	Drosophila funebris	FALSE	1	505706	FALSE		1	Drosophila_funebris
drosophila helvetica	Drosophila helvetica	FALSE	1	916031	FALSE	sibling_higher	1	Drosophila_helvetica
drosophila histrio	Drosophila histrio	FALSE	1	746889	FALSE		1	Drosophila_histrio
drosophila immigrans	Drosophila immigrans	FALSE	1	138600	FALSE		1	Drosophila_immigrans
drosophila limbata	Drosophila limbata	FALSE	1	733216	FALSE		2	Drosophila_limbata
drosophila obscura	Drosophila obscura	FALSE	1	355241	FALSE		1	Drosophila_obscura
drosophila phalerata	Drosophila phalerata	FALSE	1	355240	FALSE		1	Drosophila_phalerata
drosophila subobscura	Drosophila subobscura	FALSE	1	660827	FALSE		2	Drosophila_subobscura
drosophila suzukii	Drosophila suzukii	FALSE	1	227752	FALSE		1	Drosophila_suzukii
drusilla canaliculata	Drusilla canaliculata	FALSE	1	725141	FALSE		1	Drusilla_canaliculata
dryas octopetala	Dryas octopetala	FALSE	1	176708	FALSE		1	Dryas_octopetala
drymonia dodonaea	Drymonia dodonaea	FALSE	1	234695	FALSE		1	Drymonia_dodonaea
drymonia ruficornis	Drymonia ruficornis	FALSE	1	234703	FALSE		1	Drymonia_ruficornis
drymus sylvaticus	Drymus sylvaticus	FALSE	1	3471330	FALSE		1	Drymus_sylvaticus
dryobota labecula	Dryobota labecula	FALSE	1	4253885	FALSE		1	Dryobota_labecula
dryobotodes eremita	Dryobotodes eremita	FALSE	1	654789	FALSE		1	Dryobotodes_eremita
dryobotodes tenebrosa	Dryobotodes tenebrosa	FALSE	1	3209747	FALSE		1	Dryobotodes_tenebrosa
dryomyza anilis	Dryomyza anilis	FALSE	1	130145	FALSE	sibling_higher	1	Dryomyza_anilis
dunaliella primolecta	Dunaliella primolecta	FALSE	1	421168	FALSE		1	Dunaliella_primolecta
dypterygia scabriuscula	Dypterygia scabriuscula	FALSE	1	211590	FALSE		1	Dypterygia_scabriuscula
dysmachus trigonus	Dysmachus trigonus	FALSE	1	443033	FALSE		1	Dysmachus_trigonus
dyspetes luteomarginatus	Dyspetes luteomarginatus	FALSE	1	336470	FALSE		1	Dyspetes_luteomarginatus
dytaster grandis	Dytaster grandis	FALSE	1	3656994	FALSE		1	Dytaster_grandis
eana incanana	Eana incanana	FALSE	1	3053681	FALSE		1	Eana_incanana
earias clorana	Earias clorana	FALSE	1	753750	FALSE		1	Earias_clorana
earophila badiata	Earophila badiata	FALSE	1	12978	FALSE		1	Earophila_badiata
ecdyonurus torrentis	Ecdyonurus torrentis	FALSE	1	3006322	FALSE	sibling_higher	1	Ecdyonurus_torrentis
echiichthys vipera	Echiichthys vipera	FALSE	1	435192	FALSE		1	Echiichthys_vipera
echinocardium cordatum	Echinocardium cordatum	FALSE	1	132767	FALSE		1	Echinocardium_cordatum
echinus esculentus	Echinus esculentus	FALSE	1	616586	FALSE		1	Echinus_esculentus
ecliptopera silaceata	Ecliptopera silaceata	FALSE	1	322517	FALSE		1	Ecliptopera_silaceata
ecnomus tenellus	Ecnomus tenellus	FALSE	1	111311	FALSE		1	Ecnomus_tenellus
ectemnius cavifrons	Ectemnius cavifrons	FALSE	1	3277026	FALSE		1	Ectemnius_cavifrons
ectemnius continuus	Ectemnius continuus	FALSE	1	3277040	FALSE		1	Ectemnius_continuus
ectemnius lituratus	Ectemnius lituratus	FALSE	1	3277051	FALSE		1	Ectemnius_lituratus
ectobius pallidus	Ectobius pallidus	FALSE	1	370587	FALSE	sibling_higher	1	Ectobius_pallidus
ectoedemia decentella	Ectoedemia decentella	FALSE	1	3031029	FALSE		1	Ectoedemia_decentella
ectopleura larynx	Ectopleura larynx	FALSE	1	183506	FALSE		1	Ectopleura_larynx
ectropis crepuscularia	Ectropis crepuscularia	FALSE	1	934422	FALSE		1	Ectropis_crepuscularia
egira conspicillaris	Egira conspicillaris	FALSE	1	733479	FALSE		1	Egira_conspicillaris
eilema caniola	Eilema caniola	FALSE	1	211608	FALSE		1	Eilema_caniola
eilema depressum	Eilema depressum	FALSE	1	485192	FALSE		1	Eilema_depressum
eilema griseolum	Eilema griseolum	FALSE	1	14104	FALSE		1	Eilema_griseolum
eilema lurideolum	Eilema lurideolum	FALSE	1	14107	FALSE		1	Eilema_lurideolum
eilema sororcula	Eilema sororcula	FALSE	1	3183011	FALSE		1	Eilema_sororcula
eimeria acervulina	Eimeria acervulina	FALSE	1	775248	FALSE	sibling_higher	1	Eimeria_acervulina
eimeria maxima	Eimeria maxima	FALSE	1	775254	FALSE	sibling_higher	1	Eimeria_maxima
eimeria praecox	Eimeria praecox	FALSE	1	836085	FALSE	sibling_higher	1	Eimeria_praecox
eimeria tenella	Eimeria tenella	FALSE	1	775246	FALSE	sibling_higher	1	Eimeria_tenella
eisenia eiseni	Eisenia eiseni	FALSE	1	213505	FALSE		2	Eisenia_eiseni
elachista bedellella	Elachista bedellella	FALSE	1	3229280	FALSE	sibling_higher	1	Elachista_bedellella
elachista cinereopunctella	Elachista cinereopunctella	FALSE	1	6194442	FALSE	sibling_higher	1	Elachista_cinereopunctella
elachista stabilella	Elachista stabilella	FALSE	1	3229102	FALSE	sibling_higher	1	Elachista_stabilella
elasmostethus interstinctus	Elasmostethus interstinctus	FALSE	1	474058	FALSE		1	Elasmostethus_interstinctus
electrona antarctica	Electrona antarctica	FALSE	1	358647	FALSE		1	Electrona_antarctica
electrophaes corylata	Electrophaes corylata	FALSE	1	761580	FALSE		1	Electrophaes_corylata
eledona agricola	Eledona agricola	FALSE	1	863808	FALSE		1	Eledona_agricola
eledone cirrhosa	Eledone cirrhosa	FALSE	1	507653	FALSE		1	Eledone_cirrhosa
elegia similella	Elegia similella	FALSE	1	1047572	FALSE		1	Elegia_similella
eleocharis palustris	Eleocharis palustris	FALSE	1	913837	FALSE		1	Eleocharis_palustris
eleocharis parvula	Eleocharis parvula	FALSE	1	913829	FALSE		1	Eleocharis_parvula
eleocharis quinqueflora	Eleocharis quinqueflora	FALSE	1	790603	FALSE		1	Eleocharis_quinqueflora
elgiva cucularia	Elgiva cucularia	FALSE	1	749489	FALSE		1	Elgiva_cucularia
elmis aenea	Elmis aenea	FALSE	1	891369	FALSE		1	Elmis_aenea
eloeophila maculata	Eloeophila maculata	FALSE	1	4505176	FALSE		1	Eloeophila_maculata
elophila nymphaeata	Elophila nymphaeata	FALSE	1	753746	FALSE	sibling_higher	1	Elophila_nymphaeata
emberiza calandra	Emberiza calandra	FALSE	1	6520265	FALSE		1	Emberiza_calandra
emberiza citrinella	Emberiza citrinella	FALSE	1	828708	FALSE		1	Emberiza_citrinella
emmelina monodactyla	Emmelina monodactyla	FALSE	1	863267	FALSE		1	Emmelina_monodactyla
emmesomyia grisea	Emmesomyia grisea	FALSE	1	535268	FALSE		1	Emmesomyia_grisea
empetrum nigrum	Empetrum nigrum	FALSE	1	760250	FALSE		1	Empetrum_nigrum
empis livida	Empis livida	FALSE	1	222504	FALSE	sibling_higher	1	Empis_livida
empis opaca	Empis opaca	FALSE	1	4341071	FALSE	sibling_higher	1	Empis_opaca
empis stercorea	Empis stercorea	FALSE	1	4340931	FALSE	sibling_higher	1	Empis_stercorea
empoasca decipiens	Empoasca decipiens	FALSE	1	7629	FALSE		1	Empoasca_decipiens
encalypta ciliata	Encalypta ciliata	FALSE	1	86148	FALSE		1	Encalypta_ciliata
encalypta streptocarpa	Encalypta streptocarpa	FALSE	1	563120	FALSE		1	Encalypta_streptocarpa
endeis spinosa	Endeis spinosa	FALSE	1	840658	FALSE		1	Endeis_spinosa
endomychus coccineus	Endomychus coccineus	FALSE	1	704885	FALSE		1	Endomychus_coccineus
endothenia marginana	Endothenia marginana	FALSE	1	249660	FALSE		1	Endothenia_marginana
endothenia ustulana	Endothenia ustulana	FALSE	1	3048789	FALSE		1	Endothenia_ustulana
endotricha flammealis	Endotricha flammealis	FALSE	1	901192	FALSE		1	Endotricha_flammealis
endromis versicolora	Endromis versicolora	FALSE	1	130613	FALSE		1	Endromis_versicolora
endromopoda detrita	Endromopoda detrita	FALSE	1	3287060	FALSE		1	Endromopoda_detrita
endromopoda phragmitidis	Endromopoda phragmitidis	FALSE	1	3287066	FALSE		1	Endromopoda_phragmitidis
ennomos alniaria	Ennomos alniaria	FALSE	1	536930	FALSE		1	Ennomos_alniaria
ennomos erosarius	Ennomos erosarius	FALSE	1	636966	FALSE		1	Ennomos_erosarius
ennomos fuscantarius	Ennomos fuscantarius	FALSE	1	788400	FALSE		1	Ennomos_fuscantarius
ennomos quercinarius	Ennomos quercinarius	FALSE	1	50273	FALSE		1	Ennomos_quercinarius
ensis siliqua	Ensis siliqua	FALSE	1	151967	FALSE		1	Ensis_siliqua
entoloma atromadidum	Entoloma atromadidum	FALSE	1	7522591	FALSE		1	Entoloma_atromadidum
entoloma clypeatum	Entoloma clypeatum	FALSE	1	740910	FALSE		1	Entoloma_clypeatum
entomobrya nr imitabilis								Entomobrya_nr_imitabilis
entomortierella parvispora	Mortierella parvispora	TRUE	0.818181812763214	607794	FALSE		1	Entomortierella_parvispora
epermenia chaerophyllella	Epermenia chaerophyllella	FALSE	1	481948	FALSE		1	Epermenia_chaerophyllella
ephebe lanata	Ephebe lanata	FALSE	1	3687515	FALSE		1	Ephebe_lanata
ephemera vulgata	Ephemera vulgata	FALSE	1	165266	FALSE		1	Ephemera_vulgata
ephestia kuehniella	Ephestia kuehniella	FALSE	1	184411	FALSE		1	Ephestia_kuehniella
ephestia unicolorella	Ephestia unicolorella	FALSE	1	3153749	FALSE		1	Ephestia_unicolorella
ephialtes manifestator	Ephialtes manifestator	FALSE	1	92033	FALSE		1	Ephialtes_manifestator
epiblema cirsiana	Epiblema cirsiana	FALSE	1	3050333	FALSE		1	Epiblema_cirsiana
epiblema costipunctana	Epiblema costipunctana	FALSE	1	3050320	FALSE		1	Epiblema_costipunctana
epiblema foenella	Epiblema foenella	FALSE	1	969496	FALSE		1	Epiblema_foenella
epicampocera succincta	Epicampocera succincta	FALSE	1	774132	FALSE		1	Epicampocera_succincta
epidalea calamita	Epidalea calamita	FALSE	1	436364	FALSE		1	Epidalea_calamita
epilobium ciliatum	Epilobium ciliatum	FALSE	1	181424	FALSE		1	Epilobium_ciliatum
epilobium hirsutum	Epilobium hirsutum	FALSE	1	266692	FALSE		2	Epilobium_hirsutum
epinotia abbreviana	Epinotia abbreviana	FALSE	1	3050545	FALSE	sibling_higher	1	Epinotia_abbreviana
epinotia bilunana	Epinotia bilunana	FALSE	1	3050568	FALSE	sibling_higher	1	Epinotia_bilunana
epinotia brunnichana	Epinotia brunnichana	FALSE	1	3050539	FALSE	sibling_higher	1	Epinotia_brunnichana
epinotia cruciana	Epinotia cruciana	FALSE	1	3050499	FALSE	sibling_higher	1	Epinotia_cruciana
epinotia demarniana	Epinotia demarniana	FALSE	1	3050534	FALSE	sibling_higher	1	Epinotia_demarniana
epinotia nisella	Epinotia nisella	FALSE	1	127197	FALSE	sibling_higher	1	Epinotia_nisella
epinotia ramella	Epinotia ramella	FALSE	1	3050629	FALSE	sibling_higher	1	Epinotia_ramella
epinotia subocellana	Epinotia subocellana	FALSE	1	904439	FALSE	sibling_higher	1	Epinotia_subocellana
epinotia tenerana	Epinotia tenerana	FALSE	1	3050616	FALSE	sibling_higher	1	Epinotia_tenerana
epione repandaria	Epione repandaria	FALSE	1	584726	FALSE		1	Epione_repandaria
epirrhoe alternata	Epirrhoe alternata	FALSE	1	303929	FALSE		1	Epirrhoe_alternata
epirrhoe tristata	Epirrhoe tristata	FALSE	1	584730	FALSE		1	Epirrhoe_tristata
epirrita christyi	Epirrita christyi	FALSE	1	995568	FALSE		1	Epirrita_christyi
epistrophe eligans	Epistrophe eligans	FALSE	1	722880	FALSE		1	Epistrophe_eligans
epistrophe grossulariae	Epistrophe grossulariae	FALSE	1	4358085	FALSE		1	Epistrophe_grossulariae
epistrophella euchroma	Epistrophella euchroma	FALSE	1	1067353	FALSE		1	Epistrophella_euchroma
episyrphus balteatus	Episyrphus balteatus	FALSE	1	281217	FALSE		1	Episyrphus_balteatus
epitonium clathrus	Epitonium clathrus	FALSE	1	29470	FALSE	incertae_sedis_inherited	1	Epitonium_clathrus
eptesicus nilssonii	Eptesicus nilssonii	FALSE	1	493714	FALSE	sibling_higher	1	Eptesicus_nilssonii
equisetum palustre	Equisetum palustre	FALSE	1	452795	FALSE		1	Equisetum_palustre
equisetum sylvaticum	Equisetum sylvaticum	FALSE	1	542342	FALSE		1	Equisetum_sylvaticum
erannis defoliaria	Erannis defoliaria	FALSE	1	523459	FALSE		1	Erannis_defoliaria
eratigena atrica	Eratigena atrica	FALSE	1	3555267	FALSE		1	Eratigena_atrica
erebia aethiops	Erebia aethiops	FALSE	1	485988	FALSE	sibling_higher	1	Erebia_aethiops
erebia epiphron	Erebia epiphron	FALSE	1	614976	FALSE	sibling_higher	1	Erebia_epiphron
erebia ligea	Erebia ligea	FALSE	1	680383	FALSE	sibling_higher	1	Erebia_ligea
eremobia ochroleuca	Eremobia ochroleuca	FALSE	1	4265258	FALSE		1	Eremobia_ochroleuca
eremocoris podagricus	Eremocoris podagricus	FALSE	1	3470929	FALSE		1	Eremocoris_podagricus
eremotylus marginatus	Eremotylus marginatus	FALSE	1	4558135	FALSE		1	Eremotylus_marginatus
erica ciliaris	Erica ciliaris	FALSE	1	741536	FALSE		2	Erica_ciliaris
erica cinerea	Erica cinerea	FALSE	1	100329	FALSE		1	Erica_cinerea
erica tetralix	Erica tetralix	FALSE	1	369586	FALSE		1	Erica_tetralix
erinaceus europaeus	Erinaceus europaeus	FALSE	1	796660	FALSE		1	Erinaceus_europaeus
eriocrania chrysolepidella	Eriocrania chrysolepidella	FALSE	1	3244637	FALSE		1	Eriocrania_chrysolepidella
eriocrania salopiella	Eriocrania salopiella	FALSE	1	3244636	FALSE		1	Eriocrania_salopiella
eriophorum angustifolium	Eriophorum angustifolium	FALSE	1	580889	FALSE		1	Eriophorum_angustifolium
eriophorum vaginatum	Eriophorum vaginatum	FALSE	1	738895	FALSE		1	Eriophorum_vaginatum
eristalinus aeneus	Eristalinus aeneus	FALSE	1	4354288	FALSE	sibling_higher	1	Eristalinus_aeneus
eristalinus sepulchralis	Eristalinus sepulchralis	FALSE	1	4354901	FALSE	sibling_higher	1	Eristalinus_sepulchralis
eristalis arbustorum	Eristalis arbustorum	FALSE	1	1032197	FALSE		1	Eristalis_arbustorum
eristalis intricaria	Eristalis intricaria	FALSE	1	4354750	FALSE		1	Eristalis_intricaria
eristalis pertinax	Eristalis pertinax	FALSE	1	4354572	FALSE		1	Eristalis_pertinax
eristalis tenax	Eristalis tenax	FALSE	1	621271	FALSE		1	Eristalis_tenax
erithacus rubecula	Erithacus rubecula	FALSE	1	507122	FALSE		1	Erithacus_rubecula
erodium cicutarium	Erodium cicutarium	FALSE	1	431177	FALSE		1	Erodium_cicutarium
erodium maritimum	Erodium maritimum	FALSE	1	811807	FALSE		1	Erodium_maritimum
erodium moschatum	Erodium moschatum	FALSE	1	811816	FALSE		1	Erodium_moschatum
erpobdella octoculata	Erpobdella octoculata	FALSE	1	931415	FALSE		1	Erpobdella_octoculata
eryngium campestre	Eryngium campestre	FALSE	1	1068084	FALSE		1	Eryngium_campestre
erynnis tages	Erynnis tages	FALSE	1	459764	FALSE		1	Erynnis_tages
esperia sulphurella	Esperia sulphurella	FALSE	1	7706621	FALSE		1	Esperia_sulphurella
estheria cristata	Estheria cristata	FALSE	1	4377287	FALSE	sibling_higher	1	Estheria_cristata
ethiromyia chalybea	Ethiromyia chalybea	FALSE	1	7681	FALSE		1	Ethiromyia_chalybea
ethmia dodecea	Ethmia dodecea	FALSE	1	3231761	FALSE		1	Ethmia_dodecea
ethmia quadrillella	Ethmia quadrillella	FALSE	1	3231869	FALSE		1	Ethmia_quadrillella
euchoeca nebulata	Euchoeca nebulata	FALSE	1	647221	FALSE		1	Euchoeca_nebulata
euclidia mi	Euclidia mi	FALSE	1	79413	FALSE		1	Euclidia_mi
eucosma cana	Eucosma cana	FALSE	1	904425	FALSE		1	Eucosma_cana
eudasyphora cyanicolor	Eudasyphora cyanicolor	FALSE	1	4364885	FALSE		1	Eudasyphora_cyanicolor
eudemis profundana	Eudemis profundana	FALSE	1	904427	FALSE		1	Eudemis_profundana
eudocimus ruber	Eudocimus ruber	FALSE	1	689773	FALSE		1	Eudocimus_ruber
eudonia lacustrata	Eudonia lacustrata	FALSE	1	379372	FALSE		1	Eudonia_lacustrata
eudonia lineola	Eudonia lineola	FALSE	1	3161382	FALSE		1	Eudonia_lineola
eudonia mercurella	Eudonia mercurella	FALSE	1	379370	FALSE		1	Eudonia_mercurella
eudonia murana	Eudonia murana	FALSE	1	3161525	FALSE		1	Eudonia_murana
eudonia pallida	Eudonia pallida	FALSE	1	3161373	FALSE		1	Eudonia_pallida
eudonia truncicolella	Eudonia truncicolella	FALSE	1	753733	FALSE		1	Eudonia_truncicolella
eugnorisma glareosa	Eugnorisma glareosa	FALSE	1	80663	FALSE		1	Eugnorisma_glareosa
eulagius filicornis	Eulagius filicornis	FALSE	1	4617761	FALSE		1	Eulagius_filicornis
eulalia xanthomucosa								Eulalia_xanthomucosa
eulamprotes atrella	Eulamprotes atrella	FALSE	1	3225105	FALSE		1	Eulamprotes_atrella
eulithis prunata	Eulithis prunata	FALSE	1	584728	FALSE		1	Eulithis_prunata
eulithis testata	Eulithis testata	FALSE	1	647224	FALSE		1	Eulithis_testata
eumerus sabulonum	Eumerus sabulonum	FALSE	1	4353590	FALSE	sibling_higher	1	Eumerus_sabulonum
euonymus europaeus	Euonymus europaeus	FALSE	1	806632	FALSE	sibling_higher	1	Euonymus_europaeus
eupeodes corollae	Eupeodes corollae	FALSE	1	619358	FALSE		1	Eupeodes_corollae
eupeodes latifasciatus	Eupeodes latifasciatus	FALSE	1	946808	FALSE		1	Eupeodes_latifasciatus
eupeodes luniger	Eupeodes luniger	FALSE	1	59128	FALSE		1	Eupeodes_luniger
euphorbia amygdaloides	Euphorbia amygdaloides	FALSE	1	871278	FALSE		2	Euphorbia_amygdaloides
euphorbia helioscopia	Euphorbia helioscopia	FALSE	1	46554	FALSE		1	Euphorbia_helioscopia
euphorbia lathyris	Euphorbia lathyris	FALSE	1	907417	FALSE		2	Euphorbia_lathyris
euphorbia maculata	Euphorbia maculata	FALSE	1	683660	FALSE		1	Euphorbia_maculata
euphorbia peplus	Euphorbia peplus	FALSE	1	871281	FALSE		1	Euphorbia_peplus
euphrasia confusa	Euphrasia confusa	FALSE	1	1460	FALSE		1	Euphrasia_confusa
euphrasia nemorosa	Euphrasia nemorosa	FALSE	1	754861	FALSE		1	Euphrasia_nemorosa
euphrasia tetraquetra	Euphrasia tetraquetra	FALSE	1	844720	FALSE		1	Euphrasia_tetraquetra
euphydryas aurinia	Euphydryas aurinia	FALSE	1	927499	FALSE		1	Euphydryas_aurinia
eupithecia abbreviata	Eupithecia abbreviata	FALSE	1	217044	FALSE		1	Eupithecia_abbreviata
eupithecia absinthiata	Eupithecia absinthiata	FALSE	1	217046	FALSE		1	Eupithecia_absinthiata
eupithecia centaureata	Eupithecia centaureata	FALSE	1	217036	FALSE		1	Eupithecia_centaureata
eupithecia dodoneata	Eupithecia dodoneata	FALSE	1	217038	FALSE		1	Eupithecia_dodoneata
eupithecia exiguata	Eupithecia exiguata	FALSE	1	217034	FALSE		1	Eupithecia_exiguata
eupithecia haworthiata	Eupithecia haworthiata	FALSE	1	740831	FALSE		1	Eupithecia_haworthiata
eupithecia icterata	Eupithecia icterata	FALSE	1	125613	FALSE		1	Eupithecia_icterata
eupithecia insigniata	Eupithecia insigniata	FALSE	1	160999	FALSE		1	Eupithecia_insigniata
eupithecia inturbata	Eupithecia inturbata	FALSE	1	740833	FALSE		1	Eupithecia_inturbata
eupithecia lariciata	Eupithecia lariciata	FALSE	1	984963	FALSE		1	Eupithecia_lariciata
eupithecia linariata	Eupithecia linariata	FALSE	1	889189	FALSE		1	Eupithecia_linariata
eupithecia nanata	Eupithecia nanata	FALSE	1	161017	FALSE		1	Eupithecia_nanata
eupithecia phoeniceata	Eupithecia phoeniceata	FALSE	1	3084124	FALSE		1	Eupithecia_phoeniceata
eupithecia pimpinellata	Eupithecia pimpinellata	FALSE	1	740822	FALSE		1	Eupithecia_pimpinellata
eupithecia pulchellata	Eupithecia pulchellata	FALSE	1	887906	FALSE		1	Eupithecia_pulchellata
eupithecia pusillata	Eupithecia pusillata	FALSE	1	170476	FALSE		1	Eupithecia_pusillata
eupithecia subfuscata	Eupithecia subfuscata	FALSE	1	221473	FALSE		1	Eupithecia_subfuscata
eupithecia subumbrata	Eupithecia subumbrata	FALSE	1	887914	FALSE		1	Eupithecia_subumbrata
eupithecia tripunctaria	Eupithecia tripunctaria	FALSE	1	166209	FALSE		1	Eupithecia_tripunctaria
eupithecia ultimaria	Eupithecia ultimaria	FALSE	1	248618	FALSE		1	Eupithecia_ultimaria
eupithecia valerianata	Eupithecia valerianata	FALSE	1	166213	FALSE		1	Eupithecia_valerianata
eupithecia vulgata	Eupithecia vulgata	FALSE	1	166221	FALSE		1	Eupithecia_vulgata
euplagia quadripunctaria	Euplagia quadripunctaria	FALSE	1	785814	FALSE		1	Euplagia_quadripunctaria
euplexia lucipara	Euplexia lucipara	FALSE	1	785816	FALSE		1	Euplexia_lucipara
eupoecilia angustana	Eupoecilia angustana	FALSE	1	3054148	FALSE		1	Eupoecilia_angustana
euproctis chrysorrhoea	Euproctis chrysorrhoea	FALSE	1	785818	FALSE		1	Euproctis_chrysorrhoea
euproctis similis	Euproctis similis	FALSE	1	785821	FALSE		1	Euproctis_similis
eupsilia transversa	Eupsilia transversa	FALSE	1	43167	FALSE		1	Eupsilia_transversa
eurhadina loewii	Eurhadina loewii	FALSE	1	3459631	FALSE		1	Eurhadina_loewii
eurois occulta	Eurois occulta	FALSE	1	84836	FALSE		1	Eurois_occulta
eurygaster testudinaria	Eurygaster testudinaria	FALSE	1	857584	FALSE		1	Eurygaster_testudinaria
eurysa lineata	Eurysa lineata	FALSE	1	3463301	FALSE		1	Eurysa_lineata
euscorpius flavicaudis	Euscorpius flavicaudis	FALSE	1	616443	FALSE		1	Euscorpius_flavicaudis
euspilapteryx auroguttella	Euspilapteryx auroguttella	FALSE	1	3037634	FALSE		1	Euspilapteryx_auroguttella
eustalomyia histrio	Eustalomyia histrio	FALSE	1	4361938	FALSE		1	Eustalomyia_histrio
euthrix potatoria	Euthrix potatoria	FALSE	1	196258	FALSE		1	Euthrix_potatoria
euthycera fumigata	Euthycera fumigata	FALSE	1	4396751	FALSE	sibling_higher	1	Euthycera_fumigata
eutolmus rufibarbis	Eutolmus rufibarbis	FALSE	1	4442830	FALSE		1	Eutolmus_rufibarbis
eutomostethus luteiventris	Eutomostethus luteiventris	FALSE	1	4578052	FALSE		1	Eutomostethus_luteiventris
eutrigla gurnardus	Eutrigla gurnardus	FALSE	1	697144	FALSE		1	Eutrigla_gurnardus
euura bergmanni	Euura bergmanni	FALSE	1	831830	FALSE		1	Euura_bergmanni
euura tibialis	Nematus tibialis	FALSE	1	1046715	TRUE		1	Euura_tibialis
euzophera pinguis	Euzophera pinguis	FALSE	1	3153389	FALSE		1	Euzophera_pinguis
evergestis limbata	Evergestis limbata	FALSE	1	3161845	FALSE		1	Evergestis_limbata
exephanes ischioxanthus	Exephanes ischioxanthus	FALSE	1	3281044	FALSE		1	Exephanes_ischioxanthus
fabriciana adippe	Fabriciana adippe	FALSE	1	997133	FALSE		1	Fabriciana_adippe
fabulina fabula	Fabulina fabula	FALSE	1	2857669	FALSE		1	Fabulina_fabula
facelina auriculata	Facelina auriculata	FALSE	1	2876088	FALSE		1	Facelina_auriculata
fagus sylvatica	Fagus sylvatica	FALSE	1	774712	FALSE		1	Fagus_sylvatica
falcaria lacertinaria	Falcaria lacertinaria	FALSE	1	897074	FALSE		1	Falcaria_lacertinaria
falco peregrinus	Falco peregrinus	FALSE	1	786435	FALSE		1	Falco_peregrinus
falco punctatus	Falco punctatus	FALSE	1	624974	FALSE		1	Falco_punctatus
falco tinnunculus	Falco tinnunculus	FALSE	1	534514	FALSE		1	Falco_tinnunculus
fallopia convolvulus	Fallopia convolvulus	FALSE	1	362478	FALSE		1	Fallopia_convolvulus
falseuncaria ruficiliana	Falseuncaria ruficiliana	FALSE	1	3058314	FALSE		1	Falseuncaria_ruficiliana
favorinus blianus	Favorinus blianus	FALSE	1	2876221	FALSE		1	Favorinus_blianus
ferdinandea cuprea	Ferdinandea cuprea	FALSE	1	1011658	FALSE	sibling_higher	1	Ferdinandea_cuprea
festuca heterophylla	Festuca heterophylla	FALSE	1	1036807	FALSE	sibling_higher	2	Festuca_heterophylla
ficedula hypoleuca	Ficedula hypoleuca	FALSE	1	22300	FALSE	sibling_higher	1	Ficedula_hypoleuca
filago lutescens	Filago lutescens	FALSE	1	1096336	FALSE		1	Filago_lutescens
filago pyramidata	Filago pyramidata	FALSE	1	347363	FALSE		1	Filago_pyramidata
filipendula ulmaria	Filipendula ulmaria	FALSE	1	852863	FALSE	incertae_sedis_inherited	1	Filipendula_ulmaria
filipendula vulgaris	Filipendula vulgaris	FALSE	1	208011	FALSE	incertae_sedis_inherited	1	Filipendula_vulgaris
fissidens adianthoides	Fissidens adianthoides	FALSE	1	893292	FALSE		1	Fissidens_adianthoides
fissidens bryoides	Fissidens bryoides	FALSE	1	960272	FALSE		1	Fissidens_bryoides
fissidens dubius	Fissidens dubius	FALSE	1	40187	FALSE		1	Fissidens_dubius
fissidens pusillus	Fissidens pusillus	FALSE	1	6002243	FALSE		1	Fissidens_pusillus
fissidens taxifolius	Fissidens taxifolius	FALSE	1	981709	FALSE		1	Fissidens_taxifolius
fissipunctia ypsillon	Fissipunctia ypsillon	FALSE	1	384101	FALSE	sibling_higher	1	Fissipunctia_ypsillon
flammulina velutipes	Flammulina velutipes	FALSE	1	189792	FALSE		1	Flammulina_velutipes
flavoplaca marina	Caloplaca marina	FALSE	1	3765774	TRUE	sibling_higher	1	Flavoplaca_marina
flexitrichum flexicaule	Flexitrichum flexicaule	FALSE	1	318807	FALSE		1	Flexitrichum_flexicaule
flexitrichum gracile	Flexitrichum gracile	FALSE	1	7570711	FALSE		1	Flexitrichum_gracile
forcipomyia palustris	Forcipomyia palustris	FALSE	1	4464527	FALSE		2	Forcipomyia_palustris
formica rufa	Formica rufa	FALSE	1	744114	FALSE		1	Formica_rufa
fragaria moschata	Fragaria moschata	FALSE	1	1031262	FALSE		1	Fragaria_moschata
fragaria vesca	Fragaria vesca	FALSE	1	852873	FALSE		1	Fragaria_vesca
frangula alnus	Frangula alnus	FALSE	1	714690	FALSE		1	Frangula_alnus
fraxinus excelsior	Fraxinus excelsior	FALSE	1	671802	FALSE		1	Fraxinus_excelsior
fringilla coelebs	Fringilla coelebs	FALSE	1	828694	FALSE		1	Fringilla_coelebs
fringilla montifringilla	Fringilla montifringilla	FALSE	1	28332	FALSE		1	Fringilla_montifringilla
fumaria muralis	Fumaria muralis	FALSE	1	887068	FALSE		1	Fumaria_muralis
funaria hygrometrica	Funaria hygrometrica	FALSE	1	765280	FALSE		1	Funaria_hygrometrica
furcula furcula	Furcula furcula	FALSE	1	160257	FALSE		1	Furcula_furcula
gaidropsarus vulgaris	Gaidropsarus vulgaris	FALSE	1	609988	FALSE		1	Gaidropsarus_vulgaris
galatella linosyris	Galatella linosyris	FALSE	1	110178	FALSE		1	Galatella_linosyris
galega officinalis	Galega officinalis	FALSE	1	222250	FALSE		1	Galega_officinalis
galeopsis angustifolia	Galeopsis angustifolia	FALSE	1	777382	FALSE	incertae_sedis_inherited	1	Galeopsis_angustifolia
galeopsis tetrahit	Galeopsis tetrahit	FALSE	1	1066887	FALSE	incertae_sedis_inherited	1	Galeopsis_tetrahit
galeruca laticollis	Galeruca laticollis	FALSE	1	3370600	FALSE		1	Galeruca_laticollis
galerucella nymphaeae	Galerucella nymphaeae	FALSE	1	506077	FALSE		1	Galerucella_nymphaeae
galerucella sagittariae	Galerucella sagittariae	FALSE	1	755833	FALSE		1	Galerucella_sagittariae
galinsoga quadriradiata	Galinsoga quadriradiata	FALSE	1	400164	FALSE		1	Galinsoga_quadriradiata
galium aparine	Galium aparine	FALSE	1	807641	FALSE		1	Galium_aparine
galium boreale	Galium boreale	FALSE	1	598861	FALSE		2	Galium_boreale
galium uliginosum	Galium uliginosum	FALSE	1	952314	FALSE		2	Galium_uliginosum
galleria mellonella	Galleria mellonella	FALSE	1	952256	FALSE		1	Galleria_mellonella
gallinago gallinago	Gallinago gallinago	FALSE	1	615378	FALSE	sibling_higher	1	Gallinago_gallinago
gallinula chloropus	Gallinula chloropus	FALSE	1	1041541	FALSE		1	Gallinula_chloropus
gandaritis pyraliata	Gandaritis pyraliata	FALSE	1	761570	FALSE		1	Gandaritis_pyraliata
ganoderma resinaceum	Ganoderma resinaceum	FALSE	1	908427	FALSE		1	Ganoderma_resinaceum
gari tellinella	Gari tellinella	FALSE	1	2856839	FALSE		1	Gari_tellinella
garrulus glandarius	Garrulus glandarius	FALSE	1	140432	FALSE		1	Garrulus_glandarius
gasterosteus aculeatus	Gasterosteus aculeatus	FALSE	1	401066	FALSE		1	Gasterosteus_aculeatus
gasteruption assectator	Gasteruption assectator	FALSE	1	3284616	FALSE		1	Gasteruption_assectator
gasteruption jaculator	Gasteruption jaculator	FALSE	1	3321453	FALSE		1	Gasteruption_jaculator
gastracanthus pulcherrimus	Gastracanthus pulcherrimus	FALSE	1	3306145	FALSE		1	Gastracanthus_pulcherrimus
gastrophysa polygoni	Gastrophysa polygoni	FALSE	1	1091637	FALSE		1	Gastrophysa_polygoni
gastrophysa viridula	Gastrophysa viridula	FALSE	1	535625	FALSE		1	Gastrophysa_viridula
geheebia maxima								Geheebia_maxima
gelis areator	Gelis areator	FALSE	1	3282452	FALSE		1	Gelis_areator
genista pilosa	Genista pilosa	FALSE	1	255204	FALSE		1	Genista_pilosa
gentianella amarella	Gentianella amarella	FALSE	1	186069	FALSE		1	Gentianella_amarella
geodia phlegraei	Geodia phlegraei	FALSE	1	893674	FALSE		1	Geodia_phlegraei
geokichla citrina	Geokichla citrina	FALSE	1	1046626	FALSE		1	Geokichla_citrina
geometra papilionaria	Geometra papilionaria	FALSE	1	788412	FALSE		1	Geometra_papilionaria
geomyza tripunctata	Geomyza tripunctata	FALSE	1	306962	FALSE		1	Geomyza_tripunctata
geotrupes spiniger	Geotrupes spiniger	FALSE	1	25902	FALSE		1	Geotrupes_spiniger
geranium dissectum	Geranium dissectum	FALSE	1	453135	FALSE		1	Geranium_dissectum
geranium molle	Geranium molle	FALSE	1	292272	FALSE		1	Geranium_molle
geranium pratense	Geranium pratense	FALSE	1	340336	FALSE		1	Geranium_pratense
geranium rotundifolium	Geranium rotundifolium	FALSE	1	628147	FALSE		1	Geranium_rotundifolium
germaria angustata	Germaria angustata	FALSE	1	4378485	FALSE	sibling_higher	1	Germaria_angustata
geronticus eremita	Geronticus eremita	FALSE	1	1010564	FALSE		1	Geronticus_eremita
gerris lacustris	Gerris lacustris	FALSE	1	543700	FALSE	sibling_higher	1	Gerris_lacustris
geum macrophyllum	Geum macrophyllum	FALSE	1	141384	FALSE	sibling_higher	1	Geum_macrophyllum
geum rivale	Geum rivale	FALSE	1	829919	FALSE	sibling_higher	1	Geum_rivale
geum urbanum	Geum urbanum	FALSE	1	852872	FALSE	sibling_higher	2	Geum_urbanum
gibbaranea gibbosa	Gibbaranea gibbosa	FALSE	1	3571335	FALSE		1	Gibbaranea_gibbosa
gibbula magus	Gibbula magus	FALSE	1	839270	FALSE		1	Gibbula_magus
gillmeria ochrodactyla	Gillmeria ochrodactyla	FALSE	1	3091025	FALSE		1	Gillmeria_ochrodactyla
gillmeria pallidactyla	Gillmeria pallidactyla	FALSE	1	986636	FALSE		1	Gillmeria_pallidactyla
gilpinia frutetorum	Gilpinia frutetorum	FALSE	1	921336	FALSE		1	Gilpinia_frutetorum
glaucium flavum	Glaucium flavum	FALSE	1	96178	FALSE		1	Glaucium_flavum
glaucopsyche alexis	Glaucopsyche alexis	FALSE	1	532312	FALSE	sibling_higher	1	Glaucopsyche_alexis
glaux maritima	Glaux maritima	FALSE	1	278053	FALSE		1	Glaux_maritima
glechoma hederacea	Glechoma hederacea	FALSE	1	22375	FALSE		1	Glechoma_hederacea
gliophorus irrigatus	Gliophorus irrigatus	FALSE	1	632434	FALSE		1	Gliophorus_irrigatus
glis glis	Glis glis	FALSE	1	185345	FALSE		1	Glis_glis
globia sparganii	Globia sparganii	FALSE	1	4250040	FALSE		1	Globia_sparganii
globicephala melas	Globicephala melas	FALSE	1	124212	FALSE		1	Globicephala_melas
glyphipterix forsterella	Glyphipterix forsterella	FALSE	1	603013	FALSE		1	Glyphipterix_forsterella
glyphipterix fuscoviridella	Glyphipterix fuscoviridella	FALSE	1	3218994	FALSE		1	Glyphipterix_fuscoviridella
glyphipterix thrasonella	Glyphipterix thrasonella	FALSE	1	379363	FALSE		1	Glyphipterix_thrasonella
glyphotaelius pellucidus	Glyphotaelius pellucidus	FALSE	1	3029760	FALSE		1	Glyphotaelius_pellucidus
gnaphalium supinum	Gnaphalium supinum	FALSE	1	422635	FALSE		1	Gnaphalium_supinum
gnaphalium uliginosum	Gnaphalium uliginosum	FALSE	1	569714	FALSE		2	Gnaphalium_uliginosum
gobio gobio	Gobio gobio	FALSE	1	230487	FALSE		1	Gobio_gobio
gobius niger	Gobius niger	FALSE	1	1054967	FALSE		1	Gobius_niger
gobius paganellus	Gobius paganellus	FALSE	1	963192	FALSE		1	Gobius_paganellus
gonepteryx rhamni	Gonepteryx rhamni	FALSE	1	274183	FALSE		1	Gonepteryx_rhamni
gonocerus acuteangulatus	Gonocerus acuteangulatus	FALSE	1	3475299	FALSE		1	Gonocerus_acuteangulatus
gonodera luperus	Gonodera luperus	FALSE	1	38987	FALSE		1	Gonodera_luperus
gortyna flavago	Gortyna flavago	FALSE	1	80666	FALSE		1	Gortyna_flavago
gorytes laticinctus	Gorytes laticinctus	FALSE	1	3277505	FALSE		1	Gorytes_laticinctus
gracillaria syringella	Gracillaria syringella	FALSE	1	999242	FALSE		1	Gracillaria_syringella
grammoptera ruficornis	Grammoptera ruficornis	FALSE	1	160679	FALSE	sibling_higher	1	Grammoptera_ruficornis
grampus griseus	Grampus griseus	FALSE	1	154711	FALSE		1	Grampus_griseus
graphiphora augur	Graphiphora augur	FALSE	1	687320	FALSE		1	Graphiphora_augur
grapholita janthinana	Grapholita janthinana	FALSE	1	3051437	FALSE		1	Grapholita_janthinana
grapholita jungiella	Grapholita jungiella	FALSE	1	3051545	FALSE		1	Grapholita_jungiella
grapholita pallifrontana	Grapholita pallifrontana	FALSE	1	3051475	FALSE		1	Grapholita_pallifrontana
graphomya maculata	Graphomya maculata	FALSE	1	4362635	FALSE		1	Graphomya_maculata
grimmia atrata	Grimmia atrata	FALSE	1	3863154	FALSE		1	Grimmia_atrata
grimmia decipiens	Grimmia decipiens	FALSE	1	163742	FALSE		1	Grimmia_decipiens
grimmia donniana	Grimmia donniana	FALSE	1	163729	FALSE		1	Grimmia_donniana
grimmia elongata	Grimmia elongata	FALSE	1	191867	FALSE		1	Grimmia_elongata
grimmia funalis	Grimmia funalis	FALSE	1	163733	FALSE		1	Grimmia_funalis
grimmia montana	Grimmia montana	FALSE	1	686693	FALSE		1	Grimmia_montana
grimmia pulvinata	Grimmia pulvinata	FALSE	1	604969	FALSE		1	Grimmia_pulvinata
grimmia trichophylla	Grimmia trichophylla	FALSE	1	698234	FALSE		1	Grimmia_trichophylla
griposia aprilina	Griposia aprilina	FALSE	1	102759	FALSE		1	Griposia_aprilina
grus grus	Grus grus	FALSE	1	589064	FALSE		1	Grus_grus
gryllus bimaculatus	Gryllus bimaculatus	FALSE	1	1077624	FALSE	sibling_higher	1	Gryllus_bimaculatus
gryllus campestris	Gryllus campestris	FALSE	1	599281	FALSE	sibling_higher	3	Gryllus_campestris
grypocoris stysi	Grypocoris stysi	FALSE	1	4194882	FALSE		1	Grypocoris_stysi
grypus equiseti	Grypus equiseti	FALSE	1	4607831	FALSE		1	Grypus_equiseti
gulosus aristotelis	Gulosus aristotelis	FALSE	1	1021952	FALSE		1	Gulosus_aristotelis
gymnocheta viridis	Gymnocheta viridis	FALSE	1	508151	FALSE		1	Gymnocheta_viridis
gymnoscelis rufifasciata	Gymnoscelis rufifasciata	FALSE	1	238242	FALSE		1	Gymnoscelis_rufifasciata
gymnosoma rotundatum	Gymnosoma rotundatum	FALSE	1	774130	FALSE		1	Gymnosoma_rotundatum
gypsonoma aceriana	Gypsonoma aceriana	FALSE	1	915447	FALSE		1	Gypsonoma_aceriana
gyrinus marinus	Gyrinus marinus	FALSE	1	5038700	FALSE		1	Gyrinus_marinus
gyroporus aff castaneus	Gyroporus cf. castaneus	TRUE	0.91304349899292	8008952	FALSE		2	Gyroporus_aff_castaneus
habrosyne pyritoides	Habrosyne pyritoides	FALSE	1	663988	FALSE		1	Habrosyne_pyritoides
hada plebeja	Hada plebeja	FALSE	1	160261	FALSE		1	Hada_plebeja
hadena bicruris	Hadena bicruris	FALSE	1	160265	FALSE		1	Hadena_bicruris
hadena compta	Hadena compta	FALSE	1	160269	FALSE		1	Hadena_compta
haematopus ostralegus	Haematopus ostralegus	FALSE	1	225423	FALSE		1	Haematopus_ostralegus
haliaeetus albicilla	Haliaeetus albicilla	FALSE	1	263118	FALSE		1	Haliaeetus_albicilla
halichoerus grypus	Halichoerus grypus	FALSE	1	1040694	FALSE		1	Halichoerus_grypus
hallomenus binotatus	Hallomenus binotatus	FALSE	1	776397	FALSE		1	Hallomenus_binotatus
halyzia sedecimguttata	Halyzia sedecimguttata	FALSE	1	339168	FALSE		1	Halyzia_sedecimguttata
hamearis lucina	Hamearis lucina	FALSE	1	846644	FALSE		1	Hamearis_lucina
harmonia axyridis	Harmonia axyridis	FALSE	1	258281	FALSE		1	Harmonia_axyridis
harmonia quadripunctata	Harmonia quadripunctata	FALSE	1	490238	FALSE		1	Harmonia_quadripunctata
harmothoe impar	Harmothoe impar	FALSE	1	1067341	FALSE	sibling_higher	1	Harmothoe_impar
harpalus anxius	Harpalus anxius	FALSE	1	1067214	FALSE	sibling_higher	1	Harpalus_anxius
harpalus rubripes	Harpalus rubripes	FALSE	1	754017	FALSE	sibling_higher	1	Harpalus_rubripes
harpalus rufipes	Harpalus rufipes	FALSE	1	326464	FALSE	sibling_higher	4	Harpalus_rufipes
harpocera thoracica	Harpocera thoracica	FALSE	1	466313	FALSE		1	Harpocera_thoracica
hecatera bicolorata	Hecatera bicolorata	FALSE	1	707352	FALSE		1	Hecatera_bicolorata
hecatera dysodea	Hecatera dysodea	FALSE	1	707354	FALSE		1	Hecatera_dysodea
hedera helix	Hedera helix	FALSE	1	524074	FALSE		1	Hedera_helix
hedwigia stellata	Hedwigia stellata	FALSE	1	3856330	FALSE		1	Hedwigia_stellata
hedya nubiferana	Hedya nubiferana	FALSE	1	296576	FALSE		1	Hedya_nubiferana
hedya ochroleucana	Hedya ochroleucana	FALSE	1	970429	FALSE		1	Hedya_ochroleucana
hedya pruniana	Hedya pruniana	FALSE	1	3051988	FALSE		1	Hedya_pruniana
hedya salicella	Hedya salicella	FALSE	1	3051979	FALSE		1	Hedya_salicella
hedychridium cupreum	Hedychridium cupreum	FALSE	1	4533936	FALSE		1	Hedychridium_cupreum
hedychridium roseum	Hedychridium roseum	FALSE	1	454458	FALSE		1	Hedychridium_roseum
helcystogramma rufescens	Helcystogramma rufescens	FALSE	1	3222876	FALSE		1	Helcystogramma_rufescens
helianthemum oelandicum	Helianthemum oelandicum	FALSE	1	677491	FALSE		1	Helianthemum_oelandicum
helicoverpa armigera	Helicoverpa armigera	FALSE	1	1058341	FALSE		1	Helicoverpa_armigera
helina obscurata	Helina obscurata	FALSE	1	279123	FALSE	sibling_higher	1	Helina_obscurata
heliothis peltigera	Heliothis peltigera	FALSE	1	312409	FALSE		1	Heliothis_peltigera
hellinsia carphodactyla	Hellinsia carphodactyla	FALSE	1	3091452	FALSE		1	Hellinsia_carphodactyla
hellwigia obscura	Hellwigia obscura	FALSE	1	979285	FALSE		1	Hellwigia_obscura
hemaris fuciformis	Hemaris fuciformis	FALSE	1	3093666	FALSE		1	Hemaris_fuciformis
hemicrepidius hirtus	Hemicrepidius hirtus	FALSE	1	456721	FALSE		1	Hemicrepidius_hirtus
hemicrepidius niger	Hemicrepidius niger	FALSE	1	1021585	FALSE		1	Hemicrepidius_niger
hemioniscus balani	Hemioniscus balani	FALSE	1	3002128	FALSE		1	Hemioniscus_balani
hemistola chrysoprasaria	Hemistola chrysoprasaria	FALSE	1	321862	FALSE		1	Hemistola_chrysoprasaria
hemithea aestivaria	Hemithea aestivaria	FALSE	1	296582	FALSE		1	Hemithea_aestivaria
heracleum mantegazzianum	Heracleum mantegazzianum	FALSE	1	761019	FALSE	sibling_higher	1	Heracleum_mantegazzianum
heracleum sphondylium	Heracleum sphondylium	FALSE	1	903088	FALSE	sibling_higher	1	Heracleum_sphondylium
herbertus borealis	Herbertus borealis	FALSE	1	984643	FALSE		1	Herbertus_borealis
herbertus hutchinsiae	Herbertus hutchinsiae	FALSE	1	338804	FALSE		1	Herbertus_hutchinsiae
herbertus stramineus	Herbertus stramineus	FALSE	1	984655	FALSE		1	Herbertus_stramineus
heriades truncorum	Heriades truncorum	FALSE	1	495675	FALSE		1	Heriades_truncorum
hericium coralloides	Hericium coralloides	FALSE	1	159293	FALSE		1	Hericium_coralloides
hericium erinaceus	Hericium erinaceus	FALSE	1	240840	FALSE		1	Hericium_erinaceus
herina lugubris	Herina lugubris	FALSE	1	4408983	FALSE		1	Herina_lugubris
herina nigrina	Herina moerens	FALSE	1	4408949	TRUE		1	Herina_nigrina
hermaeophaga mercurialis	Hermaeophaga mercurialis	FALSE	1	813134	FALSE		1	Hermaeophaga_mercurialis
herminia grisealis	Herminia grisealis	FALSE	1	735067	FALSE		1	Herminia_grisealis
herminia tarsipennalis	Herminia tarsipennalis	FALSE	1	960420	FALSE		1	Herminia_tarsipennalis
hesperia comma	Hesperia comma	FALSE	1	1093034	FALSE		1	Hesperia_comma
hesperis matronalis	Hesperis matronalis	FALSE	1	281533	FALSE		1	Hesperis_matronalis
heteranomia squamula	Heteranomia squamula	FALSE	1	2854911	FALSE		1	Heteranomia_squamula
heterocladium heteropterum	Heterocladium heteropterum	FALSE	1	12603	FALSE		1	Heterocladium_heteropterum
heterogaster urticae	Heterogaster urticae	FALSE	1	3470994	FALSE		1	Heterogaster_urticae
heteromyza rotundicornis	Heteromyza rotundicornis	FALSE	1	4400278	FALSE		1	Heteromyza_rotundicornis
heteropelma amictum	Heteropelma amictum	FALSE	1	479833	FALSE		1	Heteropelma_amictum
heterotoma planicornis	Heterotoma planicornis	FALSE	1	746195	FALSE		1	Heterotoma_planicornis
hibiscus tridactylites	Hibiscus trionum	FALSE	1	120915	TRUE		1	Hibiscus_tridactylites
hibiscus verdcourtii	Hibiscus verdcourtii	FALSE	1	6117635	FALSE		1	Hibiscus_verdcourtii
hieracium snowdoniense	Hieracium snowdoniense	FALSE	1	3897670	FALSE	sibling_higher	1	Hieracium_snowdoniense
hierochloe odorata	Hierochloe odorata	FALSE	1	3951100	FALSE		2	Hierochloe_odorata
hipparchia semele	Hipparchia semele	FALSE	1	106369	FALSE		1	Hipparchia_semele
hippophae rhamnoides	Hippophae rhamnoides	FALSE	1	623185	FALSE		1	Hippophae_rhamnoides
hippuris vulgaris	Hippuris vulgaris	FALSE	1	880703	FALSE		1	Hippuris_vulgaris
hirtodrosophila cameraria	Hirtodrosophila cameraria	FALSE	1	4420908	FALSE	sibling_higher	1	Hirtodrosophila_cameraria
hofmannophila pseudospretella	Hofmannophila pseudospretella	FALSE	1	1053135	FALSE		1	Hofmannophila_pseudospretella
holcus mollis	Holcus mollis	FALSE	1	574582	FALSE		1	Holcus_mollis
hololepta plana	Hololepta plana	FALSE	1	1051263	FALSE		1	Hololepta_plana
holothuria forskali	Holothuria forskali	FALSE	1	187783	FALSE	sibling_higher	1	Holothuria_forskali
homoeosoma sinuella	Homoeosoma sinuella	FALSE	1	3152662	FALSE		1	Homoeosoma_sinuella
honckenya peploides	Honckenya peploides	FALSE	1	332073	FALSE		1	Honckenya_peploides
hookeria lucens	Hookeria lucens	FALSE	1	148621	FALSE		1	Hookeria_lucens
hoplismenus bidentatus	Hoplismenus bidentatus	FALSE	1	3285636	FALSE		1	Hoplismenus_bidentatus
hoplocampa crataegi	Hoplocampa crataegi	FALSE	1	3245148	FALSE		1	Hoplocampa_crataegi
hoplodrina ambigua	Hoplodrina ambigua	FALSE	1	325718	FALSE		1	Hoplodrina_ambigua
hoplodrina blanda	Hoplodrina blanda	FALSE	1	735063	FALSE		1	Hoplodrina_blanda
hoplodrina octogenaria	Hoplodrina octogenaria	FALSE	1	499157	FALSE		1	Hoplodrina_octogenaria
hordeum vulgare	Hordeum vulgare	FALSE	1	657948	FALSE		1	Hordeum_vulgare
horisme tersata	Horisme tersata	FALSE	1	887900	FALSE		1	Horisme_tersata
horisme vitalbata	Horisme vitalbata	FALSE	1	166228	FALSE		1	Horisme_vitalbata
hottonia palustris	Hottonia palustris	FALSE	1	110111	FALSE		1	Hottonia_palustris
humulus lupulus	Humulus lupulus	FALSE	1	84020	FALSE		1	Humulus_lupulus
hybos culiciformis	Hybos culiciformis	FALSE	1	693033	FALSE		1	Hybos_culiciformis
hybos femoratus	Hybos femoratus	FALSE	1	477268	FALSE		1	Hybos_femoratus
hydnum repandum	Hydnum repandum	FALSE	1	160851	FALSE		1	Hydnum_repandum
hydraecia micacea	Hydraecia micacea	FALSE	1	166349	FALSE		1	Hydraecia_micacea
hydriomena furcata	Hydriomena furcata	FALSE	1	796001	FALSE		1	Hydriomena_furcata
hydrocotyle vulgaris	Hydrocotyle vulgaris	FALSE	1	322358	FALSE		2	Hydrocotyle_vulgaris
hydrotaea cyrtoneurina	Hydrotaea cyrtoneurina	FALSE	1	479464	FALSE	sibling_higher	1	Hydrotaea_cyrtoneurina
hydrotaea diabolus	Hydrotaea diabolus	FALSE	1	4365106	FALSE	sibling_higher	1	Hydrotaea_diabolus
hydrotaea militaris	Hydrotaea militaris	FALSE	1	4365081	FALSE	sibling_higher	1	Hydrotaea_militaris
hydrotaea similis	Hydrotaea similis	FALSE	1	957863	FALSE	sibling_higher	1	Hydrotaea_similis
hygrocybe chlorophana	Hygrocybe chlorophana	FALSE	1	140650	FALSE		1	Hygrocybe_chlorophana
hygrocybe citrinovirens	Hygrocybe citrinovirens	FALSE	1	110718	FALSE		1	Hygrocybe_citrinovirens
hygrocybe coccinea	Hygrocybe coccinea	FALSE	1	462737	FALSE		1	Hygrocybe_coccinea
hygrocybe conica	Hygrocybe conica	FALSE	1	110716	FALSE		1	Hygrocybe_conica
hygrocybe helobia	Hygrocybe helobia	FALSE	1	87605	FALSE		1	Hygrocybe_helobia
hygrocybe punicea	Hygrocybe punicea	FALSE	1	248055	FALSE		1	Hygrocybe_punicea
hygrohypnum duriusculum	Platyhypnum duriusculum	FALSE	1	493972	TRUE		1	Hygrohypnum_duriusculum
hygromia cinctella	Hygromia cinctella	FALSE	1	34609	FALSE		1	Hygromia_cinctella
hylaea fasciaria	Hylaea fasciaria	FALSE	1	264938	FALSE		1	Hylaea_fasciaria
hylaeus dilatatus	Hylaeus dilatatus	FALSE	1	5828256	FALSE		1	Hylaeus_dilatatus
hylaeus hyalinatus	Hylaeus hyalinatus	FALSE	1	954943	FALSE		1	Hylaeus_hyalinatus
hylaeus signatus	Hylaeus signatus	FALSE	1	3274256	FALSE		1	Hylaeus_signatus
hylobius abietis	Hylobius abietis	FALSE	1	273894	FALSE		1	Hylobius_abietis
hylocomiadelphus triquetrus	Hylocomiadelphus triquetrus	FALSE	1	1048956	FALSE		1	Hylocomiadelphus_triquetrus
hymenoloma crispulum	Hymenoloma crispulum	FALSE	1	78134	FALSE		1	Hymenoloma_crispulum
hyocomium armoricum	Hyocomium armoricum	FALSE	1	728853	FALSE		1	Hyocomium_armoricum
hypatima rhomboidella	Hypatima rhomboidella	FALSE	1	1085142	FALSE		1	Hypatima_rhomboidella
hypena proboscidalis	Hypena proboscidalis	FALSE	1	582587	FALSE		1	Hypena_proboscidalis
hypera postica	Hypera postica	FALSE	1	157946	FALSE	sibling_higher	1	Hypera_postica
hypera rumicis	Hypera rumicis	FALSE	1	490243	FALSE	sibling_higher	1	Hypera_rumicis
hypericum androsaemum	Hypericum androsaemum	FALSE	1	283621	FALSE	sibling_higher	1	Hypericum_androsaemum
hypericum hircinum	Hypericum hircinum	FALSE	1	295787	FALSE	sibling_higher	2	Hypericum_hircinum
hypericum hirsutum	Hypericum hirsutum	FALSE	1	295773	FALSE	sibling_higher	2	Hypericum_hirsutum
hypericum maculatum	Hypericum maculatum	FALSE	1	331010	FALSE	sibling_higher	2	Hypericum_maculatum
hypericum perforatum	Hypericum perforatum	FALSE	1	618681	FALSE	sibling_higher	1	Hypericum_perforatum
hypericum pulchrum	Hypericum pulchrum	FALSE	1	725693	FALSE	sibling_higher	3	Hypericum_pulchrum
hyperoodon ampullatus	Hyperoodon ampullatus	FALSE	1	1003913	FALSE	sibling_higher	1	Hyperoodon_ampullatus
hyperoplus immaculatus	Hyperoplus immaculatus	FALSE	1	3639828	FALSE		1	Hyperoplus_immaculatus
hypnum cupressiforme	Hypnum cupressiforme	FALSE	1	160023	FALSE		1	Hypnum_cupressiforme
hypochaeris maculata	Hypochaeris maculata	FALSE	1	388985	FALSE		1	Hypochaeris_maculata
hypomecis atomaria	Hypomecis ratotaria	TRUE	0.89473682641983	3067538	FALSE		3	Hypomecis_atomaria
hypomecis punctinalis	Hypomecis punctinalis	FALSE	1	255300	FALSE		1	Hypomecis_punctinalis
hyposoter dolosus	Hyposoter dolosus	FALSE	1	3289885	FALSE		1	Hyposoter_dolosus
hyppa rectilinea	Hyppa rectilinea	FALSE	1	109316	FALSE		1	Hyppa_rectilinea
hypsopygia costalis	Hypsopygia costalis	FALSE	1	624465	FALSE		1	Hypsopygia_costalis
hysterophora maculosana	Hysterophora maculosana	FALSE	1	3058921	FALSE		1	Hysterophora_maculosana
icerya purchasi	Icerya purchasi	FALSE	1	676506	FALSE		1	Icerya_purchasi
ichneumon extensorius	Ichneumon extensorius	FALSE	1	3285039	FALSE		1	Ichneumon_extensorius
ichneumon xanthorius	Aprostocetus xanthopus	TRUE	0.89473682641983	3313050	FALSE		6	Ichneumon_xanthorius
idaea aversata	Idaea aversata	FALSE	1	679096	FALSE	sibling_higher	1	Idaea_aversata
idaea biselata	Idaea biselata	FALSE	1	846948	FALSE	sibling_higher	1	Idaea_biselata
idaea dimidiata	Idaea dimidiata	FALSE	1	458537	FALSE	sibling_higher	1	Idaea_dimidiata
idaea emarginata	Idaea emarginata	FALSE	1	313349	FALSE	sibling_higher	1	Idaea_emarginata
idaea fuscovenosa	Idaea fuscovenosa	FALSE	1	689413	FALSE	sibling_higher	1	Idaea_fuscovenosa
idaea ochrata	Idaea ochrata	FALSE	1	3079919	FALSE	sibling_higher	1	Idaea_ochrata
idaea rusticata	Idaea rusticata	FALSE	1	698497	FALSE	sibling_higher	1	Idaea_rusticata
idaea seriata	Idaea seriata	FALSE	1	878694	FALSE	sibling_higher	1	Idaea_seriata
idaea straminata	Idaea straminata	FALSE	1	846946	FALSE	sibling_higher	1	Idaea_straminata
idaea sylvestraria	Idaea sylvestraria	FALSE	1	313357	FALSE	sibling_higher	1	Idaea_sylvestraria
idaea trigeminata	Idaea trigeminata	FALSE	1	3080198	FALSE	sibling_higher	1	Idaea_trigeminata
ilex aquifolium	Ilex aquifolium	FALSE	1	670988	FALSE		2	Ilex_aquifolium
ilione lineata	Ilione lineata	FALSE	1	749491	FALSE		1	Ilione_lineata
ilybius aenescens	Ilybius aenescens	FALSE	1	1097519	FALSE		1	Ilybius_aenescens
impatiens glandulifera	Impatiens glandulifera	FALSE	1	15716	FALSE	sibling_higher	1	Impatiens_glandulifera
impatiens noli tangere	Impatiens noli-tangere	TRUE	0.954545438289642	460548	FALSE		3	Impatiens_noli_tangere
impatiens parviflora	Impatiens parviflora	FALSE	1	1058068	FALSE		1	Impatiens_parviflora
inachis io								Inachis_io
incurvaria masculella	Incurvaria masculella	FALSE	1	869372	FALSE		1	Incurvaria_masculella
incurvaria pectinea	Incurvaria pectinea	FALSE	1	9940	FALSE		1	Incurvaria_pectinea
inocybe asterospora	Inocybe asterospora	FALSE	1	821621	FALSE	sibling_higher	1	Inocybe_asterospora
inocybe fraudans	Inocybe fraudans	FALSE	1	846926	FALSE	sibling_higher	1	Inocybe_fraudans
inocybe grammopodia	Inocybe grammopodia	FALSE	1	827852	FALSE	sibling_higher	1	Inocybe_grammopodia
inocybe obscuroides	Inocybe cincinnata	FALSE	1	505977	TRUE	sibling_higher	1	Inocybe_obscuroides
inocybe petiginosa	Inocybe petiginosa	FALSE	1	366774	FALSE	sibling_higher	1	Inocybe_petiginosa
inocybe sindonia	Inocybe sindonia	FALSE	1	57431	FALSE	sibling_higher	1	Inocybe_sindonia
inocybe tigrina	Inocybe tigrina	FALSE	1	424751	FALSE	sibling_higher	2	Inocybe_tigrina
inula conyza	Inula conyza	FALSE	1	71940	FALSE	sibling_higher	1	Inula_conyza
inula salicina	Inula salicina	FALSE	1	959573	FALSE	sibling_higher	1	Inula_salicina
ipimorpha subtusa	Ipimorpha subtusa	FALSE	1	109312	FALSE		1	Ipimorpha_subtusa
ips sexdentatus	Ips sexdentatus	FALSE	1	720712	FALSE		1	Ips_sexdentatus
iris foetidissima	Iris foetidissima	FALSE	1	42054	FALSE		1	Iris_foetidissima
ischnodemus sabuleti	Ischnodemus sabuleti	FALSE	1	201901	FALSE		1	Ischnodemus_sabuleti
ischnura elegans	Ischnura elegans	FALSE	1	253311	FALSE		1	Ischnura_elegans
ischnus inquisitorius	Ischnus inquisitorius	FALSE	1	702268	FALSE		1	Ischnus_inquisitorius
isochrysis galbana	Isochrysis galbana	FALSE	1	955647	FALSE		1	Isochrysis_galbana
isolepis cernua	Isolepis cernua	FALSE	1	789595	FALSE		1	Isolepis_cernua
isoperla grammatica	Isoperla grammatica	FALSE	1	921935	FALSE		1	Isoperla_grammatica
isopterygiella pulchella								Isopterygiella_pulchella
isothecium myosuroides	Isothecium myosuroides	FALSE	1	564814	FALSE		1	Isothecium_myosuroides
itoplectis maculator	Itoplectis maculator	FALSE	1	3286571	FALSE		1	Itoplectis_maculator
jacobaea maritima	Jacobaea maritima	FALSE	1	103092	FALSE		1	Jacobaea_maritima
jacobaea vulgaris	Jacobaea vulgaris	FALSE	1	238719	FALSE		1	Jacobaea_vulgaris
jaera albifrons	Jaera albifrons	FALSE	1	907479	FALSE		1	Jaera_albifrons
janolus hyalinus	Janolus hyalinus	FALSE	1	2875825	FALSE	incertae_sedis_inherited	1	Janolus_hyalinus
jasione montana	Jasione montana	FALSE	1	117707	FALSE		1	Jasione_montana
juglans regia	Juglans regia	FALSE	1	138717	FALSE		1	Juglans_regia
juncus bufonius	Juncus bufonius	FALSE	1	523832	FALSE		1	Juncus_bufonius
juncus conglomeratus	Juncus conglomeratus	FALSE	1	984434	FALSE		1	Juncus_conglomeratus
juncus effusus	Juncus effusus	FALSE	1	26727	FALSE		1	Juncus_effusus
juncus inflexus	Juncus inflexus	FALSE	1	91713	FALSE		1	Juncus_inflexus
juncus squarrosus	Juncus squarrosus	FALSE	1	473581	FALSE		1	Juncus_squarrosus
kellia suborbicularis	Kellia suborbicularis	FALSE	1	2862130	FALSE		1	Kellia_suborbicularis
kiaeria blyttii	Kiaeria blyttii	FALSE	1	491854	FALSE		1	Kiaeria_blyttii
koelreuteria paniculata	Koelreuteria paniculata	FALSE	1	463188	FALSE		1	Koelreuteria_paniculata
korscheltellus lupulinus	Korscheltellus lupulinus	FALSE	1	694956	FALSE		1	Korscheltellus_lupulinus
kuehneromyces mutabilis	Kuehneromyces mutabilis	FALSE	1	595686	FALSE		1	Kuehneromyces_mutabilis
kurzia trichoclados	Kurzia trichoclados	FALSE	1	169571	FALSE		1	Kurzia_trichoclados
kybos smaragdulus	Kybos smaragdula	FALSE	1	4208485	TRUE		1	Kybos_smaragdulus
kyklioacalles roboris	Kyklioacalles roboris	FALSE	1	940070	FALSE	sibling_higher	1	Kyklioacalles_roboris
labia minor	Labia minor	FALSE	1	706299	FALSE		2	Labia_minor
labrus bergylta	Labrus bergylta	FALSE	1	292710	FALSE		1	Labrus_bergylta
labrus mixtus	Labrus mixtus	FALSE	1	789965	FALSE		1	Labrus_mixtus
laburnum anagyroides	Laburnum anagyroides	FALSE	1	554266	FALSE		1	Laburnum_anagyroides
lacanobia contigua	Lacanobia contigua	FALSE	1	109324	FALSE		1	Lacanobia_contigua
lacanobia oleracea	Lacanobia oleracea	FALSE	1	310075	FALSE		1	Lacanobia_oleracea
lacanobia wlatinum	Lacanobia wlatinum	FALSE	1	14089	FALSE		1	Lacanobia_wlatinum
laccobius striatulus	Laccobius striatulus	FALSE	1	118975	FALSE		1	Laccobius_striatulus
laccophilus minutus	Laccophilus minutus	FALSE	1	3419089	FALSE		1	Laccophilus_minutus
lactarius blennius	Lactarius blennius	FALSE	1	912865	FALSE		1	Lactarius_blennius
lactarius evosmus	Lactarius evosmus	FALSE	1	685280	FALSE		1	Lactarius_evosmus
lactarius fulvissimus	Lactarius fulvissimus	FALSE	1	5265	FALSE		1	Lactarius_fulvissimus
lactarius pubescens	Lactarius pubescens	FALSE	1	186669	FALSE		1	Lactarius_pubescens
lactarius tabidus	Lactarius tabidus	FALSE	1	186674	FALSE		2	Lactarius_tabidus
lactarius vellereus	Lactarius vellereus	FALSE	1	760939	FALSE		1	Lactarius_vellereus
lactuca saligna	Lactuca saligna	FALSE	1	104457	FALSE	sibling_higher	1	Lactuca_saligna
ladona depressa	Ladona depressa	FALSE	1	825695	FALSE		1	Ladona_depressa
laetiporus sulphureus	Laetiporus sulphureus	FALSE	1	343979	FALSE		1	Laetiporus_sulphureus
lagenorhynchus albirostris	Lagenorhynchus albirostris	FALSE	1	825969	FALSE		1	Lagenorhynchus_albirostris
lagria hirta	Lagria hirta	FALSE	1	874742	FALSE		1	Lagria_hirta
lamium amplexicaule	Lamium amplexicaule	FALSE	1	907329	FALSE		1	Lamium_amplexicaule
lamium purpureum	Lamium purpureum	FALSE	1	907319	FALSE		1	Lamium_purpureum
lampetra fluviatilis	Lampetra fluviatilis	FALSE	1	801627	FALSE		1	Lampetra_fluviatilis
lampronia capitella	Lampronia capitella	FALSE	1	986597	FALSE		1	Lampronia_capitella
lampropteryx suffumata	Lampropteryx suffumata	FALSE	1	238235	FALSE		1	Lampropteryx_suffumata
lamprotettix nitidulus	Zonocyba bifasciata	TRUE	0.904761910438538	4209256	FALSE		1	Lamprotettix_nitidulus
laothoe populi	Laothoe populi	FALSE	1	27722	FALSE		1	Laothoe_populi
lapsana communis	Lapsana communis	FALSE	1	353449	FALSE		1	Lapsana_communis
larentia clavaria	Larentia clavaria	FALSE	1	1049189	FALSE		1	Larentia_clavaria
larinioides cornutus	Larinioides cornutus	FALSE	1	1011515	FALSE		1	Larinioides_cornutus
larinus planus	Larinus planus	FALSE	1	944335	FALSE		1	Larinus_planus
larus argentatus	Larus argentatus	FALSE	1	791957	FALSE		1	Larus_argentatus
larus canus	Larus canus	FALSE	1	855472	FALSE		1	Larus_canus
larus fuscus	Larus fuscus	FALSE	1	887701	FALSE		1	Larus_fuscus
larus glaucescens	Larus glaucescens	FALSE	1	1092574	FALSE		1	Larus_glaucescens
larus hyperboreus	Larus hyperboreus	FALSE	1	515357	FALSE		1	Larus_hyperboreus
larus marinus	Larus marinus	FALSE	1	887691	FALSE		1	Larus_marinus
larus michahellis	Larus michahellis	FALSE	1	1041800	FALSE		1	Larus_michahellis
larus occidentalis	Larus occidentalis	FALSE	1	416090	FALSE		1	Larus_occidentalis
lasioglossum calceatum	Lasioglossum calceatum	FALSE	1	969296	FALSE		1	Lasioglossum_calceatum
lasioglossum lativentre	Lasioglossum lativentre	FALSE	1	1056545	FALSE		1	Lasioglossum_lativentre
lasioglossum leucozonium	Lasioglossum leucozonium	FALSE	1	1056552	FALSE		1	Lasioglossum_leucozonium
lasioglossum morio	Lasioglossum morio	FALSE	1	1006444	FALSE		1	Lasioglossum_morio
lasioglossum pauxillum	Lasioglossum pauxillum	FALSE	1	1006440	FALSE		1	Lasioglossum_pauxillum
lasioglossum prasinum	Lasioglossum prasinum	FALSE	1	3270734	FALSE	sibling_higher	1	Lasioglossum_prasinum
lasioglossum villosulum	Lasioglossum villosulum	FALSE	1	480217	FALSE		1	Lasioglossum_villosulum
lasiommata megera	Lasiommata megera	FALSE	1	106375	FALSE		1	Lasiommata_megera
lasiorhynchites cavifrons	Lasiorhynchites cavifrons	FALSE	1	53385	FALSE		1	Lasiorhynchites_cavifrons
lasius brunneus	Lasius brunneus	FALSE	1	884929	FALSE		1	Lasius_brunneus
lasius flavus	Lasius flavus	FALSE	1	915704	FALSE		1	Lasius_flavus
lasius fuliginosus	Lasius fuliginosus	FALSE	1	884932	FALSE		1	Lasius_fuliginosus
lasius platythorax	Lasius platythorax	FALSE	1	101195	FALSE		1	Lasius_platythorax
laspeyria flexula	Laspeyria flexula	FALSE	1	726892	FALSE		1	Laspeyria_flexula
lathraea clandestina	Lathraea clandestina	FALSE	1	178174	FALSE		2	Lathraea_clandestina
lathraea squamaria	Lathraea squamaria	FALSE	1	404932	FALSE		1	Lathraea_squamaria
lathrobium brunnipes	Lathrobium brunnipes	FALSE	1	490244	FALSE		1	Lathrobium_brunnipes
lathrobium fulvipenne	Lathrobium fulvipenne	FALSE	1	95622	FALSE		1	Lathrobium_fulvipenne
lathronympha strigana	Lathronympha strigana	FALSE	1	3059194	FALSE		1	Lathronympha_strigana
lathyrus aphaca	Lathyrus aphaca	FALSE	1	1036586	FALSE		1	Lathyrus_aphaca
lathyrus linifolius	Lathyrus linifolius	FALSE	1	177918	FALSE		1	Lathyrus_linifolius
lecanipa bicincta	Lecanipa bicincta	FALSE	1	5853370	FALSE		1	Lecanipa_bicincta
leersia oryzoides	Leersia oryzoides	FALSE	1	137222	FALSE		1	Leersia_oryzoides
leia fascipennis	Leia fascipennis	FALSE	1	4495690	FALSE	sibling_higher	1	Leia_fascipennis
leia winthemii	Leia winthemii	FALSE	1	4495675	FALSE	sibling_higher	1	Leia_winthemii
leiosoma deflexum	Leiosoma deflexum	FALSE	1	4607203	FALSE		1	Leiosoma_deflexum
leiothrix argentauris	Leiothrix argentauris	FALSE	1	451623	FALSE		1	Leiothrix_argentauris
leistus fulvibarbis	Leistus fulvibarbis	FALSE	1	756619	FALSE		1	Leistus_fulvibarbis
leistus rufomarginatus	Leistus rufomarginatus	FALSE	1	163440	FALSE		1	Leistus_rufomarginatus
leistus spinibarbis	Leistus spinibarbis	FALSE	1	95608	FALSE		1	Leistus_spinibarbis
lemna minuta	Lemna minuta	FALSE	1	483446	FALSE		2	Lemna_minuta
leontodon hispidus	Leontodon hispidus	FALSE	1	864431	FALSE		3	Leontodon_hispidus
leotia lubrica	Leotia lubrica	FALSE	1	339442	FALSE		1	Leotia_lubrica
lepas anatifera	Lepas anatifera	FALSE	1	579400	FALSE	sibling_higher	1	Lepas_anatifera
lepeophtheirus nordmannii	Lepeophtheirus nordmanni	FALSE	1	2943503	TRUE		1	Lepeophtheirus_nordmannii
lepidium campestre	Lepidium campestre	FALSE	1	1037331	FALSE		1	Lepidium_campestre
lepidium didymum	Lepidium didymum	FALSE	1	237117	FALSE		1	Lepidium_didymum
lepidium draba	Lepidium draba	FALSE	1	209750	FALSE		1	Lepidium_draba
lepidium latifolium	Lepidium latifolium	FALSE	1	681790	FALSE		1	Lepidium_latifolium
lepidochitona cinerea	Lepidochitona cinerea	FALSE	1	472453	FALSE		1	Lepidochitona_cinerea
lepidocyrtus curvicollis	Lepidocyrtus curvicollis	FALSE	1	972348	FALSE		1	Lepidocyrtus_curvicollis
lepidonotus clava	Lepidonotus clava	FALSE	1	931070	FALSE	sibling_higher	1	Lepidonotus_clava
lepidozia cupressina	Lepidozia cupressina	FALSE	1	680884	FALSE		1	Lepidozia_cupressina
lepidozia reptans	Lepidozia reptans	FALSE	1	751942	FALSE		1	Lepidozia_reptans
lepisma saccharina	Lepisma saccharina	FALSE	1	845486	FALSE		1	Lepisma_saccharina
lepista sordida	Lepista sordida	FALSE	1	154545	FALSE		1	Lepista_sordida
leptarthrus brevirostris	Leptarthrus brevirostris	FALSE	1	338086	FALSE		1	Leptarthrus_brevirostris
leptidea sinapis	Leptidea sinapis	FALSE	1	173126	FALSE		1	Leptidea_sinapis
leptocerus tineiformis	Leptocerus tineiformis	FALSE	1	5026736	FALSE		1	Leptocerus_tineiformis
leptogaster cylindrica	Leptogaster cylindrica	FALSE	1	338090	FALSE	sibling_higher	1	Leptogaster_cylindrica
leptographium flavum	Leptographium flavum	FALSE	1	7519697	FALSE		1	Leptographium_flavum
leptopterna dolabrata	Leptopterna dolabrata	FALSE	1	103984	FALSE		1	Leptopterna_dolabrata
leptura quadrifasciata	Leptura quadrifasciata	FALSE	1	122632	FALSE	sibling_higher	2	Leptura_quadrifasciata
lestes sponsa	Lestes sponsa	FALSE	1	408280	FALSE		1	Lestes_sponsa
lesteva pubescens	Lesteva pubescens	FALSE	1	1016308	FALSE		1	Lesteva_pubescens
lesteva punctata	Lesteva punctata	FALSE	1	3715	FALSE		1	Lesteva_punctata
lestiphorus bicinctus	Lestiphorus bicinctus	FALSE	1	4533342	FALSE		1	Lestiphorus_bicinctus
leucania comma	Leucania comma	FALSE	1	647372	FALSE		1	Leucania_comma
leuciscus leuciscus	Leuciscus leuciscus	FALSE	1	847071	FALSE		1	Leuciscus_leuciscus
leucobryum glaucum	Leucobryum glaucum	FALSE	1	747814	FALSE		1	Leucobryum_glaucum
leucobryum juniperoideum	Leucobryum juniperoideum	FALSE	1	1023956	FALSE		1	Leucobryum_juniperoideum
leucocephalonemertes aurantiaca	Leucocephalonemertes aurantiaca	FALSE	1	355404	FALSE		1	Leucocephalonemertes_aurantiaca
leucodon sciuroides	Leucodon sciuroides	FALSE	1	119318	FALSE		1	Leucodon_sciuroides
leucoma salicis	Leucoma salicis	FALSE	1	113154	FALSE	sibling_higher	1	Leucoma_salicis
leucophora obtusa	Leucophora obtusa	FALSE	1	4361778	FALSE	sibling_higher	1	Leucophora_obtusa
leucophora personata	Leucophora personata	FALSE	1	4361760	FALSE	sibling_higher	1	Leucophora_personata
leucophora sponsa	Leucophora sponsa	FALSE	1	4360933	FALSE	sibling_higher	1	Leucophora_sponsa
leucopleurus acutus	Lagenorhynchus acutus	FALSE	1	701486	TRUE		1	Leucopleurus_acutus
leucoraja naevus	Leucoraja naevus	FALSE	1	660331	FALSE		1	Leucoraja_naevus
leucozona glaucia	Leucozona glaucia	FALSE	1	4357415	FALSE		1	Leucozona_glaucia
leucozona laternaria	Leucozona laternaria	FALSE	1	691673	FALSE		1	Leucozona_laternaria
leuctra nigra	Leuctra nigra	FALSE	1	1002096	FALSE		1	Leuctra_nigra
levisticum officinale	Levisticum officinale	FALSE	1	130944	FALSE		1	Levisticum_officinale
lewinskya affinis	Lewinskya affinis	FALSE	1	646021	FALSE		1	Lewinskya_affinis
lewinskya rupestris	Lewinskya rupestris	FALSE	1	691541	FALSE		1	Lewinskya_rupestris
lewinskya speciosa	Lewinskya speciosa	FALSE	1	411681	FALSE		1	Lewinskya_speciosa
lichina confinis	Lichina confinis	FALSE	1	525234	FALSE		1	Lichina_confinis
lichina pygmaea	Lichina pygmaea	FALSE	1	116293	FALSE		1	Lichina_pygmaea
ligdia adustata	Ligdia adustata	FALSE	1	689407	FALSE		1	Ligdia_adustata
ligusticum scoticum	Ligusticum scoticum	FALSE	1	200241	FALSE		1	Ligusticum_scoticum
ligustrum vulgare	Ligustrum vulgare	FALSE	1	597434	FALSE		2	Ligustrum_vulgare
lilioceris lilii	Lilioceris lilii	FALSE	1	3371464	FALSE		1	Lilioceris_lilii
limacia clavigera	Limacia clavigera	FALSE	1	32025	FALSE		1	Limacia_clavigera
limanda limanda	Limanda limanda	FALSE	1	804463	FALSE		1	Limanda_limanda
limaria hians	Limaria hians	FALSE	1	634270	FALSE		1	Limaria_hians
limbarda crithmoides	Limbarda crithmoides	FALSE	1	706032	FALSE		1	Limbarda_crithmoides
limecola balthica	Limecola balthica	FALSE	1	1018135	FALSE		1	Limecola_balthica
limenitis camilla	Limenitis camilla	FALSE	1	725957	FALSE		1	Limenitis_camilla
limnaecia phragmitella	Limnaecia phragmitella	FALSE	1	879119	FALSE		1	Limnaecia_phragmitella
limnephilus auricula	Limnephilus auricula	FALSE	1	3029235	FALSE	sibling_higher	1	Limnephilus_auricula
limnephilus lunatus	Limnephilus lunatus	FALSE	1	3029190	FALSE	sibling_higher	1	Limnephilus_lunatus
limnephilus marmoratus	Limnephilus marmoratus	FALSE	1	3029292	FALSE	sibling_higher	1	Limnephilus_marmoratus
limnephilus rhombicus	Limnephilus rhombicus	FALSE	1	1053342	FALSE	sibling_higher	1	Limnephilus_rhombicus
limnia unguicornis	Limnia unguicornis	FALSE	1	175044	FALSE		1	Limnia_unguicornis
limnophora tigrina	Limnophora tigrina	FALSE	1	4364312	FALSE	sibling_higher	1	Limnophora_tigrina
limonia nubeculosa	Limonia nubeculosa	FALSE	1	4503425	FALSE	sibling_higher	1	Limonia_nubeculosa
limonius poneli	Limonius poneli	FALSE	1	5081250	FALSE		1	Limonius_poneli
limosa lapponica	Limosa lapponica	FALSE	1	304018	FALSE		1	Limosa_lapponica
limosa limosa	Limosa limosa	FALSE	1	719086	FALSE		1	Limosa_limosa
limosella australis	Limosella australis	FALSE	1	1093323	FALSE		1	Limosella_australis
linaria cannabina	Linaria cannabina	FALSE	1	637969	FALSE		1	Linaria_cannabina
linaria repens	Linaria repens	FALSE	1	942210	FALSE		1	Linaria_repens
linaria vulgaris	Linaria vulgaris	FALSE	1	989669	FALSE		1	Linaria_vulgaris
lineus longissimus	Lineus longissimus	FALSE	1	283800	FALSE		1	Lineus_longissimus
lineus ruber	Lineus ruber	FALSE	1	283796	FALSE		1	Lineus_ruber
linnaea borealis	Linnaea borealis	FALSE	1	819501	FALSE		1	Linnaea_borealis
linnaemya tessellans	Linnaemya tessellans	FALSE	1	4378416	FALSE	sibling_higher	1	Linnaemya_tessellans
linnaemya vulpina	Linnaemya vulpina	FALSE	1	4378316	FALSE	sibling_higher	1	Linnaemya_vulpina
linum bienne	Linum bienne	FALSE	1	640798	FALSE		1	Linum_bienne
linum catharticum	Linum catharticum	FALSE	1	112353	FALSE		1	Linum_catharticum
linyphia triangularis	Linyphia triangularis	FALSE	1	517086	FALSE		1	Linyphia_triangularis
liophloeus tessulatus	Liophloeus tessulatus	FALSE	1	893496	FALSE		1	Liophloeus_tessulatus
liopterus haemorrhoidalis	Liopterus haemorrhoidalis	FALSE	1	304282	FALSE		1	Liopterus_haemorrhoidalis
lipara lucens	Lipara lucens	FALSE	1	4413822	FALSE		1	Lipara_lucens
lipophrys pholis	Lipophrys pholis	FALSE	1	292719	FALSE		1	Lipophrys_pholis
lipoptena cervi	Lipoptena cervi	FALSE	1	522397	FALSE		1	Lipoptena_cervi
lispocephala erythrocera	Lispocephala erythrocera	FALSE	1	784862	FALSE		2	Lispocephala_erythrocera
lispocephala verna	Caricea verna	FALSE	1	4366522	TRUE		1	Lispocephala_verna
lissotriton helveticus	Lissotriton helveticus	FALSE	1	9366	FALSE		1	Lissotriton_helveticus
lissotriton montandoni	Lissotriton montandoni	FALSE	1	502192	FALSE		1	Lissotriton_montandoni
lissotriton vulgaris	Lissotriton vulgaris	FALSE	1	1041774	FALSE		1	Lissotriton_vulgaris
listrodromus nycthemerus	Listrodromus nycthemerus	FALSE	1	302979	FALSE		1	Listrodromus_nycthemerus
lithobius variegatus	Lithobius variegatus	FALSE	1	197845	FALSE		1	Lithobius_variegatus
lithophane leautieri	Lithophane leautieri	FALSE	1	3198437	FALSE		1	Lithophane_leautieri
lithophane ornitopus	Lithophane ornitopus	FALSE	1	683553	FALSE		1	Lithophane_ornitopus
lithophane semibrunnea	Lithophane semibrunnea	FALSE	1	733483	FALSE		1	Lithophane_semibrunnea
lithophane socia	Lithophane socia	FALSE	1	733500	FALSE		1	Lithophane_socia
lithosia quadra	Lithosia quadra	FALSE	1	683537	FALSE		1	Lithosia_quadra
lithospermum officinale	Lithospermum officinale	FALSE	1	382392	FALSE		1	Lithospermum_officinale
littorina arcana	Littorina arcana	FALSE	1	854454	FALSE	sibling_higher	1	Littorina_arcana
littorina littorea	Littorina littorea	FALSE	1	622242	FALSE	sibling_higher	1	Littorina_littorea
littorina obtusata	Littorina obtusata	FALSE	1	652927	FALSE	sibling_higher	1	Littorina_obtusata
littorina saxatilis	Littorina saxatilis	FALSE	1	182096	FALSE	sibling_higher	1	Littorina_saxatilis
lobelia dortmanna	Lobelia dortmanna	FALSE	1	320450	FALSE		1	Lobelia_dortmanna
lobelia urens	Lobelia urens	FALSE	1	412156	FALSE		1	Lobelia_urens
lobesia abscisana	Lobesia abscisana	FALSE	1	3052369	FALSE		1	Lobesia_abscisana
lobesia littoralis	Lobesia littoralis	FALSE	1	3052400	FALSE		1	Lobesia_littoralis
lobesia reliquana	Lobesia reliquana	FALSE	1	3052365	FALSE		1	Lobesia_reliquana
lobophora halterata	Lobophora halterata	FALSE	1	689405	FALSE		1	Lobophora_halterata
lochmaea capreae	Lochmaea capreae	FALSE	1	3376988	FALSE	incertae_sedis_inherited	1	Lochmaea_capreae
lochmaea crataegi	Lochmaea crataegi	FALSE	1	3377151	FALSE	incertae_sedis_inherited	1	Lochmaea_crataegi
loensia variegata	Loensia variegata	FALSE	1	644154	FALSE		1	Loensia_variegata
loeskeobryum brevirostre	Loeskeobryum brevirostre	FALSE	1	457045	FALSE		1	Loeskeobryum_brevirostre
loewia submetallica	Loewia submetallica	FALSE	1	4369464	FALSE	sibling_higher	1	Loewia_submetallica
logfia minima	Logfia minima	FALSE	1	49136	FALSE		1	Logfia_minima
lomaspilis marginata	Lomaspilis marginata	FALSE	1	328034	FALSE		1	Lomaspilis_marginata
lomographa bimaculata	Lomographa bimaculata	FALSE	1	10125	FALSE		1	Lomographa_bimaculata
lomographa temerata	Lomographa temerata	FALSE	1	689403	FALSE		1	Lomographa_temerata
lonchoptera bifurcata	Lonchoptera bifurcata	FALSE	1	170799	FALSE	sibling_higher	1	Lonchoptera_bifurcata
lonchoptera lutea	Lonchoptera lutea	FALSE	1	828028	FALSE	sibling_higher	1	Lonchoptera_lutea
longitarsus dorsalis	Longitarsus dorsalis	FALSE	1	600930	FALSE		1	Longitarsus_dorsalis
longitarsus flavicornis	Longitarsus flavicornis	FALSE	1	565155	FALSE		1	Longitarsus_flavicornis
lophozia ventricosa	Lophozia ventricosa	FALSE	1	385917	FALSE		1	Lophozia_ventricosa
lordithon lunulatus	Lordithon lunulatus	FALSE	1	643409	FALSE		1	Lordithon_lunulatus
lotus pedunculatus	Lotus pedunculatus	FALSE	1	484501	FALSE		1	Lotus_pedunculatus
lotus subbiflorus	Lotus subbiflorus	FALSE	1	119032	FALSE		1	Lotus_subbiflorus
lotus tenuis	Lotus tenuis	FALSE	1	484504	FALSE		1	Lotus_tenuis
lozotaenia forsterana	Lozotaenia forsterana	FALSE	1	698503	FALSE		1	Lozotaenia_forsterana
lucilia caesar	Lucilia caesar	FALSE	1	817577	FALSE	sibling_higher	1	Lucilia_caesar
luffia ferchaultella	Luffia ferchaultella	FALSE	1	3033081	FALSE		1	Luffia_ferchaultella
luidia sarsii	Luidia sarsi	FALSE	1	24895	TRUE		1	Luidia_sarsii
lullula arborea	Lullula arborea	FALSE	1	781902	FALSE		1	Lullula_arborea
lumbricus rubellus	Lumbricus rubellus	FALSE	1	115614	FALSE		1	Lumbricus_rubellus
lumbricus terrestris	Lumbricus terrestris	FALSE	1	316441	FALSE		1	Lumbricus_terrestris
lunularia cruciata	Lunularia cruciata	FALSE	1	177579	FALSE		1	Lunularia_cruciata
luperina nickerlii	Luperina nickerlii	FALSE	1	1049616	FALSE		1	Luperina_nickerlii
luperina testacea	Luperina testacea	FALSE	1	234691	FALSE		1	Luperina_testacea
luperus flavipes	Luperus flavipes	FALSE	1	3370341	FALSE		1	Luperus_flavipes
luperus longicornis	Luperus longicornis	FALSE	1	843982	FALSE		1	Luperus_longicornis
luquetia lobella	Luquetia lobella	FALSE	1	3241613	FALSE		1	Luquetia_lobella
lutra lutra	Lutra lutra	FALSE	1	348036	FALSE		1	Lutra_lutra
lutraria lutraria	Lutraria lutraria	FALSE	1	873062	FALSE		1	Lutraria_lutraria
luzula pallescens	Luzula pallescens	FALSE	1	415275	FALSE		1	Luzula_pallescens
luzula sylvatica	Luzula sylvatica	FALSE	1	17940	FALSE		1	Luzula_sylvatica
lycaena phlaeas	Lycaena phlaeas	FALSE	1	6211	FALSE	sibling_higher	1	Lycaena_phlaeas
lycia hirtaria	Lycia hirtaria	FALSE	1	73474	FALSE	sibling_higher	1	Lycia_hirtaria
lyciella decipiens	Lyciella decipiens	FALSE	1	415823	FALSE		1	Lyciella_decipiens
lyciella platycephala	Lyciella platycephala	FALSE	1	4417006	FALSE		1	Lyciella_platycephala
lycophotia porphyrea	Lycophotia porphyrea	FALSE	1	683541	FALSE	sibling_higher	1	Lycophotia_porphyrea
lycopus europaeus	Lycopus europaeus	FALSE	1	304971	FALSE		1	Lycopus_europaeus
lygephila pastinum	Lygephila pastinum	FALSE	1	9934	FALSE		1	Lygephila_pastinum
lymantria dispar	Lymantria dispar	FALSE	1	886835	FALSE		1	Lymantria_dispar
lymantria monacha	Lymantria monacha	FALSE	1	956407	FALSE		1	Lymantria_monacha
lyonetia clerkella	Lyonetia clerkella	FALSE	1	9932	FALSE		1	Lyonetia_clerkella
lypha dubia	Lypha dubia	FALSE	1	4378171	FALSE	sibling_higher	1	Lypha_dubia
lysandra bellargus	Lysandra bellargus	FALSE	1	1056427	FALSE		1	Lysandra_bellargus
lysandra coridon	Lysandra coridon	FALSE	1	13079	FALSE		1	Lysandra_coridon
lysimachia thyrsiflora	Lysimachia thyrsiflora	FALSE	1	567411	FALSE		1	Lysimachia_thyrsiflora
lythrum hyssopifolia	Lythrum hyssopifolia	FALSE	1	771172	FALSE		1	Lythrum_hyssopifolia
lythrum portula	Lythrum portula	FALSE	1	412152	FALSE		1	Lythrum_portula
lythrum salicaria	Lythrum salicaria	FALSE	1	886851	FALSE		1	Lythrum_salicaria
macaria brunneata	Macaria brunneata	FALSE	1	753881	FALSE		1	Macaria_brunneata
macaria liturata	Macaria liturata	FALSE	1	689399	FALSE		1	Macaria_liturata
macaria notata	Macaria notata	FALSE	1	214386	FALSE		1	Macaria_notata
machimus atricapillus	Tolmerus atricapillus	FALSE	1	6093	TRUE		1	Machimus_atricapillus
machimus rusticus	Machimus rusticus	FALSE	1	4440227	FALSE		1	Machimus_rusticus
macomangulus tenuis	Macomangulus tenuis	FALSE	1	15334	FALSE		1	Macomangulus_tenuis
macrocera phalerata	Macrocera phalerata	FALSE	1	4480654	FALSE		1	Macrocera_phalerata
macrochilo cribrumalis	Macrochilo cribrumalis	FALSE	1	682080	FALSE		1	Macrochilo_cribrumalis
macrodema micropterum	Macrodema micropterum	FALSE	1	6315451	FALSE		1	Macrodema_micropterum
macroglossum stellatarum	Macroglossum stellatarum	FALSE	1	3093456	FALSE		1	Macroglossum_stellatarum
macrophya alboannulata	Macrophya alboannulata	FALSE	1	4577786	FALSE		1	Macrophya_alboannulata
macrophya annulata	Macrophya annulata	FALSE	1	4577782	FALSE		1	Macrophya_annulata
macrophya punctumalbum	Macrophya punctumalbum	FALSE	1	4577793	FALSE		1	Macrophya_punctumalbum
macrophya ribis	Macrophya ribis	FALSE	1	4577783	FALSE		1	Macrophya_ribis
macropis europaea	Macropis europaea	FALSE	1	247226	FALSE		1	Macropis_europaea
macrothylacia rubi	Macrothylacia rubi	FALSE	1	140039	FALSE		1	Macrothylacia_rubi
maea johnstoni	Rana johnstoni	TRUE	0.857142865657806	7666696	FALSE	sibling_higher	5	Maea_johnstoni
magallana gigas	Magallana gigas	FALSE	1	987409	FALSE		1	Magallana_gigas
magdalis barbicornis	Magdalis barbicornis	FALSE	1	543549	FALSE		1	Magdalis_barbicornis
magdalis cerasi	Magdalis cerasi	FALSE	1	122622	FALSE		1	Magdalis_cerasi
malachius bipustulatus	Malachius bipustulatus	FALSE	1	17385	FALSE		1	Malachius_bipustulatus
malacoceros girardi	Malacoceros girardi	FALSE	1	4976423	FALSE		1	Malacoceros_girardi
malacosoma castrense	Malacosoma castrense	FALSE	1	3096165	FALSE		1	Malacosoma_castrense
malacosoma neustria	Malacosoma neustria	FALSE	1	440279	FALSE		1	Malacosoma_neustria
malthinus flaveolus	Malthinus flaveolus	FALSE	1	365432	FALSE		1	Malthinus_flaveolus
malthinus seriepunctatus	Malthinus seriepunctatus	FALSE	1	3414020	FALSE		1	Malthinus_seriepunctatus
malthodes marginatus	Malthodes marginatus	FALSE	1	1016290	FALSE		1	Malthodes_marginatus
malthodes minimus	Malthodes minimus	FALSE	1	928872	FALSE		1	Malthodes_minimus
malus domestica	Malus domestica	FALSE	1	3902985	FALSE		2	Malus_domestica
malus sylvestris	Malus sylvestris	FALSE	1	731565	FALSE		3	Malus_sylvestris
malus x robusta	Malus x robusta	FALSE	1	3903002	FALSE	hybrid	1	Malus_x_robusta
malva arborea	Malva arborea	FALSE	1	412143	FALSE		1	Malva_arborea
malva neglecta	Malva neglecta	FALSE	1	642476	FALSE		1	Malva_neglecta
malva sylvestris	Malva sylvestris	FALSE	1	121966	FALSE		1	Malva_sylvestris
mamestra brassicae	Mamestra brassicae	FALSE	1	111041	FALSE		1	Mamestra_brassicae
maniola jurtina	Maniola jurtina	FALSE	1	283881	FALSE		1	Maniola_jurtina
maniola tithonus	Pyronia tithonus	FALSE	1	761559	TRUE		1	Maniola_tithonus
marasmarcha lunaedactyla	Marasmarcha lunaedactyla	FALSE	1	3091678	FALSE		1	Marasmarcha_lunaedactyla
marasmius cohaerens	Marasmius cohaerens	FALSE	1	435739	FALSE		1	Marasmius_cohaerens
marchantia polymorpha	Marchantia polymorpha	FALSE	1	56596	FALSE		1	Marchantia_polymorpha
marchantia quadrata	Preissia quadrata	FALSE	1	683244	TRUE		1	Marchantia_quadrata
mareca penelope	Mareca penelope	FALSE	1	765180	FALSE		1	Mareca_penelope
mareca strepera	Mareca strepera	FALSE	1	30856	FALSE		1	Mareca_strepera
marsupella aquatica	Marsupella aquatica	FALSE	1	175702	FALSE		2	Marsupella_aquatica
marsupella emarginata	Marsupella emarginata	FALSE	1	3224	FALSE		1	Marsupella_emarginata
martes martes	Martes martes	FALSE	1	532122	FALSE		1	Martes_martes
marthasterias glacialis	Marthasterias glacialis	FALSE	1	721249	FALSE		1	Marthasterias_glacialis
marvania coccoides	Marvania coccoides	FALSE	1	345716	FALSE		1	Marvania_coccoides
mastigophora woodsii	Mastigophora woodsii	FALSE	1	312649	FALSE		1	Mastigophora_woodsii
matricaria chamomilla	Matricaria chamomilla	FALSE	1	145582	FALSE		1	Matricaria_chamomilla
matricaria discoidea	Matricaria discoidea	FALSE	1	1029223	FALSE		1	Matricaria_discoidea
matthiola sinuata	Matthiola sinuata	FALSE	1	320992	FALSE		1	Matthiola_sinuata
mechanitis lysimnia	Mechanitis lysimnia	FALSE	1	192886	FALSE		1	Mechanitis_lysimnia
mechanitis polymnia	Mechanitis polymnia	FALSE	1	331329	FALSE		2	Mechanitis_polymnia
meconema thalassinum	Meconema thalassinum	FALSE	1	898196	FALSE		1	Meconema_thalassinum
mecyna asinalis	Mecyna asinalis	FALSE	1	3162443	FALSE		1	Mecyna_asinalis
mecyna flavalis	Mecyna flavalis	FALSE	1	3162453	FALSE		1	Mecyna_flavalis
medicago arabica	Medicago arabica	FALSE	1	525750	FALSE		1	Medicago_arabica
medicago lupulina	Medicago lupulina	FALSE	1	38032	FALSE		1	Medicago_lupulina
meesia triquetra	Meesia triquetra	FALSE	1	1045549	FALSE		1	Meesia_triquetra
megachile leachella	Megachile leachella	FALSE	1	3264361	FALSE		1	Megachile_leachella
megachile ligniseca	Megachile ligniseca	FALSE	1	3264351	FALSE		1	Megachile_ligniseca
megachile maritima	Megachile maritima	FALSE	1	551442	FALSE		1	Megachile_maritima
megachile willughbiella	Megachile willughbiella	FALSE	1	293559	FALSE		1	Megachile_willughbiella
megalepthyphantes collinus	Megalepthyphantes collinus	FALSE	1	3564932	FALSE		1	Megalepthyphantes_collinus
megalonotus praetextatus	Megalonotus praetextatus	FALSE	1	3470573	FALSE		1	Megalonotus_praetextatus
megamerina dolium	Megamerina dolium	FALSE	1	4425727	FALSE		1	Megamerina_dolium
meganola albula	Meganola albula	FALSE	1	683545	FALSE	sibling_higher	1	Meganola_albula
megatoma undata	Megatoma undata	FALSE	1	5544568	FALSE		1	Megatoma_undata
melampyrum pratense	Melampyrum pratense	FALSE	1	503405	FALSE		2	Melampyrum_pratense
melampyrum sylvaticum	Melampyrum sylvaticum	FALSE	1	373775	FALSE		2	Melampyrum_sylvaticum
melanargia galathea	Melanargia galathea	FALSE	1	627797	FALSE		1	Melanargia_galathea
melanchra persicariae	Melanchra persicariae	FALSE	1	683535	FALSE		1	Melanchra_persicariae
melangyna compositarum	Melangyna compositarum	FALSE	1	4357279	FALSE	sibling_higher	2	Melangyna_compositarum
melangyna quadrimaculata	Melangyna quadrimaculata	FALSE	1	4356633	FALSE	sibling_higher	1	Melangyna_quadrimaculata
melanomya nana	Melanomya nana	FALSE	1	4390293	FALSE	sibling_higher	1	Melanomya_nana
melanophora roralis	Melanophora roralis	FALSE	1	4369537	FALSE		1	Melanophora_roralis
melanostoma mellinum	Melanostoma mellinum	FALSE	1	201770	FALSE		1	Melanostoma_mellinum
melanostoma scalare	Melanostoma scalare	FALSE	1	576065	FALSE		1	Melanostoma_scalare
melanotus villosus	Melanotus villosus	FALSE	1	1005534	FALSE		3	Melanotus_villosus
melanthia procellata	Melanthia procellata	FALSE	1	238232	FALSE		1	Melanthia_procellata
melica uniflora	Melica uniflora	FALSE	1	138132	FALSE		1	Melica_uniflora
melieria crassipennis	Melieria crassipennis	FALSE	1	4409110	FALSE		1	Melieria_crassipennis
melieria omissa	Melieria omissa	FALSE	1	991259	FALSE		1	Melieria_omissa
melieria picta	Ortalis picta	FALSE	1	4409136	TRUE		1	Melieria_picta
melilotus altissimus	Melilotus altissimus	FALSE	1	1065098	FALSE		1	Melilotus_altissimus
melinna palmata	Melinna palmata	FALSE	1	585619	FALSE		1	Melinna_palmata
melinopterus prodromus	Melinopterus prodromus	FALSE	1	7175318	FALSE		1	Melinopterus_prodromus
meliscaeva auricollis	Meliscaeva auricollis	FALSE	1	915154	FALSE		1	Meliscaeva_auricollis
meliscaeva cinctella	Meliscaeva cinctella	FALSE	1	19841	FALSE		1	Meliscaeva_cinctella
melitaea athalia	Mellicta athalia	FALSE	1	462648	TRUE		1	Melitaea_athalia
melitaea cinxia	Melitaea cinxia	FALSE	1	462660	FALSE		1	Melitaea_cinxia
melitta haemorrhoidalis	Melitta haemorrhoidalis	FALSE	1	153924	FALSE		2	Melitta_haemorrhoidalis
melittis melissophyllum	Melittis melissophyllum	FALSE	1	156186	FALSE		1	Melittis_melissophyllum
mellicta athalia	Mellicta athalia	FALSE	1	462648	FALSE		1	Mellicta_athalia
melolontha melolontha	Melolontha melolontha	FALSE	1	1093496	FALSE		1	Melolontha_melolontha
membranipora membranacea	Membranipora membranacea	FALSE	1	970871	FALSE		1	Membranipora_membranacea
menophra abruptaria	Menophra abruptaria	FALSE	1	4274327	FALSE		1	Menophra_abruptaria
mentha aquatica	Mentha aquatica	FALSE	1	521192	FALSE		1	Mentha_aquatica
mercurialis annua	Mercurialis annua	FALSE	1	339357	FALSE		1	Mercurialis_annua
mergellus albellus	Mergellus albellus	FALSE	1	166692	FALSE		1	Mergellus_albellus
mergus serrator	Mergus serrator	FALSE	1	662625	FALSE		1	Mergus_serrator
merodon equestris	Merodon equestris	FALSE	1	566390	FALSE	sibling_higher	1	Merodon_equestris
meromyza pratorum	Meromyza pratorum	FALSE	1	4413252	FALSE	sibling_higher	1	Meromyza_pratorum
merrifieldia baliodactyla	Merrifieldia baliodactyla	FALSE	1	574031	FALSE		1	Merrifieldia_baliodactyla
merrifieldia leucodactyla	Merrifieldia leucodactyla	FALSE	1	5027868	FALSE		1	Merrifieldia_leucodactyla
merzomyia westermanni	Merzomyia westermanni	FALSE	1	4405782	FALSE		1	Merzomyia_westermanni
mesapamea secalis	Mesapamea secalis	FALSE	1	707341	FALSE		1	Mesapamea_secalis
mesoleptidea cingulata	Mesoleptidea cingulata	FALSE	1	17948	FALSE		1	Mesoleptidea_cingulata
mesoligia furuncula	Mesoligia furuncula	FALSE	1	182910	FALSE	sibling_higher	1	Mesoligia_furuncula
mesoligia literosa	Mesoligia literosa	FALSE	1	751996	FALSE	sibling_higher	1	Mesoligia_literosa
mesoplodon mirus	Mesoplodon mirus	FALSE	1	319479	FALSE		1	Mesoplodon_mirus
mesopsocus fuscifrons	Mesopsocus fuscifrons	FALSE	1	3433604	FALSE		1	Mesopsocus_fuscifrons
mesoptychia rutheana	Mesoptychia rutheana	FALSE	1	768623	FALSE		1	Mesoptychia_rutheana
meta bourneti	Meta bourneti	FALSE	1	3572043	FALSE		1	Meta_bourneti
metalampra italica	Metalampra italica	FALSE	1	698507	FALSE		1	Metalampra_italica
metellina segmentata	Metellina segmentata	FALSE	1	1043563	FALSE		1	Metellina_segmentata
meteorus filator	Meteorus filator	FALSE	1	272242	FALSE		1	Meteorus_filator
meteorus ictericus	Meteorus ictericus	FALSE	1	272244	FALSE		1	Meteorus_ictericus
meteorus pendulus	Meteorus pendulus	FALSE	1	245772	FALSE		1	Meteorus_pendulus
meteorus rubens	Meteorus rubens	FALSE	1	697570	FALSE		1	Meteorus_rubens
metoecus paradoxus	Metoecus paradoxus	FALSE	1	437830	FALSE		1	Metoecus_paradoxus
metopia argyrocephala	Metopia argyrocephala	FALSE	1	4371885	FALSE	sibling_higher	1	Metopia_argyrocephala
metridium senile	Metridium dianthus	FALSE	1	558017	TRUE	sibling_higher	1	Metridium_senile
metriotes lutarea	Metriotes lutarea	FALSE	1	600211	FALSE		1	Metriotes_lutarea
metschnikowia zobellii	Metschnikowia zobellii	FALSE	1	94069	FALSE		1	Metschnikowia_zobellii
metzneria aprilella	Metzneria aprilella	FALSE	1	3224774	FALSE		1	Metzneria_aprilella
metzneria lappella	Metzneria lappella	FALSE	1	879114	FALSE		1	Metzneria_lappella
metzneria neuropterella	Metzneria neuropterella	FALSE	1	3224778	FALSE		1	Metzneria_neuropterella
microcara testacea	Microcara testacea	FALSE	1	522132	FALSE		1	Microcara_testacea
microchirus variegatus	Microchirus variegatus	FALSE	1	186731	FALSE	sibling_higher	1	Microchirus_variegatus
microchrysa polita	Microchrysa polita	FALSE	1	674868	FALSE		1	Microchrysa_polita
microdon myrmicae	Microdon myrmicae	FALSE	1	5032296	FALSE	sibling_higher	1	Microdon_myrmicae
microlinyphia pusilla	Microlinyphia pusilla	FALSE	1	62437	FALSE		1	Microlinyphia_pusilla
microlophium carnosum	Microlophium carnosum	FALSE	1	3449930	FALSE		1	Microlophium_carnosum
micromesistius poutassou	Micromesistius poutassou	FALSE	1	780760	FALSE		1	Micromesistius_poutassou
micromys minutus	Micromys minutus	FALSE	1	211375	FALSE	extinct_inherited, incertae_sedis	1	Micromys_minutus
microphor holosericeus	Microphor holosericeus	FALSE	1	41715	FALSE		1	Microphor_holosericeus
microplitis deprimator	Microgaster deprimator	FALSE	1	28800	TRUE		1	Microplitis_deprimator
micropterix aruncella	Micropterix aruncella	FALSE	1	696292	FALSE		1	Micropterix_aruncella
microrhagus pygmaeus	Microrhagus pygmaeus	FALSE	1	319643	FALSE		1	Microrhagus_pygmaeus
microstomus kitt	Microstomus kitt	FALSE	1	888005	FALSE		1	Microstomus_kitt
microtus agrestis	Microtus agrestis	FALSE	1	754333	FALSE		1	Microtus_agrestis
miltochrista miniata	Miltochrista miniata	FALSE	1	462592	FALSE		1	Miltochrista_miniata
mimachlamys varia	Mimachlamys varia	FALSE	1	827423	FALSE		1	Mimachlamys_varia
mimas tiliae	Mimas tiliae	FALSE	1	706015	FALSE		1	Mimas_tiliae
mimulus peregrinus	Mimulus peregrinus	FALSE	1	6088770	FALSE		1	Mimulus_peregrinus
mimumesa dahlbomi	Mimumesa dahlbomi	FALSE	1	4533285	FALSE		1	Mimumesa_dahlbomi
minettia fasciata	Minettia fasciata	FALSE	1	4362207	FALSE		1	Minettia_fasciata
miniopterus schreibersii	Miniopterus schreibersii	FALSE	1	238425	FALSE		1	Miniopterus_schreibersii
mirificarma mulinella	Mirificarma mulinella	FALSE	1	3225329	FALSE		1	Mirificarma_mulinella
miris striatus	Miris striatus	FALSE	1	3478190	FALSE		1	Miris_striatus
misopates orontium	Misopates orontium	FALSE	1	892983	FALSE		1	Misopates_orontium
moehringia trinervia	Moehringia trinervia	FALSE	1	923722	FALSE		1	Moehringia_trinervia
molanna angustata	Molanna angustata	FALSE	1	548785	FALSE		1	Molanna_angustata
mompha epilobiella	Mompha epilobiella	FALSE	1	175332	FALSE		1	Mompha_epilobiella
mompha miscella	Mompha miscella	FALSE	1	1073132	FALSE		1	Mompha_miscella
mompha subbistrigella	Mompha subbistrigella	FALSE	1	3222722	FALSE		1	Mompha_subbistrigella
monacha cantiana	Monacha cantiana	FALSE	1	418255	FALSE	sibling_higher	1	Monacha_cantiana
monochroa lutulentella	Monochroa lutulentella	FALSE	1	3225276	FALSE		1	Monochroa_lutulentella
monochroa tenebrella	Monochroa tenebrella	FALSE	1	51419	FALSE		1	Monochroa_tenebrella
mononychus punctumalbum	Mononychus punctumalbum	FALSE	1	4610332	FALSE		1	Mononychus_punctumalbum
monopis laevigella	Monopis laevigella	FALSE	1	947463	FALSE		1	Monopis_laevigella
monopis weaverella	Monopis weaverella	FALSE	1	892678	FALSE		1	Monopis_weaverella
monostegia abdominalis	Monostegia abdominalis	FALSE	1	4577987	FALSE		1	Monostegia_abdominalis
monotoma picipes	Monotoma picipes	FALSE	1	392760	FALSE		1	Monotoma_picipes
mormo maura	Mormo maura	FALSE	1	336018	FALSE		1	Mormo_maura
mortierella fluviae	Mortierella fluviae	FALSE	1	6376519	FALSE		1	Mortierella_fluviae
motacilla cinerea	Motacilla cinerea	FALSE	1	489154	FALSE		1	Motacilla_cinerea
motacilla flava	Motacilla flava	FALSE	1	645461	FALSE		1	Motacilla_flava
mucor piriformis	Mucor piriformis	FALSE	1	846220	FALSE		1	Mucor_piriformis
mullus surmuletus	Mullus surmuletus	FALSE	1	675216	FALSE		1	Mullus_surmuletus
muntiacus reevesi	Muntiacus reevesi	FALSE	1	59206	FALSE		1	Muntiacus_reevesi
mus musculus	Mus musculus	FALSE	1	542509	FALSE		1	Mus_musculus
muscardinus avellanarius	Muscardinus avellanarius	FALSE	1	664079	FALSE		1	Muscardinus_avellanarius
muscicapa striata	Muscicapa striata	FALSE	1	116518	FALSE		2	Muscicapa_striata
muscina levida	Muscina levida	FALSE	1	428707	FALSE	sibling_higher	1	Muscina_levida
musotima nitidalis	Musotima nitidalis	FALSE	1	1363	FALSE		1	Musotima_nitidalis
mustela erminea	Mustela erminea	FALSE	1	681184	FALSE		1	Mustela_erminea
mustela nivalis	Mustela nivalis	FALSE	1	354525	FALSE		1	Mustela_nivalis
mustelus asterias	Mustelus asterias	FALSE	1	208184	FALSE		1	Mustelus_asterias
myathropa florea	Mallota florea	FALSE	1	4358871	TRUE	sibling_higher	1	Myathropa_florea
mycena galericulata	Mycena galericulata	FALSE	1	914015	FALSE		1	Mycena_galericulata
mycetophagus atomarius	Mycetophagus atomarius	FALSE	1	437828	FALSE		1	Mycetophagus_atomarius
mycetophagus piceus	Mycetophagus piceus	FALSE	1	3357435	FALSE		1	Mycetophagus_piceus
mycetophagus quadripustulatus	Mycetophagus quadripustulatus	FALSE	1	67164	FALSE		1	Mycetophagus_quadripustulatus
mycetophila formosa	Mycetophila formosa	FALSE	1	4494395	FALSE		1	Mycetophila_formosa
mycetophila fungorum	Mycetophila fungorum	FALSE	1	610242	FALSE		1	Mycetophila_fungorum
myennis octopunctata	Myennis octopunctata	FALSE	1	4409313	FALSE		1	Myennis_octopunctata
myodes glareolus	Myodes glareolus	FALSE	1	1051603	FALSE		1	Myodes_glareolus
myopa buccata	Myopa buccata	FALSE	1	754000	FALSE	sibling_higher	1	Myopa_buccata
myopa tessellatipennis	Myopa tessellatipennis	FALSE	1	4395754	FALSE	sibling_higher	1	Myopa_tessellatipennis
myopa testacea	Myopa testacea	FALSE	1	4395780	FALSE	sibling_higher	1	Myopa_testacea
myotis daubentonii	Myotis daubentonii	FALSE	1	407052	FALSE		1	Myotis_daubentonii
myotis emarginatus	Myotis emarginatus	FALSE	1	1080294	FALSE		1	Myotis_emarginatus
myotis mystacinus	Myotis mystacinus	FALSE	1	353458	FALSE		1	Myotis_mystacinus
myotis nattereri	Myotis nattereri	FALSE	1	1008252	FALSE		1	Myotis_nattereri
myrica gale	Myrica gale	FALSE	1	79360	FALSE		1	Myrica_gale
myriophyllum alterniflorum	Myriophyllum alterniflorum	FALSE	1	848135	FALSE		1	Myriophyllum_alterniflorum
myriophyllum aquaticum	Myriophyllum aquaticum	FALSE	1	836617	FALSE		1	Myriophyllum_aquaticum
myriophyllum spicatum	Myriophyllum spicatum	FALSE	1	461144	FALSE		2	Myriophyllum_spicatum
myriophyllum verticillatum	Myriophyllum verticillatum	FALSE	1	730266	FALSE		1	Myriophyllum_verticillatum
myrrha octodecimguttata	Myrrha octodecimguttata	FALSE	1	892550	FALSE	sibling_higher	1	Myrrha_octodecimguttata
myrrhis odorata	Myrrhis odorata	FALSE	1	105019	FALSE		1	Myrrhis_odorata
mysia undata	Mysia undata	FALSE	1	2858042	FALSE		1	Mysia_undata
mystacides azureus	Mystacides azureus	FALSE	1	816747	FALSE		1	Mystacides_azureus
mystacides longicornis	Mystacides longicornis	FALSE	1	31851	FALSE		1	Mystacides_longicornis
mythimna albipuncta	Mythimna albipuncta	FALSE	1	462594	FALSE		1	Mythimna_albipuncta
mythimna conigera	Mythimna conigera	FALSE	1	462584	FALSE		1	Mythimna_conigera
mythimna ferrago	Mythimna ferrago	FALSE	1	334313	FALSE		1	Mythimna_ferrago
mythimna impura	Mythimna impura	FALSE	1	462582	FALSE		1	Mythimna_impura
mythimna lalbum	Mythimna lalbum	FALSE	1	14092	FALSE		1	Mythimna_lalbum
mythimna pallens	Mythimna pallens	FALSE	1	462588	FALSE		1	Mythimna_pallens
mythimna pudorina	Mythimna pudorina	FALSE	1	462586	FALSE		1	Mythimna_pudorina
mythimna straminea	Mythimna straminea	FALSE	1	462597	FALSE		1	Mythimna_straminea
mythimna vitellina	Mythimna vitellina	FALSE	1	1039551	FALSE		1	Mythimna_vitellina
mytilus edulis	Mytilus edulis	FALSE	1	499751	FALSE		1	Mytilus_edulis
mytilus galloprovincialis	Mytilus galloprovincialis	FALSE	1	423885	FALSE		1	Mytilus_galloprovincialis
myxine glutinosa	Myxine glutinosa	FALSE	1	852683	FALSE		1	Myxine_glutinosa
myzus persicae	Myzus persicae	FALSE	1	785522	FALSE		2	Myzus_persicae
nacerdes melanura	Nacerdes melanura	FALSE	1	918641	FALSE	sibling_higher	1	Nacerdes_melanura
nalassus laevioctostriatus	Nalassus laevioctostriatus	FALSE	1	472617	FALSE		1	Nalassus_laevioctostriatus
nanogona polydesmoides	Nanogona polydesmoides	FALSE	1	4170461	FALSE		1	Nanogona_polydesmoides
nansenia antarctica	Nansenia antarctica	FALSE	1	229743	FALSE		1	Nansenia_antarctica
nardia scalaris	Nardia scalaris	FALSE	1	94644	FALSE		1	Nardia_scalaris
narthecium ossifragum	Narthecium ossifragum	FALSE	1	285514	FALSE		1	Narthecium_ossifragum
nasturtium officinale	Nasturtium officinale	FALSE	1	556245	FALSE		1	Nasturtium_officinale
natrix helvetica	Natrix helvetica	FALSE	1	7069570	FALSE		1	Natrix_helvetica
nebria brevicollis	Nebria brevicollis	FALSE	1	686814	FALSE		1	Nebria_brevicollis
nebria salina	Nebria salina	FALSE	1	1049140	FALSE		1	Nebria_salina
neckera pumila	Neckera pumila	FALSE	1	442029	FALSE		1	Neckera_pumila
nedyus quadrimaculatus	Nedyus quadrimaculatus	FALSE	1	843325	FALSE		1	Nedyus_quadrimaculatus
nemapogon clematella	Nemapogon clematella	FALSE	1	3034767	FALSE		1	Nemapogon_clematella
nemapogon koenigi	Nemapogon koenigi	FALSE	1	3034749	FALSE		1	Nemapogon_koenigi
nemapogon ruricolella	Nemapogon ruricolella	FALSE	1	858149	FALSE		1	Nemapogon_ruricolella
nematopogon swammerdamellus	Nematopogon swammerdamellus	FALSE	1	1356	FALSE		1	Nematopogon_swammerdamellus
nematostella vectensis	Nematostella vectensis	FALSE	1	938118	FALSE		1	Nematostella_vectensis
nemophora degeerella	Nemophora degeerella	FALSE	1	801137	FALSE		1	Nemophora_degeerella
nemophora metallica	Nemophora metallica	FALSE	1	3243102	FALSE		1	Nemophora_metallica
nemopoda nitidula	Nemopoda nitidula	FALSE	1	194543	FALSE	sibling_higher	1	Nemopoda_nitidula
nemotelus nigrinus	Nemotelus nigrinus	FALSE	1	13474	FALSE	sibling_higher	1	Nemotelus_nigrinus
nemotelus notatus	Nemotelus notatus	FALSE	1	4447202	FALSE	sibling_higher	1	Nemotelus_notatus
nemotelus pantherinus	Nemotelus pantherinus	FALSE	1	4364374	FALSE	sibling_higher	1	Nemotelus_pantherinus
nemotelus uliginosus	Nemotelus uliginosus	FALSE	1	4447336	FALSE	sibling_higher	1	Nemotelus_uliginosus
nemoura dubitans	Nemoura dubitans	FALSE	1	5017909	FALSE		1	Nemoura_dubitans
nemurella pictetii	Nemurella pictetii	FALSE	1	362169	FALSE		1	Nemurella_pictetii
neoascia interrupta	Neoascia interrupta	FALSE	1	4352466	FALSE		1	Neoascia_interrupta
neoascia tenur	Neoascia tenur	FALSE	1	335963	FALSE		1	Neoascia_tenur
neocochylis molliculana	Cochylis molliculana	TRUE	0.850000023841858	3054242	FALSE		1	Neocochylis_molliculana
neocrepidodera transversa	Neocrepidodera transversa	FALSE	1	798534	FALSE		1	Neocrepidodera_transversa
neofaculta ericetella	Neofaculta ericetella	FALSE	1	572193	FALSE		1	Neofaculta_ericetella
neoitamus cothurnatus	Neoitamus cothurnatus	FALSE	1	4439990	FALSE		1	Neoitamus_cothurnatus
neoitamus cyanurus	Neoitamus cyanurus	FALSE	1	139065	FALSE		1	Neoitamus_cyanurus
neoorthocaulis attenuatus	Neoorthocaulis attenuatus	FALSE	1	405257	FALSE		1	Neoorthocaulis_attenuatus
neottiglossa pusilla	Neottiglossa pusilla	FALSE	1	3471669	FALSE		1	Neottiglossa_pusilla
neoturris pileata	Neoturris pileata	FALSE	1	3681875	FALSE		1	Neoturris_pileata
neovison vison	Neovison vison	FALSE	1	310482	FALSE		1	Neovison_vison
nephrocerus scutellatus	Nephrocerus scutellatus	FALSE	1	997478	FALSE		1	Nephrocerus_scutellatus
nephrotoma appendiculata	Nephrotoma appendiculata	FALSE	1	4508922	FALSE		1	Nephrotoma_appendiculata
nephrotoma flavescens	Nephrotoma flavescens	FALSE	1	4508930	FALSE		1	Nephrotoma_flavescens
nephrotoma guestfalica	Nephrotoma guestfalica	FALSE	1	4509171	FALSE		1	Nephrotoma_guestfalica
nereis zonata	Nereis zonata	FALSE	1	1040986	FALSE	sibling_higher	1	Nereis_zonata
neria commutata	Neria commutata	FALSE	1	4410208	FALSE		1	Neria_commutata
netelia cristata	Netelia cristata	FALSE	1	3281576	FALSE	sibling_higher	1	Netelia_cristata
netelia fuscicornis	Netelia fuscicornis	FALSE	1	3281577	FALSE	sibling_higher	1	Netelia_fuscicornis
netelia inedita	Netelia thomsonii	FALSE	1	3281597	TRUE	sibling_higher	1	Netelia_inedita
netelia infractor	Netelia infractor	FALSE	1	3281749	FALSE	sibling_higher	1	Netelia_infractor
netelia melanura	Netelia melanura	FALSE	1	7867246	FALSE	sibling_higher	1	Netelia_melanura
netelia thomsonii	Netelia thomsonii	FALSE	1	3281597	FALSE	sibling_higher	1	Netelia_thomsonii
netelia virgata	Netelia virgata	FALSE	1	1005879	FALSE		1	Netelia_virgata
netta rufina	Netta rufina	FALSE	1	693335	FALSE		1	Netta_rufina
neurigona quadrifasciata	Neurigona quadrifasciata	FALSE	1	712782	FALSE		1	Neurigona_quadrifasciata
nicotiana alata	Nicotiana alata	FALSE	1	379008	FALSE		1	Nicotiana_alata
nicrophorus investigator	Nicrophorus investigator	FALSE	1	968390	FALSE	extinct	1	Nicrophorus_investigator
nigrotipula nigra	Nigrotipula nigra	FALSE	1	4512101	FALSE		1	Nigrotipula_nigra
nineta flava	Nineta flava	FALSE	1	3014907	FALSE		1	Nineta_flava
noctua comes	Noctua comes	FALSE	1	1039545	FALSE		1	Noctua_comes
noctua fimbriata	Noctua fimbriata	FALSE	1	161679	FALSE		1	Noctua_fimbriata
noctua janthe	Noctua janthe	FALSE	1	1039543	FALSE		1	Noctua_janthe
noctua janthina	Noctua janthina	FALSE	1	1039537	FALSE		1	Noctua_janthina
noctua pronuba	Noctua pronuba	FALSE	1	1089514	FALSE		1	Noctua_pronuba
noctuidae sp san22000473								Noctuidae_sp_SAN22000473
nogopterium gracile	Nogopterium gracile	FALSE	1	148631	FALSE		1	Nogopterium_gracile
nomada fabriciana	Nomada fabriciana	FALSE	1	940562	FALSE		1	Nomada_fabriciana
nomada ferruginata	Nomada ferruginata	FALSE	1	3268886	FALSE		1	Nomada_ferruginata
nomada flava	Nomada flava	FALSE	1	3268553	FALSE		1	Nomada_flava
nomada fucata	Nomada fucata	FALSE	1	293571	FALSE		1	Nomada_fucata
nomada goodeniana	Nomada goodeniana	FALSE	1	406977	FALSE		1	Nomada_goodeniana
nomada hirtipes	Nomada hirtipes	FALSE	1	3268885	FALSE		1	Nomada_hirtipes
nomada lathburiana	Nomada lathburiana	FALSE	1	3268720	FALSE		1	Nomada_lathburiana
nomada panzeri	Nomada panzeri	FALSE	1	609180	FALSE		1	Nomada_panzeri
nomada ruficornis	Nomada ruficornis	FALSE	1	264195	FALSE		1	Nomada_ruficornis
nomada rufipes	Nomada rufipes	FALSE	1	838800	FALSE		1	Nomada_rufipes
nomada zonata	Nomada zonata	FALSE	1	3268854	FALSE		1	Nomada_zonata
nomophila noctuella	Nomophila noctuella	FALSE	1	1084314	FALSE		1	Nomophila_noctuella
norellia spinipes	Norellia spinipes	FALSE	1	1046409	FALSE		1	Norellia_spinipes
nothochrysa capitata	Nothochrysa capitata	FALSE	1	3014454	FALSE		1	Nothochrysa_capitata
notiophilus biguttatus	Notiophilus biguttatus	FALSE	1	479488	FALSE		1	Notiophilus_biguttatus
notocelia roborana	Notocelia roborana	FALSE	1	175324	FALSE		1	Notocelia_roborana
notocelia uddmanniana	Notocelia uddmanniana	FALSE	1	3049222	FALSE		1	Notocelia_uddmanniana
notodonta dromedarius	Notodonta dromedarius	FALSE	1	958240	FALSE		1	Notodonta_dromedarius
notodonta ziczac	Notodonta ziczac	FALSE	1	676893	FALSE		1	Notodonta_ziczac
notolepis coatsi	Notolepis coatsi	FALSE	1	31302	FALSE		1	Notolepis_coatsi
notoxus monoceros	Notoxus monoceros	FALSE	1	725633	FALSE		1	Notoxus_monoceros
nowickia ferox	Nowickia ferox	FALSE	1	288739	FALSE		1	Nowickia_ferox
nudaria mundana	Nudaria mundana	FALSE	1	676891	FALSE		1	Nudaria_mundana
numenius arquata	Numenius arquata	FALSE	1	971518	FALSE		1	Numenius_arquata
nuphar lutea	Nuphar lutea	FALSE	1	440936	FALSE		1	Nuphar_lutea
nuphar pumila	Nuphar pumila	FALSE	1	820635	FALSE		2	Nuphar_pumila
nyctalus leisleri	Nyctalus leisleri	FALSE	1	342721	FALSE		1	Nyctalus_leisleri
nycteola revayana	Nycteola revayana	FALSE	1	676881	FALSE		1	Nycteola_revayana
nyctia halterata	Nyctia halterata	FALSE	1	4371723	FALSE		1	Nyctia_halterata
nymphalis c album	Polygonia c-album	TRUE	0.941176474094391	522165	FALSE		4	Nymphalis_c_album
nymphalis io	Aglais io	FALSE	1	1020541	TRUE		1	Nymphalis_io
nymphalis polychloros	Nymphalis polychloros	FALSE	1	444094	FALSE		1	Nymphalis_polychloros
nymphalis urticae	Aglais urticae	FALSE	1	495335	TRUE		1	Nymphalis_urticae
nymphoides peltata	Nymphoides peltata	FALSE	1	128320	FALSE		1	Nymphoides_peltata
nymphula nitidulata	Nymphula nitidulata	FALSE	1	3162046	FALSE		1	Nymphula_nitidulata
nysson spinosus	Nysson spinosus	FALSE	1	3277651	FALSE		1	Nysson_spinosus
nysson trimaculatus	Nysson trimaculatus	FALSE	1	3277697	FALSE		1	Nysson_trimaculatus
ochlerotatus rusticus	Ochlerotatus rusticus	FALSE	1	850096	FALSE		1	Ochlerotatus_rusticus
ochlodes sylvanus	Ochlodes sylvanus	FALSE	1	216112	FALSE		1	Ochlodes_sylvanus
ochropacha duplaris	Ochropacha duplaris	FALSE	1	715765	FALSE		1	Ochropacha_duplaris
ochropleura leucogaster	Ochropleura leucogaster	FALSE	1	3207501	FALSE		1	Ochropleura_leucogaster
ochropleura plecta	Ochropleura plecta	FALSE	1	197535	FALSE		1	Ochropleura_plecta
ocypus olens	Ocypus olens	FALSE	1	441009	FALSE		1	Ocypus_olens
ocys tachysoides	Ocys tachysoides	FALSE	1	3422652	FALSE		1	Ocys_tachysoides
odiellus spinosus	Odiellus spinosus	FALSE	1	5094369	FALSE		1	Odiellus_spinosus
odontocerum albicorne	Odontocerum albicorne	FALSE	1	548779	FALSE		1	Odontocerum_albicorne
odontomyia argentata	Odontomyia argentata	FALSE	1	4446929	FALSE	sibling_higher	1	Odontomyia_argentata
odontomyia ornata	Odontomyia ornata	FALSE	1	4446953	FALSE	sibling_higher	1	Odontomyia_ornata
odontomyia tigrina	Odontomyia tigrina	FALSE	1	4446868	FALSE	sibling_higher	1	Odontomyia_tigrina
odontopera bidentata	Odontopera bidentata	FALSE	1	50271	FALSE		1	Odontopera_bidentata
odontoschisma sphagni	Odontoschisma sphagni	FALSE	1	695174	FALSE		1	Odontoschisma_sphagni
oecetis lacustris	Oecetis lacustris	FALSE	1	31853	FALSE	sibling_higher	1	Oecetis_lacustris
oedemera lurida	Oedemera lurida	FALSE	1	3360663	FALSE		1	Oedemera_lurida
oedipodium griffithianum	Oedipodium griffithianum	FALSE	1	140067	FALSE		1	Oedipodium_griffithianum
oegoconia quadripuncta	Oegoconia quadripuncta	FALSE	1	343044	FALSE		1	Oegoconia_quadripuncta
oenanthe lachenalii	Oenanthe lachenalii	FALSE	1	305521	FALSE		1	Oenanthe_lachenalii
oenanthe oenanthe	Oenanthe oenanthe	FALSE	1	1092950	FALSE		1	Oenanthe_oenanthe
oenothera biennis	Oenothera biennis	FALSE	1	12659	FALSE		2	Oenothera_biennis
oidaematophorus lithodactyla	Oidaematophorus lithodactyla	FALSE	1	3091308	FALSE		1	Oidaematophorus_lithodactyla
oligia fasciuncula	Oligia fasciuncula	FALSE	1	3210410	FALSE		1	Oligia_fasciuncula
oligia latruncula	Oligia latruncula	FALSE	1	676877	FALSE		1	Oligia_latruncula
oligia strigilis	Oligia strigilis	FALSE	1	676875	FALSE		1	Oligia_strigilis
oligotrichum hercynicum	Oligotrichum hercynicum	FALSE	1	838518	FALSE		1	Oligotrichum_hercynicum
omonadus floralis	Omonadus floralis	FALSE	1	940242	FALSE		1	Omonadus_floralis
omosita discoidea	Omosita discoidea	FALSE	1	616106	FALSE		1	Omosita_discoidea
omphaloscelis lunosa	Omphaloscelis lunosa	FALSE	1	7150706	FALSE		1	Omphaloscelis_lunosa
omphiscola glabra	Omphiscola glabra	FALSE	1	288987	FALSE	extinct, incertae_sedis	1	Omphiscola_glabra
onchidella celtica	Onchidella celtica	FALSE	1	162894	FALSE	sibling_higher	1	Onchidella_celtica
ononis reclinata	Ononis reclinata	FALSE	1	847822	FALSE		2	Ononis_reclinata
ontholestes murinus	Ontholestes murinus	FALSE	1	517840	FALSE		1	Ontholestes_murinus
operophtera brumata	Operophtera brumata	FALSE	1	322510	FALSE	sibling_higher	1	Operophtera_brumata
ophiocomina nigra	Ophiocomina nigra	FALSE	1	368806	FALSE		1	Ophiocomina_nigra
ophion confusus	Enicospilus combustus	TRUE	0.8125	3288247	FALSE		3	Ophion_confusus
ophion costatus	Ophion costatus	FALSE	1	223531	FALSE		1	Ophion_costatus
ophion crassicornis	Ophion crassicornis	FALSE	1	3287587	FALSE		1	Ophion_crassicornis
ophion ellenae								Ophion_ellenae
ophion forticornis	Ophion forticornis	FALSE	1	3287548	FALSE		1	Ophion_forticornis
ophion obscuratus	Ophion obscuratus	FALSE	1	959144	FALSE		1	Ophion_obscuratus
ophion slaviceki	Ophion luteus	FALSE	1	3287552	TRUE		1	Ophion_slaviceki
ophion variegatus	Ophion obscuratus	FALSE	1	959144	TRUE		1	Ophion_variegatus
ophion ventricosus	Ophion ventricosus	FALSE	1	959145	FALSE		1	Ophion_ventricosus
ophion wuestneii	Ophion wuestneii	FALSE	1	3287655	FALSE		1	Ophion_wuestneii
ophiothrix fragilis	Ophiothrix fragilis	FALSE	1	41884	FALSE	sibling_higher	1	Ophiothrix_fragilis
ophonus ardosiacus	Ophonus ardosiacus	FALSE	1	799932	FALSE		1	Ophonus_ardosiacus
opilo mollis	Opilo mollis	FALSE	1	3356514	FALSE		1	Opilo_mollis
opisthograptis luteolata	Opisthograptis luteolata	FALSE	1	1009177	FALSE		1	Opisthograptis_luteolata
opomyza florum	Opomyza florum	FALSE	1	846375	FALSE		1	Opomyza_florum
opomyza germinationis	Opomyza germinationis	FALSE	1	4395063	FALSE		1	Opomyza_germinationis
orchesella cincta	Orchesella cincta	FALSE	1	6472	FALSE		1	Orchesella_cincta
orchesella flavescens	Orchesella flavescens	FALSE	1	579168	FALSE		1	Orchesella_flavescens
orchesia undulata	Orchesia undulata	FALSE	1	867207	FALSE		1	Orchesia_undulata
orchestes rusci	Orchestes rusci	FALSE	1	552110	FALSE		1	Orchestes_rusci
orcinus orca	Orcinus orca	FALSE	1	124215	FALSE		1	Orcinus_orca
orgyia antiqua	Orgyia antiqua	FALSE	1	528536	FALSE		1	Orgyia_antiqua
orgyia recens	Orgyia recens	FALSE	1	172751	FALSE		1	Orgyia_recens
ormyrus nitidulus	Ormyrus nitidulus	FALSE	1	444982	FALSE		1	Ormyrus_nitidulus
ornithomya avicularia	Ornithomya avicularia	FALSE	1	638	FALSE		1	Ornithomya_avicularia
ornithomya chloropus	Ornithomya chloropus	FALSE	1	787011	FALSE		1	Ornithomya_chloropus
ornithomya fringillina	Ornithomya fringillina	FALSE	1	787014	FALSE		1	Ornithomya_fringillina
ornithopus perpusillus	Ornithopus perpusillus	FALSE	1	640679	FALSE		1	Ornithopus_perpusillus
orobanche alba	Orobanche alba	FALSE	1	991594	FALSE	sibling_higher	2	Orobanche_alba
orobanche hederae	Orobanche hederae	FALSE	1	404883	FALSE	sibling_higher	1	Orobanche_hederae
orobanche minor	Orobanche minor	FALSE	1	1091762	FALSE	sibling_higher	2	Orobanche_minor
orthetrum coerulescens	Orthetrum coerulescens	FALSE	1	619693	FALSE		1	Orthetrum_coerulescens
orthonevra brevicornis	Orthonevra brevicornis	FALSE	1	4358753	FALSE	sibling_higher	1	Orthonevra_brevicornis
orthonevra nobilis	Orthonevra nobilis	FALSE	1	4358790	FALSE	sibling_higher	1	Orthonevra_nobilis
orthosia cerasi	Orthosia cerasi	FALSE	1	50264	FALSE		1	Orthosia_cerasi
orthosia cruda	Orthosia cruda	FALSE	1	153660	FALSE		1	Orthosia_cruda
orthosia gothica	Orthosia gothica	FALSE	1	1030858	FALSE		1	Orthosia_gothica
orthosia gracilis	Orthosia gracilis	FALSE	1	334328	FALSE		1	Orthosia_gracilis
orthosia incerta	Orthosia incerta	FALSE	1	153662	FALSE		1	Orthosia_incerta
orthotaenia undulana	Orthotaenia undulana	FALSE	1	3056176	FALSE		1	Orthotaenia_undulana
orthothecium rufescens	Orthothecium rufescens	FALSE	1	171968	FALSE		1	Orthothecium_rufescens
orthotrichum anomalum	Orthotrichum anomalum	FALSE	1	116501	FALSE		1	Orthotrichum_anomalum
orthotrichum lyellii	Pulvigera lyellii	FALSE	1	116498	TRUE		1	Orthotrichum_lyellii
orthotrichum pulchellum	Orthotrichum pulchellum	FALSE	1	768116	FALSE		1	Orthotrichum_pulchellum
orthotrichum striatum	Lewinskya striata	FALSE	1	691543	TRUE		1	Orthotrichum_striatum
oryctolagus cuniculus	Oryctolagus cuniculus	FALSE	1	864596	FALSE		1	Oryctolagus_cuniculus
orygma luctuosum	Orygma luctuosum	FALSE	1	547667	FALSE		1	Orygma_luctuosum
osmerus eperlanus	Osmerus eperlanus	FALSE	1	987406	FALSE		1	Osmerus_eperlanus
osmia bicolor	Osmia bicolor	FALSE	1	280580	FALSE		1	Osmia_bicolor
osmia bicornis	Osmia bicornis	FALSE	1	755644	FALSE		1	Osmia_bicornis
osmia bicornis bicornis	Osmia bicornis bicornis	FALSE	1	5340336	FALSE	infraspecific	1	Osmia_bicornis_bicornis
osphya bipunctata	Osphya bipunctata	FALSE	1	4617668	FALSE		1	Osphya_bipunctata
ostrea edulis	Ostrea edulis	FALSE	1	1033104	FALSE	extinct, sibling_higher	1	Ostrea_edulis
ostrinia nubilalis	Ostrinia nubilalis	FALSE	1	1058331	FALSE		1	Ostrinia_nubilalis
othius punctulatus	Othius punctulatus	FALSE	1	935354	FALSE		1	Othius_punctulatus
otiorhynchus armadillo	Otiorhynchus armadillo	FALSE	1	965007	FALSE	sibling_higher	1	Otiorhynchus_armadillo
otiorhynchus porcatus	Otiorhynchus porcatus	FALSE	1	166921	FALSE	sibling_higher	1	Otiorhynchus_porcatus
otiorhynchus rugosostriatus	Otiorhynchus rugosostriatus	FALSE	1	355315	FALSE	sibling_higher	1	Otiorhynchus_rugosostriatus
otis tarda	Otis tarda	FALSE	1	458651	FALSE		1	Otis_tarda
ourapteryx sambucaria	Ourapteryx sambucaria	FALSE	1	1009179	FALSE	sibling_higher	1	Ourapteryx_sambucaria
oxalis acetosella	Oxalis acetosella	FALSE	1	323425	FALSE		3	Oxalis_acetosella
oxalis corniculata	Oxalis corniculata	FALSE	1	676618	FALSE		1	Oxalis_corniculata
oxalis debilis	Oxalis debilis	FALSE	1	16333	FALSE		1	Oxalis_debilis
oxycera nigricornis	Oxycera nigricornis	FALSE	1	4446694	FALSE		1	Oxycera_nigricornis
oxycera pygmaea	Oxycera pygmaea	FALSE	1	4446699	FALSE		1	Oxycera_pygmaea
oxycera trilineata	Oxycera trilineata	FALSE	1	896943	FALSE		1	Oxycera_trilineata
oxypselaphus obscurus	Oxypselaphus obscurus	FALSE	1	1013509	FALSE		1	Oxypselaphus_obscurus
oxypteryx atrella								Oxypteryx_atrella
oxyptilus pilosellae	Oxyptilus pilosellae	FALSE	1	3091233	FALSE	sibling_higher	1	Oxyptilus_pilosellae
oxyria digyna	Oxyria digyna	FALSE	1	514120	FALSE		1	Oxyria_digyna
oxystoma pomonae	Oxystoma pomonae	FALSE	1	3407853	FALSE		1	Oxystoma_pomonae
oxytorus armatus	Oxytorus armatus	FALSE	1	1080821	FALSE		1	Oxytorus_armatus
pachygaster atra	Pachygaster atra	FALSE	1	77694	FALSE		1	Pachygaster_atra
pachygaster leachii	Pachygaster leachii	FALSE	1	588071	FALSE		1	Pachygaster_leachii
pachygnatha clercki	Pachygnatha clercki	FALSE	1	441004	FALSE		1	Pachygnatha_clercki
pachyrhinus lethierryi	Pachyrhinus lethierryi	FALSE	1	1087060	FALSE		1	Pachyrhinus_lethierryi
pachythelia villosella	Pachythelia villosella	FALSE	1	3032649	FALSE		1	Pachythelia_villosella
paederus riparius	Paederus riparius	FALSE	1	552099	FALSE		1	Paederus_riparius
pagrus pagrus	Pagrus pagrus	FALSE	1	760713	FALSE		1	Pagrus_pagrus
palloptera scutellata	Palloptera scutellata	FALSE	1	4408734	FALSE		1	Palloptera_scutellata
palpita vitrealis	Palpita vitrealis	FALSE	1	3165113	FALSE		1	Palpita_vitrealis
pammene aurita	Pammene aurita	FALSE	1	3051032	FALSE		1	Pammene_aurita
pammene fasciana	Pammene fasciana	FALSE	1	175330	FALSE		1	Pammene_fasciana
pammene giganteana	Pammene giganteana	FALSE	1	175320	FALSE		1	Pammene_giganteana
pammene regiana	Pammene regiana	FALSE	1	3051067	FALSE		1	Pammene_regiana
pammene rhediella	Pammene rhediella	FALSE	1	3051053	FALSE		1	Pammene_rhediella
pammene suspectana	Pammene suspectana	FALSE	1	3050985	FALSE		1	Pammene_suspectana
pamponerus germanicus	Pamponerus germanicus	FALSE	1	4439909	FALSE		1	Pamponerus_germanicus
pandarus bicolor	Pandarus bicolor	FALSE	1	2943709	FALSE		1	Pandarus_bicolor
pandemis cerasana	Pandemis cerasana	FALSE	1	142193	FALSE		1	Pandemis_cerasana
pandemis cinnamomeana	Pandemis cinnamomeana	FALSE	1	736475	FALSE		1	Pandemis_cinnamomeana
pandemis corylana	Pandemis corylana	FALSE	1	175322	FALSE		1	Pandemis_corylana
pandemis heparana	Pandemis heparana	FALSE	1	537294	FALSE		1	Pandemis_heparana
pandivirilia melaleuca	Pandivirilia melaleuca	FALSE	1	4427577	FALSE		1	Pandivirilia_melaleuca
panellus stipticus	Panellus stipticus	FALSE	1	343976	FALSE		1	Panellus_stipticus
panorpa germanica	Panorpa germanica	FALSE	1	418218	FALSE		1	Panorpa_germanica
panzeria rudis	Panzeria rudis	FALSE	1	4378285	FALSE	sibling_higher	1	Panzeria_rudis
papestra biren	Papestra biren	FALSE	1	153654	FALSE		1	Papestra_biren
papilio machaon	Papilio machaon	FALSE	1	1018322	FALSE	sibling_higher	1	Papilio_machaon
parachronistis albiceps	Parachronistis albiceps	FALSE	1	180394	FALSE		1	Parachronistis_albiceps
paracoenia fumosa	Paracoenia fumosa	FALSE	1	4424268	FALSE	sibling_higher	1	Paracoenia_fumosa
paracorymbia fulva	Paracorymbia fulva	FALSE	1	3361348	FALSE		1	Paracorymbia_fulva
paracraspedothrix montivaga	Paracraspedothrix montivaga	FALSE	1	4383655	FALSE		1	Paracraspedothrix_montivaga
paragus haemorrhous	Paragus haemorrhous	FALSE	1	966455	FALSE		1	Paragus_haemorrhous
paraperithous gnathaulax	Paraperithous gnathaulax	FALSE	1	3289502	FALSE		1	Paraperithous_gnathaulax
parapoynx stratiotata	Parapoynx stratiotata	FALSE	1	3162056	FALSE		1	Parapoynx_stratiotata
pararge aegeria	Pararge aegeria	FALSE	1	989684	FALSE		1	Pararge_aegeria
parascotia fuliginaria	Parascotia fuliginaria	FALSE	1	152393	FALSE		1	Parascotia_fuliginaria
parasmittina trispinosa	Parasmittina trispinosa	FALSE	1	2937971	FALSE		1	Parasmittina_trispinosa
parasteatoda lunata	Parasteatoda lunata	FALSE	1	3563854	FALSE	sibling_higher	1	Parasteatoda_lunata
parastichtis suspecta	Parastichtis suspecta	FALSE	1	757998	FALSE		1	Parastichtis_suspecta
paraswammerdamia albicapitella	Paraswammerdamia albicapitella	FALSE	1	3218536	FALSE		1	Paraswammerdamia_albicapitella
paratalanta hyalinalis	Paratalanta hyalinalis	FALSE	1	3171046	FALSE		1	Paratalanta_hyalinalis
pardosa nigriceps	Pardosa nigriceps	FALSE	1	182702	FALSE		1	Pardosa_nigriceps
parectropis similaria	Parectropis similaria	FALSE	1	1009191	FALSE		1	Parectropis_similaria
parhelophilus frutetorum	Parhelophilus frutetorum	FALSE	1	4358204	FALSE		1	Parhelophilus_frutetorum
parietaria judaica	Parietaria judaica	FALSE	1	925303	FALSE		3	Parietaria_judaica
parydra coarctata	Parydra coarctata	FALSE	1	4423034	FALSE	sibling_higher	1	Parydra_coarctata
pasiphila chloerata	Pasiphila chloerata	FALSE	1	1009185	FALSE		1	Pasiphila_chloerata
pasiphila rectangulata	Pasiphila rectangulata	FALSE	1	347144	FALSE		1	Pasiphila_rectangulata
pastinaca sativa	Pastinaca sativa	FALSE	1	2480	FALSE		1	Pastinaca_sativa
patella depressa	Patella depressa	FALSE	1	259396	FALSE		1	Patella_depressa
patella pellucida	Patella pellucida	FALSE	1	326421	FALSE		1	Patella_pellucida
patella ulyssiponensis	Patella ulyssiponensis	FALSE	1	503763	FALSE		1	Patella_ulyssiponensis
patella vulgata	Patella vulgata	FALSE	1	853190	FALSE		1	Patella_vulgata
paulownia tomentosa	Paulownia tomentosa	FALSE	1	305916	FALSE		1	Paulownia_tomentosa
pecten maximus	Pecten maximus	FALSE	1	449048	FALSE		1	Pecten_maximus
pediacus dermestoides	Pediacus dermestoides	FALSE	1	552113	FALSE		2	Pediacus_dermestoides
pedicia rivosa	Pedicia rivosa	FALSE	1	4508122	FALSE		1	Pedicia_rivosa
pegoplata infirma	Pegoplata infirma	FALSE	1	558836	FALSE	sibling_higher	1	Pegoplata_infirma
pelochrista caecimaculana	Pelochrista caecimaculana	FALSE	1	3049279	FALSE		1	Pelochrista_caecimaculana
pelophylax lessonae	Pelophylax lessonae	FALSE	1	386601	FALSE		1	Pelophylax_lessonae
pelosia muscerda	Pelosia muscerda	FALSE	1	153648	FALSE		1	Pelosia_muscerda
pempelia genistella	Pempelia genistella	FALSE	1	3156877	FALSE		1	Pempelia_genistella
pemphredon inornata	Pemphredon inornata	FALSE	1	3277119	FALSE		1	Pemphredon_inornata
pemphredon lugubris	Pemphredon lugubris	FALSE	1	7375239	FALSE		2	Pemphredon_lugubris
pentaglottis sempervirens	Pentaglottis sempervirens	FALSE	1	96135	FALSE		1	Pentaglottis_sempervirens
peplomyza litura	Peplomyza litura	FALSE	1	4417887	FALSE		1	Peplomyza_litura
perdix perdix	Perdix perdix	FALSE	1	102712	FALSE		1	Perdix_perdix
perforatus perforatus	Perforatus perforatus	FALSE	1	142403	FALSE		1	Perforatus_perforatus
peribatodes rhomboidaria	Peribatodes rhomboidaria	FALSE	1	878697	FALSE		1	Peribatodes_rhomboidaria
peridea anceps	Peridea anceps	FALSE	1	153650	FALSE	sibling_higher	1	Peridea_anceps
periphyllus acericola	Periphyllus acericola	FALSE	1	3447007	FALSE		1	Periphyllus_acericola
perithous albicinctus	Perithous albicinctus	FALSE	1	3286505	FALSE		1	Perithous_albicinctus
perithous divinator	Perithous divinator	FALSE	1	3286504	FALSE		1	Perithous_divinator
perizoma affinitatum	Perizoma affinitatum	FALSE	1	526921	FALSE	sibling_higher	1	Perizoma_affinitatum
perizoma albulatum	Perizoma albulatum	FALSE	1	125601	FALSE	sibling_higher	1	Perizoma_albulatum
perizoma blandiatum	Perizoma blandiatum	FALSE	1	526876	FALSE	sibling_higher	1	Perizoma_blandiatum
perizoma didymatum	Perizoma didymatum	FALSE	1	125594	FALSE	sibling_higher	1	Perizoma_didymatum
perizoma flavofasciatum	Perizoma flavofasciatum	FALSE	1	526873	FALSE	sibling_higher	1	Perizoma_flavofasciatum
perophora japonica	Perophora japonica	FALSE	1	726854	FALSE		1	Perophora_japonica
persicaria amphibia	Persicaria amphibia	FALSE	1	146127	FALSE		1	Persicaria_amphibia
persicaria maculosa	Persicaria maculosa	FALSE	1	439770	FALSE		1	Persicaria_maculosa
persicaria nepalensis	Persicaria nepalensis	FALSE	1	302163	FALSE		1	Persicaria_nepalensis
petalophyllum ralfsii	Petalophyllum ralfsii	FALSE	1	802662	FALSE		1	Petalophyllum_ralfsii
petasites albus	Petasites albus	FALSE	1	277869	FALSE		1	Petasites_albus
petasites hybridus	Petasites hybridus	FALSE	1	533782	FALSE		1	Petasites_hybridus
petrophora chlorosata	Petrophora chlorosata	FALSE	1	622998	FALSE		1	Petrophora_chlorosata
phaedon cochleariae	Phaedon cochleariae	FALSE	1	159006	FALSE		1	Phaedon_cochleariae
phaedon tumidulus	Phaedon tumidulus	FALSE	1	479495	FALSE		1	Phaedon_tumidulus
phaeoclavulina alboapiculata								Phaeoclavulina_alboapiculata
phaethon aethereus	Phaethon aethereus	FALSE	1	330009	FALSE		1	Phaethon_aethereus
phalacrocorax carbo	Phalacrocorax carbo	FALSE	1	969841	FALSE		1	Phalacrocorax_carbo
phalaris arundinacea	Phalaris arundinacea	FALSE	1	408214	FALSE		1	Phalaris_arundinacea
phalera bucephala	Phalera bucephala	FALSE	1	822698	FALSE		1	Phalera_bucephala
phaleria cadaverina	Phaleria cadaverina	FALSE	1	3358683	FALSE		1	Phaleria_cadaverina
phallusia mammillata	Phallusia mammillata	FALSE	1	463288	FALSE		1	Phallusia_mammillata
phania funesta	Phania funesta	FALSE	1	4376916	FALSE	incertae_sedis_inherited	1	Phania_funesta
phaonia angelicae	Phaonia angelicae	FALSE	1	4362925	FALSE	sibling_higher	1	Phaonia_angelicae
phaonia errans	Phaonia errans	FALSE	1	159225	FALSE	sibling_higher	1	Phaonia_errans
phaonia falleni	Phaonia falleni	FALSE	1	4363449	FALSE	sibling_higher	1	Phaonia_falleni
phaonia gobertii	Phaonia gobertii	FALSE	1	4363246	FALSE	sibling_higher	1	Phaonia_gobertii
phaonia palpata	Phaonia palpata	FALSE	1	4363468	FALSE	sibling_higher	1	Phaonia_palpata
phaonia tiefii	Phaonia tiefii	FALSE	1	4363151	FALSE	sibling_higher	1	Phaonia_tiefii
phasia hemiptera	Phasia hemiptera	FALSE	1	4357686	FALSE	sibling_higher	1	Phasia_hemiptera
phasia obesa	Phasia obesa	FALSE	1	4376875	FALSE	sibling_higher	1	Phasia_obesa
phasianus colchicus	Phasianus colchicus	FALSE	1	102719	FALSE		1	Phasianus_colchicus
phaxas pellucidus	Phaxas pellucidus	FALSE	1	264652	FALSE		1	Phaxas_pellucidus
phengaris arion	Phengaris arion	FALSE	1	906244	FALSE		1	Phengaris_arion
pheosia gnoma	Pheosia gnoma	FALSE	1	153644	FALSE		1	Pheosia_gnoma
pheosia tremula	Pheosia tremula	FALSE	1	153646	FALSE		1	Pheosia_tremula
pherbellia schoenherri	Pherbellia schoenherri	FALSE	1	786154	FALSE		1	Pherbellia_schoenherri
pherbina coryleti	Pherbina coryleti	FALSE	1	752017	FALSE		1	Pherbina_coryleti
philanthus triangulum	Philanthus triangulum	FALSE	1	905735	FALSE		1	Philanthus_triangulum
philedonides lunana	Philedonides lunana	FALSE	1	3057544	FALSE		1	Philedonides_lunana
philereme transversata	Philereme transversata	FALSE	1	674754	FALSE		1	Philereme_transversata
philereme vetulata	Philereme vetulata	FALSE	1	1009193	FALSE		1	Philereme_vetulata
philodromus cespitum	Philodromus cespitum	FALSE	1	794122	FALSE		1	Philodromus_cespitum
philodromus dispar	Philodromus dispar	FALSE	1	265538	FALSE		1	Philodromus_dispar
philonicus albiceps	Philonicus albiceps	FALSE	1	963552	FALSE		1	Philonicus_albiceps
philonthus carbonarius	Philonthus carbonarius	FALSE	1	980276	FALSE		2	Philonthus_carbonarius
philonthus cognatus	Philonthus cognatus	FALSE	1	234440	FALSE		1	Philonthus_cognatus
philonthus marginatus	Philonthus marginatus	FALSE	1	1078559	FALSE		1	Philonthus_marginatus
philonthus spinipes	Philonthus spinipes	FALSE	1	501913	FALSE		1	Philonthus_spinipes
philopedon plagiatum	Philopedon plagiatum	FALSE	1	4607258	FALSE		1	Philopedon_plagiatum
philophylla caesio	Philophylla caesio	FALSE	1	793752	FALSE		1	Philophylla_caesio
philopotamus montanus	Philopotamus montanus	FALSE	1	264470	FALSE		1	Philopotamus_montanus
phlegmacium triumphans	Cortinarius saginus	TRUE	0.879999995231628	825114	FALSE		1	Phlegmacium_triumphans
phleum pratense	Phleum pratense	FALSE	1	578767	FALSE		1	Phleum_pratense
phlogophora meticulosa	Phlogophora meticulosa	FALSE	1	50267	FALSE		1	Phlogophora_meticulosa
phoca vitulina	Phoca vitulina	FALSE	1	698422	FALSE	sibling_higher	1	Phoca_vitulina
phocoena phocoena	Phocoena phocoena	FALSE	1	851312	FALSE		1	Phocoena_phocoena
phoenicurus phoenicurus	Phoenicurus phoenicurus	FALSE	1	1093902	FALSE		1	Phoenicurus_phoenicurus
pholadidea loscombiana	Pholadidea loscombiana	FALSE	1	2863976	FALSE		1	Pholadidea_loscombiana
pholis gunnellus	Pholis gunnellus	FALSE	1	292702	FALSE		1	Pholis_gunnellus
phorcus lineatus	Phorcus lineatus	FALSE	1	1016187	FALSE		1	Phorcus_lineatus
phorocera assimilis	Phorocera assimilis	FALSE	1	7228562	FALSE		1	Phorocera_assimilis
phosphuga atrata	Phosphuga atrata	FALSE	1	945486	FALSE		1	Phosphuga_atrata
photedes minima	Photedes minima	FALSE	1	758003	FALSE		1	Photedes_minima
phoxinus phoxinus	Phoxinus phoxinus	FALSE	1	1019917	FALSE		1	Phoxinus_phoxinus
phragmataecia castaneae	Phragmataecia castaneae	FALSE	1	203928	FALSE		1	Phragmataecia_castaneae
phragmatobia fuliginosa	Phragmatobia fuliginosa	FALSE	1	918140	FALSE		1	Phragmatobia_fuliginosa
phragmites australis	Phragmites australis	FALSE	1	712330	FALSE		1	Phragmites_australis
phratora vitellinae	Phratora vitellinae	FALSE	1	1070539	FALSE		1	Phratora_vitellinae
phryganea bipunctata	Phryganea bipunctata	FALSE	1	3027867	FALSE		1	Phryganea_bipunctata
phtheochroa inopiana	Phtheochroa inopiana	FALSE	1	3054029	FALSE		1	Phtheochroa_inopiana
phtheochroa sodaliana	Phtheochroa sodaliana	FALSE	1	3054083	FALSE		1	Phtheochroa_sodaliana
phthiria pulicaria	Phthiria pulicarius	TRUE	0.89473682641983	4431236	FALSE		2	Phthiria_pulicaria
phycita roborella	Phycita roborella	FALSE	1	1098797	FALSE		1	Phycita_roborella
phylidorea fulvonervosa	Phylidorea fulvonervosa	FALSE	1	4505353	FALSE		1	Phylidorea_fulvonervosa
phyllaphis fagi	Phyllaphis fagi	FALSE	1	802141	FALSE		1	Phyllaphis_fagi
phyllobius argentatus	Phyllobius argentatus	FALSE	1	346637	FALSE		1	Phyllobius_argentatus
phyllobius pyri	Phyllobius pyri	FALSE	1	597881	FALSE		1	Phyllobius_pyri
phyllobius roboretanus	Phyllobius roboretanus	FALSE	1	501923	FALSE		1	Phyllobius_roboretanus
phyllobius virideaeris	Phyllobius virideaeris	FALSE	1	828646	FALSE		1	Phyllobius_virideaeris
phyllocnistis unipunctella	Phyllocnistis unipunctella	FALSE	1	3038668	FALSE		1	Phyllocnistis_unipunctella
phyllodoce laminosa	Phyllodoce laminosa	FALSE	1	4983444	FALSE		1	Phyllodoce_laminosa
phylloneta impressa	Phylloneta impressa	FALSE	1	5125972	FALSE		1	Phylloneta_impressa
phyllonorycter maestingella	Phyllonorycter maestingella	FALSE	1	151739	FALSE		1	Phyllonorycter_maestingella
phyllonorycter quercifoliella	Phyllonorycter quercifoliella	FALSE	1	726185	FALSE		1	Phyllonorycter_quercifoliella
phyllonorycter salicicolella	Phyllonorycter salicicolella	FALSE	1	726182	FALSE		1	Phyllonorycter_salicicolella
phyllonorycter sorbi	Phyllonorycter sorbi	FALSE	1	202879	FALSE		1	Phyllonorycter_sorbi
phyllonorycter stettinensis	Phyllonorycter stettinensis	FALSE	1	777014	FALSE		1	Phyllonorycter_stettinensis
phyllonorycter ulicicolella	Phyllonorycter ulicicolella	FALSE	1	263036	FALSE		1	Phyllonorycter_ulicicolella
phylloscopus collybita	Phylloscopus collybita	FALSE	1	726307	FALSE		1	Phylloscopus_collybita
phylloscopus proregulus	Abrornis proregulus	FALSE	1	930298	TRUE		1	Phylloscopus_proregulus
phylloscopus trochilus	Phylloscopus trochilus	FALSE	1	96282	FALSE		1	Phylloscopus_trochilus
phymatocera aterrima	Phymatocera aterrima	FALSE	1	507307	FALSE		1	Phymatocera_aterrima
phymatodes testaceus	Phymatodes testaceus	FALSE	1	467675	FALSE	sibling_higher	1	Phymatodes_testaceus
physeter catodon	Physeter catodon	FALSE	1	276851	FALSE	sibling_higher	1	Physeter_catodon
physocephala rufipes	Physocephala rufipes	FALSE	1	1004754	FALSE		1	Physocephala_rufipes
phyto melanocephala	Phyto melanocephala	FALSE	1	876831	FALSE	sibling_higher	1	Phyto_melanocephala
phytoecia cylindrica	Phytoecia cylindrica	FALSE	1	3365504	FALSE	sibling_higher	1	Phytoecia_cylindrica
phytometra viridaria	Phytometra viridaria	FALSE	1	152397	FALSE		1	Phytometra_viridaria
pica pica	Pica pica	FALSE	1	776471	FALSE		1	Pica_pica
pieris brassicae	Pieris brassicae	FALSE	1	167943	FALSE		1	Pieris_brassicae
pieris napi	Pieris napi	FALSE	1	731676	FALSE		1	Pieris_napi
pieris rapae	Pieris rapae	FALSE	1	634345	FALSE		1	Pieris_rapae
pilophorus perplexus	Pilophorus perplexus	FALSE	1	290688	FALSE	sibling_higher	1	Pilophorus_perplexus
pilosella aurantiaca	Pilosella aurantiaca	FALSE	1	285884	FALSE		1	Pilosella_aurantiaca
pilosella officinarum	Pilosella officinarum	FALSE	1	752654	FALSE		1	Pilosella_officinarum
pimephales promelas	Pimephales promelas	FALSE	1	564459	FALSE		1	Pimephales_promelas
pimpla contemplator	Pimpla contemplator	FALSE	1	17962	FALSE		1	Pimpla_contemplator
pimpla rufipes	Pimpla rufipes	FALSE	1	7438286	FALSE		1	Pimpla_rufipes
pimpla turionellae	Pimpla turionellae	FALSE	1	3279188	FALSE		1	Pimpla_turionellae
piniphila bifasciana	Piniphila bifasciana	FALSE	1	1098803	FALSE		1	Piniphila_bifasciana
pipistrellus nathusii	Pipistrellus nathusii	FALSE	1	867399	FALSE		1	Pipistrellus_nathusii
pipistrellus pipistrellus	Pipistrellus pipistrellus	FALSE	1	867410	FALSE		1	Pipistrellus_pipistrellus
pipistrellus pygmaeus	Pipistrellus pygmaeus	FALSE	1	366823	FALSE		1	Pipistrellus_pygmaeus
pisaura mirabilis	Pisaura mirabilis	FALSE	1	963013	FALSE		1	Pisaura_mirabilis
piscicola geometra	Piscicola geometra	FALSE	1	217749	FALSE		1	Piscicola_geometra
pithanus maerkelii	Pithanus maerkelii	FALSE	1	3478296	FALSE		1	Pithanus_maerkelii
plagiochila carringtonii	Plagiochila carringtonii	FALSE	1	100072	FALSE		1	Plagiochila_carringtonii
plagiodera versicolora	Plagiodera versicolora	FALSE	1	535621	FALSE		1	Plagiodera_versicolora
plagiothecium denticulatum	Plagiothecium denticulatum	FALSE	1	479842	FALSE		1	Plagiothecium_denticulatum
plagodis dolabraria	Plagodis dolabraria	FALSE	1	1009195	FALSE		1	Plagodis_dolabraria
plagodis pulveraria	Plagodis pulveraria	FALSE	1	1007361	FALSE		1	Plagodis_pulveraria
planococcus citri	Planococcus citri	FALSE	1	603468	FALSE		2	Planococcus_citri
platalea leucorodia	Platalea leucorodia	FALSE	1	317305	FALSE		1	Platalea_leucorodia
platanus x hispanica	Platanus x hispanica	FALSE	1	3944829	FALSE	hybrid	1	Platanus_x_hispanica
platichthys flesus	Platichthys flesus	FALSE	1	408331	FALSE		1	Platichthys_flesus
platismatia glauca	Platismatia glauca	FALSE	1	880683	FALSE		1	Platismatia_glauca
platycephala planifrons	Platycephala planifrons	FALSE	1	4364518	FALSE		1	Platycephala_planifrons
platycheirus albimanus	Platycheirus albimanus	FALSE	1	390029	FALSE	sibling_higher	2	Platycheirus_albimanus
platycheirus rosarum	Platycheirus rosarum	FALSE	1	4356775	FALSE	sibling_higher	1	Platycheirus_rosarum
platycnemis pennipes	Platycnemis pennipes	FALSE	1	340909	FALSE		1	Platycnemis_pennipes
platydracus latebricola	Platydracus latebricola	FALSE	1	3350839	FALSE		1	Platydracus_latebricola
platyedra subcinerea	Platyedra subcinerea	FALSE	1	3238482	FALSE		1	Platyedra_subcinerea
platyptilia gonodactyla	Platyptilia gonodactyla	FALSE	1	95584	FALSE	sibling_higher	1	Platyptilia_gonodactyla
platypus cylindrus	Platypus cylindrus	FALSE	1	1086009	FALSE		1	Platypus_cylindrus
platyrhinus resinosus	Platyrhinus resinosus	FALSE	1	3408226	FALSE		1	Platyrhinus_resinosus
platystomos albinus	Platystomos albinus	FALSE	1	973438	FALSE		1	Platystomos_albinus
platytes cerussella	Platytes cerussella	FALSE	1	3169583	FALSE		1	Platytes_cerussella
plebejus argus	Plebejus argus	FALSE	1	145079	FALSE	sibling_higher	1	Plebejus_argus
plecotus auritus	Plecotus auritus	FALSE	1	350140	FALSE		1	Plecotus_auritus
plemyria rubiginata	Plemyria rubiginata	FALSE	1	812857	FALSE		1	Plemyria_rubiginata
pleuronectes platessa	Pleuronectes platessa	FALSE	1	408337	FALSE		1	Pleuronectes_platessa
pleurotus eryngii	Pleurotus eryngii	FALSE	1	216726	FALSE		1	Pleurotus_eryngii
pleurotus ostreatus	Pleurotus ostreatus	FALSE	1	581149	FALSE		4	Pleurotus_ostreatus
pleurozia purpurea	Pleurozia purpurea	FALSE	1	33997	FALSE		1	Pleurozia_purpurea
plodia interpunctella	Plodia interpunctella	FALSE	1	710461	FALSE		1	Plodia_interpunctella
plusia festucae	Plusia festucae	FALSE	1	635001	FALSE		1	Plusia_festucae
plusia putnami	Plusia putnami	FALSE	1	38818	FALSE		1	Plusia_putnami
plutella xylostella	Plutella xylostella	FALSE	1	664811	FALSE		1	Plutella_xylostella
poa chaixii	Poa chaixii	FALSE	1	397792	FALSE	sibling_higher	1	Poa_chaixii
pocota personata	Pocota personata	FALSE	1	4358481	FALSE		1	Pocota_personata
podabrus alpinus	Podabrus alpinus	FALSE	1	5073576	FALSE		1	Podabrus_alpinus
podagrica fuscicornis	Podagrica fuscicornis	FALSE	1	3371368	FALSE		1	Podagrica_fuscicornis
poecile palustris	Poecile palustris	FALSE	1	17260	FALSE		1	Poecile_palustris
poecilobothrus nobilitatus	Poecilobothrus nobilitatus	FALSE	1	138360	FALSE		1	Poecilobothrus_nobilitatus
poecilus cupreus	Poecilus cupreus	FALSE	1	91529	FALSE		1	Poecilus_cupreus
pogonatum aloides	Pogonatum aloides	FALSE	1	263965	FALSE	sibling_higher	1	Pogonatum_aloides
pogonocherus hispidulus	Pogonocherus hispidulus	FALSE	1	849755	FALSE		1	Pogonocherus_hispidulus
pogonognathellus longicornis	Pogonognathellus longicornis	FALSE	1	157616	FALSE		1	Pogonognathellus_longicornis
pogonus chalceus	Pogonus chalceus	FALSE	1	596820	FALSE		1	Pogonus_chalceus
pohlia annotina	Pohlia annotina	FALSE	1	619089	FALSE		1	Pohlia_annotina
pohlia cruda	Pohlia cruda	FALSE	1	991830	FALSE		1	Pohlia_cruda
pohlia nutans	Pohlia nutans	FALSE	1	1022291	FALSE		1	Pohlia_nutans
pohlia wahlenbergii	Pohlia wahlenbergii	FALSE	1	66301	FALSE		1	Pohlia_wahlenbergii
polemochartus liparae	Polemochartus liparae	FALSE	1	113557	FALSE		1	Polemochartus_liparae
polia nebulosa	Polia nebulosa	FALSE	1	624597	FALSE		1	Polia_nebulosa
polietes domitor	Polietes domitor	FALSE	1	4364882	FALSE	sibling_higher	1	Polietes_domitor
polietes lardarius	Polietes lardarius	FALSE	1	558839	FALSE	sibling_higher	1	Polietes_lardarius
polietes meridionalis	Polietes meridionalis	FALSE	1	4364877	FALSE	sibling_higher	1	Polietes_meridionalis
polistichus connexus	Polistichus connexus	FALSE	1	956463	FALSE		1	Polistichus_connexus
pollachius pollachius	Pollachius pollachius	FALSE	1	1014047	FALSE		1	Pollachius_pollachius
pollenia amentaria	Pollenia amentaria	FALSE	1	159266	FALSE	sibling_higher	1	Pollenia_amentaria
pollenia angustigena	Pollenia angustigena	FALSE	1	4388975	FALSE	sibling_higher	1	Pollenia_angustigena
pollenia griseotomentosa	Pollenia griseotomentosa	FALSE	1	4389066	FALSE	sibling_higher	1	Pollenia_griseotomentosa
pollenia labialis	Pollenia labialis	FALSE	1	4388974	FALSE	sibling_higher	1	Pollenia_labialis
pollenia pediculata	Pollenia pediculata	FALSE	1	4388976	FALSE	sibling_higher	1	Pollenia_pediculata
polyblastus varitarsus	Polyblastus varitarsus	FALSE	1	462309	FALSE	sibling_higher	1	Polyblastus_varitarsus
polycarpa mamillaris	Polycarpa mamillaris	FALSE	1	3646530	FALSE		2	Polycarpa_mamillaris
polycarpon tetraphyllum	Polycarpon tetraphyllum	FALSE	1	300033	FALSE	sibling_higher	1	Polycarpon_tetraphyllum
polycera quadrilineata	Polycera quadrilineata	FALSE	1	760601	FALSE		1	Polycera_quadrilineata
polydesmus denticulatus	Polydesmus denticulatus	FALSE	1	925454	FALSE		2	Polydesmus_denticulatus
polydrusus cervinus	Polydrusus cervinus	FALSE	1	653214	FALSE		1	Polydrusus_cervinus
polydrusus formosus	Polydrusus formosus	FALSE	1	3411338	FALSE		1	Polydrusus_formosus
polydrusus impressifrons	Polydrusus impressifrons	FALSE	1	3411359	FALSE		1	Polydrusus_impressifrons
polydrusus pterygomalis	Polydrusus pterygomalis	FALSE	1	753916	FALSE		1	Polydrusus_pterygomalis
polydrusus tereticollis	Polydrusus tereticollis	FALSE	1	3411315	FALSE		1	Polydrusus_tereticollis
polygala serpyllifolia	Polygala serpyllifolia	FALSE	1	270036	FALSE		1	Polygala_serpyllifolia
polygonia c album	Polygonia c-album	TRUE	0.941176474094391	522165	FALSE		3	Polygonia_c_album
polygonum aviculare	Polygonum aviculare	FALSE	1	143996	FALSE		3	Polygonum_aviculare
polygonum maritimum	Polygonum maritimum	FALSE	1	338759	FALSE		3	Polygonum_maritimum
polymixis flavicincta	Polymixis flavicincta	FALSE	1	3210067	FALSE		1	Polymixis_flavicincta
polymixis lichenea	Polymixis lichenea	FALSE	1	3210062	FALSE		1	Polymixis_lichenea
polyommatus icarus	Polyommatus icarus	FALSE	1	854609	FALSE	sibling_higher	1	Polyommatus_icarus
polyploca ridens	Polyploca ridens	FALSE	1	183636	FALSE		1	Polyploca_ridens
polypogon plumigeralis	Polypogon plumigeralis	FALSE	1	682075	FALSE		1	Polypogon_plumigeralis
polypogon viridis	Polypogon viridis	FALSE	1	968282	FALSE		1	Polypogon_viridis
polytribax perspicillator	Polytribax perspicillator	FALSE	1	7866009	FALSE		1	Polytribax_perspicillator
polytrichastrum alpinum	Polytrichastrum alpinum	FALSE	1	1012882	FALSE		1	Polytrichastrum_alpinum
polytrichastrum sexangulare	Polytrichastrum sexangulare	FALSE	1	985327	FALSE		1	Polytrichastrum_sexangulare
polytrichum commune	Polytrichum commune	FALSE	1	821356	FALSE		1	Polytrichum_commune
polytrichum formosum	Polytrichum formosum	FALSE	1	199296	FALSE		1	Polytrichum_formosum
polytrichum juniperinum	Polytrichum juniperinum	FALSE	1	1012879	FALSE		1	Polytrichum_juniperinum
polytrichum piliferum	Polytrichum piliferum	FALSE	1	329312	FALSE		1	Polytrichum_piliferum
polytrichum strictum	Polytrichum strictum	FALSE	1	1012884	FALSE		1	Polytrichum_strictum
pomatias elegans	Pomatias elegans	FALSE	1	1059117	FALSE		2	Pomatias_elegans
pontederia cordata	Pontederia cordata	FALSE	1	201064	FALSE		2	Pontederia_cordata
populicerus laminatus	Populicerus laminatus	FALSE	1	4215118	FALSE		1	Populicerus_laminatus
populus alba	Populus alba	FALSE	1	1030862	FALSE		1	Populus_alba
populus nigra	Populus nigra	FALSE	1	8848	FALSE		1	Populus_nigra
populus tremula	Populus tremula	FALSE	1	839584	FALSE		1	Populus_tremula
porella arboris vitae	Porella arboris-vitae	TRUE	0.952380955219269	875763	FALSE		2	Porella_arboris_vitae
poromitra crassiceps	Poromitra crassiceps	FALSE	1	190701	FALSE		1	Poromitra_crassiceps
porpolomopsis calyptriformis	Humidicutis calyptriformis	FALSE	1	110719	TRUE		1	Porpolomopsis_calyptriformis
portevinia maculata	Portevinia maculata	FALSE	1	960640	FALSE		1	Portevinia_maculata
potamogeton compressus	Potamogeton compressus	FALSE	1	431968	FALSE		2	Potamogeton_compressus
potamogeton crispus	Potamogeton crispus	FALSE	1	242996	FALSE		1	Potamogeton_crispus
potamogeton epihydrus	Potamogeton epihydrus	FALSE	1	684468	FALSE		1	Potamogeton_epihydrus
potamogeton lucens	Potamogeton lucens	FALSE	1	326160	FALSE		3	Potamogeton_lucens
potamogeton natans	Potamogeton natans	FALSE	1	326157	FALSE		1	Potamogeton_natans
potamogeton nodosus	Potamogeton nodosus	FALSE	1	316723	FALSE		1	Potamogeton_nodosus
potamogeton perfoliatus	Potamogeton perfoliatus	FALSE	1	817751	FALSE		1	Potamogeton_perfoliatus
potamogeton pusillus	Potamogeton pusillus	FALSE	1	30681	FALSE		1	Potamogeton_pusillus
potamogeton trichoides	Potamogeton trichoides	FALSE	1	736197	FALSE		3	Potamogeton_trichoides
potentilla anglica	Potentilla anglica	FALSE	1	861623	FALSE	incertae_sedis_inherited	1	Potentilla_anglica
potentilla anserina	Potentilla anserina	FALSE	1	328270	FALSE	incertae_sedis_inherited	1	Potentilla_anserina
potentilla indica	Potentilla indica	FALSE	1	713704	FALSE	incertae_sedis_inherited	1	Potentilla_indica
potentilla sterilis	Potentilla sterilis	FALSE	1	980110	FALSE	incertae_sedis_inherited	1	Potentilla_sterilis
prays fraxinella	Prays fraxinella	FALSE	1	769386	FALSE		1	Prays_fraxinella
primula farinosa	Primula farinosa	FALSE	1	993540	FALSE		4	Primula_farinosa
primula scotica	Primula scotica	FALSE	1	233563	FALSE		1	Primula_scotica
primula veris	Primula veris	FALSE	1	596319	FALSE		1	Primula_veris
primula vulgaris	Primula vulgaris	FALSE	1	125543	FALSE		1	Primula_vulgaris
priocnemis perturbator	Priocnemis perturbator	FALSE	1	3262038	FALSE		1	Priocnemis_perturbator
prionocera turcica	Prionocera turcica	FALSE	1	4512630	FALSE		1	Prionocera_turcica
prionocyphon serricornis	Prionocyphon serricornis	FALSE	1	3417733	FALSE		1	Prionocyphon_serricornis
prionychus ater	Prionychus ater	FALSE	1	207619	FALSE		1	Prionychus_ater
prociphilus bumeliae	Prociphilus bumeliae	FALSE	1	3446276	FALSE		1	Prociphilus_bumeliae
procloeon bifidum	Procloeon bifidum	FALSE	1	3005599	FALSE		1	Procloeon_bifidum
promethes sulcator	Promethes sulcator	FALSE	1	398439	FALSE		1	Promethes_sulcator
propylea quattuordecimpunctata	Propylea quatuordecimpunctata	TRUE	0.966666638851166	276219	FALSE		3	Propylea_quattuordecimpunctata
prosena siberita	Prosena siberita	FALSE	1	4376464	FALSE		1	Prosena_siberita
protarchanara brevilinea	Protarchanara brevilinea	FALSE	1	4256338	FALSE		1	Protarchanara_brevilinea
protocalliphora azurea	Protocalliphora azurea	FALSE	1	335149	FALSE	sibling_higher	1	Protocalliphora_azurea
protoclythia modesta	Protoclythia modesta	FALSE	1	265153	FALSE		1	Protoclythia_modesta
protodeltote pygarga	Protodeltote pygarga	FALSE	1	1031666	FALSE		1	Protodeltote_pygarga
protonemura montana	Protonemura montana	FALSE	1	5018175	FALSE		1	Protonemura_montana
protophormia terraenovae	Protophormia terraenovae	FALSE	1	464353	FALSE		1	Protophormia_terraenovae
prunella modularis	Prunella modularis	FALSE	1	875990	FALSE		1	Prunella_modularis
prunella vulgaris	Prunella vulgaris	FALSE	1	305931	FALSE		1	Prunella_vulgaris
prunus avium	Prunus avium	FALSE	1	162547	FALSE	sibling_higher	1	Prunus_avium
prunus lusitanica	Prunus lusitanica	FALSE	1	176177	FALSE	sibling_higher	2	Prunus_lusitanica
prunus padus	Prunus padus	FALSE	1	1004570	FALSE	sibling_higher	1	Prunus_padus
psallus varians	Psallus varians	FALSE	1	3476959	FALSE		1	Psallus_varians
psathyrella piluliformis	Psathyrella piluliformis	FALSE	1	806441	FALSE	sibling_higher	2	Psathyrella_piluliformis
pseudeuparius sepicola	Enedreytes sepicola	FALSE	1	4605995	TRUE	sibling_higher	1	Pseudeuparius_sepicola
pseudisothecium interludens								Pseudisothecium_interludens
pseudobryum cinclidioides	Pseudobryum cinclidioides	FALSE	1	14549	FALSE		1	Pseudobryum_cinclidioides
pseudochorthippus parallelus	Pseudochorthippus parallelus	FALSE	1	7902203	FALSE		1	Pseudochorthippus_parallelus
pseudocistela ceramboides	Pseudocistela ceramboides	FALSE	1	621619	FALSE		1	Pseudocistela_ceramboides
pseudognaphalium luteoalbum	Pseudognaphalium luteoalbum	FALSE	1	7333	FALSE		1	Pseudognaphalium_luteoalbum
pseudoips prasinana	Pseudoips prasinanus	FALSE	1	270791	TRUE		1	Pseudoips_prasinana
pseudopediastrum boryanum	Pseudopediastrum boryanum	FALSE	1	410210	FALSE		1	Pseudopediastrum_boryanum
pseudosciaphila branderiana	Pseudosciaphila branderiana	FALSE	1	20832	FALSE		1	Pseudosciaphila_branderiana
pseudoscleropodium purum	Pseudoscleropodium purum	FALSE	1	447538	FALSE		1	Pseudoscleropodium_purum
pseudoswammerdamia combinella	Pseudoswammerdamia combinella	FALSE	1	4230699	FALSE		1	Pseudoswammerdamia_combinella
pseudotaxiphyllum elegans	Pseudotaxiphyllum elegans	FALSE	1	787547	FALSE		1	Pseudotaxiphyllum_elegans
pseudoterpna pruinata	Pseudoterpna pruinata	FALSE	1	134363	FALSE		1	Pseudoterpna_pruinata
psittacula krameri	Psittacula krameri	FALSE	1	1020124	FALSE		1	Psittacula_krameri
psococerastis gibbosa	Psococerastis gibbosa	FALSE	1	3431935	FALSE		1	Psococerastis_gibbosa
psychoides filicivora	Psychoides filicivora	FALSE	1	3035243	FALSE		1	Psychoides_filicivora
psylliodes napi	Psylliodes napi	FALSE	1	850446	FALSE		1	Psylliodes_napi
pterapherapteryx sexalata	Pterapherapteryx sexalata	FALSE	1	739208	FALSE		1	Pterapherapteryx_sexalata
pterigynandrum filiforme	Pterigynandrum filiforme	FALSE	1	475111	FALSE		1	Pterigynandrum_filiforme
pterophorus pentadactyla	Pterophorus pentadactyla	FALSE	1	5028097	FALSE		1	Pterophorus_pentadactyla
pterostichus diligens	Pterostichus diligens	FALSE	1	732748	FALSE		1	Pterostichus_diligens
pterostichus madidus	Pterostichus madidus	FALSE	1	408440	FALSE		1	Pterostichus_madidus
pterostichus niger	Pterostichus niger	FALSE	1	555503	FALSE		1	Pterostichus_niger
pterostichus nigrita	Pterostichus nigrita	FALSE	1	428740	FALSE		1	Pterostichus_nigrita
pterostichus vernalis	Pterostichus vernalis	FALSE	1	330910	FALSE		1	Pterostichus_vernalis
pterostoma palpinum	Pterostoma palpinum	FALSE	1	960417	FALSE		1	Pterostoma_palpinum
ptilidium ciliare	Ptilidium ciliare	FALSE	1	692283	FALSE		1	Ptilidium_ciliare
ptilodon capucinus	Ptilodon capucinus	FALSE	1	960406	FALSE		1	Ptilodon_capucinus
ptilodon cucullina	Ptilodon cucullina	FALSE	1	624615	FALSE		1	Ptilodon_cucullina
ptilophora plumigera	Ptilophora plumigera	FALSE	1	234701	FALSE		1	Ptilophora_plumigera
ptycholoma lecheana	Ptycholoma lecheana	FALSE	1	43165	FALSE		1	Ptycholoma_lecheana
ptychomitrium polyphyllum	Ptychomitrium polyphyllum	FALSE	1	12739	FALSE		1	Ptychomitrium_polyphyllum
ptychoptera albimana	Ptychoptera albimana	FALSE	1	4512977	FALSE		1	Ptychoptera_albimana
ptychoptera contaminata	Ptychoptera contaminata	FALSE	1	4512983	FALSE		1	Ptychoptera_contaminata
ptychoptera lacustris	Ptychoptera lacustris	FALSE	1	4513026	FALSE		1	Ptychoptera_lacustris
ptychostomum cyclophyllum	Ptychostomum cyclophyllum	FALSE	1	374719	FALSE		1	Ptychostomum_cyclophyllum
ptychostomum pallens	Ptychostomum pallens	FALSE	1	899864	FALSE		1	Ptychostomum_pallens
puffinus puffinus	Puffinus puffinus	FALSE	1	471661	FALSE		1	Puffinus_puffinus
pulicaria dysenterica	Pulicaria dysenterica	FALSE	1	959566	FALSE		1	Pulicaria_dysenterica
pungitius pungitius	Pungitius pungitius	FALSE	1	561269	FALSE		1	Pungitius_pungitius
pusa hispida	Pusa hispida	FALSE	1	175251	FALSE		1	Pusa_hispida
pycnococcus provasolii	Pycnococcus provasolii	FALSE	1	361902	FALSE		1	Pycnococcus_provasolii
pycnomerus fuliginosus	Pycnomerus fuliginosus	FALSE	1	181383	FALSE		1	Pycnomerus_fuliginosus
pycnonotus jocosus	Pycnonotus jocosus	FALSE	1	778857	FALSE		1	Pycnonotus_jocosus
pyralis farinalis	Pyralis farinalis	FALSE	1	929861	FALSE		1	Pyralis_farinalis
pyrausta aurata	Pyrausta aurata	FALSE	1	3165542	FALSE		1	Pyrausta_aurata
pyrausta despicata	Pyrausta despicata	FALSE	1	289061	FALSE		1	Pyrausta_despicata
pyrausta nigrata	Pyrausta nigrata	FALSE	1	3165630	FALSE		1	Pyrausta_nigrata
pyrausta purpuralis	Pyrausta purpuralis	FALSE	1	20840	FALSE		1	Pyrausta_purpuralis
pyrgus malvae	Pyrgus malvae	FALSE	1	673690	FALSE		1	Pyrgus_malvae
pyrochroa serraticornis	Pyrochroa serraticornis	FALSE	1	428742	FALSE		1	Pyrochroa_serraticornis
pyrrhalta viburni	Pyrrhalta viburni	FALSE	1	1089432	FALSE		1	Pyrrhalta_viburni
pyrrhia umbra	Pyrrhia umbra	FALSE	1	110657	FALSE		1	Pyrrhia_umbra
pyrrhocorax pyrrhocorax	Pyrrhocorax pyrrhocorax	FALSE	1	662798	FALSE		1	Pyrrhocorax_pyrrhocorax
pyrrhosoma nymphula	Pyrrhosoma nymphula	FALSE	1	776328	FALSE		1	Pyrrhosoma_nymphula
pyrrhula pyrrhula	Pyrrhula pyrrhula	FALSE	1	1083726	FALSE		1	Pyrrhula_pyrrhula
pyrus communis	Pyrus communis	FALSE	1	972654	FALSE		3	Pyrus_communis
quedius lateralis	Quedius lateralis	FALSE	1	430479	FALSE		1	Quedius_lateralis
quercus cerris	Quercus cerris	FALSE	1	520576	FALSE		3	Quercus_cerris
quercus ilex	Quercus ilex	FALSE	1	272692	FALSE		2	Quercus_ilex
quercus petraea	Quercus petraea	FALSE	1	516540	FALSE		1	Quercus_petraea
quercus robur	Quercus robur	FALSE	1	239659	FALSE		1	Quercus_robur
racomitrium heterostichum	Racomitrium heterostichum	FALSE	1	1057170	FALSE		1	Racomitrium_heterostichum
radula complanata	Radula complanata	FALSE	1	692281	FALSE		1	Radula_complanata
raja brachyura	Raja brachyura	FALSE	1	607396	FALSE		2	Raja_brachyura
raja clavata	Raja clavata	FALSE	1	493424	FALSE		1	Raja_clavata
raja microocellata	Raja microocellata	FALSE	1	607393	FALSE		1	Raja_microocellata
raja montagui	Raja montagui	FALSE	1	1093440	FALSE		1	Raja_montagui
rallus aquaticus	Rallus aquaticus	FALSE	1	32323	FALSE		1	Rallus_aquaticus
ramalina siliquosa	Ramalina siliquosa	FALSE	1	607539	FALSE		1	Ramalina_siliquosa
ramariopsis corniculata	Clavulinopsis corniculata	FALSE	1	817940	TRUE		1	Ramariopsis_corniculata
ramonda spathulata	Ramonda spathulata	FALSE	1	4378870	FALSE		1	Ramonda_spathulata
ramularia vizellae	Ramularia vizellae	FALSE	1	274914	FALSE	sibling_higher	1	Ramularia_vizellae
rana temporaria	Rana temporaria	FALSE	1	14718	FALSE		1	Rana_temporaria
ranunculus repens	Ranunculus repens	FALSE	1	310805	FALSE	sibling_higher	1	Ranunculus_repens
ranunculus sardous	Ranunculus sardous	FALSE	1	928421	FALSE	sibling_higher	1	Ranunculus_sardous
ranunculus sceleratus	Ranunculus sceleratus	FALSE	1	747491	FALSE	sibling_higher	1	Ranunculus_sceleratus
raphanus raphanistrum	Raphanus raphanistrum	FALSE	1	376999	FALSE		1	Raphanus_raphanistrum
reboulia hemisphaerica	Reboulia hemisphaerica	FALSE	1	985279	FALSE		1	Reboulia_hemisphaerica
recurvaria nanella	Recurvaria nanella	FALSE	1	769382	FALSE		1	Recurvaria_nanella
regulus ignicapilla	Regulus ignicapilla	FALSE	1	3599741	FALSE	incertae_sedis_inherited	1	Regulus_ignicapilla
regulus regulus	Regulus regulus	FALSE	1	3599889	FALSE	incertae_sedis_inherited	1	Regulus_regulus
reseda luteola	Reseda luteola	FALSE	1	359604	FALSE		1	Reseda_luteola
rhabdoweisia crispata	Rhabdoweisia crispata	FALSE	1	604968	FALSE		1	Rhabdoweisia_crispata
rhadiurgus variabilis	Rhadiurgus variabilis	FALSE	1	4442955	FALSE		1	Rhadiurgus_variabilis
rhagio lineola	Rhagio lineola	FALSE	1	4449227	FALSE		1	Rhagio_lineola
rhagio scolopaceus	Rhagio scolopaceus	FALSE	1	4449322	FALSE		1	Rhagio_scolopaceus
rhagio tringarius	Rhagio tringarius	FALSE	1	4449257	FALSE		1	Rhagio_tringarius
rhagium inquisitor	Rhagium inquisitor	FALSE	1	1092853	FALSE		1	Rhagium_inquisitor
rhagium mordax	Rhagium mordax	FALSE	1	467677	FALSE		1	Rhagium_mordax
rhagonycha fulva	Rhagonycha fulva	FALSE	1	867942	FALSE		1	Rhagonycha_fulva
rhagonycha lignosa	Rhagonycha lignosa	FALSE	1	618821	FALSE		1	Rhagonycha_lignosa
rhagonycha lutea	Rhagonycha lutea	FALSE	1	3413938	FALSE		1	Rhagonycha_lutea
rhamnus cathartica	Rhamnus cathartica	FALSE	1	904368	FALSE		1	Rhamnus_cathartica
rhamphomyia laevipes	Rhamphomyia laevipes	FALSE	1	4341693	FALSE	sibling_higher	1	Rhamphomyia_laevipes
rhamphomyia sulcata	Rhamphomyia sulcata	FALSE	1	4341953	FALSE	sibling_higher	2	Rhamphomyia_sulcata
rhaphigaster nebulosa	Rhaphigaster nebulosa	FALSE	1	1085945	FALSE		1	Rhaphigaster_nebulosa
rheumaptera undulata	Rheumaptera undulata	FALSE	1	195378	FALSE		1	Rheumaptera_undulata
rhimphoctona megacephalus	Rhimphoctona megacephalus	FALSE	1	3288512	FALSE		1	Rhimphoctona_megacephalus
rhinanthus minor	Rhinanthus minor	FALSE	1	146124	FALSE		1	Rhinanthus_minor
rhingia campestris	Rhingia campestris	FALSE	1	960639	FALSE		1	Rhingia_campestris
rhingia rostrata	Rhingia rostrata	FALSE	1	4354334	FALSE		1	Rhingia_rostrata
rhinolophus hipposideros	Rhinolophus hipposideros	FALSE	1	610867	FALSE		1	Rhinolophus_hipposideros
rhizedra lutosa	Rhizedra lutosa	FALSE	1	1093020	FALSE		1	Rhizedra_lutosa
rhizopogon luteolus	Rhizopogon luteolus	FALSE	1	655824	FALSE		2	Rhizopogon_luteolus
rhizosphaera kalkhoffii	Rhizosphaera kalkhoffii	FALSE	1	837082	FALSE		1	Rhizosphaera_kalkhoffii
rhizotrogus aestivus	Rhizotrogus aestivus	FALSE	1	4626641	FALSE		1	Rhizotrogus_aestivus
rhodocollybia maculata	Rhodocollybia maculata	FALSE	1	388473	FALSE		1	Rhodocollybia_maculata
rhododendron ponticum	Rhododendron ponticum	FALSE	1	702552	FALSE		1	Rhododendron_ponticum
rhodomonas baltica	Rhodomonas baltica	FALSE	1	704881	FALSE	sibling_higher	1	Rhodomonas_baltica
rhodophaea formosa	Rhodophaea formosa	FALSE	1	3159008	FALSE		1	Rhodophaea_formosa
rhogogaster chlorosoma	Rhogogaster chlorosoma	FALSE	1	3245353	FALSE		1	Rhogogaster_chlorosoma
rhopalum coarctatum	Rhopalum coarctatum	FALSE	1	3276900	FALSE		1	Rhopalum_coarctatum
rhopobota naevana	Rhopobota naevana	FALSE	1	195375	FALSE		1	Rhopobota_naevana
rhopobota stagnana	Rhopobota stagnana	FALSE	1	3050203	FALSE		1	Rhopobota_stagnana
rhopobota ustomaculana	Rhopobota ustomaculana	FALSE	1	20842	FALSE		1	Rhopobota_ustomaculana
rhorus exstirpatorius	Rhorus exstirpatorius	FALSE	1	3280434	FALSE		1	Rhorus_exstirpatorius
rhyacionia buoliana	Rhyacionia buoliana	FALSE	1	20836	FALSE		1	Rhyacionia_buoliana
rhyacionia pinicolana	Rhyacionia pinicolana	FALSE	1	20838	FALSE		1	Rhyacionia_pinicolana
rhynchostegiella tenella	Rhynchostegiella tenella	FALSE	1	104771	FALSE		1	Rhynchostegiella_tenella
rhynchostegium confertum	Rhynchostegium confertum	FALSE	1	772699	FALSE		1	Rhynchostegium_confertum
rhynchostegium megapolitanum	Rhynchostegium megapolitanum	FALSE	1	997345	FALSE		1	Rhynchostegium_megapolitanum
rhyparochromus pini	Rhyparochromus pini	FALSE	1	3471026	FALSE		1	Rhyparochromus_pini
rhysodromus fallax	Rhysodromus fallax	FALSE	1	3552740	FALSE		1	Rhysodromus_fallax
rhyssella approximator	Rhyssella approximator	FALSE	1	935543	FALSE		1	Rhyssella_approximator
rhytidiadelphus loreus	Rhytidiadelphus loreus	FALSE	1	1048958	FALSE		1	Rhytidiadelphus_loreus
rhyzobius forestieri	Rhyzobius forestieri	FALSE	1	3355711	FALSE	sibling_higher	1	Rhyzobius_forestieri
ribautiana ulmi	Ribautiana ulmi	FALSE	1	4210028	FALSE	incertae_sedis	1	Ribautiana_ulmi
ribes nigrum	Ribes nigrum	FALSE	1	248647	FALSE		2	Ribes_nigrum
ribes rubrum	Ribes rubrum	FALSE	1	154642	FALSE		2	Ribes_rubrum
ribes uva crispa	Ribes uva-crispa	TRUE	0.9375	163280	FALSE		1	Ribes_uva_crispa
riccia beyrichiana	Riccia beyrichiana	FALSE	1	233163	FALSE		1	Riccia_beyrichiana
riccia sorocarpa	Riccia sorocarpa	FALSE	1	807298	FALSE		1	Riccia_sorocarpa
riparia riparia	Riparia riparia	FALSE	1	922718	FALSE		1	Riparia_riparia
ripartites tricholoma	Ripartites tricholoma	FALSE	1	806444	FALSE		1	Ripartites_tricholoma
rivellia syngenesiae	Rivellia syngenesiae	FALSE	1	168189	FALSE		1	Rivellia_syngenesiae
robinia pseudoacacia	Robinia pseudoacacia	FALSE	1	928416	FALSE		1	Robinia_pseudoacacia
roeseliana roeselii	Roeseliana roeselii	FALSE	1	885842	FALSE		1	Roeseliana_roeselii
roeslerstammia erxlebella	Roeslerstammia erxlebella	FALSE	1	110653	FALSE		1	Roeslerstammia_erxlebella
rosa agrestis	Rosa agrestis	FALSE	1	775482	FALSE	incertae_sedis_inherited	1	Rosa_agrestis
rosa canina	Rosa canina	FALSE	1	333885	FALSE	incertae_sedis_inherited	1	Rosa_canina
rosa rubiginosa	Rosa rubiginosa	FALSE	1	333892	FALSE	incertae_sedis_inherited	1	Rosa_rubiginosa
rosa rugosa	Rosa rugosa	FALSE	1	1054790	FALSE	incertae_sedis_inherited	1	Rosa_rugosa
rosa spinosissima	Rosa spinosissima	FALSE	1	333873	FALSE	incertae_sedis_inherited	1	Rosa_spinosissima
rosulabryum capillare	Rosulabryum capillare	FALSE	1	366369	FALSE		1	Rosulabryum_capillare
rubus caesius	Rubus caesius	FALSE	1	148066	FALSE	incertae_sedis_inherited	1	Rubus_caesius
rubus idaeus	Rubus idaeus	FALSE	1	156929	FALSE	incertae_sedis_inherited	2	Rubus_idaeus
rubus saxatilis	Rubus saxatilis	FALSE	1	618054	FALSE	incertae_sedis_inherited	2	Rubus_saxatilis
ruditapes philippinarum	Ruditapes philippinarum	FALSE	1	913666	FALSE		1	Ruditapes_philippinarum
rumex acetosa	Rumex acetosa	FALSE	1	134757	FALSE	sibling_higher	1	Rumex_acetosa
rumex acetosella	Rumex acetosella	FALSE	1	763019	FALSE	sibling_higher	2	Rumex_acetosella
rumex conglomeratus	Rumex conglomeratus	FALSE	1	999553	FALSE	sibling_higher	1	Rumex_conglomeratus
rumex obtusifolius	Rumex obtusifolius	FALSE	1	904388	FALSE	sibling_higher	1	Rumex_obtusifolius
russula aff farinipes	Russula farinipes	TRUE	0.764705896377563	185636	FALSE		1	Russula_aff_farinipes
russula delica	Russula delica	FALSE	1	82940	FALSE		1	Russula_delica
russula faginea	Russula faginea	FALSE	1	129159	FALSE		1	Russula_faginea
russula gracillima	Russula gracillima	FALSE	1	185637	FALSE		1	Russula_gracillima
russula nigricans	Russula nigricans	FALSE	1	237550	FALSE		2	Russula_nigricans
russula nobilis	Russula nobilis	FALSE	1	5299312	FALSE		1	Russula_nobilis
russula olivacea	Russula olivacea	FALSE	1	237552	FALSE		1	Russula_olivacea
russula versicolor	Russula versicolor	FALSE	1	489998	FALSE		1	Russula_versicolor
russula vesca	Russula vesca	FALSE	1	812088	FALSE		1	Russula_vesca
rutilus rutilus	Rutilus rutilus	FALSE	1	421037	FALSE		1	Rutilus_rutilus
rutpela maculata	Leptura maculata	FALSE	1	556912	TRUE	sibling_higher	1	Rutpela_maculata
rymosia fasciata	Rymosia fasciata	FALSE	1	4493246	FALSE		1	Rymosia_fasciata
sabra harpagula	Sabra harpagula	FALSE	1	715768	FALSE		1	Sabra_harpagula
sacculina carcini	Sacculina carcini	FALSE	1	664820	FALSE		1	Sacculina_carcini
sagina maritima	Sagina maritima	FALSE	1	785896	FALSE		1	Sagina_maritima
salicornia ramosissima	Salicornia ramosissima	FALSE	1	765755	FALSE		2	Salicornia_ramosissima
salix alba	Salix alba (species in kingdom Archaeplastida)	FALSE	1	164209	FALSE	sibling_higher	2	Salix_alba
salix arbuscula	Salix arbuscula	FALSE	1	5763528	FALSE	sibling_higher	2	Salix_arbuscula
salix cinerea	Salix cinerea	FALSE	1	717148	FALSE	sibling_higher	3	Salix_cinerea
salix euxina	Salix euxina	FALSE	1	3915073	FALSE	sibling_higher	2	Salix_euxina
salix herbacea	Salix herbacea	FALSE	1	895200	FALSE	sibling_higher	2	Salix_herbacea
salix lanata	Salix lanata	FALSE	1	15250	FALSE	sibling_higher	3	Salix_lanata
salix myrsinifolia	Salix myrsinifolia	FALSE	1	505755	FALSE	sibling_higher	1	Salix_myrsinifolia
salix pentandra	Salix pentandra	FALSE	1	738780	FALSE	sibling_higher	2	Salix_pentandra
salix phylicifolia	Salix phylicifolia	FALSE	1	142970	FALSE	sibling_higher	2	Salix_phylicifolia
salix purpurea	Salix purpurea	FALSE	1	895197	FALSE	sibling_higher	1	Salix_purpurea
salix repens	Salix repens	FALSE	1	989627	FALSE	sibling_higher	2	Salix_repens
salix reticulata	Salix reticulata	FALSE	1	738786	FALSE	sibling_higher	1	Salix_reticulata
salix triandra	Salix triandra	FALSE	1	895184	FALSE	sibling_higher	1	Salix_triandra
salix viminalis	Salix viminalis	FALSE	1	458851	FALSE	sibling_higher	2	Salix_viminalis
salmo trutta	Salmo trutta	FALSE	1	688332	FALSE		1	Salmo_trutta
salpingus planirostris	Salpingus planirostris	FALSE	1	146379	FALSE	sibling_higher	2	Salpingus_planirostris
sambucus nigra	Sambucus nigra	FALSE	1	1042130	FALSE		1	Sambucus_nigra
samolus valerandi	Samolus valerandi	FALSE	1	10683	FALSE		1	Samolus_valerandi
sapyga quinquepunctata	Sapyga quinquepunctata	FALSE	1	3250893	FALSE		1	Sapyga_quinquepunctata
sarcophaga caerulescens	Sarcophaga caerulescens	FALSE	1	52415	FALSE		1	Sarcophaga_caerulescens
sarcophaga carnaria	Sarcophaga carnaria	FALSE	1	335139	FALSE		1	Sarcophaga_carnaria
sarcophaga rosellei	Sarcophaga rosellei	FALSE	1	930482	FALSE	sibling_higher	1	Sarcophaga_rosellei
sarcophaga subulata	Sarcophaga subulata	FALSE	1	4370474	FALSE		1	Sarcophaga_subulata
sarcophaga subvicina	Sarcophaga subvicina	FALSE	1	493334	FALSE		1	Sarcophaga_subvicina
sarcophaga vagans	Sarcophaga vagans	FALSE	1	926658	FALSE		2	Sarcophaga_vagans
sarcophaga variegata	Sarcophaga variegata	FALSE	1	493335	FALSE		1	Sarcophaga_variegata
sardina pilchardus	Sardina pilchardus	FALSE	1	1027727	FALSE		1	Sardina_pilchardus
sargus bipunctatus	Sargus bipunctatus	FALSE	1	371551	FALSE	sibling_higher	1	Sargus_bipunctatus
sarmentypnum sarmentosum	Sarmentypnum sarmentosum	FALSE	1	186092	FALSE		1	Sarmentypnum_sarmentosum
saturnia pavonia	Saturnia pavonia	FALSE	1	54248	FALSE		1	Saturnia_pavonia
saxifraga aizoides	Saxifraga aizoides	FALSE	1	479984	FALSE		1	Saxifraga_aizoides
saxifraga cespitosa	Saxifraga cespitosa	FALSE	1	444945	FALSE		1	Saxifraga_cespitosa
saxifraga oppositifolia	Saxifraga oppositifolia	FALSE	1	182593	FALSE		1	Saxifraga_oppositifolia
scaeva pyrastri	Scaeva pyrastri	FALSE	1	1070428	FALSE	sibling_higher	1	Scaeva_pyrastri
scaeva selenitica	Scaeva selenitica	FALSE	1	619356	FALSE	sibling_higher	1	Scaeva_selenitica
scambus brevicornis	Scambus brevicornis	FALSE	1	3279372	FALSE		1	Scambus_brevicornis
scapania compacta	Scapania compacta	FALSE	1	168110	FALSE		1	Scapania_compacta
scapania gracilis	Scapania gracilis	FALSE	1	844266	FALSE		1	Scapania_gracilis
scapania ornithopodioides	Scapania ornithopodioides	FALSE	1	333110	FALSE		1	Scapania_ornithopodioides
scapania undulata	Scapania undulata	FALSE	1	812077	FALSE		1	Scapania_undulata
scaphidium quadrimaculatum	Scaphidium quadrimaculatum	FALSE	1	994051	FALSE		1	Scaphidium_quadrimaculatum
scaptomyza pallida	Scaptomyza pallida	FALSE	1	534912	FALSE	sibling_higher	1	Scaptomyza_pallida
scardinius erythrophthalmus	Scardinius erythrophthalmus	FALSE	1	221709	FALSE		1	Scardinius_erythrophthalmus
scathophaga furcata	Scathophaga furcata	FALSE	1	170259	FALSE	sibling_higher	1	Scathophaga_furcata
scathophaga inquinata	Scathophaga inquinata	FALSE	1	170270	FALSE	sibling_higher	2	Scathophaga_inquinata
scathophaga litorea	Scathophaga litorea	FALSE	1	693219	FALSE	sibling_higher	1	Scathophaga_litorea
scathophaga stercoraria	Scathophaga stercoraria	FALSE	1	557400	FALSE	sibling_higher	1	Scathophaga_stercoraria
scellus notatus	Scellus notatus	FALSE	1	4338281	FALSE		1	Scellus_notatus
scheuchzeria palustris	Scheuchzeria palustris	FALSE	1	814198	FALSE		1	Scheuchzeria_palustris
schistidium strictum	Schistidium strictum	FALSE	1	715306	FALSE		1	Schistidium_strictum
schizoporella japonica	Schizoporella japonica	FALSE	1	2938689	FALSE		1	Schizoporella_japonica
schizopyga frigida	Schizopyga frigida	FALSE	1	471128	FALSE		1	Schizopyga_frigida
schizotus pectinicornis	Schizotus pectinicornis	FALSE	1	522128	FALSE		1	Schizotus_pectinicornis
schoenobius gigantella	Schoenobius gigantella	FALSE	1	3172348	FALSE		1	Schoenobius_gigantella
schoenobius gigantellus	Schoenobius gigantellus	FALSE	1	255108	FALSE		1	Schoenobius_gigantellus
schoenoplectus lacustris	Schoenoplectus lacustris	FALSE	1	91655	FALSE		1	Schoenoplectus_lacustris
schoenoplectus tabernaemontani	Schoenoplectus tabernaemontani	FALSE	1	265373	FALSE		1	Schoenoplectus_tabernaemontani
schoenoplectus triqueter	Schoenoplectus triqueter	FALSE	1	254324	FALSE		1	Schoenoplectus_triqueter
schoenus nigricans	Schoenus nigricans	FALSE	1	91666	FALSE		1	Schoenus_nigricans
schrankia costaestrigalis	Schrankia costaestrigalis	FALSE	1	602685	FALSE		1	Schrankia_costaestrigalis
schreckensteinia festaliella	Schreckensteinia festaliella	FALSE	1	929877	FALSE		1	Schreckensteinia_festaliella
sciapus platypterus	Sciapus platypterus	FALSE	1	440758	FALSE		1	Sciapus_platypterus
sciara hemerobioides	Sciara hemerobioides	FALSE	1	635081	FALSE		1	Sciara_hemerobioides
sciota angustella	Sciota angustella	FALSE	1	3157129	FALSE		1	Sciota_angustella
scirpus sylvaticus	Scirpus sylvaticus	FALSE	1	835720	FALSE	sibling_higher	2	Scirpus_sylvaticus
sciuro hypnum glaciale	Sciuro-hypnum glaciale	TRUE	0.954545438289642	434895	FALSE		1	Sciuro_hypnum_glaciale
sciurus carolinensis	Sciurus carolinensis	FALSE	1	410925	FALSE		1	Sciurus_carolinensis
sciurus vulgaris	Sciurus vulgaris	FALSE	1	286193	FALSE		1	Sciurus_vulgaris
scleranthus annuus	Scleranthus annuus	FALSE	1	564	FALSE		1	Scleranthus_annuus
scomber scombrus	Scomber scombrus	FALSE	1	70561	FALSE		1	Scomber_scombrus
scoparia ambigualis	Scoparia ambigualis	FALSE	1	3161197	FALSE		1	Scoparia_ambigualis
scoparia basistrigalis	Scoparia basistrigalis	FALSE	1	593667	FALSE		1	Scoparia_basistrigalis
scoparia pyralella	Scoparia pyralella	FALSE	1	3161042	FALSE		1	Scoparia_pyralella
scophthalmus maximus	Scophthalmus maximus	FALSE	1	778695	FALSE		1	Scophthalmus_maximus
scopula floslactata	Scopula floslactata	FALSE	1	432440	FALSE	sibling_higher	1	Scopula_floslactata
scopula immutata	Scopula immutata	FALSE	1	978392	FALSE	sibling_higher	1	Scopula_immutata
scopula ornata	Scopula ornata	FALSE	1	846940	FALSE	sibling_higher	1	Scopula_ornata
scotophaeus blackwalli	Scotophaeus blackwalli	FALSE	1	3552917	FALSE		1	Scotophaeus_blackwalli
scotopteryx bipunctaria	Scotopteryx bipunctaria	FALSE	1	978387	FALSE		1	Scotopteryx_bipunctaria
scotopteryx chenopodiata	Scotopteryx chenopodiata	FALSE	1	73473	FALSE		1	Scotopteryx_chenopodiata
scrobipalpa costella	Scrobipalpa costella	FALSE	1	3224526	FALSE		1	Scrobipalpa_costella
scrobipalpa ocellatella	Scrobipalpa ocellatella	FALSE	1	3224460	FALSE		1	Scrobipalpa_ocellatella
scrophularia umbrosa	Scrophularia umbrosa	FALSE	1	819696	FALSE		1	Scrophularia_umbrosa
scutellaria galericulata	Scutellaria galericulata (species in kingdom Archaeplastida)	FALSE	1	907313	FALSE		2	Scutellaria_galericulata
scutellaria minor	Scutellaria minor	FALSE	1	785890	FALSE		1	Scutellaria_minor
scyliorhinus canicula	Scyliorhinus canicula	FALSE	1	1026500	FALSE		1	Scyliorhinus_canicula
scythris empetrella	Scythris empetrella	FALSE	1	569434	FALSE		1	Scythris_empetrella
scythris picaepennis	Scythris picaepennis	FALSE	1	3227428	FALSE		1	Scythris_picaepennis
scythropia crataegella	Scythropia crataegella	FALSE	1	110649	FALSE		1	Scythropia_crataegella
sebastes mentella	Sebastes mentella	FALSE	1	1088432	FALSE	sibling_higher	1	Sebastes_mentella
sedum acre	Sedum acre	FALSE	1	387652	FALSE	sibling_higher	1	Sedum_acre
sedum album	Sedum album	FALSE	1	387654	FALSE	sibling_higher	1	Sedum_album
segestria senoculata	Segestria senoculata	FALSE	1	963010	FALSE		1	Segestria_senoculata
seladonia tumulorum	Seladonia tumulorum	FALSE	1	720823	FALSE		1	Seladonia_tumulorum
selandria serva	Selandria serva	FALSE	1	57644	FALSE		1	Selandria_serva
selenia dentaria	Selenia dentaria	FALSE	1	432451	FALSE		1	Selenia_dentaria
selenia tetralunaria	Selenia tetralunaria	FALSE	1	432449	FALSE		1	Selenia_tetralunaria
semibalanus balanoides	Semibalanus balanoides	FALSE	1	374192	FALSE		1	Semibalanus_balanoides
senecio squalidus	Senecio squalidus	FALSE	1	436593	FALSE		3	Senecio_squalidus
senecio sylvaticus	Senecio sylvaticus	FALSE	1	436590	FALSE		1	Senecio_sylvaticus
senecio viscosus	Senecio viscosus	FALSE	1	406547	FALSE		1	Senecio_viscosus
senecio vulgaris	Senecio vulgaris	FALSE	1	754105	FALSE		1	Senecio_vulgaris
senotainia conica	Senotainia conica	FALSE	1	4379621	FALSE	incertae_sedis_inherited	1	Senotainia_conica
senta flammea	Senta flammea	FALSE	1	4255991	FALSE		1	Senta_flammea
sepedon sphegea	Sepedon sphegea	FALSE	1	521159	FALSE		1	Sepedon_sphegea
sepia officinalis	Sepia officinalis	FALSE	1	528817	FALSE		1	Sepia_officinalis
serica brunnea	Serica brunnea	FALSE	1	267264	FALSE	sibling_higher	1	Serica_brunnea
sericomyia silentis	Sericomyia silentis	FALSE	1	4354950	FALSE	sibling_higher	1	Sericomyia_silentis
serpula vermicularis	Serpula vermicularis	FALSE	1	566288	FALSE	sibling_higher	3	Serpula_vermicularis
serratella ignita	Serratella ignita	FALSE	1	417399	FALSE		1	Serratella_ignita
sertularella gayi	Sertularella gayi	FALSE	1	971189	FALSE		1	Sertularella_gayi
seseli libanotis	Seseli libanotis	FALSE	1	164503	FALSE	sibling_higher	1	Seseli_libanotis
sesia apiformis	Sesia apiformis	FALSE	1	863146	FALSE		1	Sesia_apiformis
sesia bembeciformis	Sesia bembeciformis	FALSE	1	420837	FALSE		1	Sesia_bembeciformis
shargacucullia lychnitis	Shargacucullia lychnitis	FALSE	1	1011428	FALSE		1	Shargacucullia_lychnitis
shargacucullia verbasci	Shargacucullia verbasci	FALSE	1	1011441	FALSE		1	Shargacucullia_verbasci
sherardia arvensis	Sherardia arvensis	FALSE	1	782825	FALSE		1	Sherardia_arvensis
sialis fuliginosa	Sialis fuliginosa	FALSE	1	4585914	FALSE		1	Sialis_fuliginosa
sialis lutaria	Sialis lutaria	FALSE	1	247485	FALSE		1	Sialis_lutaria
sibbaldia procumbens	Sibbaldia procumbens	FALSE	1	176706	FALSE		2	Sibbaldia_procumbens
sicus ferrugineus	Sicus ferrugineus	FALSE	1	220195	FALSE		1	Sicus_ferrugineus
silba fumosa	Setisquamalonchaea fumosa	FALSE	1	4406420	TRUE		1	Silba_fumosa
silene acaulis	Silene acaulis	FALSE	1	637571	FALSE		1	Silene_acaulis
silene dioica	Silene dioica	FALSE	1	64114	FALSE		1	Silene_dioica
silene noctiflora	Silene noctiflora	FALSE	1	418334	FALSE		1	Silene_noctiflora
silpha atrata	Phosphuga atrata	FALSE	1	945486	TRUE		1	Silpha_atrata
silvanus unidentatus	Silvanus unidentatus	FALSE	1	151185	FALSE		1	Silvanus_unidentatus
simacauda dicommatias								Simacauda_dicommatias
simplicillium lamellicola	Simplicillium lamellicola	FALSE	1	234360	FALSE		1	Simplicillium_lamellicola
simyra albovenosa	Simyra albovenosa	FALSE	1	102821	FALSE		1	Simyra_albovenosa
siphlonurus alternatus	Siphlonurus alternatus	FALSE	1	236294	FALSE	sibling_higher	1	Siphlonurus_alternatus
sisymbrium orientale	Sisymbrium orientale	FALSE	1	984608	FALSE		1	Sisymbrium_orientale
sisyra nigra	Sisyra nigra	FALSE	1	297625	FALSE		1	Sisyra_nigra
sisyra terminalis	Sisyra terminalis	FALSE	1	3016020	FALSE		1	Sisyra_terminalis
sitochroa palealis	Sitochroa palealis	FALSE	1	3171840	FALSE		1	Sitochroa_palealis
sitona cylindricollis	Sitona cylindricollis	FALSE	1	247953	FALSE		1	Sitona_cylindricollis
sitona lineatus	Sitona lineatus	FALSE	1	238839	FALSE		1	Sitona_lineatus
sitona obsoletus	Sitona obsoletus	FALSE	1	7169858	FALSE		1	Sitona_obsoletus
smerinthus ocellatus	Smerinthus ocellata	FALSE	1	970968	TRUE		1	Smerinthus_ocellatus
solanum dulcamara	Solanum dulcamara	FALSE	1	121226	FALSE	sibling_higher	1	Solanum_dulcamara
solanum nigrum	Solanum nigrum	FALSE	1	494831	FALSE	sibling_higher	3	Solanum_nigrum
solidago canadensis	Solidago canadensis	FALSE	1	872344	FALSE		1	Solidago_canadensis
solidago virgaurea	Solidago virgaurea	FALSE	1	541018	FALSE		1	Solidago_virgaurea
somateria mollissima	Somateria mollissima	FALSE	1	785961	FALSE		1	Somateria_mollissima
somatochlora arctica	Somatochlora arctica	FALSE	1	37980	FALSE		1	Somatochlora_arctica
sonchus oleraceus	Sonchus oleraceus	FALSE	1	827582	FALSE		2	Sonchus_oleraceus
sonchus palustris	Sonchus palustris	FALSE	1	1078365	FALSE		1	Sonchus_palustris
sonronius dahlbomi	Sonronius dahlbomi	FALSE	1	4210836	FALSE		1	Sonronius_dahlbomi
sophronia semicostella	Sophronia semicostella	FALSE	1	213358	FALSE		1	Sophronia_semicostella
sorbus anglica	Sorbus anglica	FALSE	1	10421	FALSE	sibling_higher	1	Sorbus_anglica
sorbus bristoliensis	Sorbus bristoliensis	FALSE	1	582993	FALSE	sibling_higher	1	Sorbus_bristoliensis
sorbus devoniensis	Sorbus devoniensis	FALSE	1	3903558	FALSE	sibling_higher	1	Sorbus_devoniensis
southbya tophacea	Southbya tophacea	FALSE	1	3855976	FALSE		1	Southbya_tophacea
spania nigra	Spania nigra	FALSE	1	4449485	FALSE		1	Spania_nigra
sparassis minoensis	Sparassis minoensis	FALSE	1	3801680	FALSE		1	Sparassis_minoensis
sparganium emersum	Sparganium emersum	FALSE	1	667697	FALSE		2	Sparganium_emersum
sparganium erectum	Sparganium erectum	FALSE	1	8597	FALSE		1	Sparganium_erectum
spatula clypeata	Anas clypeata	FALSE	1	656794	TRUE	sibling_higher	1	Spatula_clypeata
spergula arvensis	Spergula arvensis	FALSE	1	197647	FALSE		1	Spergula_arvensis
spergularia bocconei	Spergularia bocconei	FALSE	1	785901	FALSE		1	Spergularia_bocconei
spergularia marina	Spergularia marina	FALSE	1	273518	FALSE		1	Spergularia_marina
sphaeridium bipustulatum	Sphaeridium bipustulatum	FALSE	1	474936	FALSE		2	Sphaeridium_bipustulatum
sphaerium corneum	Sphaerium corneum	FALSE	1	1018131	FALSE	sibling_higher	1	Sphaerium_corneum
sphaerocystis schroeteri	Sphaerocystis schroeteri	FALSE	1	4003519	FALSE		1	Sphaerocystis_schroeteri
sphaeroderma testaceum	Sphaeroderma testaceum	FALSE	1	963962	FALSE	incertae_sedis_inherited	1	Sphaeroderma_testaceum
sphaeroma serratum	Sphaeroma serratum	FALSE	1	857781	FALSE		1	Sphaeroma_serratum
sphaerophoria rueppellii	Sphaerophoria rueppellii	FALSE	1	440535	FALSE		1	Sphaerophoria_rueppellii
sphaerophoria scripta	Sphaerophoria scripta	FALSE	1	14321	FALSE		1	Sphaerophoria_scripta
sphaerophoria taeniata	Sphaerophoria taeniata	FALSE	1	4357115	FALSE		1	Sphaerophoria_taeniata
sphagnum capillifolium	Sphagnum capillifolium	FALSE	1	378646	FALSE		1	Sphagnum_capillifolium
sphagnum compactum	Sphagnum compactum	FALSE	1	903787	FALSE		1	Sphagnum_compactum
sphagnum contortum	Sphagnum contortum	FALSE	1	903786	FALSE		1	Sphagnum_contortum
sphagnum fallax	Sphagnum fallax	FALSE	1	108929	FALSE		1	Sphagnum_fallax
sphagnum fimbriatum	Sphagnum fimbriatum	FALSE	1	903781	FALSE		1	Sphagnum_fimbriatum
sphagnum girgensohnii	Sphagnum girgensohnii	FALSE	1	646195	FALSE		1	Sphagnum_girgensohnii
sphagnum lindbergii	Sphagnum lindbergii	FALSE	1	521869	FALSE		1	Sphagnum_lindbergii
sphagnum palustre	Sphagnum palustre	FALSE	1	738988	FALSE		1	Sphagnum_palustre
sphagnum papillosum	Sphagnum papillosum	FALSE	1	998021	FALSE		1	Sphagnum_papillosum
sphagnum riparium	Sphagnum riparium	FALSE	1	471503	FALSE		1	Sphagnum_riparium
sphagnum rubellum	Sphagnum rubellum	FALSE	1	72531	FALSE		1	Sphagnum_rubellum
sphagnum russowii	Sphagnum russowii	FALSE	1	72533	FALSE		1	Sphagnum_russowii
sphagnum squarrosum	Sphagnum squarrosum	FALSE	1	542130	FALSE		1	Sphagnum_squarrosum
sphagnum tenellum	Sphagnum tenellum	FALSE	1	542135	FALSE		1	Sphagnum_tenellum
sphagnum teres	Sphagnum teres	FALSE	1	542137	FALSE		1	Sphagnum_teres
sphecodes crassus	Sphecodes crassus	FALSE	1	3272924	FALSE		1	Sphecodes_crassus
sphecodes ephippius	Sphecodes ephippius	FALSE	1	239867	FALSE		1	Sphecodes_ephippius
sphecodes longulus	Sphecodes longulus	FALSE	1	3272872	FALSE		1	Sphecodes_longulus
sphecodes monilicornis	Sphecodes monilicornis	FALSE	1	883565	FALSE		1	Sphecodes_monilicornis
sphecodes pellucidus	Sphecodes pellucidus	FALSE	1	3272893	FALSE		1	Sphecodes_pellucidus
sphecodes puncticeps	Sphecodes puncticeps	FALSE	1	3273066	FALSE		1	Sphecodes_puncticeps
sphecodes scabricollis	Sphecodes scabricollis	FALSE	1	3273064	FALSE		1	Sphecodes_scabricollis
sphenella marginata	Sphenella marginata	FALSE	1	589399	FALSE		1	Sphenella_marginata
sphinx ligustri	Sphinx ligustri	FALSE	1	729700	FALSE		1	Sphinx_ligustri
sphinx pinastri	Sphinx pinastri	FALSE	1	535231	FALSE		1	Sphinx_pinastri
spilarctia lutea	Spilarctia luteum	FALSE	1	50279	TRUE		1	Spilarctia_lutea
spilosoma lubricipeda	Spilosoma lubricipedum	FALSE	1	50276	TRUE		1	Spilosoma_lubricipeda
spilosoma urticae	Spilosoma urticae	FALSE	1	102823	FALSE		1	Spilosoma_urticae
spinacia oleracea	Spinacia oleracea	FALSE	1	317784	FALSE		1	Spinacia_oleracea
spinus spinus	Spinus spinus	FALSE	1	167338	FALSE		1	Spinus_spinus
spiraea salicifolia	Spiraea salicifolia	FALSE	1	437899	FALSE		2	Spiraea_salicifolia
spisula solida	Spisula solida	FALSE	1	131022	FALSE		1	Spisula_solida
spisula subtruncata	Spisula subtruncata	FALSE	1	131021	FALSE		1	Spisula_subtruncata
splachnum sphaericum	Splachnum sphaericum	FALSE	1	638253	FALSE		1	Splachnum_sphaericum
spodoptera exigua	Spodoptera exigua	FALSE	1	742362	FALSE		1	Spodoptera_exigua
sprattus sprattus	Sprattus sprattus	FALSE	1	25768	FALSE		1	Sprattus_sprattus
spuleria flavicaput	Spuleria flavicaput	FALSE	1	3221189	FALSE		1	Spuleria_flavicaput
squalius cephalus	Squalius cephalus	FALSE	1	458403	FALSE		1	Squalius_cephalus
stachys alpina	Stachys alpina	FALSE	1	132112	FALSE		1	Stachys_alpina
stagnicola palustris	Stagnicola palustris	FALSE	1	288992	FALSE		1	Stagnicola_palustris
standfussiana lucernea	Standfussiana lucernea	FALSE	1	183632	FALSE		1	Standfussiana_lucernea
staphylinus erythropterus	Staphylinus erythropterus	FALSE	1	3345033	FALSE		1	Staphylinus_erythropterus
stathmopoda pedella	Stathmopoda pedella	FALSE	1	684732	FALSE		1	Stathmopoda_pedella
stelis phaeoptera	Stelis phaeoptera	FALSE	1	3266287	FALSE		1	Stelis_phaeoptera
stenagostus rhombeus	Stenagostus rhombeus	FALSE	1	97269	FALSE		1	Stenagostus_rhombeus
stenella coeruleoalba	Stenella coeruleoalba	FALSE	1	124224	FALSE	sibling_higher	1	Stenella_coeruleoalba
stenepteryx hirundinis	Stenepteryx hirundinis	FALSE	1	327085	FALSE		1	Stenepteryx_hirundinis
stenichneumon culpator	Stenichneumon culpator	FALSE	1	1000790	FALSE		1	Stenichneumon_culpator
stenocarus ruficornis	Stenocarus ruficornis	FALSE	1	4610998	FALSE		1	Stenocarus_ruficornis
stenodema calcarata	Stenodema calcarata	FALSE	1	944800	FALSE		1	Stenodema_calcarata
stenodema holsata	Stenodema holsata	FALSE	1	5022778	FALSE		1	Stenodema_holsata
stenoptilia bipunctidactyla	Stenoptilia bipunctidactyla	FALSE	1	3091523	FALSE		1	Stenoptilia_bipunctidactyla
stenoptilia pterodactyla	Stenoptilia pterodactyla	FALSE	1	3091499	FALSE		1	Stenoptilia_pterodactyla
stenurella melanura	Stenurella melanura	FALSE	1	194360	FALSE		1	Stenurella_melanura
stenus bimaculatus	Stenus bimaculatus	FALSE	1	29027	FALSE		1	Stenus_bimaculatus
stenus solutus	Stenus solutus	FALSE	1	550087	FALSE		1	Stenus_solutus
stereodon callichrous	Stereodon callichrous	FALSE	1	879376	FALSE		1	Stereodon_callichrous
sterna paradisaea	Sterna paradisaea	FALSE	1	809006	FALSE		1	Sterna_paradisaea
sternaspis cf scutata nhmuk anea 2019	Sternaspis cf. scutata NHMUK ANEA 2019	TRUE	0.973684191703796	7490702	FALSE		1	Sternaspis_cf_scutata_NHMUK_ANEA_2019
steromphala cineraria								Steromphala_cineraria
sthenelais limicola	Sthenelais limicola	FALSE	1	874316	FALSE		1	Sthenelais_limicola
stictoleptura scutellata	Stictoleptura scutellata	FALSE	1	52347	FALSE		1	Stictoleptura_scutellata
stictopleurus punctatonervosus	Stictopleurus punctatonervosus	FALSE	1	3475526	FALSE		1	Stictopleurus_punctatonervosus
stilbops ruficornis	Stilbops ruficornis	FALSE	1	4556081	FALSE		1	Stilbops_ruficornis
stomorhina lunata	Stomorhina lunata	FALSE	1	4389001	FALSE		1	Stomorhina_lunata
stomoxys calcitrans	Stomoxys calcitrans	FALSE	1	42520	FALSE		1	Stomoxys_calcitrans
stragania apicalis	Stragania apicalis	FALSE	1	4215451	FALSE		1	Stragania_apicalis
straminergon stramineum	Straminergon stramineum	FALSE	1	815149	FALSE		1	Straminergon_stramineum
stratiomys singularior	Stratiomys singularior	FALSE	1	222416	FALSE		1	Stratiomys_singularior
streptopelia decaocto	Streptopelia decaocto	FALSE	1	277818	FALSE		1	Streptopelia_decaocto
streptopelia turtur	Streptopelia turtur	FALSE	1	801237	FALSE		1	Streptopelia_turtur
strigamia acuminata	Strigamia acuminata	FALSE	1	494544	FALSE	sibling_higher	1	Strigamia_acuminata
strix aluco	Strix aluco	FALSE	1	116522	FALSE		1	Strix_aluco
stromboceros delicatulus	Stromboceros delicatulus	FALSE	1	4577854	FALSE		1	Stromboceros_delicatulus
strophosoma melanogrammum	Strophosoma melanogrammum	FALSE	1	409730	FALSE		1	Strophosoma_melanogrammum
stuckenia pectinata	Stuckenia pectinata	FALSE	1	1087473	FALSE		1	Stuckenia_pectinata
sturmia bella	Sturmia bella	FALSE	1	97610	FALSE		1	Sturmia_bella
sturnus vulgaris	Sturnus vulgaris	FALSE	1	565813	FALSE	sibling_higher	1	Sturnus_vulgaris
styela clava	Styela clava	FALSE	1	750983	FALSE		1	Styela_clava
stylops aterrimus	Stylops melittae	FALSE	1	271152	TRUE		1	Stylops_aterrimus
suaeda maritima	Suaeda maritima	FALSE	1	374051	FALSE		1	Suaeda_maritima
subacronicta megacephala	Subacronicta megacephala	FALSE	1	4248736	FALSE		1	Subacronicta_megacephala
subcoccinella vigintiquattuorpunctata	Subcoccinella vigintiquatuorpunctata	FALSE	1	755442	TRUE		1	Subcoccinella_vigintiquattuorpunctata
succisa pratensis	Succisa pratensis	FALSE	1	228781	FALSE		1	Succisa_pratensis
suillia affinis	Suillia affinis	FALSE	1	4400097	FALSE		1	Suillia_affinis
suillia flava	Suillia flava	FALSE	1	4400009	FALSE		1	Suillia_flava
suillia notata	Suillia notata	FALSE	1	4400118	FALSE		1	Suillia_notata
suillia pallida	Suillia pallida	FALSE	1	4400024	FALSE		1	Suillia_pallida
suillia variegata	Suillia variegata	FALSE	1	425808	FALSE		1	Suillia_variegata
suillus viscidus	Suillus viscidus	FALSE	1	337511	FALSE		1	Suillus_viscidus
sussaba pulchella	Sussaba pulchella	FALSE	1	398433	FALSE	sibling_higher	1	Sussaba_pulchella
sycon ciliatum	Sycon ciliatum	FALSE	1	684951	FALSE		1	Sycon_ciliatum
sylvicola cinctus	Sylvicola cinctus	FALSE	1	4458592	FALSE		1	Sylvicola_cinctus
symmerus annulatus	Symmerus annulatus	FALSE	1	885124	FALSE		1	Symmerus_annulatus
symmorphus gracilis	Symmorphus gracilis	FALSE	1	723540	FALSE		1	Symmorphus_gracilis
sympetrum sanguineum	Sympetrum sanguineum	FALSE	1	776325	FALSE		1	Sympetrum_sanguineum
sympetrum striolatum	Sympetrum striolatum	FALSE	1	569010	FALSE		1	Sympetrum_striolatum
symphodus melops	Symphodus melops	FALSE	1	553191	FALSE	sibling_higher	1	Symphodus_melops
synanthedon andrenaeformis	Synanthedon andrenaeformis	FALSE	1	859793	FALSE		1	Synanthedon_andrenaeformis
synanthedon formicaeformis	Synanthedon formicaeformis	FALSE	1	642259	FALSE		1	Synanthedon_formicaeformis
synanthedon myopaeformis	Synanthedon myopaeformis	FALSE	1	334988	FALSE		1	Synanthedon_myopaeformis
synanthedon tipuliformis	Synanthedon tipuliformis	FALSE	1	389455	FALSE		1	Synanthedon_tipuliformis
synanthedon vespiformis	Synanthedon vespiformis	FALSE	1	3040118	FALSE		1	Synanthedon_vespiformis
syndemis musculana	Syndemis musculana	FALSE	1	72300	FALSE		1	Syndemis_musculana
syngnathus acus	Syngnathus acus	FALSE	1	774440	FALSE		1	Syngnathus_acus
synophropsis lauri	Synophropsis lauri	FALSE	1	4211254	FALSE		1	Synophropsis_lauri
syntrichia ruraliformis	Syntrichia ruraliformis	FALSE	1	120127	FALSE		1	Syntrichia_ruraliformis
syringa vulgaris	Syringa vulgaris	FALSE	1	733236	FALSE		1	Syringa_vulgaris
syritta pipiens	Syritta pipiens	FALSE	1	816784	FALSE		1	Syritta_pipiens
syrphoctonus tarsatorius	Syrphoctonus tarsatorius	FALSE	1	355887	FALSE		1	Syrphoctonus_tarsatorius
syrphus vitripennis	Syrphus vitripennis	FALSE	1	910486	FALSE		1	Syrphus_vitripennis
systoechus ctenopterus	Systoechus ctenopterus	FALSE	1	4431626	FALSE		1	Systoechus_ctenopterus
tachina fera	Tachina fera	FALSE	1	1018097	FALSE	sibling_higher	1	Tachina_fera
tachina grossa	Tachina grossa	FALSE	1	380743	FALSE	sibling_higher	1	Tachina_grossa
tachina lurida	Tachina lurida	FALSE	1	1084749	FALSE	sibling_higher	1	Tachina_lurida
tachinus rufipes	Tachinus rufipes	FALSE	1	5041184	FALSE		1	Tachinus_rufipes
tachybaptus ruficollis	Tachybaptus ruficollis	FALSE	1	1010578	FALSE		1	Tachybaptus_ruficollis
tachyporus hypnorum	Tachyporus hypnorum	FALSE	1	641965	FALSE		1	Tachyporus_hypnorum
tachystola acroxantha	Tachystola acroxantha	FALSE	1	3236850	FALSE		1	Tachystola_acroxantha
tadorna tadorna	Tadorna tadorna	FALSE	1	30847	FALSE		1	Tadorna_tadorna
taeniapion urticarium	Taeniapion urticarium	FALSE	1	409728	FALSE		1	Taeniapion_urticarium
taleporia tubulosa	Taleporia tubulosa	FALSE	1	829522	FALSE		1	Taleporia_tubulosa
talpa europaea	Talpa europaea	FALSE	1	222362	FALSE		1	Talpa_europaea
tamarix gallica	Tamarix gallica	FALSE	1	1053452	FALSE		3	Tamarix_gallica
tanacetum parthenium	Tanacetum parthenium	FALSE	1	488828	FALSE	sibling_higher	1	Tanacetum_parthenium
tanacetum vulgare	Tanacetum vulgare	FALSE	1	602516	FALSE	sibling_higher	1	Tanacetum_vulgare
taphrorychus bicolor	Taphrorychus bicolor	FALSE	1	748103	FALSE		1	Taphrorychus_bicolor
taurulus bubalis	Taurulus bubalis	FALSE	1	231445	FALSE		1	Taurulus_bubalis
tausonia pullulans	Basidiotrichosporon pullulans	FALSE	1	5277206	TRUE	major_rank_conflict_inherited	1	Tausonia_pullulans
teleiodes luculella	Teleiodes luculella	FALSE	1	1047579	FALSE		1	Teleiodes_luculella
teleiodes vulgella	Teleiodes vulgella	FALSE	1	3225203	FALSE		1	Teleiodes_vulgella
teleogryllus oceanicus	Teleogryllus oceanicus	FALSE	1	385033	FALSE		1	Teleogryllus_oceanicus
tellima grandiflora	Tellima grandiflora	FALSE	1	182588	FALSE		1	Tellima_grandiflora
temnocerus longiceps	Temnocerus longiceps	FALSE	1	3408075	FALSE	extinct, incertae_sedis	1	Temnocerus_longiceps
tenebrio molitor	Tenebrio molitor	FALSE	1	1093470	FALSE		1	Tenebrio_molitor
tenthredo amoena	Tenthredo amoena	FALSE	1	3245245	FALSE	sibling_higher	1	Tenthredo_amoena
tenthredo arcuata	Tenthredo arcuata	FALSE	1	359157	FALSE	sibling_higher	1	Tenthredo_arcuata
tenthredo distinguenda	Tenthredo distinguenda	FALSE	1	3245248	FALSE	sibling_higher	1	Tenthredo_distinguenda
tenthredo livida	Tenthredo livida	FALSE	1	3245285	FALSE	sibling_higher	1	Tenthredo_livida
tenthredo mesomela	Tenthredo mesomela	FALSE	1	419875	FALSE	sibling_higher	1	Tenthredo_mesomela
tenthredo notha	Tenthredo notha	FALSE	1	902190	FALSE	sibling_higher	1	Tenthredo_notha
tenthredo scrophulariae	Tenthredo scrophulariae	FALSE	1	3245291	FALSE	sibling_higher	1	Tenthredo_scrophulariae
tenthredo zona	Tenthredo zona	FALSE	1	3245300	FALSE	sibling_higher	1	Tenthredo_zona
tephritis conura	Tephritis conura	FALSE	1	1063568	FALSE	sibling_higher	1	Tephritis_conura
tephritis formosa	Tephritis formosa	FALSE	1	4402701	FALSE	sibling_higher	1	Tephritis_formosa
tephritis matricariae	Tephritis matricariae	FALSE	1	119995	FALSE	sibling_higher	1	Tephritis_matricariae
tephritis neesii	Tephritis neesii	FALSE	1	4402723	FALSE	sibling_higher	1	Tephritis_neesii
tephroseris palustris	Tephroseris palustris	FALSE	1	214322	FALSE		1	Tephroseris_palustris
terebella lapidaria	Terebella lapidaria	FALSE	1	491820	FALSE	sibling_higher	1	Terebella_lapidaria
testudinalia testudinalis	Testudinalia testudinalis	FALSE	1	217884	FALSE	extinct	1	Testudinalia_testudinalis
tetanocera arrogans	Tetanocera arrogans	FALSE	1	326252	FALSE		1	Tetanocera_arrogans
tetanocera ferruginea	Tetanocera ferruginea	FALSE	1	326251	FALSE		1	Tetanocera_ferruginea
tethea ocularis	Tethea ocularis	FALSE	1	134373	FALSE		1	Tethea_ocularis
tetheella fluctuosa	Tetheella fluctuosa	FALSE	1	766627	FALSE		1	Tetheella_fluctuosa
tethya citrina	Tethya citrina	FALSE	1	99624	FALSE		1	Tethya_citrina
tetragnatha montana	Tetragnatha montana	FALSE	1	1065421	FALSE	sibling_higher	1	Tetragnatha_montana
tetramitus jugosus	Tetramitus jugosus	FALSE	1	64809	FALSE		1	Tetramitus_jugosus
tetranychus urticae	Tetranychus urticae	FALSE	1	106112	FALSE	sibling_higher	1	Tetranychus_urticae
tetrao urogallus	Tetrao urogallus	FALSE	1	484331	FALSE		1	Tetrao_urogallus
tetraplodon mnioides	Tetraplodon mnioides	FALSE	1	746394	FALSE		1	Tetraplodon_mnioides
tetropium fuscum	Tetropium fuscum	FALSE	1	230462	FALSE		1	Tetropium_fuscum
teucrium botrys	Teucrium botrys	FALSE	1	3882649	FALSE		1	Teucrium_botrys
teucrium scorodonia	Teucrium scorodonia	FALSE	1	382149	FALSE		1	Teucrium_scorodonia
thalasseus sandvicensis	Thalasseus sandvicensis	FALSE	1	154128	FALSE		1	Thalasseus_sandvicensis
thalictrum alpinum	Thalictrum alpinum	FALSE	1	468431	FALSE		1	Thalictrum_alpinum
thalictrum minus	Thalictrum minus	FALSE	1	491705	FALSE		1	Thalictrum_minus
thalpophila matura	Thalpophila matura	FALSE	1	384115	FALSE		1	Thalpophila_matura
thanasimus formicarius	Thanasimus formicarius	FALSE	1	201574	FALSE		1	Thanasimus_formicarius
thaumetopoea processionea	Thaumetopoea processionea	FALSE	1	3214077	FALSE		1	Thaumetopoea_processionea
thecocarcelia acutangulata	Thecocarcelia acutangulata	FALSE	1	4386250	FALSE		1	Thecocarcelia_acutangulata
thecophora atra	Thecophora atra	FALSE	1	778767	FALSE		1	Thecophora_atra
thelaira nigripes	Thelaira nigripes	FALSE	1	4379809	FALSE		2	Thelaira_nigripes
thelaira solivaga	Thelaira solivaga	FALSE	1	4379801	FALSE		1	Thelaira_solivaga
thera britannica	Thera britannica	FALSE	1	826827	FALSE		1	Thera_britannica
thera firmata	Thera firmata	FALSE	1	647215	FALSE		1	Thera_firmata
thera juniperata	Thera juniperata	FALSE	1	194824	FALSE		1	Thera_juniperata
thera obeliscata	Thera obeliscata	FALSE	1	432455	FALSE		1	Thera_obeliscata
thereva nobilitata	Thereva nobilitata	FALSE	1	350964	FALSE		1	Thereva_nobilitata
thereva plebeja	Thereva plebeja	FALSE	1	1072205	FALSE		1	Thereva_plebeja
thereva unica	Irwiniella frontata	FALSE	1	897270	TRUE		1	Thereva_unica
therion circumflexum	Therion circumflexum	FALSE	1	3286459	FALSE		1	Therion_circumflexum
thermobia domestica	Thermobia domestica	FALSE	1	167001	FALSE		1	Thermobia_domestica
therophilus tumidulus	Bassus tumidulus	FALSE	1	3291572	TRUE		1	Therophilus_tumidulus
tholera cespitis	Tholera cespitis	FALSE	1	572325	FALSE		1	Tholera_cespitis
tholera decimalis	Tholera decimalis	FALSE	1	572323	FALSE		1	Tholera_decimalis
thracia phaseolina	Thracia phaseolina	FALSE	1	2864483	FALSE		1	Thracia_phaseolina
threskiornis aethiopicus	Threskiornis aethiopicus	FALSE	1	413795	FALSE		1	Threskiornis_aethiopicus
thuidium delicatulum	Thuidium delicatulum	FALSE	1	950401	FALSE	sibling_higher	1	Thuidium_delicatulum
thuidium tamariscinum	Thuidium tamariscinum	FALSE	1	797126	FALSE	sibling_higher	1	Thuidium_tamariscinum
thumatha senex	Thumatha senex	FALSE	1	948416	FALSE		1	Thumatha_senex
thyatira batis	Thyatira batis	FALSE	1	192280	FALSE		1	Thyatira_batis
thymelicus acteon	Thymelicus acteon	FALSE	1	790464	FALSE		1	Thymelicus_acteon
thymelicus lineola	Thymelicus lineola	FALSE	1	99492	FALSE		1	Thymelicus_lineola
thymelicus sylvestris	Thymelicus sylvestris	FALSE	1	220627	FALSE		1	Thymelicus_sylvestris
thyridanthrax fenestratus	Thyridanthrax fenestratus	FALSE	1	4429981	FALSE		1	Thyridanthrax_fenestratus
tibellus oblongus	Tibellus oblongus	FALSE	1	865942	FALSE		1	Tibellus_oblongus
tilia cordata	Tilia cordata	FALSE	1	218598	FALSE		1	Tilia_cordata
tiliacea aurago	Tiliacea aurago	FALSE	1	809022	FALSE		1	Tiliacea_aurago
tiliacea citrago	Tiliacea citrago	FALSE	1	809024	FALSE		1	Tiliacea_citrago
tillus elongatus	Tillus elongatus	FALSE	1	724877	FALSE		1	Tillus_elongatus
timandra comae	Timandra comae	FALSE	1	353936	FALSE		1	Timandra_comae
tinea pellionella	Tinea pellionella	FALSE	1	363588	FALSE		1	Tinea_pellionella
tinea semifulvella	Tinea semifulvella	FALSE	1	72306	FALSE		1	Tinea_semifulvella
tinea trinotella	Tinea trinotella	FALSE	1	3034095	FALSE		1	Tinea_trinotella
tinodes waeneri	Tinodes waeneri	FALSE	1	792423	FALSE		1	Tinodes_waeneri
tiphia femorata	Tiphia femorata	FALSE	1	682166	FALSE		1	Tiphia_femorata
tiphia minuta	Tiphia minuta	FALSE	1	3250829	FALSE		1	Tiphia_minuta
tipula confusa	Tipula confusa	FALSE	1	4510082	FALSE	sibling_higher	1	Tipula_confusa
tipula fascipennis	Tipula fascipennis	FALSE	1	4509433	FALSE	sibling_higher	1	Tipula_fascipennis
tipula fulvipennis	Tipula fulvipennis	FALSE	1	4511010	FALSE	sibling_higher	1	Tipula_fulvipennis
tipula helvola	Tipula helvola	FALSE	1	4509768	FALSE	sibling_higher	1	Tipula_helvola
tipula lateralis	Tipula lateralis	FALSE	1	4485796	FALSE		1	Tipula_lateralis
tipula scripta	Tipula scripta	FALSE	1	4509703	FALSE	sibling_higher	1	Tipula_scripta
tipula unca	Tipula unca	FALSE	1	4509950	FALSE	sibling_higher	1	Tipula_unca
tipula vernalis	Tipula vernalis	FALSE	1	4510318	FALSE	sibling_higher	1	Tipula_vernalis
tischeria ekebladella	Tischeria ekebladella	FALSE	1	1037780	FALSE		1	Tischeria_ekebladella
tolmerus cingulatus	Epitriptus cingulatus	FALSE	1	4442162	TRUE		1	Tolmerus_cingulatus
torilis japonica	Torilis japonica	FALSE	1	251295	FALSE		1	Torilis_japonica
tortella tortuosa	Tortella tortuosa	FALSE	1	54755	FALSE		1	Tortella_tortuosa
tortricodes alternella	Tortricodes alternella	FALSE	1	43188	FALSE		1	Tortricodes_alternella
tortrix viridana	Tortrix viridana	FALSE	1	575683	FALSE		1	Tortrix_viridana
toxonevra muliebris	Toxonevra muliebris	FALSE	1	4364811	FALSE		1	Toxonevra_muliebris
trachurus trachurus	Trachurus trachurus	FALSE	1	472429	FALSE		1	Trachurus_trachurus
tragopogon porrifolius	Tragopogon porrifolius	FALSE	1	143403	FALSE		1	Tragopogon_porrifolius
tragopogon pratensis	Tragopogon pratensis	FALSE	1	418348	FALSE		1	Tragopogon_pratensis
tranosemella praerogator	Tranosemella praerogator	FALSE	1	4560310	FALSE		1	Tranosemella_praerogator
travisia forbesii	Travisia forbesii	FALSE	1	444808	FALSE		1	Travisia_forbesii
triaenodes bicolor	Triaenodes bicolor	FALSE	1	193159	FALSE	sibling_higher	1	Triaenodes_bicolor
triaxomasia caprimulgella	Triaxomasia caprimulgella	FALSE	1	3036385	FALSE		1	Triaxomasia_caprimulgella
triaxomera parasitella	Triaxomera parasitella	FALSE	1	3036715	FALSE		1	Triaxomera_parasitella
trichiura crataegi	Trichiura crataegi	FALSE	1	809017	FALSE		1	Trichiura_crataegi
trichoderma citrinoviride	Trichoderma citrinoviride	FALSE	1	237866	FALSE	sibling_higher	1	Trichoderma_citrinoviride
tricholauxania praeusta	Tricholauxania praeusta	FALSE	1	4417020	FALSE		1	Tricholauxania_praeusta
tricholepidozia tetradactyla	Tricholepidozia tetradactyla	FALSE	1	587660	FALSE		1	Tricholepidozia_tetradactyla
tricholoma cingulatum	Tricholoma cingulatum	FALSE	1	326470	FALSE		1	Tricholoma_cingulatum
tricholoma hemisulphureum	Tricholoma sulphureum	FALSE	1	718297	TRUE		1	Tricholoma_hemisulphureum
tricholoma terreum	Tricholoma terreum	FALSE	1	382617	FALSE		1	Tricholoma_terreum
trichophorum cespitosum	Trichophorum cespitosum	FALSE	1	612688	FALSE		1	Trichophorum_cespitosum
trichopteryx carpinata	Trichopteryx carpinata	FALSE	1	540269	FALSE		1	Trichopteryx_carpinata
trichostegia minor	Trichostegia minor	FALSE	1	3027928	FALSE		1	Trichostegia_minor
trichostomum littorale	Aeschynanthus littoralis	TRUE	0.909090936183929	3883542	FALSE		5	Trichostomum_littorale
trichostrongylus colubriformis	Trichostrongylus colubriformis	FALSE	1	516805	FALSE		1	Trichostrongylus_colubriformis
tricolia pullus	Tricolia pullus	FALSE	1	683577	FALSE		1	Tricolia_pullus
tricyphona immaculata	Tricyphona immaculata	FALSE	1	4507940	FALSE		1	Tricyphona_immaculata
trifolium bocconei	Trifolium bocconei	FALSE	1	724364	FALSE		1	Trifolium_bocconei
trifolium dubium	Trifolium dubium	FALSE	1	76062	FALSE		1	Trifolium_dubium
trifolium fragiferum	Trifolium fragiferum	FALSE	1	76058	FALSE		1	Trifolium_fragiferum
trifolium occidentale	Trifolium occidentale	FALSE	1	592375	FALSE		2	Trifolium_occidentale
trifolium repens	Trifolium repens	FALSE	1	116218	FALSE		2	Trifolium_repens
trifolium striatum	Trifolium striatum	FALSE	1	230329	FALSE		1	Trifolium_striatum
trifolium subterraneum	Trifolium subterraneum	FALSE	1	539553	FALSE		1	Trifolium_subterraneum
triglochin maritima	Triglochin maritima	FALSE	1	724128	FALSE		1	Triglochin_maritima
triglochin palustris	Triglochin palustris	FALSE	1	269404	FALSE		1	Triglochin_palustris
trigloporus lastoviza	Trigloporus lastoviza	FALSE	1	697154	FALSE		1	Trigloporus_lastoviza
trigonometopus frontalis	Sciasminettia frontalis	FALSE	1	4418642	TRUE		1	Trigonometopus_frontalis
trigonophora flammea	Trigonophora flammea	FALSE	1	4255199	FALSE		1	Trigonophora_flammea
tringa totanus	Tringa totanus	FALSE	1	917056	FALSE		1	Tringa_totanus
tripolium pannonicum	Tripolium pannonicum	FALSE	1	989947	FALSE		1	Tripolium_pannonicum
trisateles emortualis	Trisateles emortualis	FALSE	1	305361	FALSE		1	Trisateles_emortualis
trisopterus luscus	Trisopterus luscus	FALSE	1	179345	FALSE		1	Trisopterus_luscus
tritomaria quinquedentata	Tritomaria quinquedentata	FALSE	1	831953	FALSE	sibling_higher	1	Tritomaria_quinquedentata
triturus cristatus	Triturus cristatus	FALSE	1	1041796	FALSE		1	Triturus_cristatus
trocdaris verticillatum	Trocdaris verticillatum	FALSE	1	3888636	FALSE		1	Trocdaris_verticillatum
troglodytes troglodytes	Troglodytes troglodytes	FALSE	1	259813	FALSE		1	Troglodytes_troglodytes
troilus luridus	Troilus luridus	FALSE	1	3472550	FALSE		1	Troilus_luridus
trollius europaeus	Trollius europaeus	FALSE	1	805006	FALSE		1	Trollius_europaeus
tromatobia lineatoria	Tromatobia lineatoria	FALSE	1	3287170	FALSE		1	Tromatobia_lineatoria
tropidia scita	Tropidia scita	FALSE	1	4355204	FALSE		1	Tropidia_scita
trychosis tristator	Trychosis tristator	FALSE	1	4553822	FALSE		1	Trychosis_tristator
tryphon signator	Tryphon signator	FALSE	1	1053922	FALSE		1	Tryphon_signator
tryphon thomsoni	Tryphon thomsoni	FALSE	1	420515	FALSE		1	Tryphon_thomsoni
trypoxylon attenuatum	Trypoxylon attenuatum	FALSE	1	3277096	FALSE		1	Trypoxylon_attenuatum
trypoxylon clavicerum	Trypoxylon clavicerum	FALSE	1	723544	FALSE		1	Trypoxylon_clavicerum
tuberolachnus salignus	Tuberolachnus salignus	FALSE	1	12948	FALSE		2	Tuberolachnus_salignus
turritis glabra	Turritis glabra	FALSE	1	407496	FALSE		1	Turritis_glabra
tussilago farfara	Tussilago farfara	FALSE	1	1069824	FALSE		1	Tussilago_farfara
tuta absoluta	Tuta absoluta	FALSE	1	889220	FALSE		1	Tuta_absoluta
tyria jacobaeae	Tyria jacobaeae	FALSE	1	758178	FALSE		1	Tyria_jacobaeae
tyto alba	Tyto alba	FALSE	1	1065606	FALSE		1	Tyto_alba
tytthaspis sedecimpunctata	Tytthaspis sedecimpunctata	FALSE	1	459464	FALSE		1	Tytthaspis_sedecimpunctata
udea ferrugalis	Udea ferrugalis	FALSE	1	776979	FALSE		1	Udea_ferrugalis
udea olivalis	Udea olivalis	FALSE	1	828309	FALSE		1	Udea_olivalis
uleiota planata	Uleiota planata	FALSE	1	722145	FALSE		1	Uleiota_planata
uleiota planatus	Uleiota planata	FALSE	1	722145	TRUE		1	Uleiota_planatus
ulex minor	Ulex minor	FALSE	1	664542	FALSE		1	Ulex_minor
ulmus glabra	Ulmus glabra	FALSE	1	218596	FALSE		1	Ulmus_glabra
ulmus minor	Ulmus minor	FALSE	1	1029242	FALSE		2	Ulmus_minor
ulmus procera	Ulmus procera	FALSE	1	344603	FALSE		1	Ulmus_procera
uloborus plumipes	Uloborus plumipes	FALSE	1	517088	FALSE		1	Uloborus_plumipes
ulota crispa	Ulota crispa	FALSE	1	1022289	FALSE		1	Ulota_crispa
ulota phyllantha	Plenogemma phyllantha	FALSE	1	932033	TRUE		1	Ulota_phyllantha
umbilicaria deusta	Umbilicaria deusta	FALSE	1	537977	FALSE		1	Umbilicaria_deusta
umbilicus rupestris	Umbilicus rupestris	FALSE	1	156576	FALSE		1	Umbilicus_rupestris
uncinus obductella								Uncinus_obductella
urocerus augur	Urocerus augur	FALSE	1	3244899	FALSE		1	Urocerus_augur
uroleucon taraxaci	Uroleucon taraxaci	FALSE	1	439353	FALSE		1	Uroleucon_taraxaci
urophora cardui	Urophora cardui	FALSE	1	379115	FALSE		1	Urophora_cardui
urtica dioica	Urtica dioica	FALSE	1	267705	FALSE		2	Urtica_dioica
urtica urens	Urtica urens	FALSE	1	838850	FALSE		2	Urtica_urens
vaccinium myrtillus	Vaccinium myrtillus	FALSE	1	817730	FALSE	sibling_higher	2	Vaccinium_myrtillus
vaccinium vitis idaea	Vaccinium vitis-idaea	TRUE	0.952380955219269	242921	FALSE	sibling_higher	2	Vaccinium_vitis_idaea
valerianella locusta	Valerianella locusta	FALSE	1	459098	FALSE		1	Valerianella_locusta
vanellus vanellus	Vanellus vanellus	FALSE	1	413796	FALSE		1	Vanellus_vanellus
vanessa atalanta	Vanessa atalanta	FALSE	1	581038	FALSE		1	Vanessa_atalanta
vanessa cardui	Vanessa cardui	FALSE	1	624277	FALSE		1	Vanessa_cardui
venerupis corrugata	Venerupis corrugata	FALSE	1	73961	FALSE		1	Venerupis_corrugata
venturia canescens	Venturia canescens	FALSE	1	106107	FALSE		1	Venturia_canescens
venusia cambrica	Venusia cambrica	FALSE	1	467715	FALSE	sibling_higher	1	Venusia_cambrica
verbascum nigrum	Verbascum nigrum	FALSE	1	934441	FALSE		1	Verbascum_nigrum
verbascum thapsus	Verbascum thapsus	FALSE	1	35629	FALSE		1	Verbascum_thapsus
verbena officinalis	Verbena officinalis	FALSE	1	472462	FALSE		1	Verbena_officinalis
veronica anagallis aquatica	Veronica anagallis-aquatica	TRUE	0.962962985038757	484336	FALSE		1	Veronica_anagallis_aquatica
veronica arvensis	Veronica arvensis	FALSE	1	317416	FALSE		1	Veronica_arvensis
veronica filiformis	Veronica filiformis	FALSE	1	1065760	FALSE		2	Veronica_filiformis
veronica officinalis	Veronica officinalis	FALSE	1	492806	FALSE		1	Veronica_officinalis
veronica persica	Veronica persica	FALSE	1	659915	FALSE		1	Veronica_persica
veronica scutellata	Veronica scutellata	FALSE	1	827667	FALSE		1	Veronica_scutellata
veronica serpyllifolia	Veronica serpyllifolia	FALSE	1	115123	FALSE		1	Veronica_serpyllifolia
veronica triphyllos	Veronica triphyllos	FALSE	1	253214	FALSE		2	Veronica_triphyllos
veronica verna	Veronica verna	FALSE	1	253233	FALSE		1	Veronica_verna
vespa crabro	Vespa crabro	FALSE	1	573512	FALSE		1	Vespa_crabro
vespa velutina	Vespa velutina	FALSE	1	829558	FALSE		1	Vespa_velutina
vespertilio murinus	Vespertilio murinus	FALSE	1	190920	FALSE		1	Vespertilio_murinus
vespula germanica	Vespula germanica	FALSE	1	1084243	FALSE		1	Vespula_germanica
vespula vulgaris	Vespula vulgaris	FALSE	1	52839	FALSE		1	Vespula_vulgaris
viburnum lantana	Viburnum lantana	FALSE	1	572547	FALSE		2	Viburnum_lantana
vicia hirsuta	Vicia hirsuta	FALSE	1	1065971	FALSE		1	Vicia_hirsuta
vicia lathyroides	Vicia lathyroides	FALSE	1	69825	FALSE		1	Vicia_lathyroides
vicia parviflora	Vicia parviflora	FALSE	1	642443	FALSE		4	Vicia_parviflora
vicia sativa	Vicia sativa	FALSE	1	1056096	FALSE		1	Vicia_sativa
vicia tetrasperma	Vicia tetrasperma	FALSE	1	137007	FALSE		1	Vicia_tetrasperma
villa cingulata	Villa panisca	FALSE	1	4430462	TRUE	sibling_higher	1	Villa_cingulata
villa modesta	Villa modesta	FALSE	1	4430549	FALSE	sibling_higher	1	Villa_modesta
villa occulta	Villa occulta	FALSE	1	4430578	FALSE	sibling_higher	1	Villa_occulta
vincenzellus ruficollis	Vincenzellus ruficollis	FALSE	1	438209	FALSE		1	Vincenzellus_ruficollis
viola odorata	Viola odorata	FALSE	1	1039231	FALSE		2	Viola_odorata
viola palustris	Viola palustris	FALSE	1	865443	FALSE		1	Viola_palustris
viola stagnina	Viola stagnina	FALSE	1	685675	FALSE		1	Viola_stagnina
viola tricolor	Viola tricolor	FALSE	1	1080622	FALSE		1	Viola_tricolor
vipera berus	Vipera berus	FALSE	1	579239	FALSE		2	Vipera_berus
virgichneumon dumeticola	Virgichneumon dumeticola	FALSE	1	3284176	FALSE		1	Virgichneumon_dumeticola
virgichneumon maculicauda	Virgichneumon maculicauda	FALSE	1	775721	FALSE		1	Virgichneumon_maculicauda
virgularia mirabilis	Virgularia mirabilis	FALSE	1	3679978	FALSE		1	Virgularia_mirabilis
viscum album	Viscum album	FALSE	1	914239	FALSE		2	Viscum_album
vitis vinifera	Vitis vinifera	FALSE	1	756728	FALSE		2	Vitis_vinifera
volucella bombylans	Volucella bombylans	FALSE	1	4353315	FALSE		1	Volucella_bombylans
volucella inanis	Volucella inanis	FALSE	1	485403	FALSE		1	Volucella_inanis
volucella inflata	Volucella inflata	FALSE	1	1011655	FALSE		1	Volucella_inflata
volucella pellucens	Volucella pellucens	FALSE	1	485402	FALSE		1	Volucella_pellucens
volucella zonaria	Volucella zonaria	FALSE	1	1092933	FALSE		1	Volucella_zonaria
volvariella surrecta	Volvariella surrecta	FALSE	1	1056072	FALSE		1	Volvariella_surrecta
vulgichneumon bimaculatus	Vulgichneumon bimaculatus	FALSE	1	3284444	FALSE		1	Vulgichneumon_bimaculatus
vulgichneumon saturatorius	Vulgichneumon saturatorius	FALSE	1	3284456	FALSE		1	Vulgichneumon_saturatorius
vulpes vulpes	Vulpes vulpes	FALSE	1	821964	FALSE		1	Vulpes_vulpes
watersipora subatra	Watersipora subatra	FALSE	1	5736426	FALSE		1	Watersipora_subatra
watsonalla binaria	Watsonalla binaria	FALSE	1	192264	FALSE		1	Watsonalla_binaria
watsonalla cultraria	Watsonalla cultraria	FALSE	1	192272	FALSE		1	Watsonalla_cultraria
winthemia cruentata	Winthemia cruentata	FALSE	1	4375859	FALSE	sibling_higher	1	Winthemia_cruentata
xanthandrus comtus	Xanthandrus comtus	FALSE	1	1016984	FALSE	sibling_higher	1	Xanthandrus_comtus
xanthia icteritia	Xanthia icteritia	FALSE	1	535228	FALSE		1	Xanthia_icteritia
xanthia togata	Xanthia togata	FALSE	1	733494	FALSE		1	Xanthia_togata
xanthogramma pedissequum	Xanthogramma pedissequum	FALSE	1	605084	FALSE		1	Xanthogramma_pedissequum
xantholinus longiventris	Xantholinus longiventris	FALSE	1	874653	FALSE		1	Xantholinus_longiventris
xanthorhoe designata	Xanthorhoe designata	FALSE	1	136887	FALSE		1	Xanthorhoe_designata
xanthorhoe montanata	Xanthorhoe montanata	FALSE	1	136883	FALSE		1	Xanthorhoe_montanata
xanthorhoe spadicearia	Xanthorhoe spadicearia	FALSE	1	136896	FALSE		1	Xanthorhoe_spadicearia
xanthostigma xanthostigma	Xanthostigma xanthostigma	FALSE	1	42062	FALSE		1	Xanthostigma_xanthostigma
xerophyllum tenax	Xerophyllum tenax	FALSE	1	137936	FALSE		1	Xerophyllum_tenax
xestia ashworthii	Xestia ashworthii	FALSE	1	572327	FALSE	sibling_higher	1	Xestia_ashworthii
xestia baja	Xestia baja	FALSE	1	572333	FALSE	sibling_higher	1	Xestia_baja
xestia c nigrum	Xestia c-nigrum	TRUE	0.933333337306976	535234	FALSE	sibling_higher	1	Xestia_c_nigrum
xestia castanea	Xestia castanea	FALSE	1	572331	FALSE	sibling_higher	1	Xestia_castanea
xestia rhomboidea	Xestia rhomboidea	FALSE	1	535221	FALSE	sibling_higher	2	Xestia_rhomboidea
xestia sexstrigata	Xestia sexstrigata	FALSE	1	334303	FALSE	sibling_higher	1	Xestia_sexstrigata
xestia triangulum	Xestia triangulum	FALSE	1	572341	FALSE	sibling_higher	1	Xestia_triangulum
xestia xanthographa	Xestia xanthographa	FALSE	1	572339	FALSE	sibling_higher	1	Xestia_xanthographa
xestobium rufovillosum	Xestobium rufovillosum	FALSE	1	103649	FALSE		1	Xestobium_rufovillosum
xiphydria camelus	Xiphydria camelus	FALSE	1	3244918	FALSE		1	Xiphydria_camelus
xylena solidaginis	Xylena solidaginis	FALSE	1	3197803	FALSE		1	Xylena_solidaginis
xylena vetusta	Xylena vetusta	FALSE	1	51557	FALSE		1	Xylena_vetusta
xylocampa areola	Xylocampa areola	FALSE	1	4249782	FALSE		1	Xylocampa_areola
xylophagus ater	Xylophagus ater	FALSE	1	4445396	FALSE		1	Xylophagus_ater
xylota segnis	Xylota segnis	FALSE	1	956392	FALSE	sibling_higher	1	Xylota_segnis
xylota sylvarum	Xylota sylvarum	FALSE	1	956384	FALSE	sibling_higher	1	Xylota_sylvarum
xyphosia miliaria	Xyphosia miliaria	FALSE	1	813791	FALSE		1	Xyphosia_miliaria
xysticus acerbus	Xysticus acerbus	FALSE	1	645892	FALSE		1	Xysticus_acerbus
yponomeuta cagnagella	Yponomeuta cagnagella	FALSE	1	5557006	FALSE		1	Yponomeuta_cagnagella
yponomeuta evonymella	Yponomeuta evonymella	FALSE	1	3218514	FALSE		1	Yponomeuta_evonymella
yponomeuta malinellus	Yponomeuta malinellus	FALSE	1	1085179	FALSE		1	Yponomeuta_malinellus
yponomeuta plumbellus	Yponomeuta plumbellus	FALSE	1	756234	FALSE		1	Yponomeuta_plumbellus
yponomeuta sedellus	Yponomeuta sedellus	FALSE	1	756233	FALSE		1	Yponomeuta_sedellus
ypsolopha horridella	Ypsolopha horridella	FALSE	1	3219032	FALSE		1	Ypsolopha_horridella
ypsolopha scabrella	Ypsolopha scabrella	FALSE	1	3219057	FALSE		1	Ypsolopha_scabrella
ypsolopha sequella	Ypsolopha sequella	FALSE	1	3219036	FALSE		1	Ypsolopha_sequella
ypsolopha sylvella	Ypsolopha sylvella	FALSE	1	3219051	FALSE		1	Ypsolopha_sylvella
zaglyptus varipes	Zaglyptus varipes	FALSE	1	3287466	FALSE		1	Zaglyptus_varipes
zeiraphera griseana	Zeiraphera griseana	FALSE	1	1069567	FALSE		1	Zeiraphera_griseana
zele albiditarsus	Zele albiditarsus	FALSE	1	92486	FALSE		1	Zele_albiditarsus
zele chlorophthalmus	Zele chlorophthalmus	FALSE	1	774187	FALSE		1	Zele_chlorophthalmus
zelleria hepariella	Zelleria hepariella	FALSE	1	4230543	FALSE		1	Zelleria_hepariella
zeus faber	Zeus faber	FALSE	1	918920	FALSE		1	Zeus_faber
zeuzera pyrina	Zeuzera pyrina	FALSE	1	645924	FALSE		1	Zeuzera_pyrina
zootoca vivipara	Zootoca vivipara	FALSE	1	87626	FALSE		1	Zootoca_vivipara
zoropsis spinimana	Zoropsis spinimana	FALSE	1	3559240	FALSE		1	Zoropsis_spinimana
zostera noltei	Zostera noltei	FALSE	1	817755	FALSE	sibling_higher	1	Zostera_noltei
zygaena filipendulae	Zygaena filipendulae	FALSE	1	919818	FALSE		1	Zygaena_filipendulae
zygodon viridissimus	Zygodon viridissimus	FALSE	1	268733	FALSE		1	Zygodon_viridissimus
