species	taxid	matched_via
Abax parallelepipedus	102642	exact
Abia aenea	1384715	exact
Abia candens	362089	exact
Abramis brama	38527	exact
Abraxas grossulariata	1007343	exact
Abraxas sylvata	190335	exact
Abrostola tripartita	938171	exact
Abrostola triplasia	254365	exact
Acaena ovalifolia	281872	exact
Acalles misellus	346680	exact
Acanthis cabaret	1603565	exact
Acanthis flammea	54769	exact
Acanthocardia echinata	241154	exact
Acanthosoma haemorrhoidale	483950	exact
Acasis viretata	934820	exact
Accipiter gentilis	8957	exact
Accipiter nisus	211598	exact
Acentria ephemerella	1666818	exact
Acer campestre	66205	exact
Acericerus heydenii	2886814	exact
Acer pseudoplatanus	4026	exact
Achaius oratorius	493638	exact
Achillea maritima	1155244	exact
Achillea ptarmica	133233	exact
Achlya flavicornis	753485	exact
Acholoe squamosa	2922911	exact
Achroia grisella	688607	exact
Acidia cognata	103409	exact
Acleris aspersana	758704	exact
Acleris cristana	758705	exact
Acleris emargana	758706	exact
Acleris ferrugana	758707	exact
Acleris hastiana	1594215	exact
Acleris holmiana	572802	exact
Acleris hyemana	1869394	exact
Acleris laterana	758709	exact
Acleris literana	1100899	exact
Acleris logiana	758711	exact
Acleris lorquiniana	758712	exact
Acleris sparsana	758717	exact
Acleris umbrana	758718	exact
Acompsia schmidtiellus	1869396	exact
Acrobasis consociella	1100900	exact
Acrobasis repandana	1100902	exact
Acrobasis suavella	1857951	exact
Acrocephalus schoenobaenus	52609	exact
Acrocera orbiculus	210248	exact
Acrocnida brachiata	82558	exact
Acrodactyla quadrisculpta	572548	exact
Acromegalomma vesiculosum	2784888	exact
Acronicta aceris	987859	exact
Acronicta alni	987860	exact
Acronicta leporina	987862	exact
Acronicta megacephala	987863	exact
Acronicta psi	987865	exact
Acronicta rumicis	753146	exact
Acrosathe annulata	2886803	exact
Actenicerus siaelandicus	869165	exact
Acupalpus dubius	346686	exact
Acupalpus parvulus	877764	exact
Adaina microdactyla	1594217	exact
Adalia bipunctata	7084	exact
Adalia decempunctata	115343	exact
Adela reaumurella	233158	exact
Adicella reducta	699887	exact
Adonis annua	212759	exact
Adscita geryon	287208	exact
Aegialia arenaria	206943	exact
Aegithalos caudatus	73327	exact
Aelia acuminata	1511221	exact
Aesculus hippocastanum	43364	exact
Aeshna juncea	197113	exact
Aethecerus discolor	3127290	exact
Aethes beatricella	1869410	exact
Aethes cnicana	753148	exact
Aethes francillana	1869411	exact
Aethes hartmanniana	758719	exact
Aethes rubigana	1594218	exact
Aethes rutilana	1594219	exact
Aethes smeathmanniana	1594220	exact
Aethes tesserana	1660574	exact
Aethusa cynapium	40954	exact
Agapeta hamana	1100904	exact
Agapeta zoegana	989733	exact
Agapetus fuscipes	1271715	exact
Agapornis nigrigenis	60465	exact
Agaricus bisporus	5341	exact
Agaricus langei	264965	exact
Agelastica alni	131577	exact
Agnoea josephinae	3112311	exact
Agnoea subochreella	3373421	exact
Agonopterix alstromeriana	1869417	exact
Agonopterix arenella	1594222	exact
Agonopterix atomella	1684328	exact
Agonopterix ciliella	1666438	exact
Agonopterix heracliana	1073575	exact
Agonopterix kaekeritziana	1594224	exact
Agonopterix nanatella	1684331	exact
Agonopterix nervosa	1666440	exact
Agonopterix propinquella	1430472	exact
Agonopterix subpropinquella	1857958	exact
Agonum fuliginosum	1553040	exact
Agonum gracile	1553041	exact
Agonum muelleri	536884	exact
Agonum thoreyi	1553045	exact
Agonum viduum	795042	exact
Agrilus biguttatus	324823	exact
Agrilus cyanescens	1586972	exact
Agrimonia eupatoria	57912	exact
Agriopis aurantiaria	104476	exact
Agriopis leucophaearia	934821	exact
Agriopis marginaria	190331	exact
Agriotes lineatus	292458	exact
Agriphila geniculea	1660579	exact
Agriphila inquinatella	1100907	exact
Agriphila straminella	572809	exact
Agriphila tristella	1594226	exact
Agrochola circellaris	987866	exact
Agrochola litura	987869	exact
Agrochola lota	987870	exact
Agrochola lychnidis	987871	exact
Agrochola macilenta	987872	exact
Agrocybe praecox	71668	exact
Agrostemma githago	39848	exact
Agrothereutes abbreviatus	1622308	exact
Agrotis clavis	997525	exact
Agrotis exclamationis	215162	exact
Agrotis puta	1857961	exact
Agrotis ripae	1857962	exact
Agrotis vestigialis	987416	exact
Agrypnus murinus	195168	exact
Agrypon flaveolatum	1888400	exact
Agrypon varitarsum	144252	exact
Ailanthus altissima	2768810	exact
Ajuga chamaepitys	49984	exact
Ajuga reptans	38596	exact
Alauda arvensis	88112	exact
Alcedo atthis	36245	exact
Alchemilla alpina	57943	exact
Alchemilla mollis	32218	exact
Alcis jubata	1869448	exact
Alcis repandata	174269	exact
Alcyonidium gelatinosum	51987	exact
Alectoris rufa	9079	exact
Aleimma loeflingiana	758720	exact
Aleiodes alternator	144253	exact
Aleiodes circumscriptus	573768	exact
Aleiodes coxalis	55940	exact
Aleiodes gastritor	314218	exact
Aleiodes leptofemur	1844523	exact
Aleiodes praetor	286615	exact
Aleiodes rugulosus	1045574	exact
Aleiodes similis	144254	exact
Aleiodes testaceus	422171	exact
Aleiodes unipunctator	422173	exact
Alentia gelatinosa	271774	exact
Aleochara curtula	135881	exact
Alitta virens	880429	exact
Allacma fusca	39272	exact
Allantus rufocinctus	1384742	exact
Alliopsis billbergi	2881519	exact
Allodia ornaticollis	1601811	exact
Allomacrus arcticus	493654	exact
Allophyes oxyacanthae	988056	exact
Alloplasta piceator	2870495	exact
Allygidius commutatus	2998517	exact
Allygus modestus	2591979	exact
Alnus cordata	109058	exact
Alnus glutinosa	3517	exact
Alnus incana	3516	exact
Alomya debellator	55944	exact
Alopecurus geniculatus	114195	exact
Alopecurus pratensis	15304	exact
Alopochen aegyptiaca	30382	exact
Alsophila aescularia	104486	exact
Altenia scriptella	1448893	exact
Altica lythri	346691	exact
Alucita hexadactyla	753150	exact
Alydus calcaratus	881521	exact
Alysia alticola	1763906	exact
Amanita muscaria	41956	exact
Amanita phalloides	67723	exact
Amanita rubescens	71933	exact
Amara aenea	585988	exact
Amara aulica	536885	exact
Amara convexiuscula	1553052	exact
Amara familiaris	1553055	exact
Amara ovata	346692	exact
Amara plebeja	877774	exact
Amara tibialis	877775	exact
Amaurobius ferox	336583	exact
Amblyjoppa fuscipennis	2867249	exact
Amblyjoppa proteus	1905387	exact
Amblyteles armatorius	231887	exact
Ametastegia carpini	1384760	exact
Ametastegia equiseti	655806	exact
Ammi majus	48026	exact
Ammophila pubescens	1088609	exact
Ammophila sabulosa	1088610	exact
Ampedus balteatus	174913	exact
Ampedus sanguinolentus	941989	exact
Amphibalanus improvisus	1220549	exact
Amphicteis midas	2922910	exact
Amphidium lapponicum	61544	exact
Amphidium mougeotii	96799	exact
Amphigerontia contaminata	2219844	exact
Amphimallon solstitiale	360071	exact
Amphipoea lucens	987875	exact
Amphipoea oculea	987876	exact
Amphipyra berbera	987877	exact
Amphipyra tragopoginis	689058	exact
Ampulloclitocybe clavipes	56467	exact
Anacampsis blattariella	1594228	exact
Anagallis arvensis	4337	exact
Anaglyptus mysticus	877856	exact
Anania coronata	1107567	exact
Anania crocealis	1100908	exact
Anania fuscalis	1100909	exact
Anania hortulata	1594229	exact
Anania verbascalis	1344699	exact
Anaplectoides prasina	214030	exact
Anarsia innoxiella	2566270	exact
Anarsia spartiella	1869460	exact
Anarta trifolii	987454	exact
Anas acuta	28680	exact
Anasimyia lineata	224225	exact
Anaspis frontalis	433021	exact
Anaspis garneysi	346698	exact
Anaspis maculata	295995	exact
Anaspis regimbarti	346699	exact
Anaspis thoracica	433026	exact
Anas platyrhynchos	8839	exact
Anastrepta orcadensis	264780	exact
Anastrophyllum donnianum	264786	exact
Anax imperator	39274	exact
Anchusa arvensis	170545	exact
Ancistrocerus nigricornis	76990	exact
Ancylis achatana	1869464	exact
Ancylis mitterbacheriana	909812	exact
Ancylis unculana	1391524	exact
Andreaea frigida	1183223	exact
Andreaea hookeri	2779764	exact
Andreaea mutabilis	1183228	exact
Andreaea nivalis	64624	exact
Andreaea rothii	50745	exact
Andreaea rupestris	13797	exact
Andrena angustior	1190793	exact
Andrena apicata	1190794	exact
Andrena barbilabris	586954	exact
Andrena bicolor	1190795	exact
Andrena bucephala	1542580	exact
Andrena chrysosceles	1411665	exact
Andrena clarkella	1190796	exact
Andrena denticulata	1190798	exact
Andrena dorsata	1411666	exact
Andrena flavipes	473392	exact
Andrena florea	1126401	exact
Andrena fulva	1411667	exact
Andrena haemorrhoa	444401	exact
Andrena hattorfiana	1126402	exact
Andrena helvola	1190801	exact
Andrena marginata	1542598	exact
Andrena minutula	1190802	exact
Andrena nitida	1126404	exact
Andrena nitidiuscula	444429	exact
Andrena praecox	1190803	exact
Andrena scotica	2878414	exact
Andrena trimmerana	1431430	exact
Anerastia lotella	1666820	exact
Aneugmenus padi	1385208	exact
Aneugmenus temporalis	1385209	exact
Angelica archangelica	40949	exact
Anilocra frontalis	2925007	exact
Anisosticta novemdecimpunctata	185876	exact
Anisus vortex	271030	exact
Anobium punctatum	877859	exact
Anoectangium aestivum	200692	exact
Anomodon viticulosus	253516	exact
Anomoia purmunda	103414	exact
Anopheles coluzzii	1518534	exact
Anoplius caviventris	1124879	exact
Anoplius nigerrimus	1667466	exact
Anorthoa munda	988060	exact
Anser albifrons	50365	exact
Anser anser	8843	exact
Anser brachyrhynchus	132585	exact
Anser erythropus	132586	exact
Anser fabalis	132587	exact
Anseropoda placenta	290518	exact
Antedon bifida	72669	exact
Anthelia julacea	280797	exact
Anthene sylvanus	2987854	exact
Anthidium manicatum	473950	exact
Anthobium unicolor	347271	exact
Anthocharis cardamines	227532	exact
Anthocomus fasciatus	346704	exact
Anthocoris confusus	452385	exact
Anthocoris nemoralis	191314	exact
Anthomyza gracilis	500284	exact
Anthonomus pomorum	201758	exact
Anthophila fabriciana	999308	exact
Anthophora plumipes	478167	exact
Anthrax anthrax	2725500	exact
Anthriscus sylvestris	48027	exact
Anthus petrosus	45801	exact
Anthus pratensis	45803	exact
Anthus trivialis	45804	exact
Anthyllis vulneraria	118891	exact
Anticlea derivata	934824	exact
Antitrichia curtipendula	100465	exact
Antitype chi	988062	exact
Anyphaena accentuata	1155750	exact
Anyphaena sabina	1871927	exact
Apaeleticus inimicus	2979194	exact
Apamea anceps	997526	exact
Apamea crenata	753153	exact
Apamea epomidion	987880	exact
Apamea lithoxylaea	987881	exact
Apamea monoglypha	875885	exact
Apamea scolopacina	987886	exact
Apamea sordens	689061	exact
Apamea sublustris	987887	exact
Apamea unanimis	689062	exact
Apechthis compunctor	1667470	exact
Apeira syringaria	934915	exact
Aphantopus hyperantus	2795564	exact
Aphelia paleana	753154	exact
Aphelia viburniana	1594235	exact
Aphidecta obliterata	1501862	exact
Aphodius ater	207123	exact
Aphodius fimetarius	207148	exact
Aphodius granarius	207157	exact
Aphodius sticticus	207213	exact
Aphomia sociella	688398	exact
Aphthona herbigrada	1587043	exact
Aphthona nonstriata	346708	exact
Apis mellifera	7460	exact
Aplasta ononaria	1441497	exact
Aplidium pallidum	2980188	exact
Aplidium turbinatum	2771288	exact
Aplocera efformata	934917	exact
Aplocera plagiata	942218	exact
Aplotarsus incanus	350097	exact
Apocheima hispidaria	722657	exact
Apoda limacodes	287200	exact
Apodemus sylvaticus	10129	exact
Apoderus coryli	201766	exact
Apomyelois bistriatella	1666458	exact
Aponogeton distachyos	55311	exact
Aporia crataegi	129397	exact
Aporophyla australis	2560978	exact
Aporophyla lueneburgensis	1337163	exact
Aporophyla nigra	988065	exact
Aporrectodea caliginosa	302032	exact
Aporrectodea icterica	332519	exact
Apotomis betuletana	1100915	exact
Apotomis capreana	989741	exact
Apotomis turbidana	1100916	exact
Aproaerema taeniolella	2566309	exact
Aproaerema vinella	2727444	exact
Aproceros leucopoda	1385220	exact
Aquila chrysaetos	8962	exact
Aquila chrysaetos chrysaetos	223781	exact
Aquilegia vulgaris	3451	exact
Arabidopsis thaliana	3702	exact
Arabis hirsuta	78191	exact
Aradus depressus	1452771	exact
Aradus truncatus	2881568	exact
Ara militaris	57237	exact
Araneus angulatus	1112382	exact
Araneus marmoreus	336584	exact
Araneus quadratus	279270	exact
Araniella cucurbitina	1810957	exact
Arbutus unedo	84005	exact
Archanara dissoluta	1219316	exact
Archiearis parthenias	104468	exact
Archips crataeganus	1857967	exact
Archips podanus	2655036	exact
Archips xylosteana	1100919	exact
Arctia villica	706474	exact
Arctium lappa	4217	exact
Arctium minus	143172	exact
Arctosa perita	1926157	exact
Arcuatula senhousia	1954227	exact
Ardea cinerea	30390	exact
Arenaria serpyllifolia	254029	exact
Arenicola marina	6344	exact
Arenostola phragmitidis	988067	exact
Arge berberidis	1384767	exact
Arge ochropus	1384776	exact
Arge pagana	1384777	exact
Arge ustulata	1170481	exact
Argiope bruennichi	94029	exact
Argynnis aglaja	405010	exact
Argyra leucocephala	377538	exact
Argyresthia albistria	1492915	exact
Argyresthia cupressella	2979185	exact
Argyresthia goedartella	572725	exact
Argyresthia praecocella	1857969	exact
Arhopalus rusticus	256647	exact
Aria edulis	2906878	exact
Arianta arbustorum	45985	exact
Aricia agestis	91739	exact
Aricia artaxerxes	91738	exact
Aristotelia ericinella	1280425	exact
Aritranis director	274019	exact
Armillaria ostoyae	47428	exact
Armoracia rusticana	3704	exact
Aromia moschata	1265417	exact
Artemisia norvegica	401918	exact
Arthaldeus pascuellus	1655869	exact
Arvicola amphibius	1047088	exact
Ascidia mentula	38561	exact
Ascidiella aspersa	201961	exact
Ascidiella scabra	1298853	exact
Asellus aquaticus	92525	exact
Aspidapion aeneum	877730	exact
Aspilapteryx tringipennella	1594445	exact
Aspitates ochrearia	190333	exact
Asterias rubens	7604	exact
Asterina phylactica	195879	exact
Asterocarpa humilis	1273101	exact
Asteroscopus sphinx	988069	exact
Astragalus alpinus	20403	exact
Astragalus glycyphyllos	83862	exact
Astropecten irregularis	55651	exact
Atethmia centrago	988071	exact
Athalia circularis	362093	exact
Athalia cordata	1170485	exact
Athalia rosae	37344	exact
Athene noctua	126797	exact
Atherix ibis	2025112	exact
Athrips mouffetella	1101086	exact
Athripsodes cinereus	446526	exact
Atolmis rubricollis	987889	exact
Atractylocarpus subporodictyon	3046827	exact
Atrichum undulatum	38592	exact
Atriplex glabriuscula	880653	exact
Atriplex littoralis	543010	exact
Atropa belladonna	33113	exact
Attagenus pellio	41096	exact
Atylotus fulvus	2881594	exact
Atylotus latistriatus	3037401	exact
Atylotus rusticus	2968928	exact
Aulacomnium androgynum	67247	exact
Aulactinia verrucosa	200527	exact
Aureoboletus gentilis	388837	exact
Autographa gamma	254363	exact
Autographa pulchrina	987893	exact
Axylia putris	988077	exact
Aythya ferina	219593	exact
Aythya fuligula	219594	exact
Aythya marila	189534	exact
Azelia nebulosa	1643962	exact
Azorinus chamasolen	2922058	exact
Baccha elongata	226178	exact
Bactra lancealana	753158	exact
Baetis atlanticus	1521163	exact
Baetis rhodani	189839	exact
Balaenoptera acutorostrata	9767	exact
Balaenoptera borealis	9768	exact
Balaenoptera physalus	9770	exact
Balanococcus diminutus	249498	exact
Ballota nigra	194200	exact
Baranisobas ridibundus	3037412	exact
Barbarea vulgaris	50459	exact
Barbatula barbatula	135647	exact
Barbilophozia sudetica	1529943	exact
Barbus barbus	40830	exact
Barichneumon chionomus	3402469	exact
Barycnemis harpura	1045562	exact
Barylypa propugnator	2680170	exact
Barypeithes pellucidus	397350	exact
Bathysaurus mollis	1126214	exact
Bathythrix pellucidator	172462	exact
Batia lambdella	1100926	exact
Batrachedra pinicolella	1178031	exact
Batrachedra praeangusta	347710	exact
Batracomorphus irroratus	2803877	exact
Bazzania pearsonii	989912	exact
Bazzania tricrenata	306421	exact
Bazzania trilobata	13808	exact
Bedellia somnulentella	753282	exact
Bellardia bayeri	2881606	exact
Bellardia pandia	2795671	exact
Bellardia viscosa	46056	exact
Bellis perennis	41492	exact
Bembecia ichneumoniformis	301037	exact
Berberis aquifolium	203270	exact
Berberis vulgaris	258209	exact
Beris chalybata	2719050	exact
Beris morrisii	931494	exact
Berytinus crassipes	1545285	exact
Berytinus minor	1545286	exact
Berytinus montivagus	1545287	exact
Betula pendula	3505	exact
Betulapion simile	382944	exact
Betula pubescens	38787	exact
Bibio marci	189979	exact
Bicyclus anynana	110368	exact
Bidens cernua	51265	exact
Bimastos rubidus	2866284	exact
Biomphalaria glabrata	6526	exact
Biphyllus lunatus	197003	exact
Bispira polyomma	2930579	exact
Biston betularia	82595	exact
Biston stratarius	722658	exact
Bithynia leachii	2722873	exact
Bitoma crenata	346746	exact
Blasia pusilla	122625	exact
Blastobasis adustella	1869501	exact
Blastobasis lacticolella	2561016	exact
Blastobasis vittata	3228856	exact
Blennius ocellaris	195075	exact
Blera fallax	226147	exact
Blindiadelphus recurvatus	1933241	exact
Boletina plana	608661	exact
Boloria euphrosyne	405023	exact
Boloria selene	191398	exact
Bombina variegata	8348	exact
Bombus campestris	207624	exact
Bombus distinguendus	395521	exact
Bombus hortorum	85660	exact
Bombus hypnorum	30191	exact
Bombus jonellus	85663	exact
Bombus lapidarius	30192	exact
Bombus lucorum	30193	exact
Bombus monticola	103936	exact
Bombus muscorum	203813	exact
Bombus pascuorum	65598	exact
Bombus pratorum	30194	exact
Bombus sylvarum	218859	exact
Bombus sylvestris	30201	exact
Bombus terrestris	30195	exact
Bombus vestalis	30202	exact
Bombylius discolor	2741128	exact
Bombylius major	240869	exact
Bombylius minor	2881620	exact
Borkhausenia fuscescens	1073579	exact
Borostomias antarcticus	473354	exact
Botrylloides diegensis	62933	exact
Brachmia blandella	1280453	exact
Brachydontium trichodes	226501	exact
Brachylomia viminalis	988081	exact
Brachyopa scutellaris	2849643	exact
Brachypalpoides lentus	224232	exact
Brachypalpus laphriformis	2234001	exact
Brachyptera putata	2065413	exact
Brachyptera risi	446425	exact
Brachypterus glaber	442081	exact
Brachythecium rutabulum	53005	exact
Branchiostoma lanceolatum	7740	exact
Branta canadensis	8853	exact
Branta leucopsis	184711	exact
Brassica nigra	3710	exact
Braunia imberbis	1588651	exact
Bromus sterilis	55777	exact
Bruchidius siliquastri	1649775	exact
Bruchidius varius	256828	exact
Bruchidius villosus	256915	exact
Bruchus rufimanus	256923	exact
Bryoerythrophyllum caledonicum	1988022	exact
Bryoerythrophyllum ferruginascens	644227	exact
Bryophila domestica	1660595	exact
Bryotropha affinis	1857973	exact
Bryotropha senectella	1100928	exact
Bryotropha terrella	1280429	exact
Bryum calophyllum	2779767	exact
Bryum knowltonii	2779773	exact
Bryum marratii	2779778	exact
Bryum moravicum	981515	exact
Bryum riparium	2779779	exact
Buathra laborator	1419289	exact
Bucculatrix nigricomella	1594241	exact
Bucculatrix thoracella	1100929	exact
Bucephala clangula	107022	exact
Buddleja davidii	28540	exact
Bufo bufo	8384	exact
Buglossidium luteum	90071	exact
Buglossoporus quercinus	383678	exact
Bugula neritina	10212	exact
Bugulina stolonifera	192920	exact
Buteo buteo	30397	exact
Butyriboletus subappendiculatus	857007	exact
Buxus sempervirens	4002	exact
Cabera exanthemata	934826	exact
Cabera pusaria	722659	exact
Cacoecimorpha pronubana	287198	exact
Caenorhabditis monodelphis	1094320	exact
Calameuta filiformis	222804	exact
Calameuta pallipes	1001285	exact
Calamotropha paludella	1371681	exact
Calathus fuscipes	127480	exact
Calathus melanocephalus	127479	exact
Calendula officinalis	41496	exact
Calidris alba	279936	exact
Calidris alpina	8919	exact
Calidris canutus	227173	exact
Callicera rufa	228568	exact
Calliergon cordifolium	671105	exact
Calliergonella cuspidata	52999	exact
Callimorpha dominula	938182	exact
Callionymus lyra	34785	exact
Calliopum aeneum	1824993	exact
Calliopum simillimum	1824995	exact
Calliphora loewi	367294	exact
Calliphora vicina	7373	exact
Calliphora vomitoria	27454	exact
Calliteara pudibunda	875926	exact
Callitriche obtusangula	1155256	exact
Callitriche stagnalis	119595	exact
Calluna vulgaris	13385	exact
Calodromius spilotus	1553381	exact
Calonectris borealis	1323832	exact
Calophasia lunula	214073	exact
Caloptilia robustella	1594244	exact
Caloptilia rufipennella	1678910	exact
Calvia quattuordecimguttata	419956	exact
Calystegia soldanella	136204	exact
Campaea margaritaria	934813	exact
Campanula latifolia	239410	exact
Campiglossa producta	2691756	exact
Campoletis raptor	2922060	exact
Campsicnemus scambus	377514	exact
Camptogramma bilineatum	934908	exact
Campylopus flexuosus	96529	exact
Campylopus introflexus	98324	exact
Candelabrum cocksii	264050	exact
Canis lupus	9612	exact
Cantharis decipiens	877885	exact
Cantharis figurata	1553173	exact
Cantharis flavilabris	877752	exact
Cantharis lateralis	877886	exact
Cantharis nigra	1553174	exact
Cantharis pallida	877887	exact
Cantharis pellucida	877753	exact
Cantharis rufa	350087	exact
Cantharis rustica	195172	exact
Caprimulgus europaeus	111811	exact
Carabus intricatus	49289	exact
Carabus nemoralis	49290	exact
Carabus problematicus	49291	exact
Caradrina clavipalpis	987895	exact
Caradrina kadenii	987896	exact
Caradrina morpheus	572734	exact
Carassius carassius	217509	exact
Carcina quercana	116121	exact
Cardamine amara	50461	exact
Cardamine flexuosa	50462	exact
Cardamine hirsuta	50463	exact
Cardamine pratensis	50465	exact
Carduelis carduelis	37600	exact
Carduus crispus	324586	exact
Carduus nutans	92906	exact
Carex acutiformis	140783	exact
Carex arenaria	234466	exact
Carex bigelowii	241200	exact
Carex caryophyllea	502401	exact
Carex depauperata	234461	exact
Carex distans	241205	exact
Carex divulsa	240680	exact
Carex echinata	234467	exact
Carex elata	241206	exact
Carex extensa	241207	exact
Carex hirta	15193	exact
Carex laevigata	372271	exact
Carex lasiocarpa	241213	exact
Carex montana	140837	exact
Carex nigra	234464	exact
Carex pendula	312760	exact
Carex riparia	312765	exact
Carex rostrata	241230	exact
Carex spicata	240682	exact
Carex sylvatica	241234	exact
Carlina vulgaris	41500	exact
Carpatolechia decorella	1104510	exact
Carpatolechia fugitivella	687316	exact
Carpinus betulus	12990	exact
Carpobrotus edulis	379215	exact
Carsia sororiata	685404	exact
Carterocephalus palaemon	218720	exact
Cartodere bifasciata	1587142	exact
Caryocolum tricolorella	2561066	exact
Castanea sativa	21020	exact
Castor fiber	10185	exact
Cataclysta lemnata	1594245	exact
Catapodium rigidum	211937	exact
Catarhoe cuculata	934923	exact
Catarhoe rubidata	986953	exact
Catocala fraxini	423510	exact
Catocala nupta	423320	exact
Catocala promissa	1734906	exact
Catocala sponsa	753163	exact
Catops nigricans	346753	exact
Catoptria pinella	1100938	exact
Cauchas fibulella	1100941	exact
Cauchas rufimitrella	753286	exact
Celastrina argiolus	203782	exact
Celypha lacunana	1594247	exact
Celypha striana	1030481	exact
Cenopis cana	2566676	exact
Centaurium erythraea	172057	exact
Centaurium intermedium	3057255	exact
Cepaea hortensis	97200	exact
Cepaea nemoralis	28835	exact
Cephus pygmeus	222802	exact
Cephus spinipes	1001278	exact
Cepola macrophthalma	334382	exact
Ceraclea albimacula	1875254	exact
Ceraclea dissimilis	446427	exact
Ceramica pisi	988087	exact
Cerapteryx graminis	980960	exact
Cerastis leucographa	997530	exact
Cerastis rubricosa	988089	exact
Cerastium alpinum	271556	exact
Cerastoderma edule	55710	exact
Cerastoderma glaucum	94722	exact
Ceratinostoma ostiorum	102983	exact
Ceratocapnos claviculata	1095360	exact
Ceratodon purpureus	3225	exact
Ceratothoa steindachneri	2922061	exact
Cerceris ruficornis	2494881	exact
Cerceris rybyensis	1167272	exact
Ceriagrion tenellum	638464	exact
Certhia familiaris	73333	exact
Cerura vinula	987900	exact
Cervus elaphus	9860	exact
Cetonia aurata	290679	exact
Cetorhinus maximus	57982	exact
Cettia cetti	68486	exact
Ceutorhynchus obstrictus	307131	exact
Chaetocnema hortensis	346761	exact
Chaetopeltis orbicularis	56002	exact
Chalcis sispes	1118640	exact
Chalcosyrphus nemorum	226170	exact
Chamaenerion angustifolium	13055	exact
Chamelea striatula	358437	exact
Charadrius hiaticula	371911	exact
Charanyca ferruginea	987475	exact
Charanyca trigrammica	987901	exact
Cheilosia fraterna	273438	exact
Cheilosia grossa	273442	exact
Cheilosia illustrata	226154	exact
Cheilosia impressa	273439	exact
Cheilosia pagana	273407	exact
Cheilosia scutellata	273429	exact
Cheilosia soror	368781	exact
Cheilosia urbana	173985	exact
Cheilosia variabilis	273447	exact
Cheilosia vernalis	423616	exact
Cheilosia vulpina	273409	exact
Cheiracanthium erraticum	1871935	exact
Chelidonichthys cuculus	426094	exact
Chelidonichthys lucerna	2576622	exact
Chelon labrosus	48171	exact
Chenopodium album	3559	exact
Chesias legatella	934925	exact
Chiasmia clathrata	722671	exact
Chironomus tentans	7153	exact
Chloris chloris	37601	exact
Chlorochytrium lemnae	1199099	exact
Chloroclysta siterata	934828	exact
Chloromyia formosa	343672	exact
Chlorophyllum brunneum	190013	exact
Chlorops pumilionis	2881707	exact
Choerades gilvus	2887108	exact
Choneiulus palmatus	1008849	exact
Choreutis nemorana	1209621	exact
Chorisops tibialis	2823186	exact
Chortodes pygminus	987445	exact
Chroicocephalus ridibundus	1192867	exact
Chrysis angustula	913277	exact
Chrysogaster coemiteriorum	2795675	exact
Chrysolina americana	75506	exact
Chrysolina graminis	111401	exact
Chrysolina haemoptera	75519	exact
Chrysolina herbacea	75521	exact
Chrysolina hyperici	111402	exact
Chrysolina oricalcia	1587174	exact
Chrysomela populi	154003	exact
Chrysomela saliceti	1587176	exact
Chrysoperla carnea	189513	exact
Chrysopilus asiliformis	1822507	exact
Chrysops caecutiens	1547359	exact
Chrysops relictus	2881718	exact
Chrysops viduatus	798133	exact
Chrysosplenium oppositifolium	1155259	exact
Chrysoteuchia culmella	1594250	exact
Chrysotoxum bicinctum	323313	exact
Chrysotoxum festivum	323314	exact
Chrysotoxum verralli	2714347	exact
Chymomyza fuscimana	1692350	exact
Cicadella lasiocarpae	2881722	exact
Cicadella viridis	36150	exact
Cicerbita muralis	75960	exact
Ciconia ciconia	8928	exact
Ciconia episcopus	52776	exact
Cidaria fulvata	934927	exact
Ciliata mustela	348443	exact
Cinara cedri	506608	exact
Cinara pinea	97058	exact
Cinclus cinclus	127875	exact
Circus cyaneus	43466	exact
Cirriformia tentaculata	279646	exact
Cirsium dissectum	1155260	exact
Cirsium eriophorum	688286	exact
Cirsium heterophyllum	675739	exact
Cis bilamellatus	577748	exact
Cistogaster globosa	1918221	exact
Cladonia squamosa	174074	exact
Clangula hyemalis	197941	exact
Clava multicornis	498518	exact
Clavariadelphus pistillaris	68753	exact
Clavaria fumosa	264083	exact
Clavelina lepadiformis	159417	exact
Clavelina producta	439819	exact
Claytonia sibirica	89077	exact
Cleorodes lichenaria	439565	exact
Clepsis consimilana	1100947	exact
Clepsis dumicolana	2561093	exact
Climacium dendroides	70131	exact
Clistopyga incitator	494138	exact
Clitocybe odora	181985	exact
Clitopilus prunulus	71936	exact
Clivina fossor	795047	exact
Cloeon dipterum	197152	exact
Clogmia albipunctata	85120	exact
Clostera curtula	987902	exact
Closterotomus norwegicus	1545100	exact
Closterotomus trivialis	2026310	exact
Clubiona comta	1926167	exact
Clubiona pallidula	1107588	exact
Clubiona phragmitis	1906981	exact
Clusia tigrina	576317	exact
Cnaemidophorus rhododactyla	1870613	exact
Cnephasia longana	1869588	exact
Cnephasia stephensiana	1116892	exact
Cobitis taenia	98395	exact
Coccidula rufa	115345	exact
Coccinella magnifica	185877	exact
Coccinella septempunctata	41139	exact
Coccinella undecimpunctata	185878	exact
Coccus hesperidum	538890	exact
Cochlearia danica	126279	exact
Cochlostoma elegans	928741	exact
Cochylidia implicitana	1869589	exact
Cochylidia rupicola	1869591	exact
Cochylis nana	1594254	exact
Codriophorus aciculare	296905	exact
Coelichneumon leucocerus	2881741	exact
Coelioxys conoideus	2922063	exact
Coelopa frigida	169498	exact
Coelopa pilipes	169500	exact
Coelostoma orbiculare	290652	exact
Coenagrion pulchellum	196756	exact
Coenobia rufa	1219321	exact
Coenosia tigrina	559643	exact
Coincya wrightii	400014	exact
Colchicum autumnale	45005	exact
Coleophora albicosta	1869607	exact
Coleophora alticolella	1150031	exact
Coleophora argentula	1150032	exact
Coleophora deauratella	687026	exact
Coleophora flavipennella	1100951	exact
Coleophora follicularis	1857990	exact
Coleophora galbulipennella	1100952	exact
Coleophora gryphipennella	1150053	exact
Coleophora lixella	2561135	exact
Coleophora lutipennella	1150063	exact
Coleophora niveicostella	1150066	exact
Coleophora otidipennella	1150075	exact
Coleophora pennella	1150076	exact
Coleophora solitariella	1150085	exact
Coleophora striatipennella	1150090	exact
Coleophora sylvaticella	1100957	exact
Colias croceus	72248	exact
Colletes cunicularius	420711	exact
Collyria trichophthalma	979939	exact
Colocasia coryli	987903	exact
Coloeus monedula	30423	exact
Colostygia multistrigaria	1869728	exact
Colostygia pectinataria	934931	exact
Colotois pennaria	104470	exact
Columba oenas	160229	exact
Columba palumbus	8934	exact
Colydium elongatum	295817	exact
Comarum palustre	57932	exact
Comibaena bajularia	986958	exact
Commophila aeneana	3127293	exact
Conger conger	82655	exact
Conistra ligula	987905	exact
Conistra vaccinii	706635	exact
Conocephalum conicum	41839	exact
Conomelus anceps	491269	exact
Conops quadrifasciatus	2823188	exact
Convolvulus arvensis	4123	exact
Conwentzia psociformis	1323535	exact
Coprinellus micaceus	71717	exact
Coprinopsis atramentaria	71694	exact
Cordilura impudica	1118052	exact
Cordulegaster boltonii	126173	exact
Cordyceps fumosorosea	114497	exact
Coregonus lavaretus	59291	exact
Corella eumyota	431183	exact
Corella parallelogramma	2980201	exact
Coremacera marginata	1226616	exact
Cornu aspersum	6535	exact
Cornus sanguinea	367354	exact
Cornus suecica	164435	exact
Corrigiola litoralis	46118	exact
Cortinarius acutus	165390	exact
Cortinarius anomalus	86079	exact
Cortinarius bolaris	183875	exact
Cortinarius cisticola	393245	exact
Cortinarius elegantissimus	304747	exact
Cortinarius flexipes	220798	exact
Cortinarius hemitrichus	304823	exact
Cortinarius splendens	222050	exact
Cortinarius torvus	304812	exact
Cortinarius triumphans	222052	exact
Corvus corax	56781	exact
Corvus corone	30422	exact
Corvus frugilegus	75140	exact
Corylus avellana	13451	exact
Corylus colurna	101193	exact
Corynactis viridis	51773	exact
Cosmia affinis	987907	exact
Cosmia pyralina	987909	exact
Cosmia trapezina	116126	exact
Cosmorhoe ocellata	934934	exact
Cossus cossus	753294	exact
Crabro cribrarius	2494887	exact
Crambus lathoniellus	1100958	exact
Crambus pascuella	989760	exact
Crambus perlellus	687067	exact
Craniophora ligustri	938226	exact
Crassula aquatica	1844633	exact
Crataegus laevigata	298643	exact
Crataegus monogyna	140997	exact
Crataerina pallida	452744	exact
Craterellus tubaeformis	57200	exact
Cratoneuron filicinum	99398	exact
Crepidodera aurata	200911	exact
Crepidodera aurea	346762	exact
Crepidodera fulvicornis	1425550	exact
Crepis capillaris	13465	exact
Crex crex	185586	exact
Crioceris asparagi	131627	exact
Criorhina berberina	2663927	exact
Criorhina ranunculi	1637456	exact
Crocallis elinguaria	934829	exact
Crocus tommasinianus	481118	exact
Crossocerus annulipes	1830362	exact
Crossocerus cetratus	2494894	exact
Cruciata laevipes	29786	exact
Crudosilis ruficollis	879036	exact
Cryphaea heteromalla	213555	exact
Cryphia algae	987910	exact
Cryptocephalus moraei	204949	exact
Cryptocephalus primarius	1587206	exact
Cryptocephalus pusillus	877924	exact
Cryptophagus acutangulus	1553241	exact
Cryptops hortensis	1268897	exact
Cryptopygus clavatus	3042125	exact
Cryptorhynchus lapathi	201897	exact
Cryptosula pallasiana	558755	exact
Cryptus armator	494149	exact
Cryptus viduatorius	273764	exact
Ctenicera cuprea	1132042	exact
Culiseta annulata	332058	exact
Cupido minimus	596548	exact
Curculio glandium	197013	exact
Curruca communis	216193	exact
Cuscuta epithymum	186058	exact
Cyaniris semiargus	988025	exact
Cyanistes caeruleus	156563	exact
Cybosia mesomella	987918	exact
Cyclophora albipunctata	505405	exact
Cyclophora annularia	986959	exact
Cyclophora linearia	934830	exact
Cyclophora punctaria	310442	exact
Cyclophora puppillaria	190339	exact
Cyclopterus lumpus	8103	exact
Cydalima perspectalis	1078807	exact
Cydia amplana	1869771	exact
Cydia fagiglandana	1458189	exact
Cydia splendana	1100963	exact
Cydia strobilella	1100964	exact
Cygnus columbianus	110926	exact
Cygnus cygnus	219595	exact
Cygnus olor	8869	exact
Cylindroiulus punctatus	61981	exact
Cylindromyia interrupta	1690321	exact
Cylloceria caligata	2881813	exact
Cymatophorima diluta	1101074	exact
Cymbalaria muralis	4166	exact
Cynodontium bruntonii	1225627	exact
Cynomya mortuorum	141376	exact
Cyperus fuscus	529431	exact
Cyphostethus tristriatus	1545302	exact
Cyrtopogon pulchripes	2881815	exact
Cystoderma amianthinum	182063	exact
Dactylorhiza fuchsii	230571	exact
Dalopius marginatus	1553258	exact
Danio rerio	7955	exact
Dascillus cervinus	285223	exact
Dasypoda hirtipes	288372	exact
Dasypolia templi	987919	exact
Dasysyrphus albostriatus	414801	exact
Dasysyrphus tricinctus	1244581	exact
Daucus carota	4039	exact
Daudebardia rufa	2742875	exact
Deilephila elpenor	283834	exact
Deilephila porcellus	644661	exact
Delia radicum	30064	exact
Delichon urbicum	88116	exact
Delphinus delphis	9728	exact
Delplanqueia inscriptella	1870621	exact
Demoticus plebejus	1918230	exact
Dendrocopos major	183177	exact
Dendrogyra cylindrus	214965	exact
Dendrolimus pini	151304	exact
Denticollis linearis	333879	exact
Depressaria douglasella	1858003	exact
Deschampsia cespitosa	37723	exact
Descurainia sophia	89411	exact
Dexiosoma caninum	1918232	exact
Diachrysia chrysitis	179674	exact
Diadocidia ferruginosa	560722	exact
Diadumene lineata	1789172	exact
Diapensia lapponica	13487	exact
Diaperis boleti	433215	exact
Diaphora mendica	987922	exact
Diarsia brunnea	987923	exact
Diarsia dahlii	1804828	exact
Diarsia mendica	987924	exact
Diarsia rubi	987925	exact
Diastrophus rubi	330988	exact
Diazona violacea	2930585	exact
Dichetophora obliterata	1226583	exact
Dichomeris marginella	1869806	exact
Dichrorampha alpinana	1594276	exact
Dichrorampha sequana	2561218	exact
Dicraeus fennicus	2203729	exact
Dicranocephalus agilis	1810706	exact
Dicranodontium denudatum	94686	exact
Dicranoweisia cirrata	96532	exact
Dicranum bonjeanii	98486	exact
Dicranum flexicaule	948872	exact
Dicranum scottianum	1510177	exact
Dicranum tauricum	226469	exact
Dicycla oo	1858094	exact
Dicyrtoma fusca	1385863	exact
Dicyrtomina minuta	1387116	exact
Dicyrtomina saundersi	438492	exact
Didymodon insulanus	260776	exact
Didymodon rigidulus	260780	exact
Digitaria sanguinalis	121769	exact
Digitivalva pulicariae	2561220	exact
Diloba caeruleocephala	987926	exact
Dilophus febrilis	52734	exact
Dilophus femoratus	1086758	exact
Dilutineuron fasciculare	129286	exact
Dinocampus coccinellae	144245	exact
Dinocras cephalotes	441509	exact
Dioctria baumhaueri	1890997	exact
Dioctria linearis	1717392	exact
Dioctria rufipes	468723	exact
Diogma glabrata	2715158	exact
Diphasiastrum alpinum	73625	exact
Diplazon laetatorius	65311	exact
Diplecogaster bimaculata	210029	exact
Diplocoelus fagi	433040	exact
Diplosoma listerianum	168635	exact
Diplosoma spongiforme	286194	exact
Dipsacus fullonum	183561	exact
Dipturus intermedius	2814718	exact
Distichium capillaceum	98464	exact
Ditrichum cornubicum	2779784	exact
Ditula angustiorana	572840	exact
Diurnea fagella	753308	exact
Diurnea lipsiella	1594279	exact
Dixa nubilipennis	2870500	exact
Dolerus asper	1384818	exact
Dolerus haematodes	1384835	exact
Dolerus madidus	1384840	exact
Dolerus nigratus	1384843	exact
Dolerus triplicatus	1384856	exact
Dolichomitus mesocentrus	2881873	exact
Dolichopus griseipennis	327083	exact
Dolichopus picipes	310621	exact
Dolichopus virgultorum	2998528	exact
Dolichovespula media	881891	exact
Dolichovespula saxonica	85443	exact
Dolichovespula sylvestris	85444	exact
Dolomedes plantarius	257759	exact
Donacaula forficella	1858012	exact
Donacaula mucronella	1594281	exact
Doratura stylata	139543	exact
Dorcus parallelipipedus	41107	exact
Douinia ovata	248357	exact
Draba incana	311941	exact
Draba verna	161951	exact
Drassodes cupreus	1926173	exact
Dreisbachia pictifrons	494262	exact
Dreissena polymorpha	45954	exact
Drepana falcataria	104428	exact
Drepanosiphum platanoidis	527648	exact
Drilus flavescens	295522	exact
Dromius quadrimaculatus	346772	exact
Drosophila funebris	7221	exact
Drosophila helvetica	77129	exact
Drosophila histrio	198718	exact
Drosophila immigrans	7250	exact
Drosophila limbata	42028	exact
Drosophila obscura	7282	exact
Drosophila phalerata	7283	exact
Drosophila subobscura	7241	exact
Drosophila suzukii	28584	exact
Drusilla canaliculata	135868	exact
Dryas octopetala	57948	exact
Drymonia dodonaea	988176	exact
Drymonia ruficornis	988178	exact
Drymus sylvaticus	1545308	exact
Dryobota labecula	2964684	exact
Dryobotodes eremita	988106	exact
Dryobotodes tenebrosa	1869817	exact
Dryomyza anilis	169445	exact
Dunaliella primolecta	257627	exact
Dypterygia scabriuscula	987927	exact
Dysmachus trigonus	468725	exact
Dyspetes luteomarginatus	1045598	exact
Dytaster grandis	2980515	exact
Eana incanana	1594282	exact
Earias clorana	753175	exact
Earophila badiata	1178261	exact
Ecdyonurus torrentis	2014018	exact
Echiichthys vipera	94984	exact
Echinocardium cordatum	39298	exact
Echinus esculentus	7648	exact
Ecliptopera silaceata	104457	exact
Ecnomus tenellus	177960	exact
Ectemnius cavifrons	1518028	exact
Ectemnius continuus	1126389	exact
Ectemnius lituratus	2495015	exact
Ectobius pallidus	406638	exact
Ectoedemia decentella	1070333	exact
Ectopleura larynx	264052	exact
Ectropis crepuscularia	572747	exact
Egira conspicillaris	997535	exact
Eilema caniola	987929	exact
Eilema depressum	987419	exact
Eilema griseolum	987420	exact
Eilema lurideolum	987421	exact
Eilema sororcula	987424	exact
Eimeria acervulina	5801	exact
Eimeria maxima	5804	exact
Eimeria praecox	51316	exact
Eimeria tenella	5802	exact
Eisenia eiseni	320977	exact
Elachista bedellella	1858013	exact
Elachista cinereopunctella	1858014	exact
Elachista stabilella	1858016	exact
Elasmostethus interstinctus	1191083	exact
Electrona antarctica	206093	exact
Electrophaes corylata	934936	exact
Eledona agricola	347340	exact
Eledone cirrhosa	102876	exact
Elegia similella	1101167	exact
Eleocharis palustris	110297	exact
Eleocharis parvula	110299	exact
Eleocharis quinqueflora	46325	exact
Elgiva cucularia	1226584	exact
Elmis aenea	186982	exact
Eloeophila maculata	1822578	exact
Elophila nymphaeata	753177	exact
Emberiza calandra	460200	exact
Emberiza citrinella	37595	exact
Emmelina monodactyla	467774	exact
Emmesomyia grisea	559673	exact
Empetrum nigrum	191066	exact
Empis livida	178772	exact
Empis opaca	2715216	exact
Empis stercorea	2484550	exact
Empoasca decipiens	478132	exact
Encalypta ciliata	130446	exact
Encalypta streptocarpa	81092	exact
Endeis spinosa	136194	exact
Endomychus coccineus	295833	exact
Endothenia marginana	1030483	exact
Endothenia ustulana	1660621	exact
Endotricha flammealis	1101095	exact
Endromis versicolora	119269	exact
Endromopoda detrita	1888416	exact
Endromopoda phragmitidis	1830372	exact
Ennomos alniaria	942213	exact
Ennomos erosarius	934814	exact
Ennomos fuscantarius	722662	exact
Ennomos quercinarius	875883	exact
Ensis siliqua	251531	exact
Entoloma atromadidum	2075521	exact
Entoloma clypeatum	418785	exact
Entomortierella parvispora	205924	exact
Epermenia chaerophyllella	1178097	exact
Ephebe lanata	2886949	exact
Ephemera vulgata	364141	exact
Ephestia kuehniella	40079	exact
Ephestia unicolorella	1869848	exact
Ephialtes manifestator	65333	exact
Epiblema cirsiana	1869849	exact
Epiblema costipunctana	1869850	exact
Epiblema foenella	1100979	exact
Epicampocera succincta	569040	exact
Epidalea calamita	30326	exact
Epilobium ciliatum	33132	exact
Epilobium hirsutum	210355	exact
Epinotia abbreviana	1594292	exact
Epinotia bilunana	1594293	exact
Epinotia brunnichana	2566568	exact
Epinotia cruciana	1666554	exact
Epinotia demarniana	1594294	exact
Epinotia nisella	989769	exact
Epinotia ramella	1594296	exact
Epinotia subocellana	1100985	exact
Epinotia tenerana	1660628	exact
Epione repandaria	934834	exact
Epirrhoe alternata	190347	exact
Epirrhoe tristata	934838	exact
Epirrita christyi	247947	exact
Epistrophe eligans	1124511	exact
Epistrophe grossulariae	1352479	exact
Epistrophella euchroma	414814	exact
Episyrphus balteatus	286459	exact
Epitonium clathrus	494601	exact
Eptesicus nilssonii	3371016	exact
Equisetum palustre	113538	exact
Equisetum sylvaticum	231679	exact
Erannis defoliaria	104474	exact
Eratigena atrica	1698855	exact
Erebia aethiops	447833	exact
Erebia epiphron	242257	exact
Erebia ligea	111903	exact
Eremobia ochroleuca	1870628	exact
Eremocoris podagricus	1545314	exact
Eremotylus marginatus	2998532	exact
Erica ciliaris	643570	exact
Erica cinerea	270432	exact
Erica tetralix	49144	exact
Erinaceus europaeus	9365	exact
Eriocrania chrysolepidella	2890553	exact
Eriocrania salopiella	2561294	exact
Eriophorum angustifolium	100292	exact
Eriophorum vaginatum	76438	exact
Eristalinus aeneus	2017640	exact
Eristalinus sepulchralis	2725509	exact
Eristalis arbustorum	1124515	exact
Eristalis intricaria	1859540	exact
Eristalis pertinax	1572519	exact
Eristalis tenax	198635	exact
Erithacus rubecula	37610	exact
Erodium cicutarium	301481	exact
Erodium maritimum	337391	exact
Erodium moschatum	337392	exact
Erpobdella octoculata	39305	exact
Eryngium campestre	82086	exact
Erynnis tages	520884	exact
Esperia sulphurella	2870497	exact
Estheria cristata	2803874	exact
Ethiromyia chalybea	574927	exact
Ethmia dodecea	1660634	exact
Ethmia quadrillella	1869869	exact
Euchoeca nebulata	326953	exact
Euclidia mi	938167	exact
Eucosma cana	2566676	exact
Eudasyphora cyanicolor	1643974	exact
Eudemis profundana	1100989	exact
Eudocimus ruber	335483	exact
Eudonia lacustrata	1100991	exact
Eudonia lineola	3119739	exact
Eudonia mercurella	1100992	exact
Eudonia murana	1594301	exact
Eudonia pallida	1660724	exact
Eudonia truncicolella	753179	exact
Eugnorisma glareosa	988114	exact
Eulagius filicornis	1586587	exact
Eulalia xanthomucosa	3020554	exact
Eulamprotes atrella	3112342	exact
Eulithis prunata	934839	exact
Eulithis testata	326959	exact
Eumerus sabulonum	2867251	exact
Euonymus europaeus	123417	exact
Eupeodes corollae	290404	exact
Eupeodes latifasciatus	1124558	exact
Eupeodes luniger	1124559	exact
Euphorbia amygdaloides	38843	exact
Euphorbia helioscopia	154990	exact
Euphorbia lathyris	212925	exact
Euphorbia maculata	216479	exact
Euphorbia peplus	38846	exact
Euphrasia confusa	475003	exact
Euphrasia nemorosa	243709	exact
Euphrasia tetraquetra	475394	exact
Euphydryas aurinia	104503	exact
Eupithecia abbreviata	934840	exact
Eupithecia absinthiata	934841	exact
Eupithecia centaureata	934844	exact
Eupithecia dodoneata	934845	exact
Eupithecia exiguata	934847	exact
Eupithecia haworthiata	934850	exact
Eupithecia icterata	326949	exact
Eupithecia insigniata	986977	exact
Eupithecia inturbata	934853	exact
Eupithecia lariciata	572762	exact
Eupithecia linariata	873508	exact
Eupithecia nanata	986978	exact
Eupithecia phoeniceata	1869911	exact
Eupithecia pimpinellata	934855	exact
Eupithecia pulchellata	986980	exact
Eupithecia pusillata	942286	exact
Eupithecia subfuscata	216862	exact
Eupithecia subumbrata	986984	exact
Eupithecia tripunctaria	934860	exact
Eupithecia ultimaria	391245	exact
Eupithecia valerianata	934862	exact
Eupithecia vulgata	934866	exact
Euplagia quadripunctaria	987932	exact
Euplexia lucipara	987933	exact
Eupoecilia angustana	1594304	exact
Euproctis chrysorrhoea	987934	exact
Euproctis similis	987935	exact
Eupsilia transversa	116130	exact
Eurhadina loewii	3093580	exact
Eurois occulta	987425	exact
Eurygaster testudinaria	1134731	exact
Eurysa lineata	3093581	exact
Euscorpius flavicaudis	100976	exact
Euspilapteryx auroguttella	1594449	exact
Eustalomyia histrio	2881975	exact
Euthrix potatoria	624169	exact
Euthycera fumigata	2163046	exact
Eutolmus rufibarbis	1936067	exact
Eutomostethus luteiventris	1385253	exact
Eutrigla gurnardus	426098	exact
Euura bergmanni	1250651	exact
Euura tibialis	2872556	exact
Euzophera pinguis	1366396	exact
Evergestis limbata	1869933	exact
Exephanes ischioxanthus	2884240	exact
Fabriciana adippe	405009	exact
Fabulina fabula	2589387	exact
Facelina auriculata	219664	exact
Fagus sylvatica	28930	exact
Falcaria lacertinaria	505411	exact
Falco peregrinus	8954	exact
Falco punctatus	148596	exact
Falco tinnunculus	100819	exact
Fallopia convolvulus	76029	exact
Falseuncaria ruficiliana	1594305	exact
Favorinus blianus	1325891	exact
Ferdinandea cuprea	226145	exact
Festuca heterophylla	89682	exact
Ficedula hypoleuca	46689	exact
Filago lutescens	702235	exact
Filago pyramidata	261772	exact
Filipendula ulmaria	57917	exact
Filipendula vulgaris	32228	exact
Fissidens adianthoides	98470	exact
Fissidens bryoides	98471	exact
Fissidens dubius	127171	exact
Fissidens pusillus	2779708	exact
Fissidens taxifolius	52983	exact
Fissipunctia ypsillon	987458	exact
Flammulina velutipes	38945	exact
Flavoplaca marina	1301332	exact
Flexitrichum flexicaule	98466	exact
Flexitrichum gracile	2779711	exact
Forcipomyia palustris	1525512	exact
Formica rufa	258706	exact
Fragaria moschata	64940	exact
Fragaria vesca	57918	exact
Frangula alnus	106677	exact
Fraxinus excelsior	38873	exact
Fringilla coelebs	37598	exact
Fringilla montifringilla	36255	exact
Fumaria muralis	1053350	exact
Funaria hygrometrica	29583	exact
Furcula furcula	987943	exact
Gaidropsarus vulgaris	348057	exact
Galatella linosyris	1155252	exact
Galega officinalis	47101	exact
Galeopsis angustifolia	457138	exact
Galeopsis tetrahit	1000418	exact
Galeruca laticollis	2017130	exact
Galerucella nymphaeae	131645	exact
Galerucella sagittariae	227477	exact
Galinsoga quadriradiata	183030	exact
Galium aparine	29788	exact
Galium boreale	35896	exact
Galium uliginosum	715724	exact
Galleria mellonella	7137	exact
Gallinago gallinago	107377	exact
Gallinula chloropus	9123	exact
Gandaritis pyraliata	934938	exact
Ganoderma resinaceum	34465	exact
Gari tellinella	2589376	exact
Garrulus glandarius	56783	exact
Gasterosteus aculeatus	69293	exact
Gasteruption assectator	1473642	exact
Gasteruption jaculator	2718756	exact
Gastracanthus pulcherrimus	2922068	exact
Gastrophysa polygoni	878018	exact
Gastrophysa viridula	154015	exact
Geheebia maxima	260772	exact
Gelis areator	2163653	exact
Genista pilosa	238501	exact
Gentianella amarella	137095	exact
Geodia phlegraei	521093	exact
Geokichla citrina	1743270	exact
Geometra papilionaria	722665	exact
Geomyza tripunctata	500269	exact
Geotrupes spiniger	295525	exact
Geranium dissectum	326028	exact
Geranium molle	581251	exact
Geranium pratense	487788	exact
Geranium rotundifolium	379955	exact
Germaria angustata	1918084	exact
Geronticus eremita	100822	exact
Gerris lacustris	108914	exact
Geum macrophyllum	32229	exact
Geum rivale	148897	exact
Geum urbanum	57919	exact
Gibbaranea gibbosa	1907000	exact
Gibbula magus	703304	exact
Gillmeria ochrodactyla	1869947	exact
Gillmeria pallidactyla	687094	exact
Gilpinia frutetorum	1141332	exact
Glaucium flavum	56853	exact
Glaucopsyche alexis	203781	exact
Glaux maritima	110753	exact
Glechoma hederacea	28509	exact
Gliophorus irrigatus	1471999	exact
Glis glis	41261	exact
Globia sparganii	1660644	exact
Globicephala melas	9731	exact
Glyphipterix forsterella	1291413	exact
Glyphipterix fuscoviridella	1869957	exact
Glyphipterix thrasonella	1100998	exact
Glyphotaelius pellucidus	1271742	exact
Gnaphalium supinum	261773	exact
Gnaphalium uliginosum	702247	exact
Gobio gobio	27704	exact
Gobius niger	85417	exact
Gobius paganellus	85418	exact
Gonepteryx rhamni	78609	exact
Gonocerus acuteangulatus	1545138	exact
Gonodera luperus	700380	exact
Gortyna flavago	988118	exact
Gorytes laticinctus	1126390	exact
Gracillaria syringella	753336	exact
Grammoptera ruficornis	351486	exact
Grampus griseus	83653	exact
Graphiphora augur	688406	exact
Grapholita janthinana	1869968	exact
Grapholita jungiella	2566637	exact
Grapholita pallifrontana	1869971	exact
Graphomya maculata	1230139	exact
Grimmia atrata	1920322	exact
Grimmia decipiens	296912	exact
Grimmia donniana	296914	exact
Grimmia elongata	254105	exact
Grimmia funalis	296916	exact
Grimmia montana	296924	exact
Grimmia pulvinata	115594	exact
Grimmia trichophylla	296931	exact
Griposia aprilina	1101106	exact
Grus grus	40816	exact
Gryllus bimaculatus	6999	exact
Gryllus campestris	58607	exact
Grypocoris stysi	2792841	exact
Grypus equiseti	1553333	exact
Gulosus aristotelis	126867	exact
Gymnocheta viridis	631317	exact
Gymnoscelis rufifasciata	934940	exact
Gymnosoma rotundatum	569046	exact
Gypsonoma aceriana	684540	exact
Gyrinus marinus	1323538	exact
Habrosyne pyritoides	721137	exact
Hada plebeja	987945	exact
Hadena bicruris	987947	exact
Hadena compta	987949	exact
Haematopus ostralegus	31908	exact
Haliaeetus albicilla	8969	exact
Halichoerus grypus	9711	exact
Hallomenus binotatus	295970	exact
Halyzia sedecimguttata	347359	exact
Hamearis lucina	328891	exact
Harmonia axyridis	115357	exact
Harmonia quadripunctata	346781	exact
Harmothoe impar	46595	exact
Harpalus anxius	247284	exact
Harpalus rubripes	247297	exact
Harpalus rufipes	247442	exact
Harpocera thoracica	516509	exact
Hecatera bicolorata	988124	exact
Hecatera dysodea	988125	exact
Hedera helix	4052	exact
Hedwigia stellata	1183236	exact
Hedya nubiferana	572853	exact
Hedya ochroleucana	989781	exact
Hedya pruniana	1594309	exact
Hedya salicella	1869985	exact
Hedychridium cupreum	2083358	exact
Hedychridium roseum	212591	exact
Helcystogramma rufescens	1449015	exact
Helianthemum oelandicum	632760	exact
Helicoverpa armigera	29058	exact
Helina obscurata	1291794	exact
Heliothis peltigera	542982	exact
Hellinsia carphodactyla	1660649	exact
Hellwigia obscura	144344	exact
Hemaris fuciformis	987953	exact
Hemicrepidius hirtus	1132043	exact
Hemicrepidius niger	869179	exact
Hemioniscus balani	2976924	exact
Hemistola chrysoprasaria	934942	exact
Hemithea aestivaria	572857	exact
Heracleum mantegazzianum	380077	exact
Heracleum sphondylium	40919	exact
Herbertus borealis	284512	exact
Herbertus hutchinsiae	1055714	exact
Herbertus stramineus	284514	exact
Heriades truncorum	549062	exact
Hericium coralloides	100756	exact
Hericium erinaceus	91752	exact
Herina lugubris	1335492	exact
Herina nigrina	2795678	exact
Hermaeophaga mercurialis	347362	exact
Herminia grisealis	987955	exact
Herminia tarsipennalis	987440	exact
Hesperia comma	291688	exact
Hesperis matronalis	264418	exact
Heteranomia squamula	2793148	exact
Heterocladium heteropterum	271739	exact
Heterogaster urticae	3076493	exact
Heteromyza rotundicornis	2867252	exact
Heteropelma amictum	494771	exact
Heterotoma planicornis	881470	exact
Hibiscus tridactylites	2862204	exact
Hibiscus verdcourtii	2867966	exact
Hieracium snowdoniense	3015179	exact
Hierochloe odorata	2592077	exact
Hipparchia semele	111912	exact
Hippophae rhamnoides	193516	exact
Hippuris vulgaris	39321	exact
Hirtodrosophila cameraria	1262473	exact
Hofmannophila pseudospretella	572861	exact
Holcus mollis	376124	exact
Hololepta plana	290657	exact
Holothuria forskali	72674	exact
Homoeosoma sinuella	2561392	exact
Honckenya peploides	169223	exact
Hookeria lucens	65539	exact
Hoplismenus bidentatus	2979187	exact
Hoplocampa crataegi	1384886	exact
Hoplodrina ambigua	875924	exact
Hoplodrina blanda	987956	exact
Hoplodrina octogenaria	938192	exact
Hordeum vulgare	4513	exact
Horisme tersata	986989	exact
Horisme vitalbata	934869	exact
Hottonia palustris	175037	exact
Humulus lupulus	3486	exact
Hybos culiciformis	1262239	exact
Hybos femoratus	304249	exact
Hydnum repandum	68759	exact
Hydraecia micacea	214171	exact
Hydriomena furcata	104460	exact
Hydrocotyle vulgaris	82091	exact
Hydrotaea cyrtoneurina	559647	exact
Hydrotaea diabolus	1816463	exact
Hydrotaea militaris	1692389	exact
Hydrotaea similis	1073096	exact
Hygrocybe chlorophana	521075	exact
Hygrocybe citrinovirens	557305	exact
Hygrocybe coccinea	378274	exact
Hygrocybe conica	104224	exact
Hygrocybe helobia	566093	exact
Hygrocybe punicea	557324	exact
Hygrohypnum duriusculum	140392	exact
Hygromia cinctella	225476	exact
Hylaea fasciaria	722673	exact
Hylaeus dilatatus	1542591	exact
Hylaeus hyalinatus	313025	exact
Hylaeus signatus	1126410	exact
Hylobius abietis	201999	exact
Hylocomiadelphus triquetrus	28469	exact
Hymenoloma crispulum	98485	exact
Hyocomium armoricum	324239	exact
Hypatima rhomboidella	1073641	exact
Hypena proboscidalis	753189	exact
Hypera postica	36757	exact
Hypera rumicis	346786	exact
Hypericum androsaemum	140968	exact
Hypericum hircinum	673927	exact
Hypericum hirsutum	673928	exact
Hypericum maculatum	269006	exact
Hypericum perforatum	65561	exact
Hypericum pulchrum	626748	exact
Hyperoodon ampullatus	48744	exact
Hyperoplus immaculatus	1484357	exact
Hypnum cupressiforme	53011	exact
Hypochaeris maculata	58650	exact
Hypomecis atomaria	2876618	exact
Hypomecis punctinalis	439567	exact
Hyposoter dolosus	2884228	exact
Hyppa rectilinea	987961	exact
Hypsopygia costalis	1101110	exact
Hysterophora maculosana	2769456	exact
Icerya purchasi	249532	exact
Ichneumon extensorius	1217936	exact
Ichneumon xanthorius	2795680	exact
Idaea aversata	104447	exact
Idaea biselata	104448	exact
Idaea dimidiata	572776	exact
Idaea emarginata	986993	exact
Idaea fuscovenosa	934872	exact
Idaea ochrata	1441550	exact
Idaea rusticata	1101010	exact
Idaea seriata	190354	exact
Idaea straminata	104449	exact
Idaea sylvestraria	986997	exact
Idaea trigeminata	1441566	exact
Ilex aquifolium	4298	exact
Ilione lineata	1226587	exact
Ilybius aenescens	156943	exact
Impatiens glandulifera	253017	exact
Impatiens parviflora	191132	exact
Inachis io	171585	exact
Incurvaria masculella	101737	exact
Incurvaria pectinea	753191	exact
Inocybe asterospora	285026	exact
Inocybe fraudans	318605	exact
Inocybe grammopodia	1032817	exact
Inocybe obscuroides	2822767	exact
Inocybe petiginosa	181886	exact
Inocybe sindonia	166043	exact
Inocybe tigrina	1169566	exact
Inula conyza	119177	exact
Inula salicina	56531	exact
Ipimorpha subtusa	987963	exact
Ips sexdentatus	55985	exact
Iris foetidissima	585813	exact
Ischnodemus sabuleti	1081820	exact
Ischnura elegans	197161	exact
Ischnus inquisitorius	904094	exact
Isochrysis galbana	37099	exact
Isolepis cernua	76455	exact
Isoperla grammatica	552050	exact
Isopterygiella pulchella	186693	exact
Isothecium myosuroides	3238343	exact
Itoplectis maculator	2776046	exact
Jacobaea maritima	252537	exact
Jacobaea vulgaris	98722	exact
Jaera albifrons	96851	exact
Janolus hyalinus	2572464	exact
Jasione montana	239452	exact
Juglans regia	51240	exact
Juncus bufonius	223656	exact
Juncus conglomeratus	253146	exact
Juncus effusus	13579	exact
Juncus inflexus	318445	exact
Juncus squarrosus	223678	exact
Kellia suborbicularis	1421129	exact
Kiaeria blyttii	93151	exact
Koelreuteria paniculata	43168	exact
Korscheltellus lupulinus	214181	exact
Kuehneromyces mutabilis	71948	exact
Kurzia trichoclados	989925	exact
Kybos smaragdulus	2906288	exact
Kyklioacalles roboris	501664	exact
Labia minor	146840	exact
Labrus bergylta	56723	exact
Labrus mixtus	508554	exact
Laburnum anagyroides	49828	exact
Lacanobia contigua	987965	exact
Lacanobia oleracea	79499	exact
Lacanobia wlatinum	987426	exact
Laccobius striatulus	446446	exact
Laccophilus minutus	1553511	exact
Lactarius blennius	152933	exact
Lactarius evosmus	326039	exact
Lactarius fulvissimus	118794	exact
Lactarius pubescens	152943	exact
Lactarius tabidus	152947	exact
Lactarius vellereus	152950	exact
Lactuca saligna	75948	exact
Ladona depressa	123850	exact
Laetiporus sulphureus	5630	exact
Lagenorhynchus albirostris	27610	exact
Lagria hirta	296003	exact
Lamium amplexicaule	53160	exact
Lamium purpureum	53164	exact
Lampetra fluviatilis	7748	exact
Lampronia capitella	485574	exact
Lampropteryx suffumata	934945	exact
Lamprotettix nitidulus	2964680	exact
Laothoe populi	522836	exact
Lapsana communis	268080	exact
Larentia clavaria	753357	exact
Larinioides cornutus	336591	exact
Larinus planus	202009	exact
Larus argentatus	35669	exact
Larus canus	28681	exact
Larus fuscus	8915	exact
Larus glaucescens	119606	exact
Larus hyperboreus	119637	exact
Larus marinus	8912	exact
Larus michahellis	119627	exact
Larus occidentalis	126713	exact
Lasioglossum calceatum	88504	exact
Lasioglossum lativentre	88531	exact
Lasioglossum leucozonium	88532	exact
Lasioglossum morio	88514	exact
Lasioglossum pauxillum	88516	exact
Lasioglossum prasinum	1040106	exact
Lasioglossum villosulum	88523	exact
Lasiommata megera	111917	exact
Lasiorhynchites cavifrons	202013	exact
Lasius brunneus	231984	exact
Lasius flavus	67763	exact
Lasius fuliginosus	231986	exact
Lasius platythorax	488582	exact
Laspeyria flexula	938238	exact
Lathraea clandestina	41911	exact
Lathraea squamaria	374711	exact
Lathrobium brunnipes	346787	exact
Lathrobium fulvipenne	878051	exact
Lathronympha strigana	1594361	exact
Lathyrus aphaca	3854	exact
Lathyrus linifolius	313096	exact
Lecanipa bicincta	1918261	exact
Leersia oryzoides	35712	exact
Leia fascipennis	2948972	exact
Leia winthemii	1343502	exact
Leiosoma deflexum	1342033	exact
Leiothrix argentauris	201335	exact
Leistus fulvibarbis	346789	exact
Leistus rufomarginatus	346790	exact
Leistus spinibarbis	878056	exact
Lemna minuta	161101	exact
Leontodon hispidus	58660	exact
Leotia lubrica	39932	exact
Lepas anatifera	37710	exact
Lepeophtheirus nordmannii	2742169	exact
Lepidium campestre	65351	exact
Lepidium didymum	398450	exact
Lepidium draba	153317	exact
Lepidium latifolium	153343	exact
Lepidochitona cinerea	256056	exact
Lepidocyrtus curvicollis	707887	exact
Lepidonotus clava	1210411	exact
Lepidozia cupressina	402117	exact
Lepidozia reptans	56927	exact
Lepisma saccharina	50586	exact
Lepista sordida	123925	exact
Leptarthrus brevirostris	468750	exact
Leptidea sinapis	189913	exact
Leptocerus tineiformis	1271726	exact
Leptogaster cylindrica	468752	exact
Leptographium flavum	2268375	exact
Leptopterna dolabrata	881489	exact
Leptura quadrifasciata	1143061	exact
Lestes sponsa	197164	exact
Lesteva pubescens	346794	exact
Lesteva punctata	290674	exact
Lestiphorus bicinctus	2578561	exact
Leucania comma	987968	exact
Leuciscus leuciscus	58325	exact
Leucobryum glaucum	94688	exact
Leucobryum juniperoideum	80889	exact
Leucocephalonemertes aurantiaca	941274	exact
Leucodon sciuroides	69533	exact
Leucoma salicis	688415	exact
Leucophora obtusa	2588525	exact
Leucophora personata	2870498	exact
Leucophora sponsa	3127294	exact
Leucopleurus acutus	3371109	exact
Leucoraja naevus	223888	exact
Leucozona glaucia	1649312	exact
Leucozona laternaria	323312	exact
Leuctra nigra	143735	exact
Levisticum officinale	48042	exact
Lewinskya affinis	279758	exact
Lewinskya rupestris	478074	exact
Lewinskya speciosa	70136	exact
Lichina confinis	174425	exact
Lichina pygmaea	157483	exact
Ligdia adustata	934875	exact
Ligusticum scoticum	49554	exact
Ligustrum vulgare	13597	exact
Lilioceris lilii	1553529	exact
Limacia clavigera	71319	exact
Limanda limanda	27771	exact
Limaria hians	120439	exact
Limbarda crithmoides	119182	exact
Limecola balthica	1903275	exact
Limenitis camilla	270466	exact
Limnaecia phragmitella	687102	exact
Limnephilus auricula	1271728	exact
Limnephilus lunatus	1218281	exact
Limnephilus marmoratus	1271730	exact
Limnephilus rhombicus	692089	exact
Limnia unguicornis	1226590	exact
Limnophora tigrina	2719073	exact
Limonia nubeculosa	1690341	exact
Limonius poneli	1588201	exact
Limosa lapponica	161683	exact
Limosa limosa	161680	exact
Limosella australis	1155342	exact
Linaria cannabina	160757	exact
Linaria repens	299782	exact
Linaria vulgaris	43171	exact
Lineus longissimus	88925	exact
Lineus ruber	88926	exact
Linnaea borealis	77623	exact
Linnaemya tessellans	1776468	exact
Linnaemya vulpina	1776471	exact
Linum bienne	347648	exact
Linum catharticum	524254	exact
Linyphia triangularis	94031	exact
Liophloeus tessulatus	202024	exact
Liopterus haemorrhoidalis	107794	exact
Lipara lucens	1323540	exact
Lipophrys pholis	56720	exact
Lipoptena cervi	170903	exact
Lispocephala erythrocera	1291971	exact
Lispocephala verna	2882235	exact
Lissotriton helveticus	256425	exact
Lissotriton montandoni	323754	exact
Lissotriton vulgaris	8324	exact
Listrodromus nycthemerus	172425	exact
Lithobius variegatus	60158	exact
Lithophane leautieri	1870035	exact
Lithophane ornitopus	987973	exact
Lithophane semibrunnea	997537	exact
Lithophane socia	997538	exact
Lithosia quadra	987974	exact
Lithospermum officinale	475907	exact
Littorina arcana	32579	exact
Littorina littorea	31216	exact
Littorina obtusata	31218	exact
Littorina saxatilis	31220	exact
Lobelia dortmanna	368684	exact
Lobelia urens	1053365	exact
Lobesia abscisana	1870039	exact
Lobesia littoralis	2561470	exact
Lobesia reliquana	1594363	exact
Lobophora halterata	934876	exact
Lochmaea capreae	227480	exact
Lochmaea crataegi	1143063	exact
Loensia variegata	209941	exact
Loeskeobryum brevirostre	94452	exact
Loewia submetallica	3037403	exact
Logfia minima	702255	exact
Lomaspilis marginata	722666	exact
Lomographa bimaculata	393326	exact
Lomographa temerata	934877	exact
Lonchoptera bifurcata	385268	exact
Lonchoptera lutea	92596	exact
Longitarsus dorsalis	346795	exact
Longitarsus flavicornis	878065	exact
Lophozia ventricosa	255955	exact
Lordithon lunulatus	347394	exact
Lotus pedunculatus	347994	exact
Lotus subbiflorus	181285	exact
Lotus tenuis	347996	exact
Lozotaenia forsterana	1101015	exact
Lucilia caesar	65466	exact
Luffia ferchaultella	1870047	exact
Luidia sarsii	2723838	exact
Lullula arborea	215315	exact
Lumbricus rubellus	35632	exact
Lumbricus terrestris	6398	exact
Lunularia cruciata	56931	exact
Luperina nickerlii	882792	exact
Luperina testacea	988174	exact
Luperus flavipes	1553543	exact
Luperus longicornis	281588	exact
Luquetia lobella	1858096	exact
Lutra lutra	9657	exact
Lutraria lutraria	457845	exact
Luzula pallescens	630110	exact
Luzula sylvatica	59018	exact
Lycaena phlaeas	282391	exact
Lycia hirtaria	326963	exact
Lyciella decipiens	1262309	exact
Lyciella platycephala	1825006	exact
Lycophotia porphyrea	987975	exact
Lycopus europaeus	260603	exact
Lygephila pastinum	753194	exact
Lymantria dispar	13123	exact
Lymantria monacha	78897	exact
Lyonetia clerkella	753195	exact
Lypha dubia	1776473	exact
Lysandra bellargus	138070	exact
Lysandra coridon	268709	exact
Lysimachia thyrsiflora	174664	exact
Lythrum hyssopifolia	22511	exact
Lythrum portula	1053367	exact
Lythrum salicaria	13129	exact
Macaria brunneata	685373	exact
Macaria liturata	934879	exact
Macaria notata	688445	exact
Machimus atricapillus	2794001	exact
Machimus rusticus	1717430	exact
Macomangulus tenuis	1980407	exact
Macrocera phalerata	2870502	exact
Macrochilo cribrumalis	997513	exact
Macrodema micropterum	2882282	exact
Macroglossum stellatarum	524428	exact
Macrophya alboannulata	1384894	exact
Macrophya annulata	1384895	exact
Macrophya punctumalbum	1384908	exact
Macrophya ribis	1384909	exact
Macropis europaea	253715	exact
Macrothylacia rubi	151312	exact
Magallana gigas	29159	exact
Magdalis barbicornis	878129	exact
Magdalis cerasi	1143066	exact
Malachius bipustulatus	295700	exact
Malacoceros girardi	2980195	exact
Malacosoma castrense	3112338	exact
Malacosoma neustria	7098	exact
Malthinus flaveolus	195224	exact
Malthinus seriepunctatus	1588223	exact
Malthodes marginatus	346798	exact
Malthodes minimus	878135	exact
Malus domestica	3750	exact
Malus sylvestris	3752	exact
Malus x robusta	1184610	exact
Malva arborea	1053368	exact
Malva neglecta	183277	exact
Malva sylvestris	145754	exact
Mamestra brassicae	55057	exact
Maniola jurtina	191418	exact
Maniola tithonus	2795565	exact
Marasmarcha lunaedactyla	1594453	exact
Marasmius cohaerens	646506	exact
Marchantia polymorpha	3197	exact
Marchantia quadrata	2729092	exact
Mareca penelope	8838	exact
Mareca strepera	75861	exact
Marsupella aquatica	209795	exact
Marsupella emarginata	253513	exact
Martes martes	29065	exact
Marthasterias glacialis	7609	exact
Marvania coccoides	133487	exact
Mastigophora woodsii	255976	exact
Matricaria chamomilla	98504	exact
Matricaria discoidea	883867	exact
Matthiola sinuata	500837	exact
Mechanitis lysimnia	471059	exact
Mechanitis polymnia	127245	exact
Meconema thalassinum	494438	exact
Mecyna asinalis	1870058	exact
Mecyna flavalis	1502335	exact
Medicago arabica	70936	exact
Medicago lupulina	47085	exact
Meesia triquetra	146577	exact
Megachile leachella	1542539	exact
Megachile ligniseca	1542540	exact
Megachile maritima	1004188	exact
Megachile willughbiella	481575	exact
Megalepthyphantes collinus	1871975	exact
Megalonotus praetextatus	1545161	exact
Megamerina dolium	3037404	exact
Meganola albula	987977	exact
Megatoma undata	878194	exact
Melampyrum pratense	52725	exact
Melampyrum sylvaticum	86092	exact
Melanargia galathea	111923	exact
Melanchra persicariae	987979	exact
Melangyna compositarum	1822530	exact
Melangyna quadrimaculata	2884232	exact
Melanomya nana	2173294	exact
Melanophora roralis	1606788	exact
Melanostoma mellinum	653684	exact
Melanostoma scalare	92598	exact
Melanotus villosus	346801	exact
Melanthia procellata	934947	exact
Melica uniflora	29686	exact
Melieria crassipennis	1335495	exact
Melieria omissa	1262360	exact
Melieria picta	3037405	exact
Melilotus altissimus	1155344	exact
Melinna palmata	27393	exact
Melinopterus prodromus	1971315	exact
Meliscaeva auricollis	431829	exact
Meliscaeva cinctella	414834	exact
Melitaea athalia	113330	exact
Melitaea cinxia	113334	exact
Melitta haemorrhoidalis	465489	exact
Melittis melissophyllum	457147	exact
Mellicta athalia	113330	exact
Melolontha melolontha	7061	exact
Membranipora membranacea	95170	exact
Menophra abruptaria	1660658	exact
Mentha aquatica	190902	exact
Mercurialis annua	3986	exact
Mergellus albellus	107026	exact
Mergus serrator	8879	exact
Merodon equestris	511117	exact
Meromyza pratorum	1428788	exact
Merrifieldia baliodactyla	753365	exact
Merrifieldia leucodactyla	1870077	exact
Merzomyia westermanni	2795681	exact
Mesapamea secalis	988129	exact
Mesoleptidea cingulata	1045615	exact
Mesoligia furuncula	997551	exact
Mesoligia literosa	1100897	exact
Mesoplodon mirus	52113	exact
Mesopsocus fuscifrons	2866285	exact
Mesoptychia rutheana	209809	exact
Meta bourneti	1926196	exact
Metalampra italica	1101017	exact
Metellina segmentata	94026	exact
Meteorus filator	1080872	exact
Meteorus ictericus	1080877	exact
Meteorus pendulus	1080928	exact
Meteorus rubens	1031642	exact
Metoecus paradoxus	433052	exact
Metopia argyrocephala	2021473	exact
Metridium senile	6116	exact
Metriotes lutarea	1150108	exact
Metschnikowia zobellii	27328	exact
Metzneria aprilella	1639167	exact
Metzneria lappella	687107	exact
Metzneria neuropterella	1870084	exact
Microcara testacea	351684	exact
Microchirus variegatus	90074	exact
Microchrysa polita	931518	exact
Microdon myrmicae	2767528	exact
Microlinyphia pusilla	1109520	exact
Microlophium carnosum	500459	exact
Micromesistius poutassou	81636	exact
Micromys minutus	13151	exact
Microphor holosericeus	2498633	exact
Microplitis deprimator	2964682	exact
Micropterix aruncella	1042620	exact
Microrhagus pygmaeus	445480	exact
Microstomus kitt	106175	exact
Microtus agrestis	29092	exact
Miltochrista miniata	987980	exact
Mimachlamys varia	50417	exact
Mimas tiliae	522848	exact
Mimulus peregrinus	1965138	exact
Mimumesa dahlbomi	2495085	exact
Minettia fasciata	1824969	exact
Miniopterus schreibersii	9433	exact
Mirificarma mulinella	2561510	exact
Miris striatus	1545166	exact
Misopates orontium	102599	exact
Moehringia trinervia	169227	exact
Molanna angustata	446450	exact
Mompha epilobiella	1101020	exact
Mompha miscella	1073589	exact
Mompha subbistrigella	1594371	exact
Monacha cantiana	265994	exact
Monochroa lutulentella	1594373	exact
Monochroa tenebrella	1101127	exact
Mononychus punctumalbum	1342213	exact
Monopis laevigella	691988	exact
Monopis weaverella	700104	exact
Monostegia abdominalis	1385281	exact
Monotoma picipes	878149	exact
Mormo maura	988133	exact
Mortierella fluviae	1910964	exact
Motacilla cinerea	56325	exact
Motacilla flava	180448	exact
Mucor piriformis	105697	exact
Mullus surmuletus	87757	exact
Muntiacus reevesi	9886	exact
Muscardinus avellanarius	39082	exact
Muscicapa striata	1293958	exact
Muscina levida	559660	exact
Mus musculus	10090	exact
Musotima nitidalis	753371	exact
Mustela erminea	36723	exact
Mustela nivalis	36239	exact
Mustelus asterias	112232	exact
Myathropa florea	2714349	exact
Mycena galericulata	71905	exact
Mycetophagus atomarius	433053	exact
Mycetophagus piceus	1501876	exact
Mycetophagus quadripustulatus	292445	exact
Mycetophila formosa	2882405	exact
Mycetophila fungorum	397147	exact
Myennis octopunctata	1335506	exact
Myodes glareolus	447135	exact
Myopa buccata	286487	exact
Myopa tessellatipennis	2829445	exact
Myopa testacea	2867102	exact
Myotis daubentonii	98922	exact
Myotis emarginatus	109480	exact
Myotis mystacinus	109479	exact
Myotis nattereri	109481	exact
Myrica gale	29739	exact
Myriophyllum alterniflorum	434553	exact
Myriophyllum aquaticum	208863	exact
Myriophyllum spicatum	208873	exact
Myriophyllum verticillatum	208876	exact
Myrrha octodecimguttata	703265	exact
Myrrhis odorata	40880	exact
Mysia undata	1920014	exact
Mystacides azureus	446513	exact
Mystacides longicornis	699848	exact
Mythimna albipuncta	987983	exact
Mythimna conigera	987984	exact
Mythimna ferrago	997540	exact
Mythimna impura	987985	exact
Mythimna lalbum	987427	exact
Mythimna pallens	987986	exact
Mythimna pudorina	987987	exact
Mythimna straminea	987989	exact
Mythimna vitellina	987991	exact
Mytilus edulis	6550	exact
Mytilus galloprovincialis	29158	exact
Myxine glutinosa	7769	exact
Myzus persicae	13164	exact
Nacerdes melanura	878157	exact
Nalassus laevioctostriatus	878205	exact
Nanogona polydesmoides	2794005	exact
Nansenia antarctica	443705	exact
Nardia scalaris	280838	exact
Narthecium ossifragum	114204	exact
Nasturtium officinale	65948	exact
Natrix helvetica	2025560	exact
Nebria brevicollis	110024	exact
Nebria salina	878211	exact
Neckera pumila	860203	exact
Nedyus quadrimaculatus	202049	exact
Nemapogon clematella	1660662	exact
Nemapogon koenigi	3003482	exact
Nemapogon ruricolella	1104514	exact
Nematopogon swammerdamellus	753375	exact
Nematostella vectensis	45351	exact
Nemophora degeerella	233164	exact
Nemophora metallica	1594367	exact
Nemopoda nitidula	292387	exact
Nemotelus nigrinus	343700	exact
Nemotelus notatus	2719078	exact
Nemotelus pantherinus	2867254	exact
Nemotelus uliginosus	3037407	exact
Nemoura dubitans	2014036	exact
Nemurella pictetii	143722	exact
Neoascia interrupta	2867103	exact
Neoascia tenur	224223	exact
Neocochylis molliculana	2769477	exact
Neocrepidodera transversa	877844	exact
Neofaculta ericetella	1101131	exact
Neoitamus cothurnatus	2882450	exact
Neoitamus cyanurus	468767	exact
Neoorthocaulis attenuatus	1331087	exact
Neottiglossa pusilla	1545170	exact
Neoturris pileata	2169487	exact
Neovison vison	452646	exact
Nephrocerus scutellatus	566305	exact
Nephrotoma appendiculata	2741127	exact
Nephrotoma flavescens	2719080	exact
Nephrotoma guestfalica	2881093	exact
Nereis zonata	880888	exact
Neria commutata	1851132	exact
Netelia cristata	3076500	exact
Netelia fuscicornis	2803881	exact
Netelia infractor	2922078	exact
Netelia melanura	2922079	exact
Netelia thomsonii	2884248	exact
Netelia virgata	494743	exact
Netta rufina	30387	exact
Neurigona quadrifasciata	240896	exact
Nicotiana alata	4087	exact
Nicrophorus investigator	414950	exact
Nigrotipula nigra	2719105	exact
Nineta flava	1504853	exact
Noctua comes	987992	exact
Noctua fimbriata	753202	exact
Noctua janthe	987995	exact
Noctua janthina	987996	exact
Noctua pronuba	214277	exact
Nogopterium gracile	65537	exact
Nomada fabriciana	601510	exact
Nomada ferruginata	601518	exact
Nomada flava	601523	exact
Nomada fucata	481570	exact
Nomada goodeniana	544954	exact
Nomada hirtipes	601583	exact
Nomada lathburiana	601640	exact
Nomada panzeri	601768	exact
Nomada ruficornis	601849	exact
Nomada rufipes	601850	exact
Nomada zonata	601990	exact
Nomophila noctuella	1209556	exact
Norellia spinipes	391172	exact
Nothochrysa capitata	1504855	exact
Notiophilus biguttatus	346812	exact
Notocelia roborana	1101024	exact
Notocelia uddmanniana	1594315	exact
Notodonta dromedarius	753204	exact
Notodonta ziczac	988002	exact
Notolepis coatsi	948063	exact
Notoxus monoceros	1553591	exact
Nowickia ferox	613196	exact
Nudaria mundana	988003	exact
Numenius arquata	31919	exact
Nuphar lutea	77113	exact
Nuphar pumila	38861	exact
Nyctalus leisleri	59465	exact
Nycteola revayana	988004	exact
Nyctia halterata	2173307	exact
Nymphalis io	171585	exact
Nymphalis polychloros	171594	exact
Nymphalis urticae	111881	exact
Nymphoides peltata	49614	exact
Nymphula nitidulata	1594316	exact
Nysson spinosus	2495127	exact
Nysson trimaculatus	2495129	exact
Ochlerotatus rusticus	120877	exact
Ochlodes sylvanus	3126489	exact
Ochropacha duplaris	721156	exact
Ochropleura leucogaster	1870131	exact
Ochropleura plecta	320037	exact
Ocypus olens	662956	exact
Ocys tachysoides	1940097	exact
Odiellus spinosus	2803876	exact
Odontocerum albicorne	446452	exact
Odontomyia argentata	2882481	exact
Odontomyia ornata	3037408	exact
Odontomyia tigrina	3037409	exact
Odontopera bidentata	875882	exact
Odontoschisma sphagni	1230442	exact
Oecetis lacustris	699849	exact
Oedemera lurida	1553597	exact
Oedipodium griffithianum	127538	exact
Oegoconia quadripuncta	347754	exact
Oenanthe lachenalii	305798	exact
Oenanthe oenanthe	279966	exact
Oenothera biennis	3942	exact
Oidaematophorus lithodactyla	1594317	exact
Oligia fasciuncula	1870138	exact
Oligia latruncula	988008	exact
Oligia strigilis	988009	exact
Oligotrichum hercynicum	201549	exact
Omonadus floralis	904171	exact
Omosita discoidea	577170	exact
Omphaloscelis lunosa	2492375	exact
Omphiscola glabra	161078	exact
Onchidella celtica	36933	exact
Ononis reclinata	798030	exact
Ontholestes murinus	875675	exact
Operophtera brumata	104452	exact
Ophiocomina nigra	55617	exact
Ophion confusus	2884233	exact
Ophion costatus	495356	exact
Ophion crassicornis	1539394	exact
Ophion ellenae	2884234	exact
Ophion forticornis	1539395	exact
Ophion obscuratus	65147	exact
Ophion slaviceki	2979155	exact
Ophion variegatus	2979160	exact
Ophion ventricosus	65146	exact
Ophion wuestneii	2979161	exact
Ophiothrix fragilis	70180	exact
Ophonus ardosiacus	247415	exact
Opilo mollis	1445684	exact
Opisthograptis luteolata	934882	exact
Opomyza florum	1262245	exact
Opomyza germinationis	1298491	exact
Orchesella cincta	48709	exact
Orchesella flavescens	48711	exact
Orchesia undulata	351518	exact
Orchestes rusci	878341	exact
Orcinus orca	9733	exact
Orgyia antiqua	335469	exact
Orgyia recens	198700	exact
Ormyrus nitidulus	591002	exact
Ornithomya avicularia	170916	exact
Ornithomya chloropus	352856	exact
Ornithomya fringillina	352855	exact
Ornithopus perpusillus	181291	exact
Orobanche alba	223089	exact
Orobanche hederae	79235	exact
Orobanche minor	36748	exact
Orthetrum coerulescens	333459	exact
Orthonevra brevicornis	3093584	exact
Orthonevra nobilis	2867105	exact
Orthosia cerasi	875886	exact
Orthosia cruda	988010	exact
Orthosia gothica	43337	exact
Orthosia gracilis	997542	exact
Orthosia incerta	988011	exact
Orthotaenia undulana	1594318	exact
Orthothecium rufescens	142610	exact
Orthotrichum anomalum	61562	exact
Orthotrichum lyellii	61563	exact
Orthotrichum pulchellum	520846	exact
Orthotrichum striatum	478075	exact
Oryctolagus cuniculus	9986	exact
Orygma luctuosum	169492	exact
Osmerus eperlanus	29151	exact
Osmia bicolor	549096	exact
Osmia bicornis	1437190	exact
Osmia bicornis bicornis	1437191	exact
Osphya bipunctata	1227470	exact
Ostrea edulis	37623	exact
Ostrinia nubilalis	29057	exact
Othius punctulatus	347424	exact
Otiorhynchus armadillo	202102	exact
Otiorhynchus porcatus	202099	exact
Otiorhynchus rugosostriatus	703598	exact
Otis tarda	73107	exact
Ourapteryx sambucaria	934883	exact
Oxalis acetosella	341461	exact
Oxalis corniculata	212256	exact
Oxalis debilis	519149	exact
Oxycera nigricornis	2998541	exact
Oxycera pygmaea	2867256	exact
Oxycera trilineata	931487	exact
Oxypselaphus obscurus	877726	exact
Oxypteryx atrella	3112342	exact
Oxyptilus pilosellae	1870143	exact
Oxyria digyna	284366	exact
Oxystoma pomonae	1588336	exact
Oxytorus armatus	495374	exact
Pachygaster atra	305543	exact
Pachygaster leachii	124322	exact
Pachygnatha clercki	662952	exact
Pachyrhinus lethierryi	857166	exact
Pachythelia villosella	1870146	exact
Paederus riparius	878345	exact
Pagrus pagrus	8173	exact
Palloptera scutellata	2849646	exact
Palpita vitrealis	1858049	exact
Pammene aurita	1870148	exact
Pammene fasciana	1101027	exact
Pammene giganteana	1101028	exact
Pammene regiana	1660671	exact
Pammene rhediella	2561577	exact
Pammene suspectana	1858054	exact
Pamponerus germanicus	1717602	exact
Pandarus bicolor	2872697	exact
Pandemis cerasana	572788	exact
Pandemis cinnamomeana	753214	exact
Pandemis corylana	1101029	exact
Pandemis heparana	192191	exact
Pandivirilia melaleuca	2878346	exact
Panellus stipticus	5636	exact
Panorpa germanica	50603	exact
Panzeria rudis	1918131	exact
Papestra biren	988015	exact
Papilio machaon	76193	exact
Parachronistis albiceps	1104519	exact
Paracoenia fumosa	1888008	exact
Paracorymbia fulva	1586519	exact
Paracraspedothrix montivaga	1918286	exact
Paragus haemorrhous	221790	exact
Paraperithous gnathaulax	2776077	exact
Parapoynx stratiotata	1594321	exact
Pararge aegeria	116150	exact
Parascotia fuliginaria	938205	exact
Parasmittina trispinosa	2844366	exact
Parasteatoda lunata	1871986	exact
Parastichtis suspecta	988145	exact
Paraswammerdamia albicapitella	1448910	exact
Paratalanta hyalinalis	1594322	exact
Pardosa nigriceps	1155753	exact
Parectropis similaria	934885	exact
Parhelophilus frutetorum	2998542	exact
Parietaria judaica	33127	exact
Parydra coarctata	2882571	exact
Pasiphila chloerata	934886	exact
Pasiphila rectangulata	572874	exact
Pastinaca sativa	4041	exact
Patella depressa	87960	exact
Patella pellucida	88005	exact
Patella ulyssiponensis	334708	exact
Patella vulgata	6465	exact
Paulownia tomentosa	39353	exact
Pecten maximus	6579	exact
Pediacus dermestoides	878348	exact
Pedicia rivosa	2882575	exact
Pegoplata infirma	559701	exact
Pelochrista caecimaculana	1594325	exact
Pelophylax lessonae	45623	exact
Pelosia muscerda	988016	exact
Pempelia genistella	1870686	exact
Pemphredon inornata	1830386	exact
Pemphredon lugubris	2495172	exact
Pentaglottis sempervirens	203760	exact
Peplomyza litura	1825016	exact
Perdix perdix	9052	exact
Perforatus perforatus	1562161	exact
Peribatodes rhomboidaria	190356	exact
Peridea anceps	988017	exact
Periphyllus acericola	1425412	exact
Perithous albicinctus	2998544	exact
Perithous divinator	1895146	exact
Perizoma affinitatum	934816	exact
Perizoma albulatum	326945	exact
Perizoma blandiatum	934818	exact
Perizoma didymatum	326946	exact
Perizoma flavofasciatum	934819	exact
Perophora japonica	111868	exact
Persicaria amphibia	254780	exact
Persicaria maculosa	457184	exact
Persicaria nepalensis	452460	exact
Petalophyllum ralfsii	56941	exact
Petasites albus	904458	exact
Petasites hybridus	278673	exact
Petrophora chlorosata	875879	exact
Phaedon cochleariae	80249	exact
Phaedon tumidulus	346819	exact
Phaeoclavulina alboapiculata	2709074	exact
Phaethon aethereus	37045	exact
Phalacrocorax carbo	9209	exact
Phalaris arundinacea	96050	exact
Phalera bucephala	753216	exact
Phaleria cadaverina	1470699	exact
Phallusia mammillata	59560	exact
Phania funesta	670618	exact
Phaonia angelicae	1511665	exact
Phaonia errans	1291920	exact
Phaonia falleni	2882598	exact
Phaonia gobertii	1511666	exact
Phaonia palpata	2882607	exact
Phaonia tiefii	2882611	exact
Phasia hemiptera	1918142	exact
Phasianus colchicus	9054	exact
Phasia obesa	1918144	exact
Phaxas pellucidus	211859	exact
Phengaris arion	203779	exact
Pheosia gnoma	988018	exact
Pheosia tremula	988019	exact
Pherbellia schoenherri	1086773	exact
Pherbina coryleti	1096077	exact
Philanthus triangulum	280486	exact
Philedonides lunana	1858058	exact
Philereme transversata	873512	exact
Philereme vetulata	934888	exact
Philodromus cespitum	336569	exact
Philodromus dispar	1155754	exact
Philonicus albiceps	468783	exact
Philonthus carbonarius	878352	exact
Philonthus cognatus	346820	exact
Philonthus marginatus	878358	exact
Philonthus spinipes	878362	exact
Philopedon plagiatum	202117	exact
Philophylla caesio	472889	exact
Philopotamus montanus	177904	exact
Phlegmacium triumphans	222052	exact
Phleum pratense	15957	exact
Phlogophora meticulosa	875884	exact
Phoca vitulina	9720	exact
Phocoena phocoena	9742	exact
Phoenicurus phoenicurus	121423	exact
Pholadidea loscombiana	2930586	exact
Pholis gunnellus	56726	exact
Phorcus lineatus	1620919	exact
Phorocera assimilis	1918153	exact
Phosphuga atrata	414934	exact
Photedes minima	988148	exact
Phoxinus phoxinus	58324	exact
Phragmataecia castaneae	753407	exact
Phragmatobia fuliginosa	214311	exact
Phragmites australis	29695	exact
Phratora vitellinae	153785	exact
Phryganea bipunctata	1875852	exact
Phtheochroa inopiana	1594332	exact
Phtheochroa sodaliana	1176461	exact
Phthiria pulicaria	2884238	exact
Phycita roborella	1101143	exact
Phylidorea fulvonervosa	2882644	exact
Phyllaphis fagi	935663	exact
Phyllobius argentatus	346824	exact
Phyllobius pyri	202125	exact
Phyllobius roboretanus	878367	exact
Phyllobius virideaeris	878368	exact
Phyllocnistis unipunctella	1660675	exact
Phyllodoce laminosa	2486090	exact
Phylloneta impressa	1405156	exact
Phyllonorycter maestingella	199051	exact
Phyllonorycter quercifoliella	199064	exact
Phyllonorycter salicicolella	199069	exact
Phyllonorycter sorbi	199075	exact
Phyllonorycter stettinensis	199080	exact
Phyllonorycter ulicicolella	199086	exact
Phylloscopus collybita	48150	exact
Phylloscopus proregulus	56435	exact
Phylloscopus trochilus	9182	exact
Phymatocera aterrima	362106	exact
Phymatodes testaceus	295676	exact
Physeter catodon	9755	exact
Physocephala rufipes	1219160	exact
Phytoecia cylindrica	1588379	exact
Phyto melanocephala	1262321	exact
Phytometra viridaria	938207	exact
Pica pica	34924	exact
Pieris brassicae	7116	exact
Pieris napi	78633	exact
Pieris rapae	64459	exact
Pilophorus perplexus	881727	exact
Pilosella aurantiaca	221188	exact
Pilosella officinarum	221204	exact
Pimephales promelas	90988	exact
Pimpla contemplator	1045619	exact
Pimpla rufipes	2184727	exact
Pimpla turionellae	2598068	exact
Piniphila bifasciana	1101145	exact
Pipistrellus nathusii	59473	exact
Pipistrellus pipistrellus	59474	exact
Pipistrellus pygmaeus	246814	exact
Pisaura mirabilis	1155755	exact
Piscicola geometra	60958	exact
Pithanus maerkelii	1545217	exact
Plagiochila carringtonii	173237	exact
Plagiodera versicolora	154017	exact
Plagiothecium denticulatum	90295	exact
Plagodis dolabraria	934889	exact
Plagodis pulveraria	688490	exact
Planococcus citri	170843	exact
Platalea leucorodia	257867	exact
Platanus x hispanica	140101	exact
Platichthys flesus	8260	exact
Platismatia glauca	78070	exact
Platycephala planifrons	2886735	exact
Platycheirus albimanus	414846	exact
Platycheirus rosarum	1352472	exact
Platycnemis pennipes	126231	exact
Platydracus latebricola	1553674	exact
Platyedra subcinerea	1660718	exact
Platyptilia gonodactyla	1101034	exact
Platypus cylindrus	298138	exact
Platyrhinus resinosus	1586622	exact
Platystomos albinus	197009	exact
Platytes cerussella	1870246	exact
Plebejus argus	242267	exact
Plecotus auritus	61862	exact
Plemyria rubiginata	934957	exact
Pleuronectes platessa	8262	exact
Pleurotus eryngii	5323	exact
Pleurotus ostreatus	5322	exact
Pleurozia purpurea	280637	exact
Plodia interpunctella	58824	exact
Plusia festucae	254382	exact
Plusia putnami	721895	exact
Plutella xylostella	51655	exact
Poa chaixii	269367	exact
Pocota personata	2867115	exact
Podabrus alpinus	1553677	exact
Podagrica fuscicornis	1425595	exact
Poecile palustris	48890	exact
Poecilobothrus nobilitatus	369887	exact
Poecilus cupreus	270614	exact
Pogonatum aloides	201550	exact
Pogonocherus hispidulus	1143099	exact
Pogonognathellus longicornis	707266	exact
Pogonus chalceus	235516	exact
Pohlia annotina	573575	exact
Pohlia cruda	67240	exact
Pohlia nutans	140635	exact
Pohlia wahlenbergii	576385	exact
Polemochartus liparae	65218	exact
Polia nebulosa	988024	exact
Polietes domitor	2866287	exact
Polietes lardarius	559703	exact
Polietes meridionalis	2725520	exact
Polistichus connexus	878437	exact
Pollachius pollachius	185739	exact
Pollenia amentaria	670595	exact
Pollenia angustigena	1266490	exact
Pollenia griseotomentosa	1720740	exact
Pollenia labialis	1266491	exact
Pollenia pediculata	1266492	exact
Polyblastus varitarsus	495395	exact
Polycarpa mamillaris	2170621	exact
Polycarpon tetraphyllum	115622	exact
Polycera quadrilineata	71382	exact
Polydesmus denticulatus	1147020	exact
Polydrusus cervinus	202137	exact
Polydrusus formosus	1342089	exact
Polydrusus impressifrons	1342090	exact
Polydrusus pterygomalis	202138	exact
Polydrusus tereticollis	1342093	exact
Polygala serpyllifolia	544475	exact
Polygonum aviculare	137693	exact
Polygonum maritimum	512629	exact
Polymixis flavicincta	1870251	exact
Polymixis lichenea	1870252	exact
Polyommatus icarus	265386	exact
Polyploca ridens	988154	exact
Polypogon plumigeralis	997515	exact
Polypogon viridis	345913	exact
Polytribax perspicillator	2979191	exact
Polytrichastrum alpinum	129212	exact
Polytrichastrum sexangulare	752065	exact
Polytrichum commune	3213	exact
Polytrichum formosum	41836	exact
Polytrichum juniperinum	129213	exact
Polytrichum piliferum	201562	exact
Polytrichum strictum	129214	exact
Pomatias elegans	928741	exact
Pontederia cordata	44964	exact
Populicerus laminatus	2998546	exact
Populus alba	43335	exact
Populus nigra	3691	exact
Populus tremula	113636	exact
Poromitra crassiceps	88708	exact
Porpolomopsis calyptriformis	1398758	exact
Portevinia maculata	226160	exact
Potamogeton compressus	306638	exact
Potamogeton crispus	55318	exact
Potamogeton epihydrus	397064	exact
Potamogeton lucens	189327	exact
Potamogeton natans	189328	exact
Potamogeton nodosus	99363	exact
Potamogeton perfoliatus	55320	exact
Potamogeton pusillus	246702	exact
Potamogeton trichoides	397083	exact
Potentilla anglica	660070	exact
Potentilla anserina	57926	exact
Potentilla indica	13044	exact
Potentilla sterilis	644184	exact
Prays fraxinella	572880	exact
Primula farinosa	133892	exact
Primula scotica	175095	exact
Primula veris	170927	exact
Primula vulgaris	175104	exact
Priocnemis perturbator	1747324	exact
Prionocera turcica	1690389	exact
Prionocyphon serricornis	1569171	exact
Prionychus ater	347445	exact
Prociphilus bumeliae	1425413	exact
Procloeon bifidum	1592913	exact
Promethes sulcator	662491	exact
Propylea quattuordecimpunctata	558720	exact
Prosena siberita	1918294	exact
Protarchanara brevilinea	2562035	exact
Protocalliphora azurea	226133	exact
Protoclythia modesta	92607	exact
Protodeltote pygarga	708063	exact
Protonemura montana	2884235	exact
Protophormia terraenovae	34676	exact
Prunella modularis	181117	exact
Prunella vulgaris	39358	exact
Prunus avium	42229	exact
Prunus lusitanica	194545	exact
Prunus padus	97307	exact
Psallus varians	1545233	exact
Psathyrella piluliformis	230822	exact
Pseudeuparius sepicola	1586585	exact
Pseudisothecium interludens	3238342	exact
Pseudobryum cinclidioides	324268	exact
Pseudochorthippus parallelus	2666068	exact
Pseudocistela ceramboides	295998	exact
Pseudognaphalium luteoalbum	59425	exact
Pseudoips prasinana	2758353	exact
Pseudopediastrum boryanum	55410	exact
Pseudosciaphila branderiana	1101040	exact
Pseudoscleropodium purum	80891	exact
Pseudoswammerdamia combinella	1870704	exact
Pseudotaxiphyllum elegans	186706	exact
Pseudoterpna pruinata	997285	exact
Psittacula krameri	9228	exact
Psococerastis gibbosa	2882760	exact
Psychoides filicivora	1870269	exact
Psylliodes napi	467386	exact
Pterapherapteryx sexalata	987030	exact
Pterigynandrum filiforme	271520	exact
Pterophorus pentadactyla	1572507	exact
Pterostichus diligens	360359	exact
Pterostichus madidus	767470	exact
Pterostichus niger	106386	exact
Pterostichus nigrita	346837	exact
Pterostichus vernalis	878440	exact
Pterostoma palpinum	987447	exact
Ptilidium ciliare	139839	exact
Ptilodon capucinus	987449	exact
Ptilodon cucullina	988028	exact
Ptilophora plumigera	988179	exact
Ptycholoma lecheana	116133	exact
Ptychomitrium polyphyllum	480560	exact
Ptychoptera albimana	1902997	exact
Ptychoptera contaminata	1572538	exact
Ptychoptera lacustris	1903307	exact
Ptychostomum cyclophyllum	200806	exact
Ptychostomum pallens	200810	exact
Puffinus puffinus	48688	exact
Pulicaria dysenterica	56535	exact
Pungitius pungitius	134920	exact
Pusa hispida	9718	exact
Pycnococcus provasolii	41880	exact
Pycnomerus fuliginosus	878397	exact
Pycnonotus jocosus	182897	exact
Pyralis farinalis	687122	exact
Pyrausta aurata	1594338	exact
Pyrausta despicata	1281420	exact
Pyrausta nigrata	1660681	exact
Pyrausta purpuralis	1101044	exact
Pyrgus malvae	218760	exact
Pyrochroa serraticornis	346838	exact
Pyrrhalta viburni	161255	exact
Pyrrhia umbra	753223	exact
Pyrrhocorax pyrrhocorax	56790	exact
Pyrrhosoma nymphula	197171	exact
Pyrrhula pyrrhula	37607	exact
Pyrus communis	23211	exact
Quedius lateralis	878401	exact
Quercus cerris	39468	exact
Quercus ilex	58334	exact
Quercus petraea	38865	exact
Quercus robur	38942	exact
Racomitrium heterostichum	374220	exact
Radula complanata	139838	exact
Raja brachyura	223862	exact
Raja clavata	7781	exact
Raja microocellata	223863	exact
Raja montagui	27588	exact
Rallus aquaticus	54496	exact
Ramalina siliquosa	56482	exact
Ramariopsis corniculata	749444	exact
Ramonda spathulata	1918167	exact
Ramularia vizellae	1093211	exact
Rana temporaria	8407	exact
Ranunculus repens	137665	exact
Ranunculus sardous	35930	exact
Ranunculus sceleratus	147635	exact
Raphanus raphanistrum	109996	exact
Reboulia hemisphaerica	37395	exact
Recurvaria nanella	572888	exact
Regulus ignicapilla	73322	exact
Regulus regulus	68468	exact
Reseda luteola	415813	exact
Rhabdoweisia crispata	115595	exact
Rhadiurgus variabilis	1725476	exact
Rhagio lineola	1822558	exact
Rhagio scolopaceus	2484562	exact
Rhagio tringarius	1720744	exact
Rhagium inquisitor	933255	exact
Rhagium mordax	295679	exact
Rhagonycha fulva	41101	exact
Rhagonycha lignosa	195289	exact
Rhagonycha lutea	1553715	exact
Rhamnus cathartica	3610	exact
Rhamphomyia laevipes	2867109	exact
Rhamphomyia sulcata	1403681	exact
Rhaphigaster nebulosa	51622	exact
Rheumaptera undulata	572890	exact
Rhimphoctona megacephalus	2922074	exact
Rhinanthus minor	254782	exact
Rhingia campestris	226161	exact
Rhingia rostrata	2721518	exact
Rhinolophus hipposideros	77218	exact
Rhizedra lutosa	988156	exact
Rhizopogon luteolus	85970	exact
Rhizosphaera kalkhoffii	57485	exact
Rhizotrogus aestivus	1971888	exact
Rhodocollybia maculata	2074862	exact
Rhododendron ponticum	49628	exact
Rhodomonas baltica	295837	exact
Rhodophaea formosa	1870710	exact
Rhogogaster chlorosoma	1385029	exact
Rhopalum coarctatum	2495209	exact
Rhopobota naevana	572892	exact
Rhopobota stagnana	1594340	exact
Rhopobota ustomaculana	1101045	exact
Rhorus exstirpatorius	2922075	exact
Rhyacionia buoliana	1101046	exact
Rhyacionia pinicolana	1101047	exact
Rhynchostegiella tenella	170457	exact
Rhynchostegium confertum	184666	exact
Rhynchostegium megapolitanum	568243	exact
Rhyparochromus pini	1511251	exact
Rhysodromus fallax	3402495	exact
Rhyssella approximator	144453	exact
Rhytidiadelphus loreus	28468	exact
Rhyzobius forestieri	2849648	exact
Ribautiana ulmi	1889767	exact
Ribes nigrum	78511	exact
Ribes rubrum	175228	exact
Riccia beyrichiana	122635	exact
Riccia sorocarpa	122646	exact
Riparia riparia	88110	exact
Ripartites tricholoma	230827	exact
Rivellia syngenesiae	1262250	exact
Robinia pseudoacacia	35938	exact
Roeseliana roeselii	494379	exact
Roeslerstammia erxlebella	753225	exact
Rosa agrestis	267229	exact
Rosa canina	74635	exact
Rosa rubiginosa	74636	exact
Rosa rugosa	74645	exact
Rosa spinosissima	74630	exact
Rosulabryum capillare	99387	exact
Rubus caesius	75065	exact
Rubus idaeus	32247	exact
Rubus saxatilis	75091	exact
Ruditapes philippinarum	129788	exact
Rumex acetosa	41241	exact
Rumex acetosella	61450	exact
Rumex conglomeratus	242534	exact
Rumex obtusifolius	3619	exact
Russula delica	111140	exact
Russula faginea	1033783	exact
Russula gracillima	176794	exact
Russula nigricans	152964	exact
Russula nobilis	2830151	exact
Russula olivacea	152966	exact
Russula versicolor	176829	exact
Russula vesca	152972	exact
Rutilus rutilus	48668	exact
Rutpela maculata	878968	exact
Rymosia fasciata	1601829	exact
Sabra harpagula	721158	exact
Sacculina carcini	51650	exact
Sagina maritima	1053390	exact
Salicornia ramosissima	267548	exact
Salix alba	75704	exact
Salix arbuscula	1149847	exact
Salix cinerea	470278	exact
Salix euxina	1824600	exact
Salix herbacea	77064	exact
Salix lanata	218388	exact
Salix myrsinifolia	339964	exact
Salix pentandra	75715	exact
Salix phylicifolia	470269	exact
Salix purpurea	77065	exact
Salix repens	467613	exact
Salix reticulata	75717	exact
Salix triandra	77069	exact
Salix viminalis	40686	exact
Salmo trutta	8032	exact
Salpingus planirostris	577144	exact
Sambucus nigra	4202	exact
Samolus valerandi	59985	exact
Sapyga quinquepunctata	1507361	exact
Sarcophaga caerulescens	596942	exact
Sarcophaga carnaria	226135	exact
Sarcophaga rosellei	1206372	exact
Sarcophaga subulata	1806677	exact
Sarcophaga subvicina	236850	exact
Sarcophaga vagans	1162344	exact
Sarcophaga variegata	236851	exact
Sardina pilchardus	27697	exact
Sargus bipunctatus	931498	exact
Sarmentypnum sarmentosum	294397	exact
Saturnia pavonia	332931	exact
Saxifraga aizoides	102714	exact
Saxifraga cespitosa	102718	exact
Saxifraga oppositifolia	29771	exact
Scaeva pyrastri	219539	exact
Scaeva selenitica	290405	exact
Scambus brevicornis	1667556	exact
Scapania compacta	402640	exact
Scapania gracilis	264776	exact
Scapania ornithopodioides	264777	exact
Scapania undulata	215256	exact
Scaphidium quadrimaculatum	295644	exact
Scaptomyza pallida	7300	exact
Scardinius erythrophthalmus	58319	exact
Scathophaga furcata	102987	exact
Scathophaga inquinata	102989	exact
Scathophaga litorea	102990	exact
Scathophaga stercoraria	95463	exact
Scellus notatus	2998547	exact
Scheuchzeria palustris	29653	exact
Schistidium strictum	254110	exact
Schizoporella japonica	2589381	exact
Schizopyga frigida	495577	exact
Schizotus pectinicornis	351686	exact
Schoenobius gigantellus	753421	exact
Schoenoplectus lacustris	76502	exact
Schoenoplectus tabernaemontani	316508	exact
Schoenoplectus triqueter	316510	exact
Schoenus nigricans	76506	exact
Schrankia costaestrigalis	411963	exact
Schreckensteinia festaliella	687129	exact
Sciapus platypterus	377571	exact
Sciara hemerobioides	709459	exact
Sciota angustella	1594312	exact
Scirpus sylvaticus	434052	exact
Sciurus carolinensis	30640	exact
Sciurus vulgaris	55149	exact
Scleranthus annuus	230712	exact
Scomber scombrus	13677	exact
Scoparia ambigualis	1594341	exact
Scoparia basistrigalis	1101050	exact
Scoparia pyralella	1594343	exact
Scophthalmus maximus	52904	exact
Scopula floslactata	934891	exact
Scopula immutata	987004	exact
Scopula ornata	104445	exact
Scotophaeus blackwalli	1926223	exact
Scotopteryx bipunctaria	987009	exact
Scotopteryx chenopodiata	326962	exact
Scrobipalpa costella	1858070	exact
Scrobipalpa ocellatella	2561724	exact
Scrophularia umbrosa	942083	exact
Scutellaria galericulata	53169	exact
Scutellaria minor	1053395	exact
Scyliorhinus canicula	7830	exact
Scythris empetrella	1073593	exact
Scythris picaepennis	1870330	exact
Scythropia crataegella	753227	exact
Sebastes mentella	394696	exact
Sedum acre	23028	exact
Sedum album	23029	exact
Segestria senoculata	1155756	exact
Seladonia tumulorum	115100	exact
Selandria serva	410286	exact
Selenia dentaria	934894	exact
Selenia tetralunaria	934895	exact
Semibalanus balanoides	94630	exact
Senecio squalidus	121554	exact
Senecio sylvaticus	121557	exact
Senecio viscosus	85882	exact
Senecio vulgaris	76276	exact
Senotainia conica	2021494	exact
Senta flammea	1858102	exact
Sepedon sphegea	1226606	exact
Sepia officinalis	6610	exact
Serica brunnea	465155	exact
Sericomyia silentis	1676147	exact
Serpula vermicularis	249369	exact
Serratella ignita	1077841	exact
Sertularella gayi	662004	exact
Seseli libanotis	63037	exact
Sesia apiformis	748215	exact
Sesia bembeciformis	287197	exact
Shargacucullia lychnitis	987466	exact
Shargacucullia verbasci	987469	exact
Sherardia arvensis	29803	exact
Sialis fuliginosa	1230162	exact
Sialis lutaria	279420	exact
Sibbaldia procumbens	57947	exact
Sicus ferrugineus	1219204	exact
Silba fumosa	2725526	exact
Silene acaulis	39862	exact
Silene dioica	39879	exact
Silene noctiflora	39899	exact
Silpha atrata	414934	exact
Silvanus unidentatus	295940	exact
Simacauda dicommatias	2997259	exact
Simplicillium lamellicola	93593	exact
Simyra albovenosa	3411907	exact
Siphlonurus alternatus	248243	exact
Sisymbrium orientale	203583	exact
Sisyra nigra	279440	exact
Sisyra terminalis	1560625	exact
Sitochroa palealis	1720755	exact
Sitona cylindricollis	878985	exact
Sitona lineatus	202195	exact
Sitona obsoletus	1541163	exact
Smerinthus ocellatus	3112358	exact
Solanum dulcamara	45834	exact
Solanum nigrum	4112	exact
Solidago canadensis	59297	exact
Solidago virgaurea	462879	exact
Somateria mollissima	76058	exact
Somatochlora arctica	638529	exact
Sonchus oleraceus	50207	exact
Sonchus palustris	50210	exact
Sonronius dahlbomi	1863080	exact
Sophronia semicostella	1280471	exact
Sorbus anglica	746469	exact
Sorbus bristoliensis	746470	exact
Sorbus devoniensis	1572685	exact
Southbya tophacea	680291	exact
Spania nigra	2882845	exact
Sparassis minoensis	3016916	exact
Sparganium emersum	361423	exact
Sparganium erectum	767568	exact
Spatula clypeata	75838	exact
Spergula arvensis	325515	exact
Spergularia bocconei	1053398	exact
Spergularia marina	191669	exact
Sphaeridium bipustulatum	290649	exact
Sphaerium corneum	98288	exact
Sphaerocystis schroeteri	1461601	exact
Sphaeroderma testaceum	428710	exact
Sphaeroma serratum	96875	exact
Sphaerophoria rueppellii	414861	exact
Sphaerophoria scripta	226180	exact
Sphaerophoria taeniata	2735243	exact
Sphagnum capillifolium	128189	exact
Sphagnum compactum	128190	exact
Sphagnum contortum	128191	exact
Sphagnum fallax	53036	exact
Sphagnum fimbriatum	128199	exact
Sphagnum girgensohnii	128204	exact
Sphagnum lindbergii	231112	exact
Sphagnum palustre	13805	exact
Sphagnum papillosum	231123	exact
Sphagnum riparium	231131	exact
Sphagnum rubellum	128231	exact
Sphagnum russowii	128233	exact
Sphagnum squarrosum	128240	exact
Sphagnum tenellum	128247	exact
Sphagnum teres	128249	exact
Sphecodes crassus	1126395	exact
Sphecodes ephippius	1126396	exact
Sphecodes longulus	1299666	exact
Sphecodes monilicornis	1190790	exact
Sphecodes pellucidus	1126398	exact
Sphecodes puncticeps	1126399	exact
Sphecodes scabricollis	1299761	exact
Sphenella marginata	594017	exact
Sphinx ligustri	470732	exact
Sphinx pinastri	987436	exact
Spilarctia lutea	875881	exact
Spilosoma lubricipeda	875880	exact
Spilosoma urticae	988039	exact
Spinacia oleracea	3562	exact
Spinus spinus	160760	exact
Spiraea salicifolia	409519	exact
Spisula solida	31201	exact
Spisula subtruncata	31202	exact
Splachnum sphaericum	61572	exact
Spodoptera exigua	7107	exact
Sprattus sprattus	196075	exact
Spuleria flavicaput	1449018	exact
Squalius cephalus	8284	exact
Stachys alpina	694383	exact
Stagnicola palustris	55699	exact
Standfussiana lucernea	988158	exact
Staphylinus erythropterus	1553746	exact
Stathmopoda pedella	753230	exact
Stelis phaeoptera	2249760	exact
Stenagostus rhombeus	195298	exact
Stenella coeruleoalba	9737	exact
Stenepteryx hirundinis	452760	exact
Stenichneumon culpator	274346	exact
Stenocarus ruficornis	1342239	exact
Stenodema calcarata	863834	exact
Stenoptilia bipunctidactyla	1660692	exact
Stenoptilia pterodactyla	1594347	exact
Stenurella melanura	877990	exact
Stenus bimaculatus	1202164	exact
Stenus solutus	1202177	exact
Stereodon callichrous	455281	exact
Sterna paradisaea	279953	exact
Steromphala cineraria	216125	exact
Sthenelais limicola	1210413	exact
Stictoleptura scutellata	879004	exact
Stictopleurus punctatonervosus	1437094	exact
Stilbops ruficornis	2979192	exact
Stomorhina lunata	1606781	exact
Stomoxys calcitrans	35570	exact
Stragania apicalis	1465182	exact
Straminergon stramineum	249548	exact
Stratiomys singularior	511597	exact
Streptopelia decaocto	177147	exact
Streptopelia turtur	177155	exact
Strigamia acuminata	1255758	exact
Strix aluco	111821	exact
Stromboceros delicatulus	1385333	exact
Strophosoma melanogrammum	202215	exact
Stuckenia pectinata	55444	exact
Sturmia bella	569090	exact
Sturnus vulgaris	9172	exact
Styela clava	7725	exact
Stylops aterrimus	2793623	exact
Suaeda maritima	126913	exact
Subacronicta megacephala	1870728	exact
Subcoccinella vigintiquattuorpunctata	295815	exact
Succisa pratensis	105906	exact
Suillia affinis	2882903	exact
Suillia flava	2719096	exact
Suillia notata	2719097	exact
Suillia pallida	2882908	exact
Suillia variegata	1230148	exact
Suillus viscidus	85998	exact
Sussaba pulchella	662494	exact
Sycon ciliatum	27933	exact
Sylvicola cinctus	1552766	exact
Symmerus annulatus	560781	exact
Symmorphus gracilis	1124894	exact
Sympetrum sanguineum	197176	exact
Sympetrum striolatum	6969	exact
Symphodus melops	171736	exact
Synanthedon andrenaeformis	1108569	exact
Synanthedon formicaeformis	301036	exact
Synanthedon myopaeformis	1108570	exact
Synanthedon tipuliformis	301680	exact
Synanthedon vespiformis	1660703	exact
Syndemis musculana	1101060	exact
Syngnathus acus	161584	exact
Synophropsis lauri	2591987	exact
Syntrichia ruraliformis	1286807	exact
Syringa vulgaris	34270	exact
Syritta pipiens	34682	exact
Syrphoctonus tarsatorius	662506	exact
Syrphus vitripennis	224256	exact
Systoechus ctenopterus	2882930	exact
Tachina fera	631328	exact
Tachina grossa	141258	exact
Tachina lurida	631329	exact
Tachinus rufipes	1588496	exact
Tachybaptus ruficollis	100828	exact
Tachyporus hypnorum	346861	exact
Tachystola acroxantha	2561799	exact
Tadorna tadorna	75865	exact
Taeniapion urticarium	202217	exact
Taleporia tubulosa	753433	exact
Talpa europaea	9375	exact
Tamarix gallica	125585	exact
Tanacetum parthenium	127999	exact
Tanacetum vulgare	128002	exact
Taphrorychus bicolor	105251	exact
Taurulus bubalis	61643	exact
Tausonia pullulans	82525	exact
Teleiodes luculella	1101163	exact
Teleiodes vulgella	1594352	exact
Teleogryllus oceanicus	128161	exact
Tellima grandiflora	29775	exact
Temnocerus longiceps	1553888	exact
Tenebrio molitor	7067	exact
Tenthredo amoena	520940	exact
Tenthredo arcuata	112292	exact
Tenthredo distinguenda	1385102	exact
Tenthredo livida	520905	exact
Tenthredo mesomela	222778	exact
Tenthredo notha	362091	exact
Tenthredo scrophulariae	520932	exact
Tenthredo zona	1385169	exact
Tephritis conura	311997	exact
Tephritis formosa	594022	exact
Tephritis matricariae	594026	exact
Tephritis neesii	594117	exact
Tephroseris palustris	152001	exact
Terebella lapidaria	1131437	exact
Testudinalia testudinalis	2126142	exact
Tetanocera arrogans	320960	exact
Tetanocera ferruginea	320963	exact
Tethea ocularis	997289	exact
Tetheella fluctuosa	721173	exact
Tethya citrina	460386	exact
Tetragnatha montana	500645	exact
Tetramitus jugosus	166959	exact
Tetranychus urticae	32264	exact
Tetrao urogallus	100830	exact
Tetraplodon mnioides	67441	exact
Tetropium fuscum	256650	exact
Teucrium botrys	1209845	exact
Teucrium scorodonia	53178	exact
Thalasseus sandvicensis	126723	exact
Thalictrum alpinum	395328	exact
Thalictrum minus	476039	exact
Thalpophila matura	987451	exact
Thanasimus formicarius	295689	exact
Thaumetopoea processionea	499230	exact
Thecocarcelia acutangulata	1918310	exact
Thecophora atra	1219171	exact
Thelaira nigripes	1918186	exact
Thelaira solivaga	1918187	exact
Thera britannica	987013	exact
Thera firmata	326957	exact
Thera juniperata	689108	exact
Thera obeliscata	934896	exact
Thereva nobilitata	1774267	exact
Thereva plebeja	359494	exact
Thereva unica	2867258	exact
Therion circumflexum	1888457	exact
Thermobia domestica	89055	exact
Therophilus tumidulus	1218166	exact
Tholera cespitis	988040	exact
Tholera decimalis	988041	exact
Thracia phaseolina	1411927	exact
Threskiornis aethiopicus	100858	exact
Thuidium delicatulum	94606	exact
Thuidium tamariscinum	67428	exact
Thumatha senex	997290	exact
Thyatira batis	721163	exact
Thymelicus acteon	876078	exact
Thymelicus lineola	218773	exact
Thymelicus sylvestris	272628	exact
Thyridanthrax fenestratus	2829463	exact
Tibellus oblongus	336685	exact
Tiliacea aurago	988162	exact
Tiliacea citrago	988163	exact
Tilia cordata	172266	exact
Tillus elongatus	295696	exact
Timandra comae	190366	exact
Tinea pellionella	41014	exact
Tinea semifulvella	1101063	exact
Tinea trinotella	1594354	exact
Tinodes waeneri	177916	exact
Tiphia femorata	330862	exact
Tiphia minuta	2829464	exact
Tipula confusa	2881124	exact
Tipula fascipennis	2719107	exact
Tipula fulvipennis	2886541	exact
Tipula helvola	2867262	exact
Tipula lateralis	2025111	exact
Tipula scripta	2736688	exact
Tipula unca	2867263	exact
Tipula vernalis	2741129	exact
Tischeria ekebladella	683971	exact
Tolmerus cingulatus	2884231	exact
Torilis japonica	49576	exact
Tortella tortuosa	93848	exact
Tortricodes alternella	116138	exact
Tortrix viridana	311328	exact
Toxonevra muliebris	2725530	exact
Trachurus trachurus	36212	exact
Tragopogon porrifolius	13731	exact
Tragopogon pratensis	41653	exact
Tranosemella praerogator	1667565	exact
Travisia forbesii	205113	exact
Triaenodes bicolor	699847	exact
Triaxomasia caprimulgella	2878352	exact
Triaxomera parasitella	1448927	exact
Trichiura crataegi	988167	exact
Trichoderma citrinoviride	58853	exact
Tricholauxania praeusta	1824988	exact
Tricholepidozia tetradactyla	989957	exact
Tricholoma cingulatum	176009	exact
Tricholoma hemisulphureum	1779456	exact
Tricholoma terreum	76328	exact
Trichophorum cespitosum	76515	exact
Trichopteryx carpinata	505408	exact
Trichostegia minor	1271749	exact
Trichostomum littorale	2909329	exact
Trichostrongylus colubriformis	6319	exact
Tricolia pullus	335759	exact
Tricyphona immaculata	2866288	exact
Trifolium bocconei	361894	exact
Trifolium dubium	97021	exact
Trifolium fragiferum	97023	exact
Trifolium occidentale	74524	exact
Trifolium repens	3899	exact
Trifolium striatum	97043	exact
Trifolium subterraneum	3900	exact
Triglochin maritima	55501	exact
Triglochin palustris	403040	exact
Trigloporus lastoviza	426095	exact
Trigonometopus frontalis	2725545	exact
Trigonophora flammea	1870735	exact
Tringa totanus	171271	exact
Tripolium pannonicum	74787	exact
Trisateles emortualis	753441	exact
Trisopterus luscus	27722	exact
Tritomaria quinquedentata	248352	exact
Triturus cristatus	8323	exact
Trocdaris verticillatum	1170862	exact
Troglodytes troglodytes	36278	exact
Troilus luridus	1545368	exact
Trollius europaeus	212754	exact
Tromatobia lineatoria	2776060	exact
Tropidia scita	2719100	exact
Trychosis tristator	1479692	exact
Tryphon signator	1045627	exact
Tryphon thomsoni	495590	exact
Trypoxylon attenuatum	1889570	exact
Trypoxylon clavicerum	1124896	exact
Tuberolachnus salignus	96551	exact
Turritis glabra	63678	exact
Tussilago farfara	118778	exact
Tuta absoluta	702717	exact
Tyria jacobaeae	179666	exact
Tyto alba	56313	exact
Tytthaspis sedecimpunctata	347477	exact
Udea ferrugalis	1002954	exact
Udea olivalis	1002971	exact
Uleiota planata	346868	exact
Ulex minor	183318	exact
Ulmus glabra	172265	exact
Ulmus minor	262084	exact
Ulmus procera	186427	exact
Uloborus plumipes	94033	exact
Ulota crispa	140636	exact
Ulota phyllantha	67002	exact
Umbilicaria deusta	87276	exact
Umbilicus rupestris	91168	exact
Uncinus obductella	3119811	exact
Urocerus augur	1507180	exact
Uroleucon taraxaci	527895	exact
Urophora cardui	503482	exact
Urtica dioica	3501	exact
Urtica urens	473050	exact
Vaccinium myrtillus	180763	exact
Valerianella locusta	59166	exact
Vanellus vanellus	100859	exact
Vanessa atalanta	42275	exact
Vanessa cardui	171605	exact
Venerupis corrugata	1028563	exact
Venturia canescens	32260	exact
Venusia cambrica	572911	exact
Verbascum nigrum	90364	exact
Verbascum thapsus	39388	exact
Verbena officinalis	79772	exact
Veronica arvensis	46032	exact
Veronica filiformis	189991	exact
Veronica officinalis	160511	exact
Veronica persica	138560	exact
Veronica scutellata	195138	exact
Veronica serpyllifolia	164258	exact
Veronica triphyllos	195143	exact
Veronica verna	195145	exact
Vespa crabro	7445	exact
Vespa velutina	202808	exact
Vespertilio murinus	59485	exact
Vespula germanica	30212	exact
Vespula vulgaris	7454	exact
Viburnum lantana	237945	exact
Vicia hirsuta	3910	exact
Vicia lathyroides	347192	exact
Vicia parviflora	1053407	exact
Vicia sativa	3908	exact
Vicia tetrasperma	154499	exact
Villa cingulata	2753613	exact
Villa modesta	2867260	exact
Villa occulta	2883019	exact
Vincenzellus ruficollis	295991	exact
Viola odorata	97441	exact
Viola palustris	462882	exact
Viola stagnina	502524	exact
Viola tricolor	214053	exact
Vipera berus	31155	exact
Virgichneumon dumeticola	2998550	exact
Virgichneumon maculicauda	172418	exact
Virgularia mirabilis	1399339	exact
Viscum album	3972	exact
Vitis vinifera	29760	exact
Volucella bombylans	1352473	exact
Volucella inanis	226151	exact
Volucella inflata	226149	exact
Volucella pellucens	226150	exact
Volucella zonaria	511121	exact
Volvariella surrecta	908347	exact
Vulgichneumon bimaculatus	2998551	exact
Vulgichneumon saturatorius	2883022	exact
Vulpes vulpes	9627	exact
Watersipora subatra	2589382	exact
Watsonalla binaria	721165	exact
Watsonalla cultraria	721166	exact
Winthemia cruentata	1918189	exact
Xanthandrus comtus	414871	exact
Xanthia icteritia	987434	exact
Xanthia togata	997532	exact
Xanthogramma pedissequum	414876	exact
Xantholinus longiventris	346870	exact
Xanthorhoe designata	934901	exact
Xanthorhoe montanata	934903	exact
Xanthorhoe spadicearia	934904	exact
Xanthostigma xanthostigma	887762	exact
Xerophyllum tenax	86979	exact
Xestia ashworthii	988043	exact
Xestia baja	988044	exact
Xestia castanea	988045	exact
Xestia rhomboidea	987439	exact
Xestia sexstrigata	997545	exact
Xestia triangulum	988048	exact
Xestia xanthographa	988049	exact
Xestobium rufovillosum	879067	exact
Xiphydria camelus	871386	exact
Xylena solidaginis	1870429	exact
Xylena vetusta	988050	exact
Xylocampa areola	1870430	exact
Xylophagus ater	1689122	exact
Xylota segnis	374263	exact
Xylota sylvarum	374264	exact
Xyphosia miliaria	381397	exact
Xysticus acerbus	187487	exact
Yponomeuta cagnagella	2567736	exact
Yponomeuta evonymella	2567737	exact
Yponomeuta malinellus	33466	exact
Yponomeuta plumbellus	1594356	exact
Yponomeuta sedellus	263933	exact
Ypsolopha horridella	1870432	exact
Ypsolopha scabrella	1870435	exact
Ypsolopha sequella	1870436	exact
Ypsolopha sylvella	1858087	exact
Zaglyptus varipes	1667571	exact
Zeiraphera griseana	1104517	exact
Zele albiditarsus	1080930	exact
Zele chlorophthalmus	1080924	exact
Zelleria hepariella	1594360	exact
Zeus faber	64108	exact
Zeuzera pyrina	1101072	exact
Zootoca vivipara	8524	exact
Zoropsis spinimana	1304667	exact
Zostera noltei	55326	exact
Zygaena filipendulae	287375	exact
Zygodon viridissimus	146584	exact
