species	n_ir	genome_size_bp	total_ir_span_bp	mean_arm_len_bp	median_arm_len_bp	max_arm_len_bp	mean_span_bp	median_span_bp	max_span_bp	median_spacer_bp	mean_spacer_bp	median_tir_ident	mean_tir_ident	median_score	n_loci	mean_irs_per_locus	n_direct_better	prop_direct_better	n_large	prop_large	ir_density_per_mb	n_immediate	prop_immediate	n_spaced	prop_spaced	n_wide	prop_wide	n_overlap	prop_overlap
Abax_parallelepipedus	5967	583556320	2273486935	4463.5334	3121.0	78401	381010.0444	239721.0	1193641	215090.0	333814.4111	0.931	0.9045	924.0	1325	4.5034	14	0.0023	3029	0.5076	10.2252	269	0.0451	1467	0.2459	4225	0.7081	6	0.001
Abia_aenea	1952	186085923	704240227	4112.9621	2810.5	24689	360778.8048	280303.0	1171080	252162.5	341058.353	0.9	0.8828	899.0	305	6.4	13	0.0067	1107	0.5671	10.4898	124	0.0635	405	0.2075	1423	0.729	0	0.0
Abia_candens	4514	218150420	1862556723	3871.2025	2940.5	96025	412617.7942	317589.5	1190869	254488.5	348782.0744	0.94	0.9218	944.0	249	18.1285	43	0.0095	2516	0.5574	20.6921	434	0.0961	708	0.1568	3370	0.7466	2	0.0004
Abramis_brama	10379	1101143512	3902439403	3573.3515	2835.0	222171	375993.7762	243271.0	1196068	220803.0	339759.9603	0.924	0.9052	920.0	2280	4.5522	62	0.006	5417	0.5219	9.4257	160	0.0154	2652	0.2555	7562	0.7286	5	0.0005
Abraxas_grossulariata	5509	538506485	2750168909	3424.354	2749.0	93433	499213.8154	490099.0	1192064	426923.0	462554.1251	0.97	0.9611	966.0	1089	5.0588	4	0.0007	3832	0.6956	10.2301	99	0.018	844	0.1532	4564	0.8285	2	0.0004
Abraxas_sylvata	7046	474204816	2206835476	6617.1546	4050.0	143126	313204.0131	177099.0	1199324	157724.0	273980.0971	0.976	0.9632	972.0	844	8.3483	18	0.0026	2408	0.3418	14.8586	72	0.0102	2126	0.3017	4848	0.688	0	0.0
Abrostola_tripartita	848	381012071	348356904	3405.4599	3399.0	11460	410798.2358	339083.0	1173938	300142.5	373357.9835	0.992	0.9622	988.0	354	2.3955	0	0.0	498	0.5873	2.2257	70	0.0825	185	0.2182	592	0.6981	1	0.0012
Abrostola_triplasia	764	362575416	384104106	3299.3979	3163.5	14926	502754.0654	533285.5	1184147	409451.0	436353.0327	0.978	0.9608	975.0	229	3.3362	0	0.0	524	0.6859	2.1071	22	0.0288	137	0.1793	605	0.7919	0	0.0
Acaena_novae_zelandiae	12554	658623239	4934621258	4081.8422	3411.0	69439	393071.6312	285743.0	1189129	261788.5	369717.2299	0.919	0.9053	920.0	2099	5.9809	1	0.0001	7012	0.5585	19.061	81	0.0065	3007	0.2395	9466	0.754	0	0.0
Acaena_ovalifolia	10881	681147794	4288210876	3648.2057	3100.0	50732	394100.8065	286958.0	1191858	260256.0	367937.5409	0.888	0.883	888.0	2177	4.9982	2	0.0002	6093	0.56	15.9745	60	0.0055	2435	0.2238	8386	0.7707	0	0.0
Acalles_misellus	8602	650016902	2725140861	4008.9436	3041.0	38499	316803.1691	184137.0	1195736	143144.0	291009.3798	0.966	0.9459	970.0	3114	2.7624	121	0.0141	3604	0.419	13.2335	564	0.0656	3026	0.3518	4954	0.5759	58	0.0067
Acanthis_cabaret	13444	1214160424	4359040630	7052.0934	4401.5	320455	324236.8811	204899.5	1194934	185743.5	291293.485	0.931	0.9163	930.0	651	20.6513	7	0.0005	5997	0.4461	11.0727	45	0.0033	3805	0.283	9594	0.7136	0	0.0
Acanthis_flammea	13330	1218891985	4431207588	7161.9886	4400.5	157720	332423.675	209273.0	1196308	191867.5	299777.1185	0.934	0.9204	930.0	647	20.6028	10	0.0008	6147	0.4611	10.9362	52	0.0039	3570	0.2678	9708	0.7283	0	0.0
Acanthocardia_echinata	5432	1328126152	2331297029	3823.817	2789.5	125407	429178.3927	281432.5	1196689	222517.0	340131.658	0.921	0.9023	876.0	2709	2.0052	9	0.0017	2864	0.5272	4.09	315	0.058	1453	0.2675	3659	0.6736	5	0.0009
Acanthosoma_haemorrhoidale	9789	861071391	4336619543	3293.7838	2765.0	59596	443009.4538	379282.0	1190108	343173.0	415294.3519	0.932	0.9236	924.0	1739	5.6291	53	0.0054	6079	0.621	11.3684	128	0.0131	1756	0.1794	7902	0.8072	3	0.0003
Acasis_viretata	2271	297346439	998545309	3974.8261	3068.0	40640	439694.1035	376221.0	1181208	303933.0	394439.598	0.992	0.9756	990.0	537	4.2291	12	0.0053	1355	0.5967	7.6376	93	0.041	501	0.2206	1676	0.738	1	0.0004
Accipiter_gentilis	8764	1313079313	2987222307	6678.6722	4290.0	181363	340851.4727	207719.0	1194466	187928.5	304632.2527	0.954	0.9401	948.0	674	13.003	20	0.0023	3957	0.4515	6.6744	42	0.0048	2465	0.2813	6257	0.7139	0	0.0
Accipiter_nisus	4260	1180831742	1470526781	8866.5329	4541.0	182667	345194.08	209538.0	1198563	179885.5	293714.1103	0.945	0.9174	936.0	378	11.2698	7	0.0016	1851	0.4345	3.6076	28	0.0066	1176	0.2761	3056	0.7174	0	0.0
Acentria_ephemerella	194	309435162	53769176	5648.9794	3428.5	23244	277160.701	168714.5	1137464	139548.0	255265.1959	0.971	0.9525	969.0	74	2.6216	0	0.0	76	0.3918	0.6269	14	0.0722	65	0.3351	115	0.5928	0	0.0
Acer_campestre	27079	559207294	9644376486	3323.2707	2293.0	73312	356157.04	205387.0	1194940	197398.0	329324.1099	0.922	0.9123	920.0	2865	9.4517	3	0.0001	12593	0.465	48.4239	186	0.0069	7553	0.2789	19339	0.7142	1	0.0
Acer_pseudoplatanus	56582	1222821967	22097569673	3934.2924	2883.5	90636	390540.6255	245342.0	1197593	228787.5	363327.184	0.913	0.9036	918.0	5833	9.7003	14	0.0002	29226	0.5165	46.2717	440	0.0078	13986	0.2472	42153	0.745	3	0.0001
Acericerus_heydenii	86178	1743072924	39140052191	5591.754	4725.0	99308	454176.8455	413804.0	1199591	364164.5	421309.4637	0.949	0.9397	934.0	6721	12.8222	217	0.0025	55162	0.6401	49.4403	3765	0.0437	15680	0.1819	66535	0.7721	198	0.0023
Achaius_oratorius	16707	396742428	5683679752	5469.3281	4211.0	124973	340197.5072	215897.0	1198179	163864.0	266428.646	0.935	0.9358	936.0	857	19.4947	98	0.0059	5733	0.3431	42.1104	181	0.0108	4447	0.2662	12063	0.722	16	0.001
Achillea_maritima	206034	2486216279	82257888484	4722.2951	3932.0	145429	399244.2436	290584.0	1199910	263907.0	374048.9948	0.88	0.8759	876.0	16818	12.2508	6332	0.0307	113329	0.55	82.8705	5105	0.0248	49020	0.2379	150312	0.7295	1597	0.0078
Achillea_ptarmica	160271	3103974913	73306983161	4027.4189	3185.0	272190	457393.9338	406012.0	1199553	380538.0	436299.6875	0.889	0.8843	902.0	23935	6.6961	60	0.0004	104852	0.6542	51.6341	837	0.0052	28247	0.1762	131168	0.8184	19	0.0001
Achlya_flavicornis	1787	444544455	708816673	3344.5993	2817.0	25547	396651.7476	310914.0	1190701	271947.0	358627.2255	0.953	0.9346	964.0	950	1.8811	6	0.0034	971	0.5434	4.0198	166	0.0929	484	0.2708	1136	0.6357	1	0.0006
Acholoe_squamosa	18667	1478946822	8780818159	5126.1788	3831.0	51138	470392.5729	428370.0	1197123	399964.0	449471.0867	0.926	0.9156	930.0	4343	4.2982	67	0.0036	12810	0.6862	12.6218	263	0.0141	3153	0.1689	15246	0.8167	5	0.0003
Achroia_grisella	2486	439589070	1117044917	3954.3753	2967.5	88323	449334.2385	394430.5	1188704	321896.0	398865.6203	0.9645	0.9515	960.0	703	3.5363	3	0.0012	1498	0.6026	5.6553	64	0.0257	557	0.2241	1852	0.745	13	0.0052
Acidia_cognata	15235	914870999	5992246860	4655.916	2943.0	117062	393321.0935	248297.0	1196415	227557.0	351906.7412	0.939	0.9305	942.0	2090	7.2895	19	0.0012	7902	0.5187	16.6526	196	0.0129	3724	0.2444	11313	0.7426	2	0.0001
Acleris_aspersana	1762	596211149	759758626	3145.1913	2627.0	25126	431191.0477	386608.0	1177626	335182.5	399337.5613	0.97	0.9514	971.0	1094	1.6106	3	0.0017	1094	0.6209	2.9553	87	0.0494	368	0.2089	1307	0.7418	0	0.0
Acleris_cristana	4171	561931138	1933712635	3782.5215	2786.0	119932	463608.8792	440096.0	1185355	413220.0	445581.5507	0.96	0.9422	962.0	1245	3.3502	20	0.0048	2759	0.6615	7.4226	119	0.0285	763	0.1829	3288	0.7883	1	0.0002
Acleris_emargana	2698	691354009	1370427349	2920.9325	2597.0	22732	507941.9381	513437.0	1193050	438623.5	464092.2183	0.974	0.9623	974.0	1302	2.0722	54	0.02	1904	0.7057	3.9025	94	0.0348	438	0.1623	2165	0.8024	1	0.0004
Acleris_ferrugana	2289	471470446	794818751	3874.4268	2947.0	27051	347234.0546	215385.0	1195300	205929.0	329140.3416	0.969	0.9439	968.0	1048	2.1842	10	0.0044	1144	0.4998	4.855	109	0.0476	665	0.2905	1512	0.6606	3	0.0013
Acleris_hastiana	5379	671884650	2487662868	3660.5904	2818.0	45904	462476.8299	431654.0	1191867	404890.0	442549.4867	0.968	0.9527	970.0	1774	3.0321	10	0.0019	3572	0.6641	8.0058	117	0.0218	1055	0.1961	4206	0.7819	1	0.0002
Acleris_holmiana	2036	637514050	992138128	3670.8075	2751.0	34948	487297.7053	473908.0	1181774	410670.5	445464.7436	0.972	0.96	966.0	910	2.2374	0	0.0	1401	0.6881	3.1937	24	0.0118	409	0.2009	1603	0.7873	0	0.0
Acleris_hyemana	3746	577350558	1526032630	4563.201	2919.5	100279	407376.5697	322980.5	1193703	296386.5	382710.3497	0.975	0.9579	976.0	1155	3.2433	46	0.0123	2220	0.5926	6.4883	111	0.0296	892	0.2381	2739	0.7312	4	0.0011
Acleris_laterana	1434	563806962	633874011	3097.8605	2553.5	24229	442032.0858	406618.0	1160604	363783.0	408568.0781	0.967	0.9492	974.0	918	1.5621	21	0.0146	901	0.6283	2.5434	24	0.0167	373	0.2601	1037	0.7232	0	0.0
Acleris_literana	2059	674591414	916801748	3277.5697	2630.0	42958	445265.5406	402204.0	1193033	355229.0	419012.6081	0.955	0.9406	956.0	1145	1.7983	1	0.0005	1300	0.6314	3.0522	122	0.0593	405	0.1967	1529	0.7426	3	0.0015
Acleris_logiana	1765	529142846	657957857	4424.5739	2823.0	47391	372780.6555	269908.0	1197487	244810.0	349784.3008	0.95	0.9307	952.0	790	2.2342	40	0.0227	987	0.5592	3.3356	61	0.0346	471	0.2669	1233	0.6986	0	0.0
Acleris_lorquiniana	6002	591043390	2358914146	4816.6999	3295.0	173200	393021.3505	246430.0	1191727	225858.5	348571.3879	0.956	0.9381	952.0	1049	5.7216	27	0.0045	3073	0.512	10.1549	110	0.0183	1512	0.2519	4380	0.7298	0	0.0
Acleris_sparsana	1249	589482501	453828577	3362.225	2695.0	35977	363353.5444	218709.0	1166562	211325.0	341661.8102	0.975	0.9587	982.0	770	1.6221	10	0.008	630	0.5044	2.1188	57	0.0456	418	0.3347	774	0.6197	0	0.0
Acleris_umbrana	1022	583803550	355413462	3891.635	2870.0	29748	347762.683	206668.0	1192071	190229.5	320357.7387	0.9645	0.9469	966.0	604	1.6921	8	0.0078	504	0.4932	1.7506	96	0.0939	314	0.3072	611	0.5978	1	0.001
Acompsia_schmidtiellus	470	442136834	259762087	3359.034	2753.0	22554	552685.2915	607508.5	1190547	463421.0	468981.5319	0.979	0.9613	963.0	273	1.7216	0	0.0	336	0.7149	1.063	24	0.0511	62	0.1319	384	0.817	0	0.0
Acrobasis_consociella	4160	597598798	1693906744	3155.7986	2689.0	91601	407189.1212	300900.5	1193619	259137.0	368975.9921	0.9415	0.9194	932.0	1269	3.2782	14	0.0034	2314	0.5562	6.9612	135	0.0325	979	0.2353	3035	0.7296	11	0.0026
Acrobasis_repandana	2985	619290872	1522904720	3504.5588	2720.0	70550	510185.8358	514399.0	1188905	423280.0	461075.4804	0.961	0.9525	964.0	881	3.3882	10	0.0034	2122	0.7109	4.82	117	0.0392	423	0.1417	2437	0.8164	8	0.0027
Acrobasis_suavella	2092	647252360	924284927	2957.2156	2517.0	89416	441818.7988	404063.5	1183345	359746.0	414653.9006	0.913	0.8906	928.0	936	2.235	2	0.001	1332	0.6367	3.2321	73	0.0349	409	0.1955	1604	0.7667	6	0.0029
Acrocephalus_schoenobaenus	20915	1180779629	6725462988	5332.7094	4061.0	193800	321561.7016	183914.0	1198312	171057.0	292366.0969	0.92	0.9129	928.0	876	23.8756	11	0.0005	8252	0.3945	17.7129	95	0.0045	6327	0.3025	14493	0.6929	0	0.0
Acrocera_orbiculus	798	214884321	244676882	4994.5702	2998.0	108026	306612.6341	210800.0	1173494	169537.5	269170.614	0.932	0.9061	934.0	201	3.9701	4	0.005	329	0.4123	3.7136	18	0.0226	229	0.287	551	0.6905	0	0.0
Acrocnida_brachiata	17207	1615422049	7104802621	4014.6335	2822.0	128078	412901.8784	342265.0	1193939	317449.0	392809.6968	0.91	0.8972	928.0	5211	3.3021	176	0.0102	10209	0.5933	10.6517	531	0.0309	4452	0.2587	12218	0.7101	6	0.0003
Acrodactyla_quadrisculpta	6229	487393401	2179241970	4784.9844	3031.0	69757	349854.2254	218395.0	1189677	194182.0	316482.034	0.943	0.9236	942.0	1817	3.4282	144	0.0231	2999	0.4815	12.7802	396	0.0636	1771	0.2843	4056	0.6511	6	0.001
Acromegalomma_vesiculosum	27833	1791302707	14121751829	3950.7429	3188.0	204178	507374.4055	491991.0	1199448	430299.0	471768.1821	0.893	0.8918	896.0	4187	6.6475	7	0.0003	20108	0.7225	15.5379	294	0.0106	3576	0.1285	23960	0.8608	3	0.0001
Acronicta_aceris	1350	466369003	652169808	3798.2793	3181.0	35634	483088.7467	467062.0	1187214	400730.0	446816.5356	0.969	0.958	970.0	462	2.9221	1	0.0007	907	0.6719	2.8947	64	0.0474	238	0.1763	1047	0.7756	1	0.0007
Acronicta_alni	939	465409908	306077334	5736.9979	3182.0	41348	325960.9521	206904.0	1189253	186420.0	288435.1576	0.985	0.9573	988.0	321	2.9252	6	0.0064	434	0.4622	2.0176	61	0.065	234	0.2492	644	0.6858	0	0.0
Acronicta_leporina	2075	465501737	994534745	2875.4993	2532.0	21951	479293.853	464187.0	1183601	397294.0	437349.4492	0.954	0.9453	960.0	741	2.8003	5	0.0024	1410	0.6795	4.4576	88	0.0424	370	0.1783	1616	0.7788	1	0.0005
Acronicta_megacephala	1076	429719312	411314501	5283.6097	2742.5	60657	382262.5474	233257.0	1186928	201553.5	328624.027	0.957	0.9196	968.0	488	2.2049	60	0.0558	550	0.5112	2.504	78	0.0725	341	0.3169	657	0.6106	0	0.0
Acronicta_psi	588	404684940	246560929	2814.7041	2513.0	13029	419321.3078	340965.5	1185430	267861.0	372063.9898	0.9345	0.9205	954.0	355	1.6563	52	0.0884	332	0.5646	1.453	42	0.0714	129	0.2194	415	0.7058	2	0.0034
Acronicta_rumicis	4908	581347525	2158006400	3393.7632	2835.0	42000	439691.6055	382582.0	1193581	321323.0	399373.3873	0.949	0.9325	952.0	1458	3.3663	23	0.0047	3021	0.6155	8.4425	186	0.0379	961	0.1958	3757	0.7655	4	0.0008
Acrosathe_annulata	68871	1263147852	32873341244	3148.4148	2790.0	173712	477317.6118	448633.0	1199224	412467.0	454387.7044	0.955	0.9464	958.0	7663	8.9875	38	0.0006	46978	0.6821	54.5233	799	0.0116	11051	0.1605	57008	0.8278	13	0.0002
Actenicerus_siaelandicus	22433	844112333	6989257808	3919.5749	3185.0	111852	311561.4411	200701.0	1197789	148207.0	260369.0611	0.917	0.9057	910.0	2027	11.0671	111	0.0049	7776	0.3466	26.5758	591	0.0263	7537	0.336	14228	0.6342	77	0.0034
Acupalpus_dubius	5078	631059918	1634690517	4301.6089	3218.5	56663	321916.2105	191404.5	1198207	158626.0	290763.284	0.935	0.9034	950.0	1485	3.4195	23	0.0045	2178	0.4289	8.0468	230	0.0453	1745	0.3436	3103	0.6111	0	0.0
Acupalpus_parvulus	11254	555396299	4493580549	4560.0897	3138.5	66662	399287.4133	292738.0	1188147	255221.0	364273.9008	0.955	0.9352	948.0	2413	4.6639	51	0.0045	6155	0.5469	20.263	678	0.0602	2578	0.2291	7976	0.7087	22	0.002
Adaina_microdactyla	997	274194288	378032119	3354.1876	2999.0	15525	379169.6279	270386.0	1143475	243675.0	349264.8586	0.976	0.9633	978.0	253	3.9407	0	0.0	533	0.5346	3.6361	31	0.0311	333	0.334	633	0.6349	0	0.0
Adalia_bipunctata	14395	473940348	3741537399	3953.5099	3430.0	56211	259919.2358	190890.0	1185627	126569.0	201206.4665	0.931	0.9259	930.0	1467	9.8125	97	0.0067	3358	0.2333	30.373	365	0.0254	5535	0.3845	8487	0.5896	8	0.0006
Adalia_decempunctata	5526	488215494	2237763682	3563.6911	2811.0	33541	404951.8064	315322.5	1187865	281910.0	379062.1576	0.964	0.9498	964.0	1619	3.4132	127	0.023	3167	0.5731	11.3188	346	0.0626	1210	0.219	3958	0.7163	12	0.0022
Adela_reaumurella	11449	1144187296	5855138073	3049.5101	2617.0	98281	511410.4352	531110.0	1195312	430071.0	459163.8999	0.957	0.9421	952.0	4972	2.3027	33	0.0029	8000	0.6988	10.0062	690	0.0603	1647	0.1439	9084	0.7934	28	0.0024
Adicella_reducta	1646	414345098	615744037	4459.6762	3457.5	49594	374085.0772	235744.5	1175101	219325.5	346439.2764	0.979	0.9542	984.0	593	2.7757	47	0.0286	846	0.514	3.9725	114	0.0693	452	0.2746	1076	0.6537	4	0.0024
Adonis_annua	514000	13815994417	257588031773	3863.6407	3230.0	179553	501144.0307	483223.0	1199445	459197.0	483827.7379	0.853	0.8527	860.0	92728	5.5431	464	0.0009	377674	0.7348	37.2033	2911	0.0057	70639	0.1374	440366	0.8567	84	0.0002
Adscita_geryon	6471	667996137	2905325274	3803.9903	2958.0	40405	448976.2439	393333.0	1192356	352677.0	424712.6942	0.966	0.9559	968.0	2043	3.1674	4	0.0006	4138	0.6395	9.6872	246	0.038	1186	0.1833	5031	0.7775	8	0.0012
Aegialia_arenaria	6131	419705178	1862872137	4726.8558	3184.0	85355	303844.7459	192796.0	1192760	151204.0	253193.3857	0.936	0.928	940.0	640	9.5797	14	0.0023	2080	0.3393	14.6079	69	0.0113	2070	0.3376	3991	0.651	1	0.0002
Aegithalos_caudatus	5455	1062421732	1164787126	7349.4764	4756.0	130608	213526.5126	147398.0	1191858	128589.0	187603.6592	0.965	0.9419	964.0	352	15.4972	13	0.0024	1450	0.2658	5.1345	96	0.0176	2103	0.3855	3256	0.5969	0	0.0
Aelia_acuminata	8219	1167715600	2990751671	3220.7158	2605.0	45937	363882.6708	207029.0	1188793	190496.0	317307.668	0.903	0.8656	898.0	3118	2.636	159	0.0193	3945	0.48	7.0385	612	0.0745	2399	0.2919	5198	0.6324	10	0.0012
Aesculus_hippocastanum	11542	504902157	4481778443	3646.7433	2989.0	79461	388301.7192	288563.0	1196413	267391.5	367597.7911	0.917	0.905	916.0	3040	3.7967	12	0.001	6603	0.5721	22.8599	151	0.0131	2858	0.2476	8533	0.7393	0	0.0
Aeshna_juncea	28685	1967611813	10874737917	4493.2816	3128.0	421425	379108.8693	227565.0	1199200	200295.0	322995.9785	0.952	0.9231	936.0	5832	4.9186	274	0.0096	14115	0.4921	14.5786	611	0.0213	8719	0.304	19344	0.6744	11	0.0004
Aethecerus_discolor	1197	344412445	315201681	5469.6809	3533.0	30428	263326.3835	166517.0	1167036	126719.0	230254.1972	0.966	0.9388	964.0	432	2.7708	16	0.0134	416	0.3475	3.4755	71	0.0593	453	0.3784	673	0.5622	0	0.0
Aethes_beatricella	14822	556263628	7109759873	5077.4952	3062.0	132696	479676.1485	454799.0	1193648	379507.0	434301.0709	0.972	0.9561	966.0	1458	10.166	6	0.0004	9731	0.6565	26.6456	146	0.0099	2687	0.1813	11988	0.8088	1	0.0001
Aethes_cnicana	1743	396617966	715937742	3429.1337	2650.0	22679	410750.2823	286157.0	1187977	234275.0	355245.7217	0.959	0.9279	952.0	909	1.9175	32	0.0184	929	0.533	4.3947	49	0.0281	571	0.3276	1122	0.6437	1	0.0006
Aethes_francillana	2031	445527155	943846739	3397.6366	2731.0	16795	464720.2063	445870.0	1179765	366316.0	419682.2614	0.966	0.9458	964.0	1092	1.8599	18	0.0089	1304	0.642	4.5586	66	0.0325	450	0.2216	1515	0.7459	0	0.0
Aethes_hartmanniana	2502	484648647	1053397134	5949.1019	2963.0	60477	421022.036	341612.5	1175810	274957.0	368013.2106	0.962	0.9463	967.0	1042	2.4012	9	0.0036	1431	0.5719	5.1625	108	0.0432	604	0.2414	1790	0.7154	0	0.0
Aethes_rubigana	4197	463430236	1860425157	4095.9726	2901.0	46765	443274.9957	389046.0	1194479	313488.0	394697.0357	0.975	0.9545	966.0	1262	3.3257	44	0.0105	2574	0.6133	9.0564	117	0.0279	973	0.2318	3107	0.7403	0	0.0
Aethes_rutilana	2610	412691559	1270242368	3286.851	2662.5	46794	486682.8996	482067.0	1186169	382222.5	431932.2295	0.984	0.9627	970.0	994	2.6258	0	0.0	1688	0.6467	6.3243	32	0.0123	579	0.2218	1998	0.7655	1	0.0004
Aethes_smeathmanniana	2276	425485770	1033910555	3328.8801	2744.5	29664	454266.5004	418820.5	1184078	341832.0	401393.7882	0.957	0.928	958.0	1021	2.2292	21	0.0092	1402	0.616	5.3492	124	0.0545	453	0.199	1697	0.7456	2	0.0009
Aethes_tesserana	4328	485185781	2087169909	4788.0374	2951.0	79676	482248.1305	486324.0	1186114	371253.5	419602.9993	0.962	0.9407	950.0	1479	2.9263	3	0.0007	2771	0.6402	8.9203	99	0.0229	942	0.2177	3287	0.7595	0	0.0
Aethusa_cynapium	84080	1302953695	37632437025	4987.9807	4001.0	142908	447578.937	385458.0	1199920	360094.5	428203.9045	0.93	0.917	934.0	8840	9.5113	436	0.0052	52875	0.6289	64.5303	407	0.0048	15530	0.1847	68140	0.8104	3	0.0
Agapeta_hamana	7620	665678076	3291365518	3472.2944	2823.0	55408	431937.732	379709.5	1188491	338041.5	402026.5785	0.968	0.9491	968.0	2356	3.2343	8	0.001	4703	0.6172	11.447	246	0.0323	1839	0.2413	5535	0.7264	0	0.0
Agapeta_zoegana	5560	575691604	2565991891	3871.5896	2905.0	48722	461509.3329	440402.5	1184199	371659.0	422470.4493	0.954	0.9434	958.0	1743	3.1899	18	0.0032	3546	0.6378	9.6579	205	0.0369	1167	0.2099	4187	0.7531	1	0.0002
Agapetus_fuscipes	4335	613581074	2582950450	2988.1167	2484.0	12631	595836.3206	659479.0	1189597	476868.0	492264.3158	0.957	0.9407	880.0	1789	2.4231	2	0.0005	3251	0.7499	7.0651	32	0.0074	632	0.1458	3671	0.8468	0	0.0
Agapornis_nigrigenis	5968	1199301353	2358434445	5117.4318	2771.5	270038	395180.0343	284633.5	1183774	253450.5	362187.1101	0.928	0.9121	926.0	1056	5.6515	10	0.0017	3342	0.56	4.9762	75	0.0126	1526	0.2557	4367	0.7317	0	0.0
Agaricus_bisporus	480	30454534	132865547	4307.9146	3662.0	8498	276803.2229	78716.0	1093345	67399.5	266880.9292	0.909	0.9036	902.0	106	4.5283	0	0.0	185	0.3854	15.7612	16	0.0333	245	0.5104	219	0.4562	0	0.0
Agaricus_langei	1726	38530964	420750904	3461.1118	2613.5	9312	243772.2503	157522.5	1138373	123967.5	213494.208	0.926	0.9126	916.0	296	5.8311	0	0.0	563	0.3262	44.7951	19	0.011	738	0.4276	969	0.5614	0	0.0
Agelastica_alni	6610	686914557	2540264067	4000.9809	2760.0	272127	384306.2129	237655.0	1188826	212450.5	339298.5829	0.938	0.8905	918.0	1272	5.1965	4	0.0006	3323	0.5027	9.6227	103	0.0156	1776	0.2687	4730	0.7156	1	0.0002
Agnoea_josephinae	6532	1006175190	3163884762	3567.1552	2883.0	99747	484366.9262	465173.0	1187258	419723.5	456979.4213	0.952	0.9364	950.0	2312	2.8253	28	0.0043	4574	0.7002	6.4919	148	0.0227	1006	0.154	5368	0.8218	10	0.0015
Agnoea_subochreella	2699	542547835	1302421987	3646.239	2514.0	56733	482557.2386	451058.0	1192942	334768.0	417883.0722	0.989	0.972	984.0	1007	2.6802	9	0.0033	1671	0.6191	4.9747	37	0.0137	514	0.1904	2148	0.7959	0	0.0
Agonopterix_alstromeriana	3626	516157379	1518014480	4349.7319	3138.0	157759	418647.1263	272069.0	1188759	234937.0	360392.1277	0.96	0.9459	956.0	816	4.4436	22	0.0061	1887	0.5204	7.025	149	0.0411	890	0.2454	2587	0.7135	0	0.0
Agonopterix_arenella	3090	545720839	1571686009	3489.0382	2994.0	21826	508636.2489	538384.5	1196681	390249.0	436494.5152	0.972	0.9539	956.0	725	4.2621	4	0.0013	2068	0.6693	5.6622	100	0.0324	593	0.1919	2394	0.7748	3	0.001
Agonopterix_atomella	3789	637257616	1517686904	3699.6719	2992.0	231973	400550.7796	280072.0	1184323	234448.0	351090.5078	0.954	0.9278	948.0	1464	2.5881	25	0.0066	2002	0.5284	5.9458	240	0.0633	971	0.2563	2574	0.6793	4	0.0011
Agonopterix_ciliella	6519	847438153	2719960478	3973.5711	2855.0	151055	417235.8457	319767.0	1199072	259848.0	363912.977	0.964	0.9362	960.0	2784	2.3416	52	0.008	3610	0.5538	7.6926	331	0.0508	1780	0.273	4407	0.676	1	0.0002
Agonopterix_heracliana	2102	538663194	959965671	3114.3796	2632.0	16682	456691.5657	435928.0	1184170	322497.0	391764.4886	0.932	0.9147	934.0	1092	1.9249	19	0.009	1261	0.5999	3.9023	118	0.0561	544	0.2588	1440	0.6851	0	0.0
Agonopterix_kaekeritziana	2026	599116951	768913269	3456.4329	2632.5	18504	379522.8376	220546.0	1193374	196417.5	328243.5943	0.942	0.913	942.0	1095	1.8502	43	0.0212	1012	0.4995	3.3816	214	0.1056	578	0.2853	1231	0.6076	3	0.0015
Agonopterix_nanatella	12665	732208972	3898559151	6041.6605	3710.0	86404	307821.4884	171435.0	1189968	152240.0	262067.6566	0.985	0.9707	982.0	1186	10.6788	54	0.0043	3929	0.3102	17.297	240	0.0189	3862	0.3049	8562	0.676	1	0.0001
Agonopterix_nervosa	3007	591773320	1568104274	3039.3222	2624.0	15002	521484.6272	562071.0	1195386	419982.0	450503.6768	0.971	0.9511	962.0	1519	1.9796	12	0.004	2079	0.6914	5.0813	149	0.0496	515	0.1713	2336	0.7769	7	0.0023
Agonopterix_propinquella	1704	567582914	700828320	3966.2506	2650.0	39534	411284.2254	308505.5	1194678	248134.5	352325.9554	0.96	0.9333	964.0	944	1.8051	25	0.0147	956	0.561	3.0022	118	0.0692	427	0.2506	1159	0.6802	0	0.0
Agonopterix_subpropinquella	4261	667805830	1609646913	3192.3532	2787.0	22786	377762.7113	193298.0	1182055	177516.0	319982.2051	0.914	0.9003	930.0	1964	2.1696	163	0.0383	2069	0.4856	6.3806	492	0.1155	1345	0.3157	2419	0.5677	5	0.0012
Agonum_fuliginosum	6873	688073902	2504185734	4791.3748	3126.0	93574	364351.1907	227036.0	1196744	204127.0	319945.5266	0.943	0.9216	944.0	1786	3.8483	182	0.0265	3386	0.4927	9.9888	431	0.0627	1737	0.2527	4696	0.6833	9	0.0013
Agonum_gracile	6706	621058115	2031519088	4185.8983	3266.5	109497	302940.5142	143421.0	1179271	130369.0	276284.4693	0.955	0.9224	954.0	1648	4.0692	526	0.0784	2761	0.4117	10.7977	466	0.0695	2568	0.3829	3654	0.5449	18	0.0027
Agonum_muelleri	8247	515198479	3019651603	4651.1545	3458.0	177113	366151.5221	237306.0	1195907	215958.0	328042.352	0.937	0.9136	940.0	1595	5.1705	17	0.0021	4234	0.5134	16.0074	201	0.0244	2061	0.2499	5983	0.7255	2	0.0002
Agonum_thoreyi	11245	816355723	3661850187	5509.0368	3593.0	60613	325642.5244	200099.0	1193422	169076.0	285040.868	0.962	0.9365	962.0	2776	4.0508	117	0.0104	4798	0.4267	13.7746	846	0.0752	3163	0.2813	7215	0.6416	21	0.0019
Agonum_viduum	3714	541605070	1493092067	4478.4276	3023.0	88811	402017.2501	306854.0	1185459	271022.5	366852.0959	0.938	0.911	934.0	1090	3.4073	48	0.0129	2107	0.5673	6.8574	190	0.0512	967	0.2604	2556	0.6882	1	0.0003
Agrilus_biguttatus	2961	366297344	886792157	7530.1324	4498.0	172982	299490.7656	187326.0	1190684	148151.0	259170.1618	0.905	0.89	932.0	429	6.9021	12	0.0041	1140	0.385	8.0836	262	0.0885	888	0.2999	1811	0.6116	0	0.0
Agrilus_cyanescens	7161	292338215	2788903814	5133.5205	3482.0	209322	389457.3124	246235.0	1190279	224958.0	343913.3251	0.924	0.9167	936.0	594	12.0556	11	0.0015	3660	0.5111	24.4956	96	0.0134	1560	0.2178	5505	0.7687	0	0.0
Agrimonia_eupatoria	106423	1274490042	43105367978	3539.1814	2939.0	100613	405038.0837	287076.0	1199392	256867.0	376808.6261	0.882	0.8759	884.0	9978	10.6658	12	0.0001	57468	0.54	83.5024	451	0.0042	24603	0.2312	81369	0.7646	0	0.0
Agriopis_aurantiaria	1713	485369969	807712631	3262.1424	2841.0	16141	471519.3409	465050.0	1185761	357506.0	417742.7572	0.975	0.9489	980.0	702	2.4402	63	0.0368	1078	0.6293	3.5293	121	0.0706	360	0.2102	1232	0.7192	0	0.0
Agriopis_leucophaearia	1507	490953744	710517347	3475.6828	2584.0	16300	471478.0007	431307.0	1196716	350985.0	419058.3889	0.972	0.9572	970.0	700	2.1529	14	0.0093	965	0.6403	3.0695	64	0.0425	301	0.1997	1141	0.7571	1	0.0007
Agriopis_marginaria	1231	500852740	614527754	3152.1527	2646.0	23790	499210.1982	518633.0	1194098	392998.0	429440.5045	0.916	0.9102	916.0	502	2.4522	4	0.0032	792	0.6434	2.4578	41	0.0333	267	0.2169	921	0.7482	2	0.0016
Agriotes_lineatus	36479	2509820287	9510891804	4898.4876	3566.0	165407	260722.3829	173556.0	1197690	118717.0	214733.5028	0.892	0.8808	896.0	7647	4.7704	240	0.0066	11241	0.3081	14.5345	2526	0.0692	13733	0.3765	20200	0.5537	20	0.0005
Agriphila_geniculea	6257	780576651	2675671136	3518.3617	2516.0	52987	427628.4379	361690.0	1191999	311684.0	390983.5474	0.955	0.931	960.0	2723	2.2978	265	0.0424	3714	0.5936	8.0159	390	0.0623	1269	0.2028	4589	0.7334	9	0.0014
Agriphila_inquinatella	6154	793882265	2691103272	3599.1306	2822.0	25336	437293.3494	391683.0	1190082	348197.5	408335.6532	0.974	0.9489	974.0	2467	2.4945	46	0.0075	3740	0.6077	7.7518	325	0.0528	1291	0.2098	4534	0.7368	4	0.0006
Agriphila_straminella	2109	509714377	876513389	3497.1257	2866.0	17976	415606.1588	346039.0	1191366	299942.0	387783.4566	0.969	0.9363	978.0	956	2.2061	68	0.0322	1240	0.588	4.1376	168	0.0797	485	0.23	1454	0.6894	2	0.0009
Agriphila_tristella	7518	798605896	3229161329	3304.5073	2678.0	77202	429523.9863	368712.5	1188999	330102.0	398751.1347	0.968	0.9303	970.0	2845	2.6425	172	0.0229	4496	0.598	9.4139	467	0.0621	1551	0.2063	5496	0.731	4	0.0005
Agrochola_circellaris	1146	572038728	401651134	3164.7173	2737.0	17083	350480.9197	198342.5	1175649	188430.0	319159.5593	0.963	0.9303	964.0	709	1.6164	23	0.0201	553	0.4825	2.0034	90	0.0785	375	0.3272	681	0.5942	0	0.0
Agrochola_litura	7503	771263072	3233762514	3332.7136	2776.0	51506	430995.9368	364665.0	1197979	310447.0	391733.1941	0.965	0.9452	954.0	1990	3.7704	22	0.0029	4450	0.5931	9.7282	209	0.0279	1742	0.2322	5548	0.7394	4	0.0005
Agrochola_lota	1699	636558611	626395836	3169.4038	2668.0	27089	368685.0124	227887.0	1176057	217142.0	345298.0506	0.961	0.9379	960.0	963	1.7643	9	0.0053	863	0.5079	2.669	75	0.0441	527	0.3102	1097	0.6457	0	0.0
Agrochola_lychnidis	6457	798737890	3026761833	3059.0536	2611.0	34411	468756.6723	454627.0	1184960	362072.0	420689.4211	0.968	0.9475	962.0	2068	3.1223	11	0.0017	4115	0.6373	8.084	197	0.0305	1282	0.1985	4978	0.7709	0	0.0
Agrochola_macilenta	4247	683094442	1786248984	3423.1933	2675.0	54545	420590.7662	332870.0	1197501	300625.0	392859.5524	0.962	0.9394	958.0	1694	2.5071	11	0.0026	2510	0.591	6.2173	152	0.0358	1017	0.2395	3077	0.7245	1	0.0002
Agrocybe_praecox	704	52423654	148023725	3298.0071	2835.5	15869	210260.973	136712.0	1093833	128724.0	201929.5185	0.862	0.8614	872.0	205	3.4341	0	0.0	231	0.3281	13.4291	3	0.0043	300	0.4261	401	0.5696	0	0.0
Agrostemma_githago	134316	1718345640	52168249861	3973.2295	3162.0	228798	388399.3706	249437.5	1199141	232404.5	363870.9017	0.863	0.8619	872.0	10095	13.3052	58	0.0004	70058	0.5216	78.1659	843	0.0063	32062	0.2387	101396	0.7549	15	0.0001
Agrothereutes_abbreviatus	2274	257731411	846470740	4898.1157	3522.5	33945	372238.6719	243180.5	1177170	214724.5	337745.8857	0.962	0.943	956.0	601	3.7837	6	0.0026	1179	0.5185	8.8231	103	0.0453	537	0.2361	1634	0.7186	0	0.0
Agrotis_clavis	4334	747810373	1947585444	3077.7688	2629.0	28065	449373.6604	418928.0	1195608	350807.0	414948.716	0.94	0.9163	956.0	2292	1.8909	131	0.0302	2703	0.6237	5.7956	250	0.0577	852	0.1966	3228	0.7448	4	0.0009
Agrotis_exclamationis	3959	722645916	1723841547	3499.0106	2737.0	34585	435423.4774	376849.0	1192075	311425.0	398182.5827	0.959	0.9371	960.0	1619	2.4453	36	0.0091	2361	0.5964	5.4785	204	0.0515	835	0.2109	2919	0.7373	1	0.0003
Agrotis_puta	1440	522047196	792782326	3230.5528	2615.0	15127	550543.2819	582177.5	1190821	432314.0	463073.2257	0.966	0.9463	952.0	713	2.0196	15	0.0104	1040	0.7222	2.7584	50	0.0347	213	0.1479	1177	0.8174	0	0.0
Agrotis_ripae	9708	947032113	4336991948	3503.1358	2765.0	270281	446744.1232	393731.0	1193326	327061.0	402856.5014	0.965	0.9351	956.0	3857	2.517	37	0.0038	5881	0.6058	10.251	395	0.0407	1974	0.2033	7333	0.7554	6	0.0006
Agrotis_vestigialis	5042	676502138	2239638860	3563.7223	2886.0	21649	444196.5212	404211.5	1192394	345300.5	404052.6392	0.952	0.9191	958.0	1927	2.6165	70	0.0139	3108	0.6164	7.453	388	0.077	1057	0.2096	3593	0.7126	4	0.0008
Agrypnus_murinus	23825	1573910774	9528159782	4070.6577	3112.0	130551	399922.761	324574.0	1199131	305852.0	382937.1187	0.95	0.9371	952.0	8196	2.9069	82	0.0034	13823	0.5802	15.1375	2181	0.0915	5383	0.2259	16174	0.6789	87	0.0037
Agrypon_flaveolatum	4035	343424523	1386249360	5290.6659	3645.0	57350	343556.223	208259.0	1184055	184063.0	308704.1138	0.943	0.9282	948.0	844	4.7808	14	0.0035	1839	0.4558	11.7493	172	0.0426	1218	0.3019	2643	0.655	2	0.0005
Agrypon_varitarsum	2923	260752036	1103559064	5252.3921	3627.0	104230	377543.2993	250831.0	1191246	224884.0	340326.3161	0.944	0.9155	948.0	478	6.1151	4	0.0014	1537	0.5258	11.2099	43	0.0147	897	0.3069	1982	0.6781	1	0.0003
Ailanthus_altissima	53670	938468429	24896707992	2839.6749	2586.0	39888	463885.0008	425947.5	1199874	402684.5	449733.3944	0.905	0.9043	900.0	4356	12.3209	2	0.0	36040	0.6715	57.1889	293	0.0055	8893	0.1657	44482	0.8288	2	0.0
Ajuga_chamaepitys	23703	888349137	10870638046	4857.7316	3846.0	213774	458618.6578	402028.0	1197025	367874.0	431512.969	0.896	0.8918	890.0	4717	5.025	5	0.0002	15442	0.6515	26.6821	258	0.0109	4300	0.1814	19144	0.8077	1	0.0
Ajuga_reptans	86479	954281588	32684784665	4178.1683	3651.0	147175	377950.539	227804.0	1198773	212373.0	349320.725	0.912	0.9043	918.0	4429	19.5256	37	0.0004	42757	0.4944	90.6221	662	0.0077	23080	0.2669	62732	0.7254	5	0.0001
Alauda_arvensis	14296	1080381084	3853251294	5617.8129	4099.5	166242	269533.5264	175645.5	1185410	154622.0	234804.6153	0.936	0.9198	930.0	505	28.3089	23	0.0016	4730	0.3309	13.2324	79	0.0055	4448	0.3111	9769	0.6833	0	0.0
Alcedo_atthis	17737	1054578111	7059366304	3787.6756	2701.0	142653	398002.2723	244893.0	1199025	225968.0	357066.3895	0.931	0.9246	924.0	645	27.4992	58	0.0033	9178	0.5174	16.819	104	0.0059	4364	0.246	13269	0.7481	0	0.0
Alchemilla_alpina	102183	3213433518	42060183308	3217.1749	2642.0	223530	411616.2503	325259.0	1199349	297506.0	388851.7202	0.878	0.8729	896.0	13705	7.4559	36	0.0004	59742	0.5847	31.7987	577	0.0056	22680	0.222	78924	0.7724	2	0.0
Alchemilla_mollis	42027	1084455784	18868362207	3509.4918	2792.0	203046	448958.1033	397694.0	1195849	363457.0	425617.0717	0.882	0.8787	890.0	5414	7.7627	13	0.0003	26688	0.635	38.754	231	0.0055	7810	0.1858	33982	0.8086	4	0.0001
Alcis_jubata	1189	424108348	521944104	3807.4104	3137.0	42670	438977.3793	400916.0	1198042	301375.0	381888.6997	0.97	0.9538	974.0	588	2.0221	1	0.0008	696	0.5854	2.8035	94	0.0791	295	0.2481	798	0.6712	2	0.0017
Alcis_repandata	2306	395894951	1007667839	3578.8695	2962.0	23926	436976.513	382538.5	1198607	322762.0	403955.0282	0.965	0.945	972.0	807	2.8575	24	0.0104	1386	0.601	5.8248	80	0.0347	483	0.2095	1743	0.7559	0	0.0
Alcyonidium_gelatinosum	64545	690466143	26017524440	4690.6481	4389.0	59521	403091.2455	294878.0	1199871	275651.0	384430.3131	0.896	0.8925	882.0	1913	33.7402	4	0.0001	35859	0.5556	93.4803	310	0.0048	14587	0.226	49646	0.7692	2	0.0
Alectoris_rufa	9101	1094592560	2575362406	6605.2224	3759.0	135205	282975.7616	189295.0	1199395	151775.0	234311.8752	0.944	0.9058	940.0	458	19.8712	697	0.0766	2948	0.3239	8.3145	47	0.0052	3023	0.3322	6031	0.6627	0	0.0
Aleimma_loeflingiana	874	460874507	360566956	3180.2208	2578.5	15618	412548.0046	347294.0	1181818	307327.0	389312.5618	0.961	0.9388	966.0	507	1.7239	7	0.008	505	0.5778	1.8964	81	0.0927	195	0.2231	597	0.6831	1	0.0011
Aleiodes_alternator	1875	234883295	701986757	3290.2075	2748.0	31742	374392.9371	268180.0	1191832	242804.0	354644.5419	0.913	0.8931	946.0	600	3.125	141	0.0752	1001	0.5339	7.9827	89	0.0475	454	0.2421	1331	0.7099	1	0.0005
Aleiodes_circumscriptus	4749	264017841	1457105255	4042.2055	3082.0	122092	306823.5955	180663.0	1189838	154254.0	274298.772	0.908	0.8933	922.0	950	4.9989	299	0.063	1980	0.4169	17.9874	306	0.0644	1602	0.3373	2833	0.5965	8	0.0017
Aleiodes_coxalis	1289	238789187	475132027	3311.7773	2688.0	39497	368605.1412	259301.0	1186849	240315.0	347160.3871	0.93	0.9035	944.0	667	1.9325	71	0.0551	692	0.5369	5.3981	80	0.0621	351	0.2723	857	0.6649	1	0.0008
Aleiodes_gastritor	1772	277384961	436862232	4205.2207	2927.0	124090	246536.2483	91683.5	1197466	64146.5	222659.026	0.9035	0.8771	902.0	728	2.4341	205	0.1157	564	0.3183	6.3882	167	0.0942	883	0.4983	720	0.4063	2	0.0011
Aleiodes_leptofemur	1563	271179041	388886870	4403.4056	2886.0	58724	248807.9782	121077.0	1173605	89840.0	226850.0205	0.917	0.9	928.0	683	2.2884	103	0.0659	538	0.3442	5.7637	162	0.1036	643	0.4114	754	0.4824	4	0.0026
Aleiodes_praetor	3584	223558263	1402480540	3978.7483	3097.5	28723	391317.115	310642.0	1191299	290867.0	375300.2441	0.9355	0.9338	942.0	896	4.0	36	0.01	2089	0.5829	16.0316	121	0.0338	811	0.2263	2651	0.7397	1	0.0003
Aleiodes_rugulosus	1912	260638406	734942699	5295.8876	3387.0	60337	384384.2568	273279.0	1198544	251974.5	361640.2333	0.929	0.9175	938.0	403	4.7444	10	0.0052	1047	0.5476	7.3358	41	0.0214	478	0.25	1393	0.7286	0	0.0
Aleiodes_similis	1986	280570711	524150304	6498.3374	3281.5	90852	263922.6103	137671.0	1156570	104384.0	234262.5715	0.935	0.9132	940.0	679	2.9249	167	0.0841	707	0.356	7.0784	184	0.0926	787	0.3963	1011	0.5091	4	0.002
Aleiodes_testaceus	737	110705161	151695892	4350.8874	3109.0	57727	205828.8901	110636.0	1155224	94390.0	187055.1343	0.922	0.9031	926.0	155	4.7548	12	0.0163	228	0.3094	6.6573	16	0.0217	380	0.5156	340	0.4613	1	0.0014
Aleiodes_unipunctator	4282	322109329	1466927938	4760.5502	3389.5	173404	342580.0883	217225.0	1193038	193120.5	306784.4274	0.906	0.8823	920.0	931	4.5994	29	0.0068	2041	0.4766	13.2936	272	0.0635	1277	0.2982	2732	0.638	1	0.0002
Alentia_gelatinosa	4722	1229457671	1970340530	4190.3175	3241.5	113594	417268.219	313544.0	1191559	286732.5	382957.298	0.916	0.8876	920.0	1252	3.7716	258	0.0546	2778	0.5883	3.8407	78	0.0165	1036	0.2194	3606	0.7637	2	0.0004
Aleochara_curtula	3672	134367374	991953082	5716.0025	3726.0	120088	270139.7282	158471.5	1198861	128547.5	237964.0046	0.944	0.9037	942.0	186	19.7419	361	0.0983	1270	0.3459	27.3281	123	0.0335	1480	0.4031	2069	0.5635	0	0.0
Alisma_plantago_aquatica	410335	9364719279	199757862491	3602.2881	3104.0	122199	486816.534	462438.0	1199774	442223.0	472460.0189	0.863	0.8617	876.0	71141	5.7679	178	0.0004	295976	0.7213	43.8171	2390	0.0058	61342	0.1495	346515	0.8445	88	0.0002
Alitta_virens	5380	671008194	1790456156	4579.9171	3246.5	142192	332798.542	206995.5	1194469	188805.5	306343.9076	0.92	0.8997	922.0	1560	3.4487	7	0.0013	2599	0.4831	8.0178	144	0.0268	1810	0.3364	3426	0.6368	0	0.0
Allacma_fusca	957	386680329	284584258	5496.7607	3706.0	42422	297371.2205	149163.0	1184021	126111.0	282747.7764	0.95	0.9296	946.0	505	1.895	0	0.0	392	0.4096	2.4749	34	0.0355	402	0.4201	521	0.5444	0	0.0
Allantus_rufocinctus	3243	271376964	1207649851	4737.2775	3272.0	159920	372386.6331	274855.0	1189541	243705.0	350091.8147	0.952	0.9336	960.0	841	3.8561	54	0.0167	1765	0.5442	11.9502	343	0.1058	683	0.2106	2217	0.6836	0	0.0
Alliopsis_billbergi	30669	964401096	14057634754	3266.4077	2919.0	63354	458366.2576	411741.0	1198038	312534.0	402528.4301	0.967	0.9534	958.0	3315	9.2516	410	0.0134	18047	0.5884	31.8011	620	0.0202	6384	0.2082	23660	0.7715	5	0.0002
Allodia_ornaticollis	11150	327608841	3304934001	8923.9669	8179.5	74874	296406.6369	176443.0	1195702	147892.0	245808.013	0.991	0.9749	992.0	607	18.369	2	0.0002	3409	0.3057	34.0345	120	0.0108	3751	0.3364	7279	0.6528	0	0.0
Allomacrus_arcticus	2156	209231991	698901362	5071.0904	3047.0	66611	324165.7523	207025.5	1191262	190968.0	296426.2495	0.948	0.9353	946.0	458	4.7074	4	0.0019	1010	0.4685	10.3044	29	0.0135	605	0.2806	1520	0.705	2	0.0009
Allophyes_oxyacanthae	2533	458464223	1144201381	2804.5097	2464.0	16481	451717.8764	447414.0	1182536	381470.0	417918.1682	0.957	0.9214	952.0	750	3.3773	9	0.0036	1636	0.6459	5.525	116	0.0458	529	0.2088	1887	0.745	1	0.0004
Alloplasta_piceator	9218	543248045	3319382572	5996.4949	3415.5	61276	360097.9141	217387.5	1193594	195327.0	326070.0913	0.962	0.9428	964.0	2321	3.9716	139	0.0151	4435	0.4811	16.9683	766	0.0831	2428	0.2634	6017	0.6527	7	0.0008
Allygidius_commutatus	13856	1778837672	4364232273	4299.9628	3312.0	63927	314970.574	188966.5	1198327	176154.0	284341.6604	0.941	0.9256	938.0	6027	2.299	69	0.005	6343	0.4578	7.7894	1208	0.0872	4053	0.2925	8585	0.6196	10	0.0007
Allygus_modestus	30451	1817946567	12623424024	4986.7423	3885.0	62453	414548.7512	346548.0	1199784	283470.0	369514.7599	0.938	0.9199	910.0	10425	2.921	158	0.0052	17527	0.5756	16.7502	3306	0.1086	6151	0.202	20842	0.6844	152	0.005
Alnus_cordata	8141	463948558	3091756294	3430.8711	3029.0	28376	379775.985	233328.0	1198190	216344.0	342796.5584	0.861	0.8615	850.0	1689	4.82	3	0.0004	4141	0.5087	17.5472	79	0.0097	2250	0.2764	5812	0.7139	0	0.0
Alnus_glutinosa	6467	456922123	2498633465	4632.9561	3015.0	89793	386366.7025	249919.0	1199550	226466.0	348172.3512	0.867	0.8717	860.0	1463	4.4204	2	0.0003	3375	0.5219	14.1534	80	0.0124	1773	0.2742	4614	0.7135	0	0.0
Alnus_incana	9661	500533839	4084537115	4303.5217	3030.0	98580	422786.1624	355057.0	1198608	300094.0	390608.6863	0.92	0.904	920.0	1651	5.8516	4	0.0004	5695	0.5895	19.3014	107	0.0111	2222	0.23	7332	0.7589	0	0.0
Alomya_debellator	2761	200287847	809737696	7770.946	3472.0	187522	293276.9634	189357.0	1156140	150913.0	255656.5625	0.92	0.9149	930.0	226	12.2168	18	0.0065	1117	0.4046	13.7852	57	0.0206	966	0.3499	1738	0.6295	0	0.0
Alopecurus_geniculatus	440981	6159474747	190736792797	3823.6636	2997.0	114832	432528.3692	359729.0	1199712	336512.0	414293.5922	0.897	0.8907	906.0	54302	8.1209	77	0.0002	266445	0.6042	71.5939	1591	0.0036	86604	0.1964	352780	0.8	6	0.0
Alopecurus_pratensis	318426	5305671629	144764468192	3899.2239	3083.0	157568	454625.1506	401466.5	1199145	371454.5	432193.7851	0.884	0.88	892.0	38970	8.1711	133	0.0004	202698	0.6366	60.0162	1408	0.0044	57179	0.1796	259835	0.816	4	0.0
Alopochen_aegyptiaca	12433	1214816828	4062618143	6649.4275	3796.0	131573	326760.8898	197028.0	1185947	177717.0	288706.966	0.972	0.9488	962.0	930	13.3688	56	0.0045	5359	0.431	10.2345	110	0.0088	3637	0.2925	8686	0.6986	0	0.0
Alsophila_aescularia	3855	901004774	1659755295	2982.7824	2457.0	94936	430546.1206	389779.0	1185449	333270.0	396532.579	0.925	0.912	914.0	2063	1.8686	6	0.0016	2335	0.6057	4.2786	252	0.0654	804	0.2086	2796	0.7253	3	0.0008
Altenia_scriptella	3491	503481864	1442357988	4074.1028	2685.0	93354	413164.7058	340665.0	1185739	298528.0	377772.4758	0.981	0.9563	982.0	1148	3.0409	32	0.0092	2047	0.5864	6.9337	172	0.0493	749	0.2146	2569	0.7359	1	0.0003
Altica_lythri	19671	898650019	7961381778	4775.239	3346.0	246335	404726.8455	270230.0	1196397	245978.0	370140.4735	0.935	0.923	938.0	3747	5.2498	93	0.0047	10511	0.5343	21.8895	791	0.0402	4478	0.2276	14377	0.7309	25	0.0013
Alucita_hexadactyla	6754	876318919	2890904601	3113.1008	2789.0	26046	428028.5166	352229.5	1197429	293600.5	382232.4633	0.968	0.9496	964.0	3139	2.1516	19	0.0028	3964	0.5869	7.7072	365	0.054	1464	0.2168	4901	0.7256	24	0.0036
Alydus_calcaratus	11408	999545166	4220909351	2909.1608	2312.0	174427	369995.5602	192412.0	1195788	153419.0	283222.1665	0.894	0.8641	818.0	3703	3.0807	278	0.0244	4298	0.3768	11.4132	345	0.0302	3853	0.3377	7208	0.6318	2	0.0002
Alysia_alticola	1302	140044802	384237099	4544.0038	3711.0	20899	295112.9793	193586.0	1168695	157202.0	266187.2312	0.941	0.9155	952.0	240	5.425	0	0.0	504	0.3871	9.297	14	0.0108	416	0.3195	872	0.6697	0	0.0
Amanita_muscaria	6178	50273302	1927126404	4920.697	4925.0	24481	311933.7009	181158.0	1196739	170795.5	293552.3446	0.935	0.9308	936.0	238	25.958	0	0.0	2501	0.4048	122.8883	57	0.0092	2093	0.3388	4028	0.652	0	0.0
Amanita_phalloides	4052	39133027	1184757166	5108.4395	4815.0	20883	292388.2443	177503.5	1197797	166101.0	276277.9775	0.922	0.9187	918.0	204	19.8627	0	0.0	1638	0.4042	103.5443	39	0.0096	1366	0.3371	2647	0.6533	0	0.0
Amanita_rubescens	349	34045353	98251959	3968.5215	3115.0	20189	281524.2378	134319.0	1183930	123683.0	272904.533	0.935	0.9191	932.0	164	2.128	0	0.0	141	0.404	10.251	3	0.0086	158	0.4527	188	0.5387	0	0.0
Amara_aenea	12441	822227217	4973468001	5582.3563	3447.0	233339	399764.3277	253646.0	1196034	226959.0	344050.524	0.94	0.9179	936.0	2522	4.933	35	0.0028	6497	0.5222	15.1309	497	0.0399	2766	0.2223	9172	0.7372	6	0.0005
Amara_aulica	13280	548352148	4616184878	5303.9233	3650.0	244351	347604.283	210432.0	1193474	162685.5	280605.8474	0.921	0.9015	920.0	1221	10.8763	162	0.0122	4924	0.3708	24.218	277	0.0209	3945	0.2971	9054	0.6818	4	0.0003
Amara_convexiuscula	12684	657153839	4447253754	5145.4578	3689.0	101127	350619.1859	190785.5	1193764	150019.5	294749.0274	0.947	0.9224	932.0	1793	7.0742	65	0.0051	5097	0.4018	19.3014	567	0.0447	4570	0.3603	7537	0.5942	10	0.0008
Amara_familiaris	22994	950931904	9165039232	4886.8956	3195.0	336934	398583.945	241797.0	1198645	215320.5	342496.7085	0.92	0.9065	918.0	4575	5.026	32	0.0014	11670	0.5075	24.1805	885	0.0385	5732	0.2493	16362	0.7116	15	0.0007
Amara_ovata	16882	779234778	6405106746	4254.022	2998.0	473292	379404.4986	250844.5	1197388	228955.0	338933.4006	0.943	0.9033	938.0	3325	5.0773	23	0.0014	8856	0.5246	21.6648	748	0.0443	4243	0.2513	11878	0.7036	13	0.0008
Amara_plebeja	15898	730843664	6438126278	4663.5099	3322.5	138629	404964.5413	288004.5	1192558	248188.5	356380.3777	0.958	0.9333	954.0	4504	3.5298	32	0.002	8629	0.5428	21.7529	1122	0.0706	3428	0.2156	11335	0.713	13	0.0008
Amara_tibialis	4200	461843006	1474913769	4436.4164	3321.0	102978	351169.945	228709.0	1190388	202398.5	314922.179	0.933	0.9138	928.0	841	4.9941	43	0.0102	2071	0.4931	9.094	93	0.0221	1107	0.2636	2998	0.7138	2	0.0005
Amaurobius_ferox	61678	3536276378	29050780636	2950.2515	2458.0	100835	471007.1766	454712.5	1196393	367037.5	421988.0339	0.944	0.921	910.0	15048	4.0988	388	0.0063	39463	0.6398	17.4415	2742	0.0445	11511	0.1866	47395	0.7684	30	0.0005
Amblyjoppa_fuscipennis	1985	273722528	649965712	3986.5169	2998.0	23911	327438.6458	210373.0	1138707	194593.0	307241.6232	0.932	0.9207	950.0	534	3.7172	5	0.0025	959	0.4831	7.2519	44	0.0222	618	0.3113	1323	0.6665	0	0.0
Amblyjoppa_proteus	4021	289176358	1380560498	6301.0967	3937.0	143926	343337.6021	207406.0	1193065	181454.0	299633.5198	0.975	0.9442	980.0	482	8.3423	18	0.0045	1777	0.4419	13.905	71	0.0177	1132	0.2815	2818	0.7008	0	0.0
Amblyteles_armatorius	953	219004949	277558600	5584.6474	3702.0	69221	291247.2193	206972.0	1192180	186901.0	268960.6296	0.955	0.9235	954.0	252	3.7817	28	0.0294	443	0.4648	4.3515	44	0.0462	299	0.3137	608	0.638	2	0.0021
Ametastegia_carpini	3804	348177317	1387013087	4962.8168	3260.5	120760	364619.6338	243811.5	1195803	220454.0	333260.3996	0.947	0.9403	950.0	1153	3.2992	284	0.0747	1957	0.5145	10.9255	209	0.0549	919	0.2416	2674	0.7029	2	0.0005
Ametastegia_equiseti	2744	292025247	1218154493	5969.5729	3053.0	117010	443933.8531	376634.5	1194563	322508.0	396574.0536	0.956	0.9386	962.0	583	4.7067	114	0.0415	1701	0.6199	9.3964	97	0.0353	516	0.188	2131	0.7766	0	0.0
Ammi_majus	59555	909374788	25855095230	6494.426	5109.0	241157	434138.1115	353990.0	1198975	325666.0	411215.9937	0.916	0.9075	922.0	3772	15.7887	314	0.0053	35941	0.6035	65.49	359	0.006	11300	0.1897	47892	0.8042	4	0.0001
Ammophila_pubescens	6922	366755372	2369045585	7210.8895	4709.5	277849	342248.7121	214933.0	1193255	182340.5	294690.2387	0.937	0.9292	942.0	695	9.9597	36	0.0052	2778	0.4013	18.8736	79	0.0114	1643	0.2374	5196	0.7507	4	0.0006
Ammophila_sabulosa	7094	338194956	1967039728	6503.392	4979.5	209016	277282.172	176688.0	1185749	148201.0	231810.3516	0.98	0.9425	978.0	441	16.0862	34	0.0048	2717	0.383	20.9761	79	0.0111	2636	0.3716	4377	0.617	2	0.0003
Ampedus_balteatus	72211	1986275581	25335966328	4482.3669	3123.0	236136	350860.2059	208324.0	1199632	160999.0	290177.275	0.924	0.9103	930.0	6536	11.0482	322	0.0045	27151	0.376	36.355	1348	0.0187	22288	0.3087	48472	0.6713	103	0.0014
Ampedus_sanguinolentus	25897	1560978733	10791922149	3335.1782	2535.0	162721	416724.8001	326034.0	1194970	295282.0	388682.6376	0.928	0.9109	930.0	4618	5.6078	139	0.0054	14972	0.5781	16.5902	940	0.0363	5612	0.2167	19267	0.744	78	0.003
Amphibalanus_improvisus	5854	724604380	1594206096	3308.4018	2706.0	47780	272327.6556	135296.0	1190713	112823.0	250562.1074	0.921	0.9051	944.0	2887	2.0277	212	0.0362	2209	0.3773	8.0789	666	0.1138	2122	0.3625	3055	0.5219	11	0.0019
Amphicteis_midas	14085	865583156	4709672567	3230.013	2686.0	22165	334375.0491	179088.0	1197260	164278.0	300768.15	0.921	0.904	916.0	5078	2.7737	3	0.0002	6293	0.4468	16.2723	183	0.013	5179	0.3677	8720	0.6191	3	0.0002
Amphidium_lapponicum	8784	264012039	3752861174	4447.4956	3919.5	220986	427238.2939	358619.0	1199073	340720.5	412899.7505	0.928	0.9172	918.0	1051	8.3578	2	0.0002	5446	0.62	33.2712	74	0.0084	1956	0.2227	6754	0.7689	0	0.0
Amphidium_mougeotii	5094	269529474	2057863322	4701.8567	3855.5	74460	403977.8803	322792.5	1199209	309138.5	390151.1712	0.924	0.9156	924.0	1156	4.4066	0	0.0	3006	0.5901	18.8996	72	0.0141	1322	0.2595	3700	0.7263	0	0.0
Amphigerontia_contaminata	4406	442738764	1749263997	5704.3797	2669.5	62816	397018.6103	241211.5	1191551	215356.5	340594.8988	0.953	0.922	942.0	1156	3.8114	15	0.0034	2250	0.5107	9.9517	197	0.0447	1144	0.2596	3062	0.695	3	0.0007
Amphimallon_solstitiale	18585	1571744514	7846787383	3277.6755	2534.0	87822	422210.782	364037.0	1198827	333018.0	400368.409	0.947	0.9254	946.0	8533	2.178	157	0.0084	11134	0.5991	11.8244	1652	0.0889	3707	0.1995	13174	0.7089	52	0.0028
Amphipoea_lucens	3125	647015338	1488344931	2727.8595	2514.0	21268	476270.3779	467423.0	1185361	370535.0	426997.6515	0.967	0.9496	956.0	1289	2.4244	17	0.0054	2048	0.6554	4.8299	121	0.0387	600	0.192	2404	0.7693	0	0.0
Amphipoea_oculea	4199	668829116	1964661171	3319.7916	2564.0	57654	467887.8712	433401.0	1187060	350712.0	415940.0722	0.973	0.9556	964.0	1672	2.5114	22	0.0052	2701	0.6432	6.2781	153	0.0364	768	0.1829	3278	0.7807	0	0.0
Amphipyra_berbera	2243	582189925	923855388	3522.2782	3642.0	26841	411883.811	264919.0	1198342	227994.0	353105.9028	0.984	0.9657	980.0	463	4.8445	0	0.0	1172	0.5225	3.8527	47	0.021	617	0.2751	1578	0.7035	1	0.0004
Amphipyra_tragopoginis	3013	805634629	1428617522	2961.1962	2584.0	11520	474151.1855	460585.0	1185516	404788.0	437711.9987	0.961	0.9399	958.0	1523	1.9783	16	0.0053	2024	0.6718	3.7399	117	0.0388	564	0.1872	2329	0.773	3	0.001
Ampulloclitocybe_clavipes	4435	74719638	1936188029	4752.7935	4728.0	59253	436570.0178	399010.0	1197107	379292.0	420856.92	0.952	0.9434	954.0	368	12.0516	2	0.0005	2808	0.6331	59.3552	51	0.0115	949	0.214	3435	0.7745	0	0.0
Anacampsis_blattariella	2907	587471607	1279114835	3613.3364	2657.0	69348	440011.9831	396597.0	1197594	341176.0	411343.9002	0.954	0.9379	962.0	1328	2.189	52	0.0179	1776	0.6109	4.9483	192	0.066	589	0.2026	2121	0.7296	5	0.0017
Anagallis_arvensis	20403	1092270230	8702437846	4633.8163	3544.0	92493	426527.3659	340690.0	1198489	302658.0	390106.0265	0.905	0.8957	914.0	3689	5.5308	15	0.0007	11844	0.5805	18.6794	196	0.0096	4482	0.2197	15724	0.7707	1	0.0
Anaglyptus_mysticus	20028	938066228	8822446093	3075.2601	2248.0	86589	440505.5968	393611.0	1196787	348515.5	411806.5845	0.931	0.9121	930.0	4730	4.2342	579	0.0289	12390	0.6186	21.3503	790	0.0394	4000	0.1997	15179	0.7579	59	0.0029
Anania_coronata	3504	501606141	1495088913	6101.3025	3828.5	146714	426680.6259	337329.0	1190334	301854.0	398971.4469	0.987	0.9712	986.0	666	5.2613	16	0.0046	2051	0.5853	6.9856	114	0.0325	745	0.2126	2641	0.7537	4	0.0011
Anania_crocealis	2362	623648782	1072085926	3601.1448	2859.5	22650	453889.0457	412674.0	1186336	357804.0	420143.8061	0.966	0.9489	962.0	1026	2.3021	3	0.0013	1508	0.6384	3.7874	127	0.0538	403	0.1706	1832	0.7756	0	0.0
Anania_fuscalis	2967	563346722	1309644075	3107.4304	2596.0	28561	441403.4631	394911.0	1193412	350944.0	411227.4732	0.954	0.9353	958.0	1314	2.258	22	0.0074	1875	0.632	5.2667	186	0.0627	571	0.1925	2209	0.7445	1	0.0003
Anania_hortulata	2795	611064493	1209270215	4124.4995	3510.0	33227	432654.8175	355621.0	1187766	314823.0	405584.8755	0.977	0.9636	982.0	1042	2.6823	4	0.0014	1726	0.6175	4.574	92	0.0329	590	0.2111	2112	0.7556	1	0.0004
Anania_verbascalis	1933	494624809	721696551	5567.4449	3607.0	35784	373355.6912	222770.0	1174534	200300.0	334479.5504	0.978	0.9571	974.0	910	2.1242	8	0.0041	962	0.4977	3.908	140	0.0724	485	0.2509	1307	0.6762	1	0.0005
Anaplectoides_prasina	1103	501636896	427635776	3124.3046	2636.0	25517	387702.4261	264449.0	1188705	240311.0	359988.7126	0.956	0.9253	948.0	556	1.9838	23	0.0209	601	0.5449	2.1988	56	0.0508	311	0.282	735	0.6664	1	0.0009
Anarsia_innoxiella	1305	302913609	559404591	3483.2107	2547.0	57031	428662.5218	369237.0	1168940	329620.0	398032.5571	0.98	0.9576	978.0	502	2.5996	4	0.0031	806	0.6176	4.3082	54	0.0414	253	0.1939	998	0.7648	0	0.0
Anarsia_spartiella	7269	429692107	2870501634	3885.2241	2908.0	78989	394896.3591	236922.0	1194371	218343.0	351355.2296	0.948	0.9295	964.0	1437	5.0585	85	0.0117	3688	0.5074	16.9168	167	0.023	1828	0.2515	5273	0.7254	1	0.0001
Anarta_trifolii	4631	631455869	1837677756	3823.4403	2974.0	50082	396820.9363	316174.0	1193311	292705.0	375107.9458	0.946	0.9238	956.0	1601	2.8926	16	0.0035	2737	0.591	7.3338	151	0.0326	988	0.2133	3490	0.7536	2	0.0004
Anas_acuta	8177	1192809573	2791932132	5061.8777	3542.0	89112	341437.2181	205676.0	1194994	187989.0	302135.7895	0.936	0.9194	920.0	758	10.7876	15	0.0018	3733	0.4565	6.8552	46	0.0056	2509	0.3068	5621	0.6874	1	0.0001
Anas_platyrhynchos	10472	1231744060	3420461708	6091.6108	3706.0	261676	326629.2693	201568.0	1195157	172453.5	284205.1937	0.9285	0.9144	916.0	903	11.5969	44	0.0042	4410	0.4211	8.5018	48	0.0046	3201	0.3057	7223	0.6897	0	0.0
Anasimyia_lineata	20854	541115428	6840173969	5209.9204	3487.0	215694	328002.9716	202504.0	1198458	156403.0	272755.436	0.876	0.8819	882.0	1209	17.249	30	0.0014	7953	0.3814	38.5389	280	0.0134	7048	0.338	13524	0.6485	2	0.0001
Anaspis_frontalis	8513	779556106	3410891164	2971.9585	2350.0	70360	400668.5263	322274.0	1198544	302526.0	382682.4448	0.923	0.9099	938.0	3491	2.4386	949	0.1115	4908	0.5765	10.9203	216	0.0254	2219	0.2607	6077	0.7138	1	0.0001
Anaspis_garneysi	3390	531761444	1134194216	3652.4499	2539.0	116569	334570.5652	210624.0	1179722	193466.0	320435.046	0.947	0.9188	948.0	1539	2.2027	21	0.0062	1645	0.4853	6.375	86	0.0254	1142	0.3369	2162	0.6378	0	0.0
Anaspis_maculata	7427	754950599	3213188164	3054.2445	2374.0	65357	432636.0797	381566.0	1197209	356666.0	414924.5943	0.924	0.9128	930.0	3056	2.4303	853	0.1149	4675	0.6295	9.8377	330	0.0444	1531	0.2061	5560	0.7486	6	0.0008
Anaspis_regimbarti	5093	457147604	1802995819	3382.8333	2897.0	33314	354014.4942	226386.0	1192979	212700.0	336864.3059	0.937	0.9241	946.0	1913	2.6623	267	0.0524	2554	0.5015	11.1408	281	0.0552	1590	0.3122	3221	0.6324	1	0.0002
Anaspis_thoracica	3466	596960936	1394647405	3469.8878	2575.0	54727	402379.5167	294160.5	1184857	276191.5	383321.6134	0.96	0.9401	962.0	1529	2.2668	70	0.0202	1975	0.5698	5.8061	110	0.0317	877	0.253	2479	0.7152	0	0.0
Anastrepta_orcadensis	17507	596142607	8060340703	3413.0764	2799.0	78997	460406.7346	422107.0	1193742	400432.0	445894.0737	0.895	0.891	892.0	4702	3.7233	10	0.0006	11828	0.6756	29.3671	61	0.0035	3132	0.1789	14313	0.8176	1	0.0001
Anastrophyllum_donnianum	37859	683164979	15075135313	4672.0538	3553.0	42679	398191.5875	280941.0	1195991	259724.0	377318.5937	0.915	0.9074	914.0	5178	7.3115	2	0.0001	20707	0.547	55.4171	153	0.004	9053	0.2391	28652	0.7568	1	0.0
Anax_imperator	20327	1456329321	5668000290	5527.2921	3573.0	87819	278840.9647	172445.0	1184392	130193.0	221543.6714	0.959	0.9382	900.0	3271	6.2143	100	0.0049	6784	0.3337	13.9577	590	0.029	7870	0.3872	11854	0.5832	13	0.0006
Anchusa_arvensis	570926	14859129108	280634531842	3779.0075	3134.0	134550	491542.7426	467782.0	1199805	444039.0	475172.3922	0.847	0.8501	852.0	85417	6.684	243	0.0004	414015	0.7252	38.4226	1941	0.0034	79659	0.1395	489320	0.8571	6	0.0
Ancistrocerus_nigricornis	5461	231995547	1909853992	5964.0181	4297.0	38511	349726.056	211198.0	1189261	189551.0	310648.8495	0.978	0.957	974.0	598	9.1321	21	0.0038	2504	0.4585	23.5392	113	0.0207	1481	0.2712	3867	0.7081	0	0.0
Ancylis_achatana	2983	543353616	1060754817	3935.3926	2950.0	54505	355600.0057	204036.0	1184569	192408.0	323787.8522	0.979	0.9536	976.0	1166	2.5583	5	0.0017	1473	0.4938	5.49	158	0.053	1089	0.3651	1734	0.5813	2	0.0007
Ancylis_mitterbacheriana	2013	317296065	834645746	4525.3537	3157.0	41649	414627.7923	339108.0	1188207	295431.0	381962.1908	0.973	0.9514	968.0	622	3.2363	15	0.0075	1174	0.5832	6.3442	76	0.0378	481	0.2389	1456	0.7233	0	0.0
Ancylis_unculana	5849	569707608	2383711896	4900.0038	3415.0	120745	407541.7842	312784.0	1195551	284767.0	380290.5462	0.973	0.9585	974.0	1252	4.6717	31	0.0053	3335	0.5702	10.2667	230	0.0393	1334	0.2281	4284	0.7324	1	0.0002
Andreaea_frigida	22934	238113638	9709568919	4405.1759	3855.0	38132	423370.0584	337745.0	1198532	311456.5	401638.0232	0.95	0.9428	948.0	1134	20.224	1	0.0	13413	0.5849	96.3154	104	0.0045	4951	0.2159	17879	0.7796	0	0.0
Andreaea_hookeri	14318	210311253	5991140454	4049.69	3478.5	37815	418434.1706	316927.5	1193259	283910.5	391355.9362	0.952	0.935	946.0	822	17.4185	3	0.0002	8086	0.5647	68.08	70	0.0049	3473	0.2426	10775	0.7525	0	0.0
Andreaea_mutabilis	5921	202417598	2334024648	4334.5597	3465.0	31812	394194.3334	294215.0	1192580	276486.0	376538.7274	0.934	0.9176	936.0	925	6.4011	7	0.0012	3305	0.5582	29.2514	43	0.0073	1603	0.2707	4275	0.722	0	0.0
Andreaea_nivalis	6971	247059118	3288263210	3815.2285	3290.0	54683	471706.0981	441527.0	1190188	417525.0	455471.1249	0.926	0.9131	928.0	2115	3.296	0	0.0	4753	0.6818	28.2159	17	0.0024	1352	0.1939	5602	0.8036	0	0.0
Andreaea_rothii	37928	239393869	12716882697	4872.5221	4541.0	47776	335290.0943	186037.5	1196029	174931.5	307814.6924	0.958	0.9502	948.0	662	57.2931	5	0.0001	15287	0.4031	158.4335	315	0.0083	11246	0.2965	26366	0.6952	1	0.0
Andreaea_rupestris	10468	206968105	4599913144	4310.3973	3772.0	33032	439426.1697	379713.0	1192483	356501.0	421078.9811	0.934	0.9184	930.0	951	11.0074	1	0.0001	6523	0.6231	50.5778	59	0.0056	2205	0.2106	8204	0.7837	0	0.0
Andrena_angustior	4381	310572054	1793987827	5029.1281	3570.0	214825	409492.7704	255395.0	1199804	232373.0	365799.9929	0.949	0.9404	956.0	694	6.3127	24	0.0055	2322	0.53	14.1062	120	0.0274	942	0.215	3319	0.7576	0	0.0
Andrena_apicata	11718	501543514	4584913749	4983.9544	3056.0	250405	391271.0146	233046.5	1199862	202639.5	338864.0755	0.891	0.8981	924.0	1118	10.4812	1250	0.1067	5526	0.4716	23.3639	309	0.0264	2761	0.2356	8647	0.7379	1	0.0001
Andrena_barbilabris	11217	426433895	4280871656	4564.1223	3695.0	61338	381641.4064	243205.0	1197043	222020.0	351452.9905	0.942	0.9191	942.0	1766	6.3516	157	0.014	5789	0.5161	26.3042	600	0.0535	2772	0.2471	7843	0.6992	2	0.0002
Andrena_bicolor	3940	328014487	1492949294	4295.614	3320.5	121456	378921.1406	256710.0	1190921	234264.5	354674.1348	0.941	0.9321	946.0	815	4.8344	22	0.0056	2120	0.5381	12.0117	139	0.0353	916	0.2325	2885	0.7322	0	0.0
Andrena_bucephala	9095	379655887	3669146655	3982.6058	3216.0	224631	403424.591	288853.0	1198225	259598.0	366125.3407	0.945	0.9274	956.0	969	9.386	316	0.0347	4959	0.5452	23.9559	328	0.0361	1989	0.2187	6777	0.7451	1	0.0001
Andrena_chrysosceles	9157	441790570	3317480653	5113.471	3465.0	248362	362289.0306	231812.0	1193655	207131.0	333522.8743	0.952	0.9401	956.0	1513	6.0522	63	0.0069	4452	0.4862	20.727	546	0.0596	2136	0.2333	6471	0.7067	4	0.0004
Andrena_clarkella	4265	374678653	1505801815	3626.5472	2426.0	53955	353060.2145	220114.0	1180277	207535.0	330839.9698	0.923	0.9202	958.0	970	4.3969	681	0.1597	2123	0.4978	11.3831	202	0.0474	1243	0.2914	2820	0.6612	0	0.0
Andrena_denticulata	16484	477231328	4493872872	10498.8897	5656.5	260508	272620.2907	191627.5	1195865	126566.0	195962.7433	0.702	0.7589	498.0	1068	15.4345	158	0.0096	3801	0.2306	34.5409	213	0.0129	6403	0.3884	9854	0.5978	14	0.0008
Andrena_dorsata	2449	269108231	1201208782	4411.3001	3323.0	66609	490489.4986	488717.0	1187543	464662.0	473729.4978	0.949	0.9354	956.0	387	6.3282	18	0.0073	1768	0.7219	9.1004	87	0.0355	353	0.1441	2009	0.8203	0	0.0
Andrena_flavipes	5914	307355449	2479291129	5287.9099	4010.0	62355	419224.0665	329040.0	1183405	300086.5	389979.1437	0.964	0.9523	966.0	970	6.0969	57	0.0096	3483	0.5889	19.2416	201	0.034	1130	0.1911	4582	0.7748	1	0.0002
Andrena_florea	7233	344048442	2424542948	4580.5906	3674.0	54202	335205.7166	208031.0	1195168	174142.0	304111.4387	0.922	0.9107	910.0	955	7.5738	27	0.0037	3100	0.4286	21.0232	385	0.0532	1992	0.2754	4856	0.6714	0	0.0
Andrena_fulva	8217	442369669	3158546757	6031.8433	3084.0	215890	384391.7192	235547.0	1197777	206196.0	338025.2343	0.906	0.9054	938.0	1130	7.2717	972	0.1183	3975	0.4838	18.575	283	0.0344	1955	0.2379	5979	0.7276	0	0.0
Andrena_haemorrhoa	4405	306376717	1584414739	3710.0636	3099.0	62466	359685.5253	222076.0	1197580	198599.0	319179.8109	0.929	0.9191	938.0	738	5.9688	215	0.0488	2047	0.4647	14.3777	145	0.0329	1093	0.2481	3167	0.719	0	0.0
Andrena_hattorfiana	10163	421509507	3972267169	4946.4502	3455.0	156954	390855.7679	268344.0	1198163	246311.0	362369.258	0.929	0.9257	930.0	1210	8.3992	69	0.0068	5500	0.5412	24.111	459	0.0452	2214	0.2178	7488	0.7368	2	0.0002
Andrena_helvola	10928	438518817	4448654977	4443.6446	2459.0	302180	407087.7541	284587.5	1198938	256694.5	370530.227	0.925	0.9235	964.0	1328	8.2289	1675	0.1533	5941	0.5436	24.9203	501	0.0458	2199	0.2012	8228	0.7529	0	0.0
Andrena_marginata	4361	328495234	1910418379	5093.5324	3230.0	196076	438068.8785	371484.0	1194760	332968.0	408746.0949	0.969	0.9524	972.0	690	6.3203	198	0.0454	2640	0.6054	13.2757	204	0.0468	780	0.1789	3376	0.7741	1	0.0002
Andrena_minutula	5904	357276518	1863378714	4599.6975	3205.0	109314	315612.9258	207704.0	1197499	161098.5	271453.3366	0.951	0.937	956.0	999	5.9099	81	0.0137	2162	0.3662	16.525	214	0.0362	1706	0.289	3983	0.6746	1	0.0002
Andrena_nitida	4656	307958468	1940085043	4950.5062	3627.0	55301	416684.9319	333607.5	1185597	297260.5	388509.4315	0.944	0.9355	950.0	786	5.9237	9	0.0019	2732	0.5868	15.1189	76	0.0163	971	0.2085	3609	0.7751	0	0.0
Andrena_nitidiuscula	8227	397860055	3295072854	4628.4197	3418.0	287387	400519.3696	311984.0	1195182	290048.0	376718.661	0.958	0.9442	962.0	1639	5.0195	111	0.0135	4718	0.5735	20.6781	579	0.0704	1760	0.2139	5886	0.7154	2	0.0002
Andrena_praecox	9376	502790525	3606872557	5325.9839	3474.5	218446	384692.0389	236318.0	1195774	204413.0	337562.0235	0.917	0.9146	934.0	1276	7.348	613	0.0654	4438	0.4733	18.6479	251	0.0268	2203	0.235	6921	0.7382	1	0.0001
Andrena_scotica	7853	393195983	2912013920	4486.6246	3258.0	139749	370815.4743	233158.0	1193987	202424.0	331630.0053	0.942	0.9313	948.0	1141	6.8826	66	0.0084	3709	0.4723	19.9722	230	0.0293	1894	0.2412	5728	0.7294	1	0.0001
Andrena_trimmerana	6781	376073417	2518812937	4737.5698	3290.0	218309	371451.5465	232287.0	1194677	205436.0	335718.0383	0.942	0.9343	944.0	1073	6.3197	52	0.0077	3299	0.4865	18.0311	257	0.0379	1734	0.2557	4790	0.7064	0	0.0
Anerastia_lotella	11991	1073611451	4597312682	3878.8149	3034.0	113658	383396.9379	221784.0	1195724	196550.0	327672.8214	0.962	0.9261	938.0	3592	3.3383	33	0.0028	5663	0.4723	11.1688	546	0.0455	3310	0.276	8110	0.6763	25	0.0021
Aneugmenus_padi	5030	258916782	1865749446	5377.8767	3521.5	265147	370924.3431	261256.0	1198666	237766.0	345994.2195	0.972	0.9468	968.0	944	5.3284	45	0.0089	2679	0.5326	19.4271	294	0.0584	1198	0.2382	3536	0.703	2	0.0004
Aneugmenus_temporalis	2857	250554873	1142216382	9782.2268	4774.0	297527	399795.7235	238906.0	1189801	203142.0	334693.4211	0.918	0.9306	932.0	427	6.6909	16	0.0056	1353	0.4736	11.4027	78	0.0273	674	0.2359	2105	0.7368	0	0.0
Angelica_archangelica	199934	2829133051	90095642990	4462.297	3886.0	240120	450626.9218	395770.0	1199860	368896.5	431448.5249	0.919	0.9071	922.0	23460	8.5223	152	0.0008	128246	0.6414	70.6697	1061	0.0053	36658	0.1834	162209	0.8113	6	0.0
Anilocra_frontalis	463240	8824208326	197496315409	4653.3739	3706.0	354542	426336.9213	321633.5	1199785	282653.0	388439.2424	0.884	0.8846	866.0	48773	9.4979	2326	0.005	263186	0.5681	52.4965	3576	0.0077	85022	0.1835	374591	0.8086	51	0.0001
Anisosticta_novemdecimpunctata	20869	438283313	5396854939	4346.2116	3602.0	53494	258606.3031	196205.0	1191455	114734.0	173882.5201	0.978	0.9603	934.0	1145	18.2262	179	0.0086	3694	0.177	47.6153	469	0.0225	8817	0.4225	11575	0.5547	8	0.0004
Anisus_vortex	9840	854361841	4472515350	4293.0932	3557.0	162354	454523.9177	414295.5	1197384	373293.0	428384.4741	0.943	0.927	946.0	2593	3.7948	5	0.0005	6320	0.6423	11.5174	273	0.0277	1899	0.193	7665	0.779	3	0.0003
Anobium_punctatum	10874	335880893	3720253213	5998.3007	3733.5	164538	342123.7091	213425.0	1195083	169335.0	285856.8028	0.964	0.9429	970.0	1240	8.7694	155	0.0143	4375	0.4023	32.3746	268	0.0246	3102	0.2853	7504	0.6901	0	0.0
Anoectangium_aestivum	3024	260198368	1164434052	3942.586	3323.0	52299	385064.1706	285273.5	1188335	263784.5	368901.7738	0.901	0.8982	904.0	1397	2.1646	6	0.002	1655	0.5473	11.6219	37	0.0122	898	0.297	2089	0.6908	0	0.0
Anomodon_viticulosus	5129	359865773	1828822126	4360.8834	3444.0	58855	356565.047	244730.0	1188834	227938.0	340901.5962	0.935	0.9234	932.0	1671	3.0694	3	0.0006	2670	0.5206	14.2525	90	0.0175	1603	0.3125	3435	0.6697	1	0.0002
Anomoia_purmunda	5792	791310253	2301983341	3320.2756	2770.0	47715	397441.8752	312056.5	1188013	292387.0	381489.889	0.948	0.9332	956.0	1892	3.0613	26	0.0045	3353	0.5789	7.3195	177	0.0306	1488	0.2569	4125	0.7122	2	0.0003
Anopheles_coluzzii	1976	245935069	594501438	3665.1771	2949.0	54668	300861.0516	177077.0	1174205	156984.5	273057.6169	0.947	0.9282	950.0	571	3.4606	6	0.003	849	0.4297	8.0346	130	0.0658	670	0.3391	1171	0.5926	5	0.0025
Anoplius_caviventris	18268	633119146	5138143991	6151.6106	3742.0	326824	281264.7247	194238.5	1196866	138640.0	222263.3912	0.958	0.9422	958.0	994	18.3783	17	0.0009	5204	0.2849	28.854	127	0.007	6641	0.3635	11500	0.6295	0	0.0
Anoplius_nigerrimus	3679	397716332	1320827996	7483.1794	3773.0	313214	359018.2104	223882.0	1194698	177569.0	307416.9943	0.938	0.9406	948.0	605	6.081	27	0.0073	1566	0.4257	9.2503	125	0.034	1000	0.2718	2554	0.6942	0	0.0
Anorthoa_munda	6827	938112917	3025888357	3210.9013	2757.0	25008	443223.723	381972.0	1196498	321225.0	405701.5215	0.943	0.929	940.0	3052	2.2369	47	0.0069	4221	0.6183	7.2774	219	0.0321	1316	0.1928	5289	0.7747	3	0.0004
Anser_albifrons	16539	1213192550	3429508096	6268.1934	3844.0	196322	207358.8546	169532.0	1173644	107333.0	156977.8117	0.903	0.9057	912.0	974	16.9805	69	0.0042	2941	0.1778	13.6326	142	0.0086	7638	0.4618	8754	0.5293	5	0.0003
Anser_anser	18811	1246193315	5003812038	6994.6471	4026.0	323389	266004.5738	184088.0	1198027	127530.0	202742.2978	0.914	0.9225	920.0	881	21.3519	58	0.0031	4759	0.253	15.0948	147	0.0078	7363	0.3914	11299	0.6007	2	0.0001
Anser_brachyrhynchus	21665	1228348868	5090973086	5734.8322	4090.0	111196	234986.0644	169246.0	1195077	114154.0	177966.1363	0.915	0.9165	920.0	915	23.6776	113	0.0052	4440	0.2049	17.6375	155	0.0072	9451	0.4362	12057	0.5565	2	0.0001
Anser_erythropus	21540	1239249700	5349316034	6716.8091	3848.0	262508	248343.3628	185497.0	1186844	123816.5	186929.6249	0.903	0.9071	912.0	796	27.0603	107	0.005	4600	0.2136	17.3815	146	0.0068	8726	0.4051	12667	0.5881	1	0.0
Anser_fabalis	16026	1189750950	3377191670	6124.4163	4035.5	318100	210732.0398	159178.5	1195762	107034.0	163612.0256	0.918	0.921	924.0	782	20.4936	108	0.0067	3093	0.193	13.47	148	0.0092	7424	0.4632	8454	0.5275	0	0.0
Anseropoda_placenta	14209	435626786	4220556146	5147.2773	3973.0	84374	297034.0028	193712.0	1191205	160952.0	257366.4506	0.917	0.8773	894.0	1386	10.2518	1795	0.1263	5660	0.3983	32.6174	756	0.0532	4482	0.3154	8970	0.6313	1	0.0001
Antedon_bifida	3737	314695108	1386237040	4365.2427	3142.0	195583	370949.1678	248031.0	1169096	232844.0	344003.6794	0.871	0.8752	898.0	650	5.7492	58	0.0155	1990	0.5325	11.875	172	0.046	971	0.2598	2593	0.6939	1	0.0003
Anthelia_julacea	15838	289014598	5703378827	4908.9747	4318.0	71437	360107.2627	211582.5	1196504	200427.5	334404.7812	0.931	0.9229	926.0	1632	9.7047	2	0.0001	7422	0.4686	54.8	80	0.0051	4279	0.2702	11479	0.7248	0	0.0
Anthene_sylvanus	1872	379583688	944247780	3606.1047	3042.0	34054	504405.8654	498821.5	1181838	472171.0	484808.7628	0.977	0.9653	980.0	609	3.0739	3	0.0016	1343	0.7174	4.9317	31	0.0166	279	0.149	1562	0.8344	0	0.0
Anthidium_manicatum	1478	195028338	378541278	6964.4168	5153.5	64962	256117.2382	155405.5	1174249	124620.5	222329.0683	0.996	0.9507	996.0	170	8.6941	13	0.0088	504	0.341	7.5784	184	0.1245	474	0.3207	800	0.5413	20	0.0135
Anthobium_unicolor	1269	325836789	401858264	3504.1694	2672.0	53023	316673.1789	202955.0	1189792	173305.0	274603.4153	0.946	0.9168	950.0	612	2.0735	6	0.0047	532	0.4192	3.8946	59	0.0465	396	0.3121	814	0.6414	0	0.0
Anthocharis_cardamines	1227	359266069	407101551	3770.1687	2972.0	27002	331786.1051	162609.0	1186490	140647.0	290833.608	0.979	0.9519	976.0	582	2.1082	12	0.0098	536	0.4368	3.4153	164	0.1337	392	0.3195	669	0.5452	2	0.0016
Anthocomus_fasciatus	3501	527459686	1379184548	4235.3039	2797.0	52206	393940.1737	296428.0	1186006	274276.0	371934.8932	0.939	0.9275	948.0	1516	2.3094	16	0.0046	1991	0.5687	6.6375	173	0.0494	911	0.2602	2417	0.6904	0	0.0
Anthocoris_confusus	2207	343297256	503727866	3609.7331	2787.0	33079	228240.9905	120896.0	1181740	88205.0	179598.8111	0.911	0.8873	898.0	704	3.1349	10	0.0045	525	0.2379	6.4288	108	0.0489	1079	0.4889	1020	0.4622	0	0.0
Anthocoris_nemoralis	2457	296559798	831324641	3728.2894	2807.0	50025	338349.4672	185921.0	1176784	169177.0	283233.3508	0.952	0.9197	934.0	619	3.9693	24	0.0098	1031	0.4196	8.285	78	0.0317	757	0.3081	1621	0.6597	1	0.0004
Anthomyza_gracilis	8742	561109314	4094033560	3130.9907	2643.0	42375	468317.7259	444508.0	1197765	375505.0	431756.8825	0.954	0.9387	950.0	1663	5.2568	54	0.0062	5708	0.6529	15.5799	121	0.0138	1746	0.1997	6875	0.7864	0	0.0
Anthonomus_pomorum	20637	1519892789	9019463653	3515.1705	2701.0	310410	437053.0432	394680.0	1195513	369371.0	420327.9069	0.924	0.9105	928.0	7818	2.6397	598	0.029	13174	0.6384	13.5779	1112	0.0539	4227	0.2048	15295	0.7411	3	0.0001
Anthophila_fabriciana	1725	423664407	915557195	3003.3664	2549.0	18153	530757.7942	557741.0	1197256	457638.0	471830.4272	0.966	0.9399	946.0	748	2.3061	1	0.0006	1230	0.713	4.0716	33	0.0191	275	0.1594	1417	0.8214	0	0.0
Anthophora_plumipes	11583	585416334	5335645902	8789.8494	6147.0	379330	460644.5569	246356.0	1198856	213500.0	349261.0775	0.889	0.8956	894.0	688	16.8358	34	0.0029	5684	0.4907	19.7859	75	0.0065	2464	0.2127	9044	0.7808	0	0.0
Anthrax_anthrax	5792	317508234	1898196240	8767.0727	5087.0	125429	327727.2514	203818.0	1194064	166693.5	279377.7685	0.957	0.9454	962.0	514	11.2685	10	0.0017	2294	0.3961	18.242	86	0.0148	1756	0.3032	3950	0.682	0	0.0
Anthriscus_sylvestris	170129	1757400651	69384075856	5286.0263	4283.0	231863	407832.1501	293072.0	1199457	270064.0	386282.9983	0.897	0.8905	910.0	12545	13.5615	79	0.0005	93642	0.5504	96.8072	788	0.0046	36920	0.217	132407	0.7783	14	0.0001
Anthus_petrosus	9032	1243370133	2527097838	6841.7786	4135.0	125697	279793.8262	177444.5	1199744	160656.0	253559.4202	0.952	0.936	950.0	597	15.129	10	0.0011	3537	0.3916	7.2641	41	0.0045	2991	0.3312	6000	0.6643	0	0.0
Anthus_pratensis	7960	1147087378	2158935707	6687.0015	4361.5	97087	271223.0788	169833.0	1195370	149745.5	243044.2461	0.953	0.9337	954.0	584	13.6301	7	0.0009	2859	0.3592	6.9393	44	0.0055	2826	0.355	5090	0.6394	0	0.0
Anthus_trivialis	16893	1212128304	5069216198	6327.7302	4626.0	69638	300077.9138	181849.0	1196857	168995.0	272116.2545	0.934	0.9236	938.0	586	28.8276	6	0.0004	6382	0.3778	13.9366	68	0.004	4876	0.2886	11949	0.7073	0	0.0
Anthyllis_vulneraria	10981	313323528	4127330389	3933.3979	3088.0	74772	375861.0681	234297.0	1194422	218251.0	348114.4926	0.898	0.8823	918.0	1056	10.3987	46	0.0042	5593	0.5093	35.0468	106	0.0097	3060	0.2787	7812	0.7114	3	0.0003
Anticlea_derivata	962	355509321	389030171	4698.1933	3128.0	63227	404397.2672	218176.0	1168318	203763.0	350742.9033	0.9725	0.9571	964.0	314	3.0637	2	0.0021	455	0.473	2.706	45	0.0468	272	0.2827	645	0.6705	0	0.0
Antitrichia_curtipendula	3744	389588802	1392764800	4760.2778	3301.5	128310	371999.1453	252889.0	1180422	234892.0	349013.1768	0.933	0.9182	932.0	1609	2.3269	4	0.0011	1981	0.5291	9.6101	59	0.0158	1141	0.3048	2544	0.6795	0	0.0
Antitype_chi	902	631982531	347774930	3142.7018	2712.5	14327	385559.7894	281452.5	1180890	260485.0	355832.7816	0.976	0.9521	974.0	638	1.4138	8	0.0089	481	0.5333	1.4273	53	0.0588	264	0.2927	584	0.6475	1	0.0011
Anyphaena_accentuata	7982	1395509652	2967442967	4027.3474	3009.0	74047	371766.8463	249457.0	1198709	227095.0	343691.7663	0.947	0.9282	936.0	3245	2.4598	77	0.0096	4212	0.5277	5.7198	717	0.0898	1855	0.2324	5372	0.673	38	0.0048
Anyphaena_sabina	9418	1629516847	3910913542	3542.307	2717.0	93505	415259.4544	338776.0	1194702	280345.0	373738.1748	0.938	0.9034	924.0	4480	2.1022	202	0.0214	5359	0.569	5.7796	526	0.0559	2262	0.2402	6611	0.702	19	0.002
Apaeleticus_inimicus	2148	222614372	743191374	6923.2658	5307.0	41108	345992.2598	213263.5	1192090	190895.0	301523.4446	0.964	0.9422	938.0	284	7.5634	17	0.0079	996	0.4637	9.649	62	0.0289	543	0.2528	1543	0.7183	0	0.0
Apamea_anceps	1747	614662721	769195789	2950.5781	2519.0	8506	440295.2427	380876.0	1194139	312014.0	396013.7287	0.96	0.9432	956.0	937	1.8645	11	0.0063	1059	0.6062	2.8422	76	0.0435	424	0.2427	1246	0.7132	1	0.0006
Apamea_crenata	3002	579883205	1312234876	3181.4201	2755.5	62901	437120.2119	383786.0	1193249	334789.5	406066.5586	0.974	0.9569	970.0	849	3.5359	11	0.0037	1838	0.6123	5.1769	58	0.0193	641	0.2135	2299	0.7658	4	0.0013
Apamea_epomidion	6469	624424401	3158309264	3448.1779	2747.0	69906	488222.1772	471069.0	1186618	399478.0	451282.7102	0.97	0.9455	968.0	1087	5.9512	2	0.0003	4350	0.6724	10.3599	83	0.0128	1089	0.1683	5296	0.8187	1	0.0002
Apamea_lithoxylaea	1859	558899358	562192404	3679.1716	2710.0	26540	302416.5702	167519.0	1180728	153852.0	264318.8053	0.983	0.9611	982.0	721	2.5784	1	0.0005	767	0.4126	3.3262	19	0.0102	742	0.3991	1098	0.5906	0	0.0
Apamea_monoglypha	1612	575655105	609508215	3135.1123	2614.0	24076	378106.8331	241603.0	1172480	219323.5	336235.8257	0.962	0.9392	956.0	773	2.0854	4	0.0025	843	0.523	2.8003	35	0.0217	461	0.286	1115	0.6917	1	0.0006
Apamea_scolopacina	3741	669891412	1580400896	3795.8198	2638.0	91311	422454.1288	329711.0	1195605	293696.0	384358.363	0.971	0.9487	970.0	1274	2.9364	12	0.0032	2200	0.5881	5.5845	100	0.0267	856	0.2288	2785	0.7445	0	0.0
Apamea_sordens	3610	614313245	1751530067	3092.885	2580.0	43193	485188.3842	482182.5	1198290	387843.0	432197.6776	0.971	0.9507	954.0	995	3.6281	18	0.005	2371	0.6568	5.8765	94	0.026	684	0.1895	2831	0.7842	1	0.0003
Apamea_sublustris	6681	643638382	2817972572	3492.8657	2827.0	78991	421789.0394	332080.0	1190026	284792.0	381574.5257	0.974	0.9534	974.0	1687	3.9603	18	0.0027	3950	0.5912	10.3801	117	0.0175	1450	0.217	5113	0.7653	1	0.0001
Apamea_unanimis	3984	600356814	1755291185	4025.6609	2892.5	112951	440585.1368	382863.5	1189882	342052.5	409897.6486	0.969	0.9573	966.0	1229	3.2417	2	0.0005	2498	0.627	6.6361	179	0.0449	752	0.1888	3051	0.7658	2	0.0005
Apechthis_compunctor	13578	362526073	4681444210	5811.7817	4084.0	128637	344781.5739	217108.0	1194971	169937.5	277485.0295	0.936	0.9249	938.0	544	24.9596	71	0.0052	5160	0.38	37.4539	99	0.0073	3778	0.2782	9699	0.7143	2	0.0001
Apeira_syringaria	3114	543244091	1398540006	4032.2579	3171.0	46830	449113.6821	354723.0	1193296	284258.5	401496.0032	0.932	0.9279	926.0	706	4.4108	2	0.0006	1794	0.5761	5.7322	101	0.0324	563	0.1808	2448	0.7861	2	0.0006
Aphantopus_hyperantus	1162	406418371	590884971	3736.3812	2772.5	30691	508506.8597	534525.0	1192693	420165.5	445671.8864	0.983	0.9703	972.0	614	1.8925	0	0.0	762	0.6558	2.8591	64	0.0551	226	0.1945	868	0.747	4	0.0034
Aphelia_paleana	1712	484527915	742770983	3105.0245	2373.0	24187	433861.5555	384537.5	1182736	334647.0	401167.42	0.942	0.9144	966.0	860	1.9907	126	0.0736	1017	0.594	3.5333	78	0.0456	406	0.2371	1226	0.7161	2	0.0012
Aphelia_viburniana	3702	484518584	1549422636	3678.7247	3121.0	49615	418536.6386	345255.5	1189629	300242.5	389461.2734	0.941	0.9148	960.0	1099	3.3685	258	0.0697	2220	0.5997	7.6406	129	0.0348	839	0.2266	2733	0.7382	1	0.0003
Aphidecta_obliterata	3872	341740062	1668196406	3127.2696	2638.0	32923	430835.8487	249731.0	1194756	215470.0	338331.4163	0.943	0.9042	864.0	1282	3.0203	15	0.0039	1974	0.5098	11.3302	97	0.0251	1123	0.29	2650	0.6844	2	0.0005
Aphodius_ater	29209	700239773	9921499670	4754.3081	3264.0	141517	339672.6923	208744.0	1196644	161775.0	287935.4284	0.898	0.902	896.0	3213	9.0909	77	0.0026	11362	0.389	41.7129	982	0.0336	8936	0.3059	19273	0.6598	18	0.0006
Aphodius_fimetarius	97937	1225275222	37809885344	3180.9935	2667.0	105495	386063.3401	238971.0	1198994	223910.0	351938.0191	0.946	0.931	942.0	6054	16.1772	299	0.0031	50042	0.511	79.9306	1794	0.0183	27311	0.2789	68764	0.7021	68	0.0007
Aphodius_granarius	10270	333500460	2504128716	5519.0687	3767.0	188701	243829.4758	162354.0	1194833	136556.0	213088.8868	0.935	0.9195	958.0	881	11.6572	67	0.0065	2754	0.2682	30.7946	186	0.0181	3621	0.3526	6458	0.6288	5	0.0005
Aphodius_sticticus	6893	625352573	2938742362	2977.4819	2277.0	28601	426337.2062	366885.0	1187739	324782.0	395630.1388	0.951	0.9371	948.0	2274	3.0312	71	0.0103	4143	0.601	11.0226	442	0.0641	1357	0.1969	5053	0.7331	41	0.0059
Aphomia_sociella	6076	679245275	3118543204	6277.023	3301.5	276783	513255.9585	506981.5	1198405	394855.0	449941.4483	0.988	0.9672	983.0	1041	5.8367	7	0.0012	4142	0.6817	8.9452	199	0.0328	931	0.1532	4940	0.813	6	0.001
Aphthona_herbigrada	6165	896891802	2293949927	3453.8005	2753.0	20857	372092.4456	254148.0	1197631	232792.0	350638.3307	0.95	0.9282	958.0	3289	1.8744	130	0.0211	3244	0.5262	6.8737	387	0.0628	1783	0.2892	3992	0.6475	3	0.0005
Aphthona_nonstriata	39557	1172453795	18589361074	2962.6392	2592.0	32638	469938.5968	444375.0	1198304	415114.0	451479.0456	0.962	0.9501	962.0	6246	6.3332	44	0.0011	27039	0.6835	33.7386	735	0.0186	6661	0.1684	32158	0.813	3	0.0001
Apis_mellifera	1355	243338372	399184696	5962.7661	3903.0	56815	294601.2517	183873.0	1182751	170271.0	266587.4908	0.9	0.899	880.0	316	4.288	0	0.0	552	0.4074	5.5684	35	0.0258	393	0.29	927	0.6841	0	0.0
Aplasta_ononaria	10170	283726784	5412252729	2901.2991	2721.0	42905	532178.2428	537888.0	1195848	470823.0	494189.7471	0.974	0.9672	968.0	296	34.3581	1	0.0001	7601	0.7474	35.8443	59	0.0058	1216	0.1196	8894	0.8745	1	0.0001
Aplidium_pallidum	7890	807241885	2701736255	3901.4093	2925.5	120044	342425.3809	225878.0	1185917	208015.0	318911.0575	0.9325	0.9144	934.0	2753	2.866	95	0.012	3936	0.4989	9.774	505	0.064	2019	0.2559	5366	0.6801	0	0.0
Aplidium_turbinatum	8897	605415736	3850999185	3456.0052	2951.0	63572	432842.4396	373996.0	1193549	353058.0	414304.8842	0.933	0.9233	942.0	2467	3.6064	22	0.0025	5554	0.6243	14.6957	314	0.0353	1972	0.2216	6611	0.7431	0	0.0
Aplocera_efformata	832	340737425	389986698	4141.5216	2762.5	25095	468734.012	432034.5	1179479	338009.5	414643.6538	0.963	0.9464	949.0	150	5.5467	0	0.0	511	0.6142	2.4418	16	0.0192	146	0.1755	670	0.8053	0	0.0
Aplocera_plagiata	148	302281093	49003478	3443.25	2759.0	15245	331104.5811	143283.0	1135803	123006.0	294758.0203	0.9825	0.9609	974.0	89	1.6629	0	0.0	65	0.4392	0.4896	17	0.1149	47	0.3176	84	0.5676	0	0.0
Aplotarsus_incanus	4295	682057347	1103823363	3436.3842	2766.0	37414	257001.9471	151990.0	1189933	121748.0	221780.9565	0.902	0.8954	926.0	1127	3.811	109	0.0254	1239	0.2885	6.2971	180	0.0419	1689	0.3932	2411	0.5614	15	0.0035
Apocheima_hispidaria	759	419520011	320066913	3523.191	3149.0	16494	421695.5375	379308.0	1185623	335490.0	381737.7734	0.967	0.9413	978.0	341	2.2258	0	0.0	432	0.5692	1.8092	75	0.0988	197	0.2596	481	0.6337	6	0.0079
Apoda_limacodes	13165	799983809	6271443785	2884.6347	2594.0	25802	476372.4865	455201.0	1197469	419364.0	454096.3585	0.941	0.9346	942.0	2025	6.5012	13	0.001	9117	0.6925	16.4566	515	0.0391	1974	0.1499	10675	0.8109	1	0.0001
Apodemus_sylvaticus	129678	2864289945	49220191549	4470.9463	3967.0	251020	379556.9915	221813.0	1198126	197776.0	332906.7205	0.921	0.9161	904.0	2435	53.2559	22	0.0002	60751	0.4685	45.274	454	0.0035	34901	0.2691	94321	0.7273	2	0.0
Apoderus_coryli	8617	424081684	4069525016	2725.1389	2242.0	18595	472267.0321	441871.0	1198844	409717.0	450511.9901	0.985	0.9627	986.0	1606	5.3655	36	0.0042	5836	0.6773	20.3192	245	0.0284	1403	0.1628	6965	0.8083	4	0.0005
Apomyelois_bistriatella	2319	389556621	1187017925	3138.6283	2460.0	93929	511866.2893	511314.0	1198747	449223.0	470958.6382	0.963	0.9435	960.0	736	3.1508	1	0.0004	1626	0.7012	5.9529	43	0.0185	375	0.1617	1900	0.8193	1	0.0004
Aponogeton_distachyos	457291	4416258694	181670429854	4723.6932	3824.0	470527	397275.3233	231804.0	1199806	216549.0	360410.0257	0.896	0.8864	894.0	30770	14.8616	266	0.0006	228270	0.4992	103.5471	1943	0.0042	110031	0.2406	345311	0.7551	6	0.0
Aporia_crataegi	138	220051936	61015328	3518.7464	2978.0	10587	442140.058	420234.5	1152412	406347.5	423752.5507	0.982	0.9581	984.0	99	1.3939	0	0.0	90	0.6522	0.6271	9	0.0652	25	0.1812	104	0.7536	0	0.0
Aporophyla_australis	4068	788232868	1719944957	3233.1652	2700.0	41367	422798.662	371750.5	1194704	316379.0	383556.0706	0.961	0.9381	958.0	2129	1.9108	56	0.0138	2395	0.5887	5.1609	292	0.0718	967	0.2377	2808	0.6903	1	0.0002
Aporophyla_lueneburgensis	11682	977384501	5589212023	3591.9342	2970.5	68990	478446.5009	457791.5	1199142	385221.0	438824.9382	0.95	0.9405	948.0	3935	2.9687	40	0.0034	7853	0.6722	11.9523	349	0.0299	1992	0.1705	9332	0.7988	9	0.0008
Aporophyla_nigra	2151	734758081	986546024	3137.4575	2712.0	30529	458645.2924	426561.0	1179549	348271.0	413351.3152	0.977	0.9555	966.0	1310	1.642	2	0.0009	1357	0.6309	2.9275	93	0.0432	442	0.2055	1615	0.7508	1	0.0005
Aporrectodea_caliginosa	7152	1016304172	3116733446	4062.3097	3297.0	78462	435784.8778	385227.0	1195124	348205.5	410769.9611	0.945	0.928	946.0	2568	2.785	105	0.0147	4491	0.6279	7.0373	243	0.034	1602	0.224	5303	0.7415	4	0.0006
Aporrectodea_icterica	8432	1108439813	3776232686	4139.1701	3388.0	43822	447845.4324	402144.0	1198571	364387.5	422397.9613	0.948	0.9304	950.0	2816	2.9943	217	0.0257	5336	0.6328	7.6071	401	0.0476	1721	0.2041	6301	0.7473	9	0.0011
Apotomis_betuletana	4099	682662158	1771015974	3464.5675	2719.0	47270	432060.4962	373941.0	1193367	330499.0	402632.8848	0.963	0.9274	964.0	1832	2.2374	17	0.0041	2488	0.607	6.0044	162	0.0395	962	0.2347	2975	0.7258	0	0.0
Apotomis_capreana	5187	741772214	2216297087	3314.7816	2594.0	58389	427279.1762	376497.0	1189459	338511.0	403457.6715	0.967	0.9404	968.0	2352	2.2054	28	0.0054	3130	0.6034	6.9927	193	0.0372	1336	0.2576	3658	0.7052	0	0.0
Apotomis_turbidana	4338	719995959	1590574138	3284.8087	2717.0	34656	366660.7049	227385.0	1191274	205937.0	333928.0673	0.937	0.9148	938.0	1612	2.6911	11	0.0025	2131	0.4912	6.025	191	0.044	1161	0.2676	2982	0.6874	4	0.0009
Aproaerema_taeniolella	5901	622391911	2771163834	2960.9966	2469.0	28744	469609.1906	439802.0	1192789	375662.0	426787.7258	0.957	0.9298	948.0	1473	4.0061	5	0.0008	3818	0.647	9.4812	25	0.0042	1128	0.1912	4747	0.8044	1	0.0002
Aproaerema_vinella	1863	390185919	964289702	2738.5786	2227.0	80242	517600.4842	523415.0	1194955	464254.0	483578.795	0.956	0.9287	962.0	990	1.8818	229	0.1229	1350	0.7246	4.7746	43	0.0231	307	0.1648	1513	0.8121	0	0.0
Aproceros_leucopoda	6070	245280327	2028043498	6452.4082	4407.0	145889	334109.3077	208051.5	1195954	186706.5	302914.3848	0.925	0.9029	924.0	393	15.4453	1	0.0002	2683	0.442	24.7472	56	0.0092	1706	0.2811	4308	0.7097	0	0.0
Aquila_chrysaetos	3789	1229725730	1488602328	4218.9549	3403.0	48178	392874.7237	256662.0	1194363	233499.0	362097.3613	0.944	0.9309	934.0	644	5.8835	3	0.0008	1983	0.5234	3.0812	28	0.0074	1009	0.2663	2752	0.7263	0	0.0
Aquila_chrysaetos_chrysaetos	3789	1229725730	1488602328	4218.9549	3403.0	48178	392874.7237	256662.0	1194363	233499.0	362097.3613	0.944	0.9309	934.0	644	5.8835	3	0.0008	1983	0.5234	3.0812	28	0.0074	1009	0.2663	2752	0.7263	0	0.0
Aquilegia_vulgaris	8012	292887177	3356430414	4741.1097	3341.0	93937	418925.4136	335392.5	1193506	297960.5	386968.9368	0.894	0.8976	904.0	1406	5.6984	2	0.0002	4765	0.5947	27.3552	49	0.0061	1673	0.2088	6290	0.7851	0	0.0
Ara_militaris	19855	1292651004	8274143160	5934.1157	2732.0	273065	416728.4392	298414.0	1197807	254897.0	367121.6972	0.906	0.9037	900.0	910	21.8187	13	0.0007	10974	0.5527	15.3599	68	0.0034	4748	0.2391	15039	0.7574	0	0.0
Arabidopsis_thaliana	1270	136912275	463645228	4430.7402	3205.5	68965	365074.9827	245479.5	1189404	228579.5	329060.9047	0.912	0.9055	910.0	252	5.0397	0	0.0	673	0.5299	9.276	14	0.011	327	0.2575	929	0.7315	0	0.0
Arabis_hirsuta	23241	582592729	9620671127	4046.7324	3315.0	72012	413952.5462	323557.0	1196290	301437.0	394514.1217	0.879	0.8794	880.0	2830	8.2124	14	0.0006	13582	0.5844	39.8924	176	0.0076	4984	0.2144	18079	0.7779	2	0.0001
Arachnomyces_sp_KDTOL00113	111	34558840	36228029	4794.1622	3891.0	16971	326378.6396	226025.0	1188256	215819.0	316498.1982	0.869	0.8795	880.0	44	2.5227	0	0.0	57	0.5135	3.2119	3	0.027	48	0.4324	60	0.5405	0	0.0
Aradus_depressus	7325	693284885	3421308700	3288.618	2723.0	43222	467072.8601	432862.0	1194260	338822.0	408797.2527	0.872	0.8599	892.0	1659	4.4153	15	0.002	4625	0.6314	10.5656	280	0.0382	1302	0.1777	5739	0.7835	4	0.0005
Aradus_truncatus	10220	843859384	3728670267	4527.1747	3287.5	188008	364840.5349	210566.5	1198494	183983.5	317157.7999	0.938	0.9162	928.0	1492	6.8499	180	0.0176	4592	0.4493	12.111	507	0.0496	2970	0.2906	6735	0.659	8	0.0008
Araneus_angulatus	31693	2880516308	12802045611	3832.2627	2995.0	116536	403939.2172	325674.0	1199001	296943.0	379332.5067	0.907	0.8999	910.0	9434	3.3594	254	0.008	18763	0.592	11.0025	1349	0.0426	6739	0.2126	23579	0.744	26	0.0008
Araneus_marmoreus	11324	2435135391	4637406011	3672.1122	2806.0	64800	409520.1352	339772.0	1190268	308407.5	384718.1341	0.914	0.909	900.0	6313	1.7938	45	0.004	6826	0.6028	4.6503	738	0.0652	2309	0.2039	8270	0.7303	7	0.0006
Araneus_quadratus	18925	2663497556	8139087300	3786.5786	2819.0	63905	430070.6631	376848.0	1195764	343252.0	405280.7658	0.93	0.9168	916.0	8423	2.2468	63	0.0033	11685	0.6174	7.1053	981	0.0518	3870	0.2045	14065	0.7432	9	0.0005
Araniella_cucurbitina	14979	2382261977	6576297843	3224.1739	2507.0	395367	439034.5045	396845.0	1190510	361828.0	415119.9633	0.921	0.9079	924.0	7635	1.9619	878	0.0586	9509	0.6348	6.2877	646	0.0431	2979	0.1989	11329	0.7563	25	0.0017
Arbutus_unedo	11296	489736201	4411851121	4932.6009	3836.0	95990	390567.5567	270802.5	1199152	248222.5	366109.0658	0.918	0.9075	902.0	1661	6.8007	10	0.0009	6158	0.5451	23.0655	138	0.0122	2783	0.2464	8372	0.7411	3	0.0003
Archanara_dissoluta	5975	634155607	2581174875	3924.5649	3053.0	89965	431995.795	348131.0	1199953	303862.0	395836.4415	0.986	0.967	984.0	1613	3.7043	28	0.0047	3546	0.5935	9.422	126	0.0211	1380	0.231	4466	0.7474	3	0.0005
Archiearis_parthenias	12005	526456650	4048080556	4679.9277	3234.0	62684	337199.5465	190471.0	1197070	171965.0	290315.7412	0.943	0.9249	906.0	1362	8.8142	63	0.0052	4301	0.3583	22.8034	138	0.0115	3197	0.2663	8663	0.7216	7	0.0006
Archips_crataeganus	2672	626907041	1204359943	4004.0408	2724.0	111926	450733.5116	413087.0	1195239	333946.5	404889.5831	0.9785	0.9511	978.0	921	2.9012	62	0.0232	1673	0.6261	4.2622	157	0.0588	507	0.1897	2007	0.7511	1	0.0004
Archips_podanus	8404	548600064	4028132737	2752.6528	2467.0	30257	479311.368	455939.5	1191454	402977.0	447750.4203	0.961	0.9347	960.0	1399	6.0071	51	0.0061	5611	0.6677	15.319	168	0.02	1550	0.1844	6683	0.7952	3	0.0004
Archips_xylosteana	2391	646945256	986058727	3018.6721	2350.0	57275	412404.3191	312366.0	1161971	268782.0	370888.5684	0.939	0.9039	930.0	1203	1.9875	13	0.0054	1343	0.5617	3.6958	84	0.0351	600	0.2509	1706	0.7135	1	0.0004
Arctia_villica	5304	622062255	2717064967	3384.0581	2770.5	48747	512267.1506	512600.0	1196659	434295.5	470289.8258	0.965	0.9532	956.0	817	6.492	1	0.0002	3784	0.7134	8.5265	100	0.0189	828	0.1561	4376	0.825	0	0.0
Arctium_lappa	92154	1776671455	42243951871	4380.5468	3697.0	166186	458406.058	412551.0	1199121	379020.0	436238.6825	0.882	0.8771	870.0	12514	7.3641	6	0.0001	60093	0.6521	51.8689	431	0.0047	16605	0.1802	75117	0.8151	1	0.0
Arctium_minus	110854	1902934346	50406228450	4197.2191	3675.0	84082	454708.2509	407410.5	1199748	375573.5	433738.7759	0.869	0.8681	858.0	13687	8.0992	10	0.0001	71409	0.6442	58.2542	449	0.0041	20528	0.1852	89874	0.8107	3	0.0
Arctosa_perita	6962	1524052432	1800075432	3578.0124	2588.0	84679	258557.2295	158695.0	1192526	109427.0	197904.4657	0.853	0.8381	834.0	2954	2.3568	642	0.0922	1809	0.2598	4.5681	391	0.0562	2824	0.4056	3684	0.5292	63	0.009
Arcuatula_senhousia	7267	949305744	2621708788	3763.5164	2845.0	53709	360769.064	215506.0	1197212	193352.0	311549.8314	0.888	0.8725	912.0	2816	2.5806	69	0.0095	3487	0.4798	7.6551	507	0.0698	2205	0.3034	4553	0.6265	2	0.0003
Ardea_cinerea	11050	1299462053	4557536458	6469.38	3765.5	253931	412446.7383	309004.5	1198681	263739.5	372593.2593	0.952	0.936	938.0	887	12.4577	0	0.0	6136	0.5553	8.5035	36	0.0033	2473	0.2238	8541	0.7729	0	0.0
Arenaria_serpyllifolia	20089	710277449	8295183902	4601.4112	3656.0	102973	412921.6936	332498.0	1199799	304623.0	390699.9378	0.922	0.9088	922.0	2741	7.3291	0	0.0	11714	0.5831	28.2833	129	0.0064	4532	0.2256	15427	0.7679	1	0.0
Arenicola_marina	6075	846197788	1645524283	3693.813	2913.0	43048	270868.1947	151419.0	1198627	136631.0	247976.5765	0.894	0.8779	902.0	1936	3.1379	19	0.0031	2424	0.399	7.1792	79	0.013	2467	0.4061	3529	0.5809	0	0.0
Arenostola_phragmitidis	3340	662809317	1419115456	3798.359	2998.5	49171	424884.8671	362154.5	1188125	313347.0	394931.9024	0.972	0.957	968.0	1381	2.4185	9	0.0027	2026	0.6066	5.0392	67	0.0201	687	0.2057	2585	0.774	1	0.0003
Arge_berberidis	2640	328101029	819675770	4461.9977	3377.0	113008	310483.2462	180965.0	1192282	155821.0	279665.4129	0.94	0.9179	944.0	564	4.6809	6	0.0023	1141	0.4322	8.0463	98	0.0371	959	0.3633	1581	0.5989	2	0.0008
Arge_ochropus	2303	231765766	700431521	12300.4716	11456.0	61286	304138.7412	207624.0	1169042	177541.0	287507.2762	0.999	0.973	1000.0	201	11.4577	11	0.0048	903	0.3921	9.9368	29	0.0126	539	0.234	1735	0.7534	0	0.0
Arge_pagana	672	198024812	239850365	4143.8438	3176.0	34084	356920.186	273168.5	1180779	265649.5	342763.1458	0.976	0.9604	976.0	203	3.3103	1	0.0015	385	0.5729	3.3935	13	0.0193	193	0.2872	466	0.6935	0	0.0
Arge_ustulata	2982	390801509	1045506368	5784.9712	3384.0	163674	350605.7572	225722.0	1187409	207021.5	323286.6281	0.958	0.9362	956.0	700	4.26	86	0.0288	1481	0.4966	7.6305	205	0.0687	794	0.2663	1982	0.6647	1	0.0003
Argiope_bruennichi	5929	1777374592	2535480991	5717.5807	3445.0	64214	427640.5787	351664.0	1191479	300153.0	376131.3501	0.91	0.8957	904.0	2041	2.9049	16	0.0027	3660	0.6173	3.3358	131	0.0221	1197	0.2019	4600	0.7758	1	0.0002
Argynnis_aglaja	3403	486143199	1321268315	4265.3797	2934.0	166190	388265.7405	225301.0	1191893	203299.0	336958.1828	0.971	0.95	966.0	949	3.5859	39	0.0115	1678	0.4931	7.0	207	0.0608	919	0.2701	2271	0.6674	6	0.0018
Argyra_leucocephala	7876	915145169	3350983724	3546.4938	2970.0	79916	425467.7151	346562.0	1195772	304566.5	392819.0322	0.957	0.9306	948.0	1717	4.5871	12	0.0015	4740	0.6018	8.6063	100	0.0127	1706	0.2166	6068	0.7704	2	0.0003
Argyresthia_albistria	2367	355611455	1193253142	2553.8128	2253.0	25976	504120.4656	512056.0	1183166	414219.0	453512.3997	0.971	0.9621	970.0	580	4.081	4	0.0017	1666	0.7038	6.6561	12	0.0051	440	0.1859	1915	0.809	0	0.0
Argyresthia_cupressella	10185	767189384	5177646371	2754.2153	2394.0	34922	508359.9775	522138.0	1196929	407599.0	448705.0364	0.941	0.9191	958.0	2727	3.7349	57	0.0056	7010	0.6883	13.2757	374	0.0367	1603	0.1574	8197	0.8048	11	0.0011
Argyresthia_goedartella	32089	1106186289	15842924035	3296.6821	2732.0	62829	493718.2223	479617.0	1199720	438252.0	468662.0256	0.956	0.9485	958.0	5227	6.1391	17	0.0005	22904	0.7138	29.0087	348	0.0108	4717	0.147	27021	0.8421	3	0.0001
Argyresthia_praecocella	7623	461070181	4010293360	2899.7333	2581.0	20327	526078.1005	548547.0	1196706	444020.0	470995.0085	0.932	0.9072	944.0	1811	4.2093	312	0.0409	5421	0.7111	16.5333	140	0.0184	1230	0.1614	6253	0.8203	0	0.0
Arhopalus_rusticus	26238	1217633685	11244191970	3460.1956	2884.0	49166	428546.0771	366502.5	1197671	325100.0	401051.6307	0.953	0.9377	948.0	6457	4.0635	93	0.0035	15843	0.6038	21.5484	1124	0.0428	5357	0.2042	19714	0.7514	43	0.0016
Aria_edulis	25237	604461927	8514850297	4369.1648	3683.0	78376	337395.5025	192950.0	1194271	178283.0	302148.8453	0.923	0.9139	932.0	2398	10.5242	5	0.0002	10735	0.4254	41.7512	208	0.0082	7523	0.2981	17506	0.6937	0	0.0
Arianta_arbustorum	77490	2586056954	23741448047	4163.0748	3179.0	134221	306380.7981	180828.5	1199750	136376.0	253407.9113	0.913	0.912	906.0	9529	8.132	101	0.0013	25287	0.3263	29.9645	1241	0.016	29147	0.3761	47092	0.6077	10	0.0001
Aricia_agestis	925	435187928	367036849	3499.9535	2599.0	17896	396796.5935	295396.0	1190613	249495.0	349877.0205	0.959	0.9358	958.0	581	1.5921	5	0.0054	522	0.5643	2.1255	118	0.1276	208	0.2249	596	0.6443	3	0.0032
Aricia_artaxerxes	1353	458461481	555094247	3412.9061	2666.0	14661	410269.2143	353738.0	1188518	311220.0	368102.7672	0.958	0.9366	958.0	764	1.7709	4	0.003	789	0.5831	2.9512	150	0.1109	290	0.2143	910	0.6726	3	0.0022
Aristotelia_ericinella	6803	492919733	2424925683	5233.9502	3824.0	196438	356449.461	207884.0	1191683	163692.0	292533.1861	0.961	0.95	952.0	802	8.4825	167	0.0245	2613	0.3841	13.8014	161	0.0237	1962	0.2884	4680	0.6879	0	0.0
Aritranis_director	1096	201920248	383582031	4651.3695	2936.0	48774	349983.6049	288336.5	1157747	265394.0	329224.4015	0.949	0.9366	962.0	258	4.2481	0	0.0	613	0.5593	5.4279	41	0.0374	313	0.2856	741	0.6761	1	0.0009
Armillaria_ostoyae	642	55363779	136174656	3681.8567	3043.0	16260	212110.0561	96169.5	1148406	89727.5	203652.5467	0.857	0.8587	866.0	316	2.0316	0	0.0	181	0.2819	11.596	2	0.0031	342	0.5327	298	0.4642	0	0.0
Armoracia_rusticana	31429	586075442	12565070913	4567.1396	3769.0	84628	399792.2592	290392.0	1198200	266312.0	375012.1073	0.911	0.9075	914.0	3269	9.6143	16	0.0005	17539	0.5581	53.6262	216	0.0069	7046	0.2242	24166	0.7689	1	0.0
Aromia_moschata	4699	721962826	1707908233	4757.5542	3080.0	142643	363462.0628	233002.0	1189847	205363.0	319204.5405	0.949	0.9258	952.0	977	4.8096	100	0.0213	2288	0.4869	6.5086	202	0.043	1228	0.2613	3264	0.6946	5	0.0011
Artemisia_norvegica	153117	3730330602	71691149071	3863.2154	3128.0	136648	468211.5576	430789.0	1199891	403743.0	448873.323	0.891	0.8847	894.0	39570	3.8695	253	0.0017	102784	0.6713	41.0465	1332	0.0087	26209	0.1712	125513	0.8197	63	0.0004
Arthaldeus_pascuellus	17767	1272866813	7004590968	4690.5542	3425.0	49840	394247.2543	289471.0	1197824	260564.0	364621.0613	0.956	0.9376	954.0	5489	3.2368	153	0.0086	9683	0.545	13.9583	1290	0.0726	4426	0.2491	11936	0.6718	115	0.0065
Arvicola_amphibius	23546	2290752197	9690725106	3970.1464	3648.0	51436	411565.6632	303235.5	1196639	267499.5	379579.5883	0.919	0.9163	902.0	2109	11.1645	4	0.0002	13087	0.5558	10.2787	57	0.0024	5426	0.2304	18062	0.7671	1	0.0
Ascidia_mentula	3313	193274816	882203000	4420.5515	3108.0	305438	266285.24	180474.0	1177110	152215.0	242650.3245	0.91	0.9008	930.0	553	5.991	7	0.0021	1331	0.4018	17.1414	58	0.0175	1203	0.3631	2052	0.6194	0	0.0
Ascidiella_aspersa	4394	306997192	1399816960	6942.5571	3825.0	60040	318574.6381	199569.0	1188423	171766.0	285532.1111	0.953	0.931	952.0	666	6.5976	1	0.0002	1929	0.439	14.3128	84	0.0191	1383	0.3147	2927	0.6661	0	0.0
Ascidiella_scabra	3121	304892549	917904361	5362.5095	3279.0	45472	294105.851	186872.0	1177709	151919.0	254984.4499	0.951	0.9297	956.0	727	4.293	1	0.0003	1271	0.4072	10.2364	47	0.0151	1124	0.3601	1950	0.6248	0	0.0
Asellus_aquaticus	47078	1919228874	20564644229	4132.7648	3219.0	46977	436820.6854	380596.0	1198467	315944.5	393257.2538	0.907	0.8941	894.0	13770	3.4189	337	0.0072	28352	0.6022	24.5296	1722	0.0366	10626	0.2257	34672	0.7365	58	0.0012
Aspidapion_aeneum	38222	1279691616	17703783561	3729.7812	3109.0	61177	463183.0768	436357.5	1199827	396739.5	436990.3668	0.94	0.9288	938.0	8054	4.7457	71	0.0019	25311	0.6622	29.8681	1190	0.0311	6871	0.1798	30104	0.7876	57	0.0015
Aspilapteryx_tringipennella	639	259036907	350629592	3264.0376	2707.0	14055	548716.1064	575509.0	1191630	461437.0	477027.4601	0.963	0.9222	946.0	373	1.7131	5	0.0078	463	0.7246	2.4668	12	0.0188	97	0.1518	530	0.8294	0	0.0
Aspitates_ochrearia	753	348416073	369289110	4014.7251	2989.0	36185	490423.7849	505141.0	1183768	344283.0	405388.081	0.962	0.9325	936.0	466	1.6159	17	0.0226	458	0.6082	2.1612	62	0.0823	152	0.2019	539	0.7158	0	0.0
Asterias_rubens	1874	410182492	719624272	3600.2866	2915.0	31262	384004.4141	295185.0	1191936	250972.0	335012.4744	0.921	0.897	914.0	748	2.5053	11	0.0059	1025	0.547	4.5687	87	0.0464	569	0.3036	1216	0.6489	2	0.0011
Asterina_gibbosa_Pennant_1777	7164	414692453	2899137283	5772.3297	3782.0	101180	404681.3628	312122.0	1191673	282912.5	377880.7729	0.965	0.9464	962.0	1008	7.1071	21	0.0029	4253	0.5937	17.2755	138	0.0193	1452	0.2027	5567	0.7771	7	0.001
Asterina_phylactica	3209	388720907	1253306441	4118.1038	2935.0	56104	390559.8133	300660.0	1186506	278970.0	367129.4983	0.934	0.9119	938.0	940	3.4138	2	0.0006	1931	0.6017	8.2553	53	0.0165	716	0.2231	2440	0.7604	0	0.0
Asterocarpa_humilis	7258	311587728	1814733993	5613.9277	3026.0	94167	250032.2393	166519.0	1170534	134828.5	219163.5926	0.905	0.8967	912.0	1070	6.7832	47	0.0065	2530	0.3486	23.2936	166	0.0229	2738	0.3772	4353	0.5998	1	0.0001
Asteroscopus_sphinx	4499	856320694	2126711693	3325.1405	2743.0	46212	472707.6446	462297.0	1193739	329059.0	403014.8248	0.982	0.9541	978.0	2087	2.1557	5	0.0011	2759	0.6132	5.2539	266	0.0591	865	0.1923	3368	0.7486	0	0.0
Astragalus_alpinus	31988	757289750	13963016151	4963.7662	3206.0	129541	436507.9452	367645.0	1199268	332072.0	408972.3218	0.902	0.8956	914.0	5003	6.3938	33	0.001	19713	0.6163	42.2401	206	0.0064	6213	0.1942	25567	0.7993	2	0.0001
Astragalus_glycyphyllos	21057	678412685	9768580699	4356.4082	3140.0	145620	463911.3216	422514.0	1199108	396453.0	444810.3291	0.967	0.9424	970.0	3714	5.6696	6	0.0003	14028	0.6662	31.0386	241	0.0114	3725	0.1769	17089	0.8116	2	0.0001
Astropecten_irregularis	3312	465639250	1316235105	4212.8795	3030.0	60162	397413.981	299087.5	1194764	254569.0	350040.8762	0.89	0.8712	886.0	849	3.9011	4	0.0012	1879	0.5673	7.1128	29	0.0088	746	0.2252	2536	0.7657	1	0.0003
Atethmia_centrago	9699	925732098	4816694835	3230.7534	3083.0	84305	496617.6755	492886.0	1193080	393856.0	443673.6199	0.979	0.9583	970.0	2949	3.2889	6	0.0006	6509	0.6711	10.4771	286	0.0295	1741	0.1795	7669	0.7907	3	0.0003
Athalia_circularis	2070	200934870	858832706	5986.272	3057.0	216294	414895.0271	331462.5	1191409	297724.0	381207.47	0.917	0.8926	912.0	500	4.14	19	0.0092	1223	0.5908	10.3018	52	0.0251	456	0.2203	1562	0.7546	0	0.0
Athalia_cordata	940	169026174	352402675	3862.6628	2898.0	49678	374896.4628	282148.5	1175012	262885.0	357572.8947	0.931	0.9134	938.0	216	4.3519	4	0.0043	552	0.5872	5.5613	22	0.0234	238	0.2532	680	0.7234	0	0.0
Athalia_rosae	1331	171748173	428946559	6516.0346	3855.0	131022	322273.8986	221204.0	1157773	199294.0	285138.9557	0.952	0.9229	944.0	216	6.162	8	0.006	652	0.4899	7.7497	30	0.0225	315	0.2367	986	0.7408	0	0.0
Athene_noctua	8461	1267482052	2809872301	6481.1047	3927.0	138792	332096.9508	215548.0	1195334	192878.0	300560.8253	0.94	0.9197	934.0	803	10.5367	26	0.0031	3932	0.4647	6.6754	91	0.0108	2348	0.2775	6022	0.7117	0	0.0
Atherix_ibis	7698	660818393	2654503426	11327.4958	4665.0	436807	344830.271	211879.0	1195443	164719.0	276646.3446	0.909	0.9173	912.0	707	10.8883	381	0.0495	2919	0.3792	11.6492	138	0.0179	2307	0.2997	5253	0.6824	0	0.0
Athrips_mouffetella	6478	865811483	2757571721	3639.6122	2896.0	49565	425682.575	351068.0	1190777	294503.0	386025.9216	0.955	0.9376	952.0	2821	2.2963	13	0.002	3774	0.5826	7.482	330	0.0509	1464	0.226	4679	0.7223	5	0.0008
Athripsodes_cinereus	2987	712324041	1483715383	3056.8631	2498.0	18754	496724.2662	492092.0	1199490	440774.0	467088.8738	0.958	0.9389	956.0	1451	2.0586	0	0.0	2128	0.7124	4.1933	24	0.008	501	0.1677	2462	0.8242	0	0.0
Atolmis_rubricollis	3987	645401982	1584860812	7907.457	5565.0	117620	397507.1011	235561.0	1185584	210287.0	344774.464	0.995	0.9773	996.0	698	5.712	10	0.0025	2025	0.5079	6.1775	125	0.0314	1024	0.2568	2837	0.7116	1	0.0003
Atractylocarpus_subporodictyon	2868	238668749	994974808	3933.2249	3130.0	46703	346922.8759	220940.0	1199729	210936.0	335164.0241	0.898	0.8999	904.0	1104	2.5978	0	0.0	1453	0.5066	12.0167	33	0.0115	1022	0.3563	1813	0.6321	0	0.0
Atrichum_undulatum	32270	1700823353	14644444611	4493.8679	3878.0	123151	453809.8733	401789.5	1198230	369647.0	431608.0746	0.926	0.9194	922.0	7576	4.2595	23	0.0007	21030	0.6517	18.9732	198	0.0061	6754	0.2093	25312	0.7844	6	0.0002
Atriplex_glabriuscula	46196	795975484	18927909651	4131.7094	2996.0	266677	409730.4886	305499.5	1199305	276169.5	383934.8075	0.8835	0.8761	888.0	4584	10.0777	13	0.0003	25794	0.5584	58.037	254	0.0055	10497	0.2272	35443	0.7672	2	0.0
Atriplex_littoralis	59845	690244395	21205268942	4194.2896	3075.0	260167	354336.5184	197782.0	1199705	187105.0	325555.7918	0.904	0.8918	908.0	2685	22.2886	15	0.0003	26420	0.4415	86.7012	338	0.0056	16838	0.2814	42661	0.7129	8	0.0001
Atropa_belladonna	56323	1658138324	25136584548	4300.3004	3207.0	173664	446293.4245	388332.0	1199258	366875.0	427731.5109	0.888	0.8871	892.0	4966	11.3417	26	0.0005	36092	0.6408	33.9676	598	0.0106	11290	0.2005	44434	0.7889	1	0.0
Attagenus_pellio	8100	365393998	3442715399	7829.2236	3517.0	175898	425026.5925	244974.5	1197604	216302.5	353623.2795	0.96	0.9596	958.0	766	10.5744	2	0.0002	4102	0.5064	22.1679	39	0.0048	1824	0.2252	6236	0.7699	1	0.0001
Atylotus_fulvus	45009	1421329582	18177065437	4488.0693	3149.0	214856	403854.0167	312213.0	1196760	287799.0	379571.9615	0.924	0.9144	930.0	8074	5.5746	50	0.0011	26099	0.5799	31.6668	723	0.0161	10921	0.2426	33343	0.7408	22	0.0005
Atylotus_latistriatus	58897	1424859933	23924593091	9008.9798	4142.0	330410	406210.7254	227669.0	1198792	186108.0	315460.9039	0.938	0.9291	946.0	4612	12.7704	68	0.0012	26062	0.4425	41.3353	779	0.0132	15845	0.269	42266	0.7176	7	0.0001
Atylotus_rusticus	35736	1231699766	14887265549	4706.0852	3346.0	103776	416590.1486	336251.0	1196990	309563.5	393833.5527	0.945	0.932	948.0	7603	4.7002	35	0.001	21443	0.6	29.0136	657	0.0184	7688	0.2151	27377	0.7661	14	0.0004
Aulacomnium_androgynum	5226	233145060	1876481185	4067.0597	3442.5	37188	359066.4342	221329.0	1184464	210610.0	343201.5166	0.948	0.9327	948.0	1019	5.1286	0	0.0	2601	0.4977	22.4152	55	0.0105	1655	0.3167	3516	0.6728	0	0.0
Aulactinia_verrucosa	3620	390677001	1238930612	6582.9376	3500.0	237584	342246.0254	229945.5	1191955	200364.5	303738.6028	0.852	0.8587	860.0	840	4.3095	9	0.0025	1788	0.4939	9.266	61	0.0169	1031	0.2848	2528	0.6983	0	0.0
Aureoboletus_gentilis	2168	40958937	921227849	4518.6006	4133.0	41889	424920.5946	365614.0	1177683	347103.5	410781.2154	0.896	0.8973	898.0	233	9.3047	0	0.0	1345	0.6204	52.9311	18	0.0083	461	0.2126	1689	0.7791	0	0.0
Autographa_gamma	1462	370346604	514982371	3538.0089	2790.0	22826	352245.1238	231381.5	1192670	220354.0	334245.2962	0.958	0.9463	966.0	519	2.817	1	0.0007	763	0.5219	3.9477	61	0.0417	384	0.2627	1016	0.6949	1	0.0007
Autographa_pulchrina	3179	421290863	1302276258	3269.9648	2739.0	29687	409649.6565	326274.0	1188349	288800.0	382040.2274	0.986	0.9684	984.0	790	4.0241	30	0.0094	1822	0.5731	7.5459	91	0.0286	660	0.2076	2428	0.7638	0	0.0
Axylia_putris	1474	437755838	610915510	3576.0319	2691.0	51309	414460.9973	336525.0	1175165	298473.0	385587.77	0.976	0.9617	980.0	510	2.8902	19	0.0129	875	0.5936	3.3672	40	0.0271	370	0.251	1063	0.7212	1	0.0007
Aythya_ferina	11896	1196732977	3428066487	4873.7924	3832.0	102099	288169.6778	172013.0	1195579	137848.0	248306.7864	0.945	0.9071	932.0	1010	11.7782	29	0.0024	3941	0.3313	9.9404	69	0.0058	4557	0.3831	7270	0.6111	0	0.0
Aythya_fuligula	11208	1188870978	3525983781	5095.493	3755.0	254438	314595.2695	191996.0	1192986	157181.5	267942.1804	0.931	0.9056	916.0	965	11.6145	19	0.0017	4243	0.3786	9.4274	82	0.0073	3793	0.3384	7333	0.6543	0	0.0
Aythya_marila	8209	1145996170	2469956289	4738.0642	3435.0	95390	300883.9431	163556.0	1190981	144062.0	267549.489	0.947	0.9236	932.0	1108	7.4088	20	0.0024	3186	0.3881	7.1632	90	0.011	3222	0.3925	4897	0.5965	0	0.0
Azelia_nebulosa	5067	688355630	1768825119	3912.3736	2775.0	54663	349087.2546	177396.0	1198468	142165.0	293111.3227	0.95	0.9315	944.0	1841	2.7523	108	0.0213	2180	0.4302	7.361	670	0.1322	1563	0.3085	2818	0.5561	16	0.0032
Azorinus_chamasolen	9600	1717840333	4032810846	3101.5775	2534.0	67532	420084.4631	299276.0	1189780	232512.5	343894.7725	0.93	0.9012	906.0	4280	2.243	17	0.0018	5074	0.5285	5.5884	297	0.0309	2927	0.3049	6370	0.6635	6	0.0006
Baccha_elongata	9055	587663205	2837813521	4123.2384	3005.0	165365	313397.4071	199822.0	1196017	184493.0	298564.6314	0.95	0.9417	950.0	1692	5.3517	25	0.0028	4055	0.4478	15.4085	291	0.0321	2724	0.3008	6022	0.665	18	0.002
Bactra_lancealana	2181	568768475	850824674	3441.9097	2669.0	21845	390107.5993	307633.0	1171245	275224.0	359916.0023	0.969	0.9514	970.0	1221	1.7862	5	0.0023	1204	0.552	3.8346	184	0.0844	534	0.2448	1462	0.6703	1	0.0005
Baetis_atlanticus	920	199759770	299305090	3254.5554	2775.5	13781	325331.6196	209717.5	1168466	201213.5	307926.4424	0.882	0.8817	908.0	290	3.1724	26	0.0283	453	0.4924	4.6055	87	0.0946	229	0.2489	603	0.6554	1	0.0011
Baetis_rhodani	1127	203678824	347071727	3621.6069	2879.0	22440	307960.7161	194941.0	1180183	171956.0	285450.7569	0.914	0.9018	938.0	332	3.3946	22	0.0195	503	0.4463	5.5332	115	0.102	312	0.2768	698	0.6193	2	0.0018
Balaenoptera_acutorostrata	148832	2521809596	68305492086	3987.2897	3865.0	139715	458943.588	405374.5	1199200	340466.0	419193.5071	0.901	0.9019	886.0	792	187.9192	6	0.0	90611	0.6088	59.0179	216	0.0015	27568	0.1852	121047	0.8133	1	0.0
Balaenoptera_borealis	142276	2645539450	64477088292	4461.9617	3946.0	274668	453183.1672	387905.5	1199903	331864.0	415511.5207	0.898	0.8977	884.0	1007	141.287	44	0.0003	86044	0.6048	53.7796	221	0.0016	26619	0.1871	115436	0.8114	0	0.0
Balaenoptera_physalus	152773	2817466595	66954948786	4431.2975	3899.0	263759	438264.2796	353043.0	1199383	305649.0	401825.3183	0.897	0.8961	882.0	1307	116.8883	72	0.0005	89049	0.5829	54.2235	214	0.0014	30356	0.1987	122202	0.7999	1	0.0
Balanococcus_diminutus	1315	313093071	557702967	2994.349	2284.0	16191	424108.7202	384386.0	1197819	321789.0	379334.3468	0.954	0.9327	954.0	461	2.8525	6	0.0046	804	0.6114	4.2	125	0.0951	245	0.1863	939	0.7141	6	0.0046
Ballota_nigra	97866	1186800168	41263706609	4802.0725	4001.0	98857	421634.7517	336665.0	1198997	310921.5	401363.2075	0.892	0.8881	900.0	6671	14.6704	28	0.0003	57173	0.5842	82.4621	531	0.0054	20953	0.2141	76379	0.7804	3	0.0
Baranisobas_ridibundus	3584	328395517	1263679237	5560.0876	3410.0	355469	352589.0728	225773.0	1192341	198049.0	312400.1097	0.95	0.9376	954.0	895	4.0045	3	0.0008	1698	0.4738	10.9137	89	0.0248	849	0.2369	2646	0.7383	0	0.0
Barbarea_vulgaris	10305	245650587	3807662163	5337.0159	3580.0	77731	369496.5709	219332.0	1196715	195772.0	332448.669	0.93	0.9136	932.0	959	10.7456	31	0.003	4833	0.469	41.9498	133	0.0129	2838	0.2754	7333	0.7116	1	0.0001
Barbatula_barbatula	6528	615896482	2380850466	5217.0939	3332.5	114845	364713.6131	236384.5	1190667	216432.0	327761.4991	0.952	0.9369	954.0	893	7.3102	1	0.0002	3296	0.5049	10.5992	30	0.0046	1546	0.2368	4952	0.7586	0	0.0
Barbilophozia_sudetica	41395	611159388	18814762038	4354.7875	3868.0	83681	454517.7446	400678.0	1199405	378577.0	437860.9896	0.934	0.9253	934.0	5732	7.2217	0	0.0	26763	0.6465	67.7319	152	0.0037	7417	0.1792	33826	0.8172	0	0.0
Barbus_barbus	5535	1581878024	2165639899	3458.6737	2710.0	93454	391262.8544	313425.0	1185808	277331.0	367213.2204	0.932	0.9136	930.0	2208	2.5068	14	0.0025	3202	0.5785	3.499	117	0.0211	1347	0.2434	4071	0.7355	0	0.0
Barichneumon_chionomus	2869	255145741	901993979	4788.4472	3586.0	81360	314393.161	218913.0	1187492	186268.0	286316.7198	0.944	0.9341	958.0	483	5.94	6	0.0021	1321	0.4604	11.2446	60	0.0209	778	0.2712	2031	0.7079	0	0.0
Barycnemis_harpura	6195	394171839	2257122075	4220.3127	3131.0	63704	364345.7748	225941.0	1196199	210365.0	335724.9874	0.969	0.9433	968.0	1653	3.7477	26	0.0042	3103	0.5009	15.7165	251	0.0405	1817	0.2933	4125	0.6659	2	0.0003
Barylypa_propugnator	4222	239625879	1584137913	4738.8581	3441.5	52105	375210.3063	240621.5	1194484	219749.5	345596.8427	0.946	0.9344	954.0	589	7.1681	67	0.0159	2173	0.5147	17.6191	193	0.0457	967	0.229	3062	0.7252	0	0.0
Barypeithes_pellucidus	8044	739872075	2504261107	4401.9413	3187.0	43511	311320.3763	193193.5	1194660	156593.5	274135.2424	0.944	0.9342	946.0	1853	4.3411	83	0.0103	3288	0.4088	10.8721	400	0.0497	2532	0.3148	5098	0.6338	14	0.0017
Bathysaurus_mollis	4511	1023159901	1495106485	4244.4028	3140.0	71365	331435.7094	209221.0	1187545	195968.0	297429.6358	0.942	0.9178	934.0	1107	4.075	83	0.0184	2150	0.4766	4.4089	33	0.0073	1391	0.3084	3085	0.6839	2	0.0004
Bathythrix_pellucidator	1059	170168050	409120480	4482.1161	2873.0	95066	386327.1766	291887.0	1191009	258193.0	363337.3569	0.934	0.9279	938.0	252	4.2024	6	0.0057	600	0.5666	6.2233	13	0.0123	262	0.2474	784	0.7403	0	0.0
Batia_lambdella	2539	374442732	1235857245	3049.8365	2625.0	25043	486749.6042	482395.0	1184607	416713.0	449948.6487	0.915	0.9036	944.0	539	4.7106	4	0.0016	1757	0.692	6.7807	29	0.0114	501	0.1973	2009	0.7913	0	0.0
Batrachedra_pinicolella	6749	557515578	3579716276	3369.2408	2758.0	112481	530406.916	540340.0	1196406	453038.0	481420.5405	0.971	0.9505	966.0	1834	3.6799	2	0.0003	4967	0.736	12.1055	76	0.0113	965	0.143	5707	0.8456	1	0.0001
Batrachedra_praeangusta	1901	485338217	1000947329	2886.1289	2438.0	13488	526537.2588	541514.0	1173950	448968.0	476548.3745	0.962	0.9437	958.0	1062	1.79	5	0.0026	1388	0.7301	3.9169	29	0.0153	307	0.1615	1565	0.8233	0	0.0
Batracomorphus_irroratus	29791	2352089215	9207505802	4262.7662	3143.0	176238	309070.0481	195095.0	1195645	161541.0	281789.0457	0.92	0.9139	930.0	10019	2.9735	165	0.0055	12844	0.4311	12.6658	1277	0.0429	10093	0.3388	18402	0.6177	19	0.0006
Bazzania_pearsonii	17970	643712895	7879164866	3188.6912	2570.0	27349	438462.1517	378606.0	1194338	360324.5	424904.557	0.928	0.9113	934.0	4507	3.9871	1	0.0001	11437	0.6364	27.9162	68	0.0038	3459	0.1925	14443	0.8037	0	0.0
Bazzania_tricrenata	16319	690516817	7688086517	4046.8465	3352.0	77875	471112.5999	427178.0	1199785	409657.0	457861.4642	0.903	0.8955	904.0	4775	3.4176	3	0.0002	11407	0.699	23.633	69	0.0042	2604	0.1596	13646	0.8362	0	0.0
Bazzania_trilobata	33981	854520829	15068264051	3843.2899	3138.0	53986	443432.0371	385462.0	1199503	369656.0	430540.0881	0.905	0.9	908.0	6438	5.2782	6	0.0002	22020	0.648	39.7661	169	0.005	6186	0.182	27625	0.813	1	0.0
Bedellia_somnulentella	3986	532020543	2037352988	3006.3778	2687.5	20794	511127.1922	542248.0	1187505	363744.5	418015.9895	0.962	0.9436	900.0	1625	2.4529	2	0.0005	2547	0.639	7.4922	66	0.0166	868	0.2178	3052	0.7657	0	0.0
Bellardia_bayeri	7813	550412573	3200303930	3766.4002	3737.0	81850	409612.6878	314081.0	1177684	282872.0	382870.9615	0.973	0.9495	952.0	745	10.4872	6	0.0008	4367	0.5589	14.1948	189	0.0242	1847	0.2364	5777	0.7394	0	0.0
Bellardia_pandia	15297	616180879	5507616959	3484.8345	3174.0	79035	360045.5618	207590.0	1196662	197288.0	329666.813	0.953	0.9484	950.0	1377	11.1089	33	0.0022	7180	0.4694	24.8255	366	0.0239	4395	0.2873	10536	0.6888	0	0.0
Bellardia_viscosa	94552	1158225993	37873443699	4136.0616	3324.0	218496	400556.7698	281996.5	1199539	259859.5	378638.5194	0.905	0.8956	914.0	7216	13.1031	73	0.0008	51519	0.5449	81.6352	505	0.0053	21489	0.2273	72557	0.7674	1	0.0
Bellis_perennis	188854	1563885190	68513250858	5442.0015	4471.0	58762	362784.2188	208089.0	1199663	197213.5	339609.0455	0.889	0.8878	906.0	8794	21.4753	23	0.0001	87517	0.4634	120.7595	1022	0.0054	49841	0.2639	137978	0.7306	13	0.0001
Bembecia_ichneumoniformis	1111	511251633	519618606	3774.8884	3048.0	30870	467703.5158	424118.0	1193467	355261.0	418119.4851	0.956	0.9404	946.0	450	2.4689	5	0.0045	661	0.595	2.1731	89	0.0801	263	0.2367	754	0.6787	5	0.0045
Berberis_aquifolium	17527	1011794489	7399326333	5508.1467	3460.0	184648	422167.3038	308139.0	1196528	276229.0	382161.2146	0.924	0.9014	904.0	4681	3.7443	10	0.0006	10027	0.5721	17.3227	188	0.0107	3384	0.1931	13955	0.7962	0	0.0
Berberis_vulgaris	18522	1286849635	8105898687	6991.522	3204.0	303935	437636.2535	349461.5	1199510	316065.5	399136.2973	0.915	0.8974	918.0	5931	3.1229	19	0.001	11059	0.5971	14.3933	283	0.0153	3650	0.1971	14588	0.7876	1	0.0001
Beris_chalybata	9962	541772374	4250986541	3300.3808	2658.5	48374	426720.1908	348475.0	1195440	295564.0	382674.5234	0.943	0.9333	932.0	1763	5.6506	32	0.0032	5803	0.5825	18.3878	336	0.0337	2216	0.2224	7405	0.7433	5	0.0005
Beris_morrisii	15663	611523836	6450447911	2561.9058	2325.0	24488	411827.1028	300058.0	1190872	261583.0	374731.0652	0.902	0.8925	872.0	1680	9.3232	22	0.0014	8529	0.5445	25.6131	150	0.0096	3902	0.2491	11608	0.7411	3	0.0002
Berytinus_crassipes	59887	1445508736	14930726654	3857.6395	3114.0	375503	249314.9875	153367.0	1198019	111007.0	206700.7111	0.94	0.9309	930.0	7660	7.8181	343	0.0057	15043	0.2512	41.4297	2184	0.0365	25742	0.4298	31907	0.5328	54	0.0009
Berytinus_minor	11547	1010698386	5508966451	2955.7966	2675.0	36408	477090.712	469455.0	1197805	376122.0	422763.2302	0.921	0.9166	922.0	3326	3.4717	53	0.0046	7457	0.6458	11.4248	642	0.0556	2148	0.186	8746	0.7574	11	0.001
Berytinus_montivagus	22878	1268250541	7674740002	4155.871	2984.0	103296	335463.7644	198086.5	1198340	161658.0	282159.409	0.911	0.8939	920.0	5193	4.4055	299	0.0131	9072	0.3965	18.039	1073	0.0469	6939	0.3033	14848	0.649	18	0.0008
Betula_pendula	5604	404159055	1940652224	6276.9486	3198.0	171203	346297.6845	222478.5	1197031	191153.0	307796.6915	0.919	0.9097	906.0	1121	4.9991	24	0.0043	2669	0.4763	13.8658	83	0.0148	1558	0.278	3963	0.7072	0	0.0
Betula_pubescens	4823	430041701	1965561301	5246.9123	3000.0	114332	407539.146	312296.0	1186333	271577.0	364740.9488	0.913	0.9082	916.0	1143	4.2196	12	0.0025	2744	0.5689	11.2152	95	0.0197	1206	0.2501	3521	0.73	1	0.0002
Betulapion_simile	10870	1079759820	3882623281	3417.2994	2821.5	33585	357187.0544	225816.5	1196552	190962.5	316818.6409	0.917	0.8895	920.0	3740	2.9064	88	0.0081	4967	0.4569	10.0671	505	0.0465	3017	0.2776	7337	0.675	11	0.001
Bibio_marci	4186	340009463	1809854312	3746.9202	3009.0	68797	432358.8896	392325.0	1184906	345799.0	402732.0198	0.944	0.9237	946.0	521	8.0345	53	0.0127	2642	0.6312	12.3114	153	0.0366	862	0.2059	3171	0.7575	0	0.0
Bicyclus_anynana	973	455495724	359217831	4371.4111	2876.0	29436	369185.8489	210754.0	1187087	195992.0	317465.7071	0.972	0.9351	966.0	416	2.3389	3	0.0031	476	0.4892	2.1361	55	0.0565	246	0.2528	671	0.6896	1	0.001
Bidens_cernua	142263	1951132451	62907669419	4342.7174	3784.0	32890	442192.7656	376264.0	1198447	340141.0	417630.9201	0.881	0.8775	884.0	15543	9.1529	26	0.0002	86610	0.6088	72.913	464	0.0033	28066	0.1973	113728	0.7994	5	0.0
Bimastos_rubidus	4140	799652542	1406978686	3665.2188	3035.0	32088	339849.9242	204455.5	1193113	184282.5	305672.357	0.933	0.9163	926.0	1904	2.1744	16	0.0039	1979	0.478	5.1772	401	0.0969	1260	0.3043	2476	0.5981	3	0.0007
Biomphalaria_glabrata	6431	848690188	3002208262	3023.8084	2497.0	34923	466833.8146	431523.0	1188097	381452.0	439022.0347	0.941	0.9234	938.0	2166	2.9691	0	0.0	4331	0.6735	7.5776	41	0.0064	1175	0.1827	5214	0.8108	1	0.0002
Biphyllus_lunatus	8637	409959131	3071841782	4450.8222	3279.0	242816	355660.7366	239636.0	1199383	221230.0	325121.2536	0.952	0.9297	958.0	916	9.429	100	0.0116	4455	0.5158	21.068	212	0.0245	2103	0.2435	6312	0.7308	10	0.0012
Bispira_polyomma	14930	1032525864	7183075024	3687.4898	2946.0	120328	481116.8804	458939.5	1199385	421670.0	458721.6757	0.931	0.9199	932.0	3383	4.4132	10	0.0007	10387	0.6957	14.4597	178	0.0119	2602	0.1743	12148	0.8137	2	0.0001
Biston_betularia	506	404482284	237632102	3125.6877	2943.0	12650	469628.6601	485898.5	1175385	300675.0	386091.6581	0.978	0.9667	974.0	278	1.8201	0	0.0	290	0.5731	1.251	48	0.0949	123	0.2431	335	0.6621	0	0.0
Biston_stratarius	245	423767741	68622978	3463.1878	2873.0	10089	280093.7878	78589.0	1130390	34545.0	233668.2694	0.983	0.9562	974.0	173	1.4162	0	0.0	87	0.3551	0.5781	55	0.2245	86	0.351	103	0.4204	1	0.0041
Bithynia_leachii	4371	776893437	2141793643	3356.1867	2719.0	27140	490000.8334	488059.0	1196276	374106.0	430179.9238	0.951	0.9327	932.0	1635	2.6734	5	0.0011	2897	0.6628	5.6263	61	0.014	831	0.1901	3477	0.7955	2	0.0005
Bitoma_crenata	508	153664563	152364120	4272.8012	2963.0	17432	299929.3701	183535.5	1171661	150663.5	267716.3524	0.938	0.9143	916.0	149	3.4094	11	0.0217	180	0.3543	3.3059	14	0.0276	165	0.3248	329	0.6476	0	0.0
Blasia_pusilla	31050	398934062	12617771543	3918.2747	3410.0	94936	406369.4539	309524.0	1198791	287704.0	388369.4154	0.901	0.8968	902.0	1779	17.4536	0	0.0	17923	0.5772	77.8324	105	0.0034	7059	0.2273	23886	0.7693	0	0.0
Blastobasis_adustella	3979	557022554	1422277716	4019.8108	2938.0	75329	357446.0206	239903.0	1192139	221976.0	323019.4059	0.95	0.9369	944.0	1143	3.4812	2	0.0005	2077	0.522	7.1433	92	0.0231	959	0.241	2926	0.7354	2	0.0005
Blastobasis_lacticolella	3134	576549192	1129536368	3360.5453	2881.5	25676	360413.6465	232988.5	1193956	214768.5	326425.1417	0.952	0.931	950.0	1188	2.638	3	0.001	1628	0.5195	5.4358	101	0.0322	939	0.2996	2091	0.6672	3	0.001
Blastobasis_vittata	3134	538694240	1384755598	3571.7881	2925.0	32834	441849.2655	392145.0	1192386	324286.5	396316.014	0.962	0.9453	954.0	1212	2.5858	1	0.0003	1981	0.6321	5.8178	61	0.0195	602	0.1921	2471	0.7884	0	0.0
Blennius_ocellaris	4322	690791384	1314519820	4359.0389	3310.0	35654	304146.187	193507.0	1171245	177902.5	271257.1159	0.96	0.9402	956.0	704	6.1392	15	0.0035	1890	0.4373	6.2566	76	0.0176	1295	0.2996	2949	0.6823	2	0.0005
Blera_fallax	2758	458256076	997656157	4563.136	3010.5	112322	361731.7466	244814.0	1192573	227195.5	335546.0381	0.932	0.9203	942.0	653	4.2236	31	0.0112	1480	0.5366	6.0185	62	0.0225	739	0.2679	1957	0.7096	0	0.0
Blindiadelphus_recurvatus	8894	278084642	4238433080	4254.8032	3482.0	49043	476549.7054	445266.0	1192791	419871.0	459402.5849	0.946	0.9419	946.0	1550	5.7381	0	0.0	6172	0.694	31.9831	52	0.0058	1544	0.1736	7298	0.8206	0	0.0
Blitum_bonus_henricus	77952	1103516759	33039987635	4143.7352	3615.0	172994	423850.4161	343495.5	1199578	316313.5	403603.9302	0.906	0.8939	902.0	6981	11.1663	23	0.0003	46127	0.5917	70.6396	423	0.0054	15847	0.2033	61679	0.7912	3	0.0
Boletina_plana	7927	525765149	3032691456	4149.2358	3268.0	96269	382577.4512	233619.0	1199004	207953.0	343752.7222	0.97	0.9448	970.0	1583	5.0076	73	0.0092	3878	0.4892	15.0771	263	0.0332	2032	0.2563	5614	0.7082	18	0.0023
Boloria_euphrosyne	865	398767638	364793118	3099.5688	2633.0	10400	421726.148	382665.0	1175588	321974.0	392371.2289	0.95	0.9353	954.0	556	1.5558	3	0.0035	517	0.5977	2.1692	73	0.0844	178	0.2058	612	0.7075	2	0.0023
Boloria_selene	2492	399902484	1072094154	4459.8804	3205.0	82090	430214.3475	376473.5	1195955	339276.0	399745.6974	0.97	0.9537	974.0	809	3.0803	8	0.0032	1536	0.6164	6.2315	142	0.057	466	0.187	1881	0.7548	3	0.0012
Bombina_variegata	648138	8948961495	276222330147	3459.6168	3173.0	258812	426178.2678	331332.5	1199731	272651.0	380956.912	0.899	0.8862	892.0	51265	12.6429	23747	0.0366	359312	0.5544	72.4261	17983	0.0277	136590	0.2107	493359	0.7612	206	0.0003
Bombus_campestris	2501	273864512	799936205	7106.7897	4316.0	66537	319846.5434	202415.0	1190306	166790.0	267312.6082	0.968	0.9353	954.0	187	13.3743	2	0.0008	1012	0.4046	9.1323	77	0.0308	744	0.2975	1680	0.6717	0	0.0
Bombus_distinguendus	8755	420836188	3428908669	6275.6742	5750.0	132347	391651.4756	230524.0	1194711	206359.0	327221.6319	0.984	0.9644	960.0	286	30.6119	60	0.0069	4200	0.4797	20.8038	75	0.0086	1888	0.2156	6792	0.7758	0	0.0
Bombus_hortorum	2417	280258130	743799695	8492.5536	5873.0	187709	307736.7377	181163.0	1190182	154940.0	261348.4977	0.985	0.9651	978.0	162	14.9198	26	0.0108	895	0.3703	8.6242	22	0.0091	806	0.3335	1589	0.6574	0	0.0
Bombus_hypnorum	5984	293774319	1877110879	4785.8529	3710.5	129090	313688.3153	194616.5	1196563	151636.5	249227.8396	0.896	0.8829	862.0	346	17.2948	168	0.0281	2063	0.3448	20.3694	95	0.0159	2067	0.3454	3822	0.6387	0	0.0
Bombus_jonellus	6656	346667476	2162806756	7370.6465	3655.5	390366	324940.9189	199257.0	1196894	154300.5	263743.447	0.854	0.8696	852.0	553	12.0362	716	0.1076	2343	0.352	19.2	91	0.0137	2246	0.3374	4317	0.6486	2	0.0003
Bombus_lapidarius	3114	308881735	927062519	7576.201	4327.0	193560	297707.938	199689.0	1199233	151569.0	244187.6741	0.934	0.9164	898.0	226	13.7788	76	0.0244	1070	0.3436	10.0815	28	0.009	1016	0.3263	2069	0.6644	1	0.0003
Bombus_lucorum	5457	334487635	1450422661	6341.9842	3980.0	122829	265791.2151	172232.0	1188796	150229.0	234887.5591	0.962	0.9457	958.0	281	19.4199	20	0.0037	1933	0.3542	16.3145	57	0.0104	1855	0.3399	3545	0.6496	0	0.0
Bombus_monticola	5381	298167672	1573095944	4958.3096	4291.0	105522	292342.6768	179531.0	1190229	144888.0	241542.8253	0.961	0.9301	930.0	386	13.9404	342	0.0636	1807	0.3358	18.0469	53	0.0098	1947	0.3618	3380	0.6281	1	0.0002
Bombus_muscorum	3338	297623569	1203040252	6270.4092	4213.0	99470	360407.5051	228448.0	1196100	187677.0	290850.8068	0.897	0.8992	908.0	207	16.1256	92	0.0276	1443	0.4323	11.2155	44	0.0132	824	0.2469	2470	0.74	0	0.0
Bombus_pascuorum	2365	300965996	687629782	5447.3302	3347.0	260869	290752.5505	185218.0	1142935	154107.0	253264.082	0.941	0.9085	950.0	268	8.8246	37	0.0156	813	0.3438	7.858	23	0.0097	761	0.3218	1581	0.6685	0	0.0
Bombus_pratorum	5027	284084563	1402154098	7230.8194	4139.0	400000	278924.6266	168356.0	1197563	139696.0	233604.7058	0.957	0.92	940.0	289	17.3945	206	0.041	1583	0.3149	17.6954	43	0.0086	1846	0.3672	3136	0.6238	2	0.0004
Bombus_sylvarum	6878	313827033	1633540082	9532.2634	5544.5	293880	237502.1928	155779.5	1190791	131490.5	203214.4354	0.989	0.9622	984.0	349	19.7077	35	0.0051	1984	0.2885	21.9165	56	0.0081	2673	0.3886	4149	0.6032	0	0.0
Bombus_sylvestris	2036	287035570	774705172	12083.9249	4268.0	395417	380503.5226	229401.0	1195565	194080.5	308566.2078	0.838	0.8617	852.0	179	11.3743	34	0.0167	933	0.4583	7.0932	17	0.0083	540	0.2652	1476	0.725	3	0.0015
Bombus_terrestris	5526	327130165	1827067841	6234.7434	3518.0	315059	330631.1692	205661.5	1199090	169069.0	278137.6278	0.954	0.9008	938.0	231	23.9221	865	0.1565	2144	0.388	16.8924	62	0.0112	1598	0.2892	3866	0.6996	0	0.0
Bombus_vestalis	2834	265353705	834611078	7476.1235	4322.0	155646	294499.3218	192096.0	1179922	161712.0	262289.1422	0.977	0.95	968.0	190	14.9158	3	0.0011	1083	0.3821	10.6801	38	0.0134	887	0.313	1909	0.6736	0	0.0
Bombylius_discolor	2355	279505365	861619166	7217.7622	3285.0	185944	365868.011	223065.0	1191840	197551.0	315972.138	0.922	0.9149	930.0	553	4.2586	16	0.0068	1132	0.4807	8.4256	70	0.0297	707	0.3002	1578	0.6701	0	0.0
Bombylius_major	4014	299449314	1129879954	6593.7033	4373.0	59400	281484.7917	158812.0	1191775	136292.5	245349.1766	0.976	0.9547	980.0	744	5.3952	6	0.0015	1446	0.3602	13.4046	153	0.0381	1494	0.3722	2365	0.5892	2	0.0005
Bombylius_minor	1714	213404084	500417451	7805.507	3263.0	51123	291958.8396	168093.0	1190277	126472.0	239620.269	0.951	0.9259	954.0	328	5.2256	5	0.0029	627	0.3658	8.0317	58	0.0338	659	0.3845	997	0.5817	0	0.0
Borkhausenia_fuscescens	4894	636298083	2483453952	3290.8948	2677.0	32536	507448.7029	529016.0	1183171	377997.5	429885.8089	0.964	0.937	944.0	1867	2.6213	25	0.0051	3231	0.6602	7.6914	247	0.0505	881	0.18	3753	0.7669	13	0.0027
Borostomias_antarcticus	13822	851472474	5014944167	3939.8936	3072.0	109861	362823.3372	220458.5	1190147	202844.0	322826.9682	0.932	0.9037	928.0	2123	6.5106	615	0.0445	6580	0.4761	16.2331	195	0.0141	3518	0.2545	10109	0.7314	0	0.0
Botrylloides_diegensis	2108	169617721	890249855	4975.5133	3130.5	210537	422319.6656	368757.0	1189849	345285.0	396566.8136	0.939	0.9302	944.0	374	5.6364	6	0.0028	1320	0.6262	12.4279	72	0.0342	410	0.1945	1626	0.7713	0	0.0
Brachmia_blandella	4091	481446943	1774047000	2980.2476	2500.0	25446	433646.2967	364340.0	1187470	326034.0	404773.2063	0.933	0.9176	948.0	1885	2.1703	21	0.0051	2505	0.6123	8.4973	31	0.0076	991	0.2422	3069	0.7502	0	0.0
Brachydontium_trichodes	21069	266467507	9180582308	4326.3597	4155.0	73133	435738.8727	365771.0	1199488	341816.0	417927.7456	0.955	0.9488	954.0	1399	15.06	2	0.0001	13039	0.6189	79.0678	121	0.0057	4239	0.2012	16708	0.793	1	0.0
Brachylomia_viminalis	5155	781903981	2428829842	2902.542	2557.0	18584	471160.0081	440407.0	1186743	394018.0	446139.0724	0.976	0.9537	976.0	2196	2.3474	1	0.0002	3492	0.6774	6.5929	95	0.0184	878	0.1703	4182	0.8113	0	0.0
Brachyopa_scutellaris	6923	586691184	2367945192	4708.1758	3620.0	42881	342040.3282	207721.0	1182486	176104.0	301815.9042	0.974	0.9563	972.0	1094	6.3282	32	0.0046	3012	0.4351	11.8001	261	0.0377	2009	0.2902	4648	0.6714	5	0.0007
Brachypalpoides_lentus	79829	1272655317	37418282468	3192.3426	2771.0	194729	468730.4422	433335.0	1198957	387341.0	440782.6391	0.954	0.9456	956.0	4708	16.956	21	0.0003	52074	0.6523	62.7263	301	0.0038	14093	0.1765	65434	0.8197	1	0.0
Brachypalpus_laphriformis	67814	1066270848	32200760003	2851.0905	2727.0	101195	474839.4137	444027.5	1197201	394898.5	444440.0929	0.946	0.9396	946.0	4951	13.697	11	0.0002	44879	0.6618	63.5992	344	0.0051	11372	0.1677	56096	0.8272	2	0.0
Brachyptera_putata	3221	436497185	1425472993	3476.1031	2917.0	17465	442556.0363	392421.0	1198319	321616.0	399877.3747	0.922	0.8904	920.0	896	3.5949	7	0.0022	1931	0.5995	7.3792	83	0.0258	687	0.2133	2450	0.7606	1	0.0003
Brachyptera_risi	5377	656122396	1867664872	5179.8672	3344.0	65243	347343.2903	194696.0	1194542	171494.0	294275.4802	0.948	0.9275	930.0	1317	4.0828	78	0.0145	2375	0.4417	8.1951	259	0.0482	1723	0.3204	3386	0.6297	9	0.0017
Brachypterus_glaber	3646	620417331	1800315360	2801.0686	2096.0	19146	493778.2117	494133.5	1188734	430786.5	462406.4964	0.958	0.9465	980.0	934	3.9036	14	0.0038	2582	0.7082	5.8767	87	0.0239	614	0.1684	2945	0.8077	0	0.0
Brachythecium_rutabulum	8373	821421819	3141971035	4003.3987	3228.0	120763	375250.3326	279486.0	1197964	267899.0	361934.4703	0.914	0.9087	916.0	3815	2.1948	2	0.0002	4695	0.5607	10.1933	87	0.0104	2414	0.2883	5872	0.7013	0	0.0
Branchiostoma_lanceolatum	2538	465402236	719214406	4753.699	3151.0	42771	283378.4106	172484.0	1187956	148922.5	260423.1127	0.914	0.8976	914.0	1028	2.4689	187	0.0737	1106	0.4358	5.4533	151	0.0595	922	0.3633	1462	0.576	3	0.0012
Branta_canadensis	9260	1226165944	2850767107	6146.005	3582.5	196648	307858.2189	189629.5	1197068	152002.5	258895.3499	0.923	0.9219	922.0	671	13.8003	29	0.0031	3370	0.3639	7.552	62	0.0067	3225	0.3483	5972	0.6449	1	0.0001
Branta_leucopsis	10490	1257720800	3080250556	6830.149	4121.5	162770	293636.85	174404.0	1199958	151346.0	259511.834	0.973	0.9501	968.0	827	12.6844	21	0.002	3962	0.3777	8.3405	94	0.009	3709	0.3536	6687	0.6375	0	0.0
Brassica_nigra	8993	422710495	3495116275	4285.0418	3534.0	157789	388648.535	271073.0	1197271	248254.0	365904.956	0.908	0.8985	912.0	1823	4.9331	1	0.0001	4834	0.5375	21.2746	74	0.0082	2245	0.2496	6673	0.742	1	0.0001
Braunia_imberbis	1863	217628975	573007539	4290.5019	3355.0	111242	307572.4847	161341.0	1178586	147664.0	293864.095	0.886	0.8962	892.0	807	2.3086	12	0.0064	853	0.4579	8.5604	45	0.0242	753	0.4042	1065	0.5717	0	0.0
Bromus_sterilis	365458	2671488088	127289742912	3629.7491	2930.0	193844	348301.9743	191948.0	1199809	183405.0	322714.5745	0.897	0.8886	900.0	18936	19.2996	49	0.0001	156499	0.4282	136.7994	1855	0.0051	103705	0.2838	259895	0.7111	3	0.0
Bruchidius_siliquastri	6014	375445048	1981271110	3504.4127	2943.0	39150	329443.151	204978.0	1198052	164009.0	267857.6036	0.771	0.8132	792.0	258	23.3101	7	0.0012	2279	0.3789	16.0183	55	0.0091	1915	0.3184	4044	0.6724	0	0.0
Bruchidius_varius	14636	1203033811	5742101770	3778.2199	2829.0	186621	392327.2595	236636.5	1197507	210464.0	340289.6393	0.931	0.9168	940.0	4381	3.3408	1185	0.081	7262	0.4962	12.1659	1009	0.0689	3387	0.2314	10206	0.6973	34	0.0023
Bruchidius_villosus	14570	951044951	6584743524	3253.9568	2707.0	38129	451938.4711	421365.5	1197417	368162.5	422064.0421	0.963	0.9458	960.0	4049	3.5984	158	0.0108	9438	0.6478	15.32	634	0.0435	2687	0.1844	11219	0.77	30	0.0021
Bruchus_rufimanus	6024	569356427	2371275137	4495.1693	2592.0	44040	393637.9709	275401.5	1177327	242847.5	358988.5138	0.938	0.9104	942.0	1252	4.8115	350	0.0581	3218	0.5342	10.5804	210	0.0349	1454	0.2414	4350	0.7221	10	0.0017
Bryoerythrophyllum_caledonicum	11737	416144370	5343565753	4045.0106	3451.0	56286	455275.2622	415637.0	1197174	393975.0	440644.234	0.901	0.8999	902.0	3197	3.6713	0	0.0	7863	0.6699	28.2042	72	0.0061	2343	0.1996	9322	0.7942	0	0.0
Bryoerythrophyllum_ferruginascens	9189	333448255	3848872102	4041.2358	3438.0	82299	418856.4699	350350.0	1193483	330332.0	401395.7115	0.906	0.9022	904.0	2446	3.7567	3	0.0003	5658	0.6157	27.5575	80	0.0087	2046	0.2227	7063	0.7686	0	0.0
Bryophila_domestica	4932	746082263	2223120104	3553.4361	2848.0	37286	450754.279	412191.0	1185336	360129.0	418774.5608	0.975	0.9574	972.0	1776	2.777	3	0.0006	3153	0.6393	6.6105	205	0.0416	922	0.1869	3803	0.7711	2	0.0004
Bryotropha_affinis	4863	608848660	2144300256	3779.0197	2764.0	66280	440941.8581	376077.0	1197386	325954.0	404533.511	0.962	0.9318	958.0	1634	2.9761	50	0.0103	2994	0.6157	7.9872	97	0.0199	1091	0.2243	3674	0.7555	1	0.0002
Bryotropha_senectella	4848	501789294	2221598144	3482.2411	2827.0	42016	458250.4422	420647.0	1190925	366333.5	425815.3694	0.947	0.9409	944.0	1155	4.1974	23	0.0047	3120	0.6436	9.6614	159	0.0328	910	0.1877	3778	0.7793	1	0.0002
Bryotropha_terrella	6966	755201599	3150200984	3404.2692	2842.5	34712	452225.2346	420476.5	1199306	360809.0	416728.6588	0.952	0.9292	948.0	2453	2.8398	13	0.0019	4431	0.6361	9.224	286	0.0411	1319	0.1893	5358	0.7692	3	0.0004
Bryum_calophyllum	27510	929790682	11663870667	4087.7698	3416.0	133385	423986.5746	349022.5	1198889	326431.0	407611.9338	0.937	0.923	924.0	5396	5.0982	10	0.0004	16686	0.6065	29.5873	118	0.0043	6497	0.2362	20895	0.7595	0	0.0
Bryum_knowltonii	17026	786861869	7853842038	4161.2192	3728.0	62283	461285.2131	418234.5	1197796	383975.0	438657.6319	0.967	0.9361	958.0	4118	4.1345	3	0.0002	11231	0.6596	21.6379	129	0.0076	3535	0.2076	13362	0.7848	0	0.0
Bryum_marratii	37000	564938357	15710080645	4505.5948	4371.0	73270	424596.7742	349278.5	1197624	323964.0	406283.6084	0.969	0.9561	966.0	2399	15.4231	7	0.0002	22137	0.5983	65.4939	314	0.0085	8655	0.2339	28031	0.7576	0	0.0
Bryum_moravicum	11297	450170372	5057642770	4185.1062	3337.0	53471	447697.864	399592.0	1196958	375713.0	430161.0116	0.928	0.916	926.0	3391	3.3315	49	0.0043	7427	0.6574	25.0949	70	0.0062	2207	0.1954	9020	0.7984	0	0.0
Bryum_riparium	9753	313918542	4031527719	4830.6731	4051.0	67780	413362.8339	331648.0	1189324	307307.0	394955.0913	0.921	0.9206	924.0	1936	5.0377	7	0.0007	5771	0.5917	31.0686	67	0.0069	2357	0.2417	7329	0.7515	0	0.0
Buathra_laborator	3148	266400195	1142630414	4437.5254	3562.0	157288	362970.2713	232840.0	1187759	206997.0	321215.0511	0.938	0.9216	954.0	439	7.1708	0	0.0	1498	0.4759	11.8168	33	0.0105	764	0.2427	2351	0.7468	0	0.0
Bucculatrix_nigricomella	1640	373858192	571187241	4853.8012	2774.0	37253	348284.903	208206.5	1192004	183609.0	317135.547	0.977	0.9563	984.0	690	2.3768	120	0.0732	793	0.4835	4.3867	95	0.0579	513	0.3128	1032	0.6293	0	0.0
Bucculatrix_thoracella	5273	582143093	2391785523	3156.1917	2717.0	30649	453591.0341	410764.0	1197440	352392.0	415273.7002	0.959	0.9352	956.0	2350	2.2438	99	0.0188	3361	0.6374	9.0579	163	0.0309	1099	0.2084	4010	0.7605	1	0.0002
Bucephala_clangula	17390	1240620293	3983241575	7767.4107	4654.0	131107	229053.5696	144261.0	1191033	115533.0	196216.8693	0.988	0.9601	984.0	1173	14.8252	64	0.0037	4927	0.2833	14.0172	300	0.0173	7610	0.4376	9479	0.5451	1	0.0001
Buddleja_davidii	29242	645411687	12199482089	4619.5437	3915.0	51761	417190.4141	321482.0	1194476	292854.0	395509.5839	0.895	0.89	896.0	2825	10.3512	54	0.0018	16750	0.5728	45.3075	164	0.0056	6295	0.2153	22782	0.7791	1	0.0
Bufo_bufo	184575	5006981772	79969996883	3341.9573	2977.0	57412	433265.5933	362980.0	1199135	322266.0	404728.6245	0.92	0.9088	916.0	26208	7.0427	2413	0.0131	110160	0.5968	36.8635	3885	0.021	36625	0.1984	143996	0.7801	69	0.0004
Buglossidium_luteum	7472	601982865	2453733737	3978.8789	3407.5	49613	328390.4894	198707.5	1197227	171143.0	280305.9323	0.933	0.9102	904.0	542	13.786	14	0.0019	2934	0.3927	12.4123	102	0.0137	1981	0.2651	5388	0.7211	1	0.0001
Buglossoporus_quercinus	435	37428316	90207467	4185.1333	3553.0	21447	207373.4874	80744.0	1095736	71626.0	196955.1609	0.917	0.9065	924.0	171	2.5439	1	0.0023	122	0.2805	11.6222	8	0.0184	242	0.5563	185	0.4253	0	0.0
Bugula_neritina	2517	203609366	933277934	4647.2904	3443.0	96664	370789.8029	232757.0	1195420	206043.0	339785.1915	0.923	0.8985	916.0	519	4.8497	0	0.0	1250	0.4966	12.3619	26	0.0103	710	0.2821	1780	0.7072	1	0.0004
Bugulina_stolonifera	2203	234701223	828321496	4851.636	3290.0	92474	375997.0477	274491.0	1169155	253877.0	353588.8293	0.924	0.8726	918.0	655	3.3634	379	0.172	1192	0.5411	9.3864	104	0.0472	628	0.2851	1467	0.6659	4	0.0018
Buteo_buteo	2955	1233745282	894465823	8546.8281	4148.0	179308	302695.71	215649.0	1189737	182389.0	270197.1736	0.962	0.9477	958.0	405	7.2963	4	0.0014	1360	0.4602	2.3951	18	0.0061	902	0.3052	2034	0.6883	1	0.0003
Butyriboletus_subappendiculatus	428	31639639	117029032	3946.5654	3003.0	22595	273432.3178	118483.0	1148915	110806.5	263851.5	0.898	0.9007	904.0	177	2.4181	0	0.0	150	0.3505	13.5273	3	0.007	199	0.465	226	0.528	0	0.0
Buxus_sempervirens	32851	667717340	13571945265	4063.2795	2703.0	54655	413136.4423	317325.0	1197891	288153.0	387734.5428	0.89	0.8876	886.0	3929	8.3612	4	0.0001	18691	0.569	49.199	294	0.0089	7028	0.2139	25527	0.7771	2	0.0001
Cabera_exanthemata	2290	523747892	989367297	5199.4721	3181.5	42373	432038.121	326155.0	1191110	273625.0	386836.014	0.97	0.9515	968.0	822	2.7859	1	0.0004	1311	0.5725	4.3723	80	0.0349	492	0.2148	1716	0.7493	2	0.0009
Cabera_pusaria	10706	792497680	4975180676	3242.934	2858.0	20722	464709.5718	427961.5	1188061	334135.5	408934.86	0.931	0.9168	920.0	2463	4.3467	19	0.0018	6576	0.6142	13.5092	267	0.0249	2162	0.2019	8267	0.7722	10	0.0009
Cacoecimorpha_pronubana	1476	558213769	613946511	3929.0881	2676.5	101183	415952.9207	340615.5	1182490	277164.5	366354.2107	0.967	0.9453	966.0	759	1.9447	1	0.0007	855	0.5793	2.6441	79	0.0535	378	0.2561	1016	0.6883	3	0.002
Caenorhabditis_monodelphis	505	119062699	142838416	6050.4238	3322.0	39868	282848.3485	169411.0	1174533	145224.0	241456.9406	0.978	0.9465	984.0	180	2.8056	15	0.0297	224	0.4436	4.2415	26	0.0515	191	0.3782	288	0.5703	0	0.0
Calameuta_filiformis	7340	224751592	1740591175	6021.6371	4187.0	223558	237137.7623	149733.0	1193854	126904.0	209676.4586	0.98	0.9494	982.0	558	13.1541	29	0.004	2515	0.3426	32.6583	194	0.0264	2961	0.4034	4184	0.57	1	0.0001
Calameuta_pallipes	2119	163221605	591729586	6215.118	4450.0	157824	279249.4507	164729.0	1195825	132979.0	244009.3714	0.972	0.9547	982.0	388	5.4613	3	0.0014	750	0.3539	12.9823	41	0.0193	808	0.3813	1270	0.5993	0	0.0
Calamotropha_paludella	3742	741847801	1465849899	3992.0198	2916.0	55122	391728.9949	317571.5	1193521	279336.0	364218.434	0.982	0.9627	982.0	1898	1.9715	21	0.0056	2110	0.5639	5.0442	372	0.0994	828	0.2213	2515	0.6721	27	0.0072
Calathus_fuscipes	17062	1025708974	6795156485	3598.5767	2915.0	83827	398262.6002	267729.5	1197729	233204.0	352645.6346	0.922	0.9035	902.0	3692	4.6213	63	0.0037	9005	0.5278	16.6343	811	0.0475	4026	0.236	12217	0.716	8	0.0005
Calathus_melanocephalus	13471	926406552	5083606380	4596.6308	2945.0	229281	377374.091	236854.0	1194796	214500.0	334453.0877	0.939	0.9164	940.0	2649	5.0853	146	0.0108	6791	0.5041	14.5411	519	0.0385	3390	0.2517	9552	0.7091	10	0.0007
Calendula_officinalis	66265	1201314247	30734288912	4516.1242	3657.0	104146	463808.7816	418264.0	1199941	382002.0	438058.6866	0.891	0.8839	896.0	5945	11.1463	14	0.0002	43204	0.652	55.1604	335	0.0051	11637	0.1756	54291	0.8193	2	0.0
Calidris_alba	8954	1208074083	2560594915	6284.9573	3945.0	155364	285972.1817	181107.0	1197097	161769.0	252125.1456	0.966	0.9393	950.0	483	18.5383	82	0.0092	3132	0.3498	7.4118	45	0.005	2827	0.3157	6082	0.6792	0	0.0
Calidris_alpina	5478	1210322804	1626057572	6499.251	4228.5	120853	296834.1679	183737.5	1184644	158590.5	256972.2377	0.947	0.9098	928.0	413	13.2639	11	0.002	2078	0.3793	4.5261	33	0.006	1858	0.3392	3587	0.6548	0	0.0
Calidris_canutus	11963	1290429661	4315124104	7339.5598	4580.0	161836	360705.8517	225710.0	1197537	207665.0	320235.0753	0.967	0.9399	954.0	688	17.3881	3	0.0003	5961	0.4983	9.2706	88	0.0074	3062	0.256	8813	0.7367	0	0.0
Callicera_rufa	4976	477736761	1709052887	5066.8428	3503.0	90071	343459.1815	219240.5	1183287	193101.0	306825.5924	0.947	0.9375	950.0	390	12.759	13	0.0026	2305	0.4632	10.4158	58	0.0117	1300	0.2613	3618	0.7271	0	0.0
Calliergon_cordifolium	7398	644224417	2520489113	4003.0137	3169.0	75699	340698.7176	215578.5	1177026	204876.0	327771.5307	0.891	0.8935	896.0	2833	2.6114	1	0.0001	3701	0.5003	11.4836	60	0.0081	2449	0.331	4888	0.6607	1	0.0001
Calliergonella_cuspidata	6117	321388954	2303257460	4187.9138	3484.0	120842	376533.8336	273430.0	1176289	257299.0	362128.2912	0.941	0.9302	938.0	1674	3.6541	2	0.0003	3374	0.5516	19.033	81	0.0132	1775	0.2902	4261	0.6966	0	0.0
Callimorpha_dominula	1898	658077691	869663223	3195.5032	2574.0	24055	458199.8014	419993.0	1189917	373852.0	429121.1628	0.936	0.9251	936.0	967	1.9628	4	0.0021	1260	0.6639	2.8842	127	0.0669	338	0.1781	1432	0.7545	1	0.0005
Callionymus_lyra	3319	616751595	1218724910	3329.6231	2734.0	33683	367196.4176	219766.0	1193388	205228.0	334347.1615	0.943	0.9219	944.0	780	4.2551	6	0.0018	1636	0.4929	5.3814	40	0.0121	1014	0.3055	2265	0.6824	0	0.0
Calliopum_aeneum	4678	658704383	1903379743	3976.5725	2454.5	45982	406878.9532	288040.0	1186460	249596.5	362472.9729	0.947	0.9325	946.0	1562	2.9949	200	0.0428	2509	0.5363	7.1018	270	0.0577	1136	0.2428	3271	0.6992	1	0.0002
Calliopum_simillimum	2171	676431941	826636965	3218.3234	2319.0	24088	380763.2266	292219.0	1171432	251203.0	344967.638	0.936	0.9203	940.0	1112	1.9523	106	0.0488	1211	0.5578	3.2095	93	0.0428	580	0.2672	1498	0.69	0	0.0
Calliphora_loewi	6273	712161930	2576098113	2768.8479	2353.0	38456	410664.4529	332846.0	1181102	289977.0	376184.7505	0.926	0.9118	940.0	1930	3.2503	801	0.1277	3586	0.5717	8.8084	268	0.0427	1607	0.2562	4393	0.7003	5	0.0008
Calliphora_vicina	6689	701357361	2976507370	2689.0831	2424.0	29337	444985.4044	401874.0	1193287	337075.0	404983.7544	0.931	0.913	938.0	1845	3.6255	755	0.1129	4088	0.6112	9.5372	273	0.0408	1448	0.2165	4964	0.7421	4	0.0006
Calliphora_vomitoria	4509	702776412	1784112129	2740.3163	2226.0	17360	395678.006	298613.0	1194939	259163.0	357759.7694	0.897	0.8898	896.0	1301	3.4658	100	0.0222	2469	0.5476	6.416	190	0.0421	1210	0.2684	3108	0.6893	1	0.0002
Calliteara_pudibunda	5148	1033998372	2657504500	3012.243	2638.0	39243	516220.7653	548403.5	1199738	370169.0	430749.6597	0.949	0.941	916.0	2443	2.1072	4	0.0008	3406	0.6616	4.9787	370	0.0719	842	0.1636	3929	0.7632	7	0.0014
Callitriche_obtusangula	101045	1554616782	42064842562	4688.1389	4058.0	315275	416298.1104	309915.0	1199774	281701.0	387221.392	0.902	0.8963	896.0	7609	13.2797	15	0.0001	57021	0.5643	64.9967	572	0.0057	22290	0.2206	78177	0.7737	6	0.0001
Callitriche_stagnalis	62929	1181189126	27237936560	3890.5302	3193.0	144704	432835.9987	357332.0	1199396	321159.0	404195.5721	0.859	0.8648	870.0	8871	7.0938	23	0.0004	37678	0.5987	53.276	325	0.0052	13136	0.2087	49466	0.7861	2	0.0
Calluna_vulgaris	8143	506156630	3833462416	4417.9923	3384.0	100859	470767.8271	443417.0	1196166	418641.0	453791.4234	0.907	0.8957	914.0	2063	3.9472	11	0.0014	5560	0.6828	16.0879	118	0.0145	1467	0.1802	6558	0.8054	0	0.0
Calodromius_spilotus	10447	981029729	4464349528	5270.6576	2557.0	169022	427333.1605	246484.0	1196331	214988.0	344986.4319	0.927	0.9184	916.0	3327	3.1401	66	0.0063	5309	0.5082	10.649	652	0.0624	2872	0.2749	6909	0.6613	14	0.0013
Calonectris_borealis	19580	1353680570	6733420440	4355.9412	3466.0	75037	343892.7702	196661.5	1194262	185680.5	313305.2863	0.93	0.9249	932.0	916	21.3755	2	0.0001	8557	0.437	14.4643	100	0.0051	5503	0.2811	13977	0.7138	0	0.0
Calophasia_lunula	2005	584221404	843380886	5701.4773	3077.0	73311	420638.8459	316329.0	1185524	251649.0	361420.3067	0.972	0.9544	968.0	861	2.3287	2	0.001	1114	0.5556	3.4319	93	0.0464	470	0.2344	1442	0.7192	0	0.0
Caloptilia_robustella	3041	347824510	1585868885	2849.7902	2455.0	33332	521495.8517	555380.0	1183149	421317.0	455738.0125	0.965	0.9366	950.0	931	3.2664	69	0.0227	2114	0.6952	8.7429	101	0.0332	488	0.1605	2452	0.8063	0	0.0
Caloptilia_rufipennella	1991	351757659	940526603	3052.8157	2565.0	24667	472389.0522	433126.0	1183351	360340.0	426578.6293	0.925	0.9045	940.0	980	2.0316	64	0.0321	1297	0.6514	5.6601	36	0.0181	374	0.1878	1581	0.7941	0	0.0
Calvia_quattuordecimguttata	21148	842144651	7683593326	3590.5243	2864.0	56628	363324.8215	206178.0	1199596	185709.0	318704.4704	0.951	0.9352	944.0	4347	4.865	233	0.011	9836	0.4651	25.1121	823	0.0389	6282	0.297	14028	0.6633	15	0.0007
Calystegia_soldanella	38075	610030052	14864021879	3877.7288	3056.0	106166	390387.9679	235614.0	1199912	218393.0	356370.8096	0.924	0.9088	922.0	3601	10.5735	14	0.0004	19062	0.5006	62.415	218	0.0057	9553	0.2509	28304	0.7434	0	0.0
Campaea_margaritaria	2930	335209595	1659808894	4326.5666	4983.0	25857	566487.6771	608024.0	1188902	491134.5	508594.5348	0.99	0.9766	986.0	471	6.2208	0	0.0	2210	0.7543	8.7408	51	0.0174	387	0.1321	2492	0.8505	0	0.0
Campanula_latifolia	74497	1286289566	31367273664	4124.2315	3563.0	67394	421054.1856	325470.0	1197745	288263.0	393263.2122	0.89	0.8826	890.0	8996	8.2811	14	0.0002	42026	0.5641	57.9162	350	0.0047	16356	0.2196	57787	0.7757	4	0.0001
Campiglossa_producta	41685	836375100	18336579622	3267.7999	2932.0	71399	439884.3618	371035.0	1199264	312085.0	401218.8672	0.96	0.9405	958.0	3504	11.8964	18	0.0004	24324	0.5835	49.8401	589	0.0141	9170	0.22	31926	0.7659	0	0.0
Campoletis_raptor	3565	217874156	1125108245	4023.5512	3331.0	30785	315598.3857	184295.0	1188983	172496.0	282527.4014	0.96	0.9389	966.0	331	10.7704	90	0.0252	1504	0.4219	16.3627	54	0.0151	1107	0.3105	2404	0.6743	0	0.0
Campsicnemus_scambus	2211	321891361	724778525	4787.2026	3169.0	34968	327805.7553	198834.0	1196767	180366.0	294843.3424	0.967	0.9351	948.0	552	4.0054	3	0.0014	986	0.446	6.8688	29	0.0131	610	0.2759	1572	0.711	0	0.0
Camptogramma_bilineatum	3063	442325772	1524707195	2890.3653	2543.0	14759	497782.3033	487756.0	1187488	429066.0	466007.3268	0.925	0.9019	966.0	1153	2.6565	229	0.0748	2134	0.6967	6.9248	165	0.0539	440	0.1437	2453	0.8008	5	0.0016
Campylopus_flexuosus	5467	266674137	2342813408	3911.2758	3418.0	45150	428537.298	367686.0	1196393	348816.0	413379.2274	0.898	0.8982	900.0	1670	3.2737	0	0.0	3401	0.6221	20.5007	43	0.0079	1225	0.2241	4199	0.7681	0	0.0
Campylopus_introflexus	4948	234913225	1841405323	4352.323	3598.0	53576	372151.4396	257769.5	1195790	247141.5	357873.5788	0.943	0.9291	936.0	1225	4.0392	0	0.0	2677	0.541	21.0631	41	0.0083	1416	0.2862	3491	0.7055	0	0.0
Candelabrum_cocksii	3011	232808647	1079377826	4653.5154	3173.0	77342	358478.1886	244129.0	1185261	227106.0	326861.2949	0.941	0.9347	948.0	773	3.8952	1	0.0003	1586	0.5267	12.9334	64	0.0213	775	0.2574	2170	0.7207	2	0.0007
Canis_lupus	29974	2436557861	12518507892	3800.5662	3326.5	82622	417645.5559	276364.5	1196729	229562.5	359006.1317	0.903	0.8971	872.0	1194	25.1039	1	0.0	15714	0.5243	12.3018	65	0.0022	7420	0.2475	22489	0.7503	0	0.0
Cantharis_decipiens	2483	302132427	849136547	5871.1156	3754.0	199755	341980.0834	219113.0	1191794	197687.0	315914.1454	0.95	0.9452	964.0	642	3.8676	2	0.0008	1175	0.4732	8.2183	45	0.0181	754	0.3037	1684	0.6782	0	0.0
Cantharis_figurata	4494	423951578	1773562185	6400.1442	3532.5	283556	394651.1315	257356.5	1190052	234932.0	360140.0089	0.954	0.9507	966.0	999	4.4985	20	0.0045	2373	0.528	10.6003	143	0.0318	1077	0.2397	3273	0.7283	1	0.0002
Cantharis_flavilabris	2331	347689918	937402180	4258.8606	2883.0	85383	402145.9374	327724.0	1197335	305975.0	374698.4693	0.97	0.9462	980.0	725	3.2152	31	0.0133	1348	0.5783	6.7042	249	0.1068	468	0.2008	1603	0.6877	11	0.0047
Cantharis_lateralis	4893	325510653	2160078688	5315.6099	3531.0	185464	441463.0468	248044.0	1197956	229884.0	381588.5577	0.895	0.9105	914.0	481	10.1726	18	0.0037	2496	0.5101	15.0318	63	0.0129	1043	0.2132	3787	0.774	0	0.0
Cantharis_nigra	5227	378282131	2071003258	6457.0168	3851.0	114864	396212.5996	230720.0	1192718	198141.0	339226.9964	0.929	0.9276	938.0	652	8.0169	10	0.0019	2393	0.4578	13.8177	114	0.0218	1084	0.2074	4028	0.7706	1	0.0002
Cantharis_pallida	5762	419530609	1896830068	5999.6958	3565.5	217129	329196.4714	211126.5	1197300	161892.0	275842.3655	0.96	0.9311	968.0	658	8.7568	28	0.0049	2136	0.3707	13.7344	100	0.0174	1678	0.2912	3983	0.6913	1	0.0002
Cantharis_pellucida	4774	406538112	1679036057	5433.2484	3724.5	124229	351704.2432	222800.0	1193356	174231.0	296919.9367	0.897	0.9076	908.0	699	6.8298	5	0.001	1931	0.4045	11.7431	101	0.0212	1274	0.2669	3399	0.712	0	0.0
Cantharis_rufa	3083	354985643	1158924714	5343.1492	3664.0	65093	375908.1135	237572.0	1184440	210763.0	330675.1677	0.94	0.9213	948.0	745	4.1383	5	0.0016	1519	0.4927	8.6849	79	0.0256	785	0.2546	2219	0.7198	0	0.0
Cantharis_rustica	7303	445361561	2416880237	5057.6603	3842.0	98098	330943.4804	209131.0	1193097	154858.0	257847.5265	0.855	0.8703	884.0	698	10.4628	4	0.0005	2307	0.3159	16.3979	74	0.0101	2265	0.3101	4962	0.6794	2	0.0003
Caprimulgus_europaeus	6346	1134859266	1541115261	4594.7964	3354.5	125598	242848.292	152675.5	1165811	132062.0	211191.1748	0.927	0.9075	940.0	426	14.8967	153	0.0241	1696	0.2673	5.5919	46	0.0072	2447	0.3856	3853	0.6072	0	0.0
Carabus_intricatus	11185	259393524	3433212793	7249.2753	4831.0	90120	306947.9475	193539.0	1198621	158153.0	258004.7938	0.968	0.9455	964.0	1008	11.0962	146	0.0131	3940	0.3523	43.1198	187	0.0167	3459	0.3093	7533	0.6735	6	0.0005
Carabus_nemoralis	2374	205738340	741056009	5750.2675	3442.0	117851	312155.0164	200621.5	1183376	175116.0	278193.7873	0.944	0.9231	940.0	591	4.0169	5	0.0021	1065	0.4486	11.5389	27	0.0114	801	0.3374	1546	0.6512	0	0.0
Carabus_problematicus	4068	246619791	1248682980	4445.248	3248.5	69382	306952.5516	204069.5	1186847	163285.0	264218.2055	0.948	0.9335	954.0	817	4.9792	19	0.0047	1600	0.3933	16.495	139	0.0342	1301	0.3198	2622	0.6445	6	0.0015
Caradrina_clavipalpis	1388	474181573	692842789	3071.8336	2600.5	7976	499166.2745	515574.0	1159263	411293.5	439481.835	0.961	0.9405	950.0	632	2.1962	7	0.005	917	0.6607	2.9271	42	0.0303	280	0.2017	1065	0.7673	1	0.0007
Caradrina_kadenii	1366	425936699	637420549	3640.7284	3048.5	29541	466632.9056	389242.0	1179445	260971.5	368817.9136	0.963	0.9539	916.0	178	7.6742	0	0.0	784	0.5739	3.207	16	0.0117	319	0.2335	1031	0.7548	0	0.0
Caradrina_morpheus	474	395041931	223900975	3162.2278	2935.5	8725	472364.9262	455024.0	1178933	296771.0	379513.8882	0.965	0.9473	948.0	179	2.648	0	0.0	297	0.6266	1.1999	22	0.0464	99	0.2089	352	0.7426	1	0.0021
Carassius_carassius	21575	1672545130	9566755524	3248.7116	2759.0	43517	443418.5643	384096.0	1195920	344705.0	415787.3066	0.955	0.9365	954.0	3817	5.6523	34	0.0016	13486	0.6251	12.8995	215	0.01	4241	0.1966	17118	0.7934	1	0.0
Carcina_quercana	2349	408752238	1002167556	3309.2346	3135.0	29698	426635.8263	366193.0	1181928	314272.0	391680.4227	0.989	0.9509	992.0	750	3.132	79	0.0336	1386	0.59	5.7468	128	0.0545	567	0.2414	1652	0.7033	2	0.0009
Cardamine_amara	7116	211790255	2753872419	4007.3513	3488.5	35607	386997.2483	267544.0	1194658	243654.0	353708.7759	0.927	0.9211	934.0	942	7.5541	9	0.0013	3849	0.5409	33.5993	77	0.0108	1625	0.2284	5414	0.7608	0	0.0
Cardamine_flexuosa	5858	199679689	2307888498	3595.7332	2852.0	99933	393972.0891	305780.0	1190254	281838.0	373393.7847	0.872	0.8728	876.0	785	7.4624	0	0.0	3381	0.5772	29.337	44	0.0075	1278	0.2182	4536	0.7743	0	0.0
Cardamine_hirsuta	5835	200585575	2265124974	3434.929	2804.0	125338	388196.2252	293558.0	1198190	272603.0	368826.5073	0.872	0.8715	874.0	831	7.0217	0	0.0	3333	0.5712	29.0898	58	0.0099	1306	0.2238	4470	0.7661	1	0.0002
Cardamine_pratensis	47126	702373656	18184607653	4489.7127	4028.5	73762	385872.0802	236652.0	1199296	221340.0	357153.4476	0.919	0.9092	912.0	3639	12.9503	30	0.0006	24013	0.5095	67.0953	463	0.0098	11797	0.2503	34866	0.7398	0	0.0
Carduelis_carduelis	7897	1108401664	2600281756	6499.0234	4197.0	110550	329274.6304	199572.0	1190116	178433.0	297766.2806	0.935	0.916	930.0	598	13.2057	8	0.001	3472	0.4397	7.1247	50	0.0063	2433	0.3081	5414	0.6856	0	0.0
Carduus_crispus	47438	726027674	16973454985	5487.7896	4330.0	86869	357802.9214	203893.0	1199423	192360.5	332512.2987	0.902	0.8959	912.0	2577	18.4082	36	0.0008	21644	0.4563	65.3391	360	0.0076	13151	0.2772	33924	0.7151	3	0.0001
Carduus_nutans	57755	760146936	19988464390	5683.602	4460.0	161882	346090.6309	197577.0	1197414	185809.0	321260.3962	0.904	0.8971	910.0	2783	20.7528	59	0.001	25290	0.4379	75.9787	462	0.008	16438	0.2846	40852	0.7073	3	0.0001
Carex_acutiformis	9608	405279639	1875560680	3771.768	3166.0	85796	195208.2306	128760.0	1199080	63127.5	143688.2102	0.756	0.7815	756.0	1469	6.5405	136	0.0142	1717	0.1787	23.7071	450	0.0468	5581	0.5809	3569	0.3715	8	0.0008
Carex_arenaria	3304	353278471	1250922612	5862.4059	3519.5	179120	378608.5387	216459.0	1199129	190300.0	347240.6686	0.8835	0.8762	872.0	923	3.5796	22	0.0067	1601	0.4846	9.3524	101	0.0306	1104	0.3341	2099	0.6353	0	0.0
Carex_bigelowii	5700	396281252	2317524536	3810.9123	2721.0	99681	406583.2519	312715.0	1199555	278860.0	379544.2714	0.882	0.8731	890.0	1605	3.5514	5	0.0009	3220	0.5649	14.3837	76	0.0133	1550	0.2719	4074	0.7147	0	0.0
Carex_caryophyllea	17861	527746212	8200600314	3444.4464	2374.0	126164	459134.4445	419700.0	1197088	372957.0	432162.0325	0.919	0.9019	938.0	2632	6.7861	30	0.0017	11595	0.6492	33.8439	219	0.0123	3430	0.192	14210	0.7956	2	0.0001
Carex_depauperata	23739	702262514	11340229245	3418.7774	2924.0	115839	477704.5893	450327.0	1199661	421237.0	459345.6611	0.883	0.8766	888.0	5595	4.2429	7	0.0003	16313	0.6872	33.8036	218	0.0092	4007	0.1688	19514	0.822	0	0.0
Carex_distans	7495	353763213	3127844801	3125.9544	2350.0	54711	417324.1896	339243.0	1188438	310770.0	396922.5382	0.885	0.8816	880.0	1385	5.4116	6	0.0008	4444	0.5929	21.1865	82	0.0109	1800	0.2402	5613	0.7489	0	0.0
Carex_divulsa	4327	388282403	1722433313	3963.0751	3015.0	54168	398066.4	265553.0	1185521	243971.0	376002.0213	0.857	0.847	858.0	1449	2.9862	70	0.0162	2316	0.5352	11.144	103	0.0238	1433	0.3312	2791	0.645	0	0.0
Carex_echinata	6786	380206042	2844302231	5295.6541	3014.0	153279	419142.6807	309202.5	1199575	277959.5	392471.2739	0.865	0.8528	864.0	1434	4.7322	13	0.0019	3827	0.564	17.8482	114	0.0168	1918	0.2826	4753	0.7004	1	0.0001
Carex_elata	5105	408932684	1975622591	3751.5271	2762.0	42723	386997.5692	269664.0	1198260	243882.0	354715.0347	0.858	0.856	870.0	1504	3.3943	19	0.0037	2719	0.5326	12.4837	113	0.0221	1478	0.2895	3513	0.6881	1	0.0002
Carex_extensa	3936	310985494	1439330115	3567.8275	2578.0	37346	365683.4642	249171.5	1196521	234796.0	347036.8676	0.886	0.8878	886.0	943	4.1739	7	0.0018	2087	0.5302	12.6565	57	0.0145	1207	0.3067	2672	0.6789	0	0.0
Carex_hirta	2650	315330508	989098413	4786.4506	2838.5	47756	373244.6842	210488.5	1180097	188701.5	321460.8713	0.8635	0.8528	858.0	804	3.296	17	0.0064	1253	0.4728	8.4039	96	0.0362	895	0.3377	1653	0.6238	6	0.0023
Carex_laevigata	6037	375937158	2697723052	3546.5706	2703.0	40739	446864.8421	404276.0	1196521	360283.0	421152.979	0.883	0.8729	890.0	1679	3.5956	9	0.0015	3761	0.623	16.0585	81	0.0134	1477	0.2447	4478	0.7418	1	0.0002
Carex_lasiocarpa	3581	380395654	1353491996	3272.7068	2519.0	47386	377964.8132	244132.0	1195413	222325.0	344619.5046	0.847	0.8455	856.0	1120	3.1973	36	0.0101	1855	0.518	9.4139	126	0.0352	1047	0.2924	2406	0.6719	2	0.0006
Carex_montana	2858	334965617	1334657516	4471.8541	3419.5	50490	466990.0336	457956.5	1196189	384585.5	415092.8142	0.804	0.8158	840.0	754	3.7905	11	0.0038	1849	0.647	8.5322	101	0.0353	645	0.2257	2108	0.7376	4	0.0014
Carex_nigra	5076	418601613	1963250478	3528.4898	2655.5	44698	386771.1738	279110.5	1197836	254323.5	358197.0544	0.868	0.8653	880.0	1572	3.229	13	0.0026	2766	0.5449	12.1261	110	0.0217	1464	0.2884	3501	0.6897	1	0.0002
Carex_pendula	3698	362456691	1685427481	3975.8183	3024.0	46110	455767.3015	438460.0	1199076	381207.5	422849.8697	0.8335	0.8457	844.0	1299	2.8468	15	0.0041	2289	0.619	10.2026	104	0.0281	934	0.2526	2659	0.719	1	0.0003
Carex_riparia	5301	406149879	2050963532	3272.378	2451.0	44011	386901.2511	271183.0	1188921	243416.0	354386.7768	0.867	0.8582	862.0	1317	4.0251	20	0.0038	2802	0.5286	13.0518	164	0.0309	1681	0.3171	3450	0.6508	6	0.0011
Carex_rostrata	3672	378418541	1499510646	3420.8145	2549.0	30073	408363.4657	329191.0	1173393	281151.0	373878.1914	0.873	0.8626	880.0	1261	2.912	16	0.0044	2071	0.564	9.7035	81	0.0221	1052	0.2865	2537	0.6909	2	0.0005
Carex_spicata	4033	386460513	1644084092	3745.9549	2871.0	36876	407657.8458	285746.0	1186803	270570.0	388621.8078	0.85	0.8428	854.0	1442	2.7968	15	0.0037	2292	0.5683	10.4357	85	0.0211	1183	0.2933	2765	0.6856	0	0.0
Carex_sylvatica	4202	362661418	1831198699	3404.6287	2671.0	39773	435792.1702	402145.5	1198731	356942.0	412096.3175	0.893	0.8782	878.0	1449	2.8999	9	0.0021	2579	0.6138	11.5866	80	0.019	1040	0.2475	3082	0.7335	0	0.0
Carlina_vulgaris	205296	3704991204	91744245152	4535.1598	3644.0	196323	446887.641	387841.5	1199618	360430.5	427533.1029	0.879	0.8766	886.0	25735	7.9773	77	0.0004	128366	0.6253	55.4107	1093	0.0053	37832	0.1843	166351	0.8103	20	0.0001
Carpatolechia_decorella	1561	448567451	687495208	4077.3728	2610.0	27503	440419.7361	344647.0	1188230	277404.0	375203.8213	0.955	0.9344	912.0	607	2.5717	1	0.0006	878	0.5625	3.48	31	0.0199	380	0.2434	1150	0.7367	0	0.0
Carpatolechia_fugitivella	1646	488873079	854106141	3249.7205	2719.5	28815	518898.02	522301.0	1182862	453037.5	478812.2254	0.9675	0.9494	966.0	864	1.9051	4	0.0024	1187	0.7211	3.3669	12	0.0073	255	0.1549	1379	0.8378	0	0.0
Carpinus_betulus	9199	367391738	4469178350	4691.3396	4219.0	209835	485833.0634	467999.0	1194749	412676.0	456185.8485	0.928	0.9128	904.0	1141	8.0622	12	0.0013	6409	0.6967	25.0387	74	0.008	1518	0.165	7606	0.8268	1	0.0001
Carpobrotus_edulis	79410	897027822	29031071809	4208.1314	3213.0	113475	365584.5839	201561.0	1199483	191357.0	335107.0283	0.874	0.8694	860.0	5309	14.9576	10	0.0001	35921	0.4523	88.5257	280	0.0035	21788	0.2744	57338	0.7221	4	0.0001
Carsia_sororiata	813	315136842	340440377	3946.4379	2635.0	20695	418745.8512	247855.0	1173322	215771.0	349138.4034	0.989	0.956	986.0	340	2.3912	5	0.0062	417	0.5129	2.5798	42	0.0517	213	0.262	557	0.6851	1	0.0012
Carterocephalus_palaemon	1361	393518627	683910881	3093.3071	2328.0	31602	502506.158	512524.0	1190675	396528.0	435262.5202	0.963	0.9343	970.0	636	2.1399	225	0.1653	911	0.6694	3.4585	63	0.0463	248	0.1822	1049	0.7708	1	0.0007
Cartodere_bifasciata	821	177462764	265697864	3524.4458	2735.0	24744	323627.1181	171044.0	1186152	160515.0	296858.4202	0.944	0.9225	954.0	317	2.5899	10	0.0122	362	0.4409	4.6263	33	0.0402	273	0.3325	515	0.6273	0	0.0
Caryocolum_tricolorella	17076	561191780	9593658300	5337.9243	5693.0	131241	561821.1701	593794.5	1198720	457793.0	487887.6158	0.965	0.9618	896.0	1222	13.9738	33	0.0019	12700	0.7437	30.4281	124	0.0073	2216	0.1298	14735	0.8629	1	0.0001
Castanea_sativa	11571	683608482	4973139413	4284.4532	3765.0	119804	429793.3984	361943.0	1198715	317353.0	398219.3721	0.881	0.8819	888.0	2411	4.7993	2	0.0002	7030	0.6076	16.9264	105	0.0091	2560	0.2212	8905	0.7696	1	0.0001
Castor_fiber	126680	2788392725	56551032759	3963.6528	3269.0	315899	446408.5314	381931.0	1199803	343000.5	421361.4576	0.928	0.9176	912.0	2408	52.608	2	0.0	77585	0.6124	45.4312	296	0.0023	24210	0.1911	102174	0.8066	0	0.0
Cataclysta_lemnata	681	430180081	370672339	3498.7533	2753.0	18264	544305.931	591205.0	1181377	422094.0	456103.9046	0.969	0.9408	920.0	410	1.661	2	0.0029	479	0.7034	1.5831	16	0.0235	110	0.1615	555	0.815	0	0.0
Catapodium_rigidum	261685	2864688232	109784447718	4194.8398	3759.0	302113	419529.0052	321591.0	1199241	292534.0	395641.4321	0.907	0.8959	904.0	19397	13.491	71	0.0003	148617	0.5679	91.3485	1260	0.0048	56094	0.2144	204329	0.7808	2	0.0
Catarhoe_cuculata	933	295795410	472874564	2936.4512	2388.0	33639	506832.3301	525805.0	1195164	410071.0	445688.4502	0.971	0.9465	968.0	414	2.2536	30	0.0322	634	0.6795	3.1542	33	0.0354	188	0.2015	711	0.7621	1	0.0011
Catarhoe_rubidata	727	334809301	331165862	4359.7194	2853.0	31429	455523.8817	395247.0	1195920	293574.0	392380.1032	0.979	0.9515	968.0	354	2.0537	3	0.0041	461	0.6341	2.1714	32	0.044	129	0.1774	565	0.7772	1	0.0014
Catocala_fraxini	1146	780578037	313847496	4303.9511	3039.5	61612	273863.4346	152052.5	1197671	120987.0	236588.6859	0.975	0.9472	970.0	521	2.1996	3	0.0026	398	0.3473	1.4681	66	0.0576	429	0.3743	651	0.5681	0	0.0
Catocala_nupta	5109	928797837	2056220603	4199.561	3053.0	77557	402470.2687	305275.0	1184606	267063.0	368708.9162	0.956	0.9444	956.0	1783	2.8654	14	0.0027	2919	0.5713	5.5007	200	0.0391	1073	0.21	3829	0.7495	7	0.0014
Catocala_promissa	2051	738766872	809846926	3481.2058	2892.0	55882	394854.6689	281879.0	1189082	254639.0	359712.4593	0.972	0.9577	972.0	582	3.5241	4	0.002	1138	0.5549	2.7762	66	0.0322	492	0.2399	1490	0.7265	3	0.0015
Catocala_sponsa	3332	802113961	1375644414	3846.5408	2928.0	53973	412858.4676	308218.5	1192102	257298.5	357787.3124	0.969	0.9505	964.0	1019	3.2699	30	0.009	1858	0.5576	4.154	82	0.0246	779	0.2338	2470	0.7413	1	0.0003
Catops_nigricans	2254	196268547	781887281	5376.2844	3761.5	78022	346888.7671	221287.5	1185233	205947.5	321503.1131	0.959	0.9433	970.0	407	5.5381	2	0.0009	1094	0.4854	11.4843	35	0.0155	640	0.2839	1579	0.7005	0	0.0
Catoptria_pinella	1018	386066707	435386095	3261.3703	2732.5	13890	427687.7161	350755.5	1154382	262529.0	361173.333	0.98	0.9522	976.0	532	1.9135	10	0.0098	596	0.5855	2.6369	73	0.0717	213	0.2092	732	0.7191	0	0.0
Cauchas_fibulella	6136	578625531	3166585967	3110.9273	2369.0	17206	516066.8134	550472.0	1192563	434534.0	456714.5403	0.945	0.9137	920.0	2179	2.816	23	0.0037	4258	0.6939	10.6044	392	0.0639	856	0.1395	4877	0.7948	11	0.0018
Cauchas_rufimitrella	8147	700052915	3970178858	2921.8576	2537.0	26425	487317.891	487650.0	1197720	418175.0	450460.8742	0.949	0.9353	950.0	3008	2.7084	3	0.0004	5584	0.6854	11.6377	304	0.0373	1391	0.1707	6448	0.7915	4	0.0005
Celastrina_argiolus	7797	499081963	3924438509	2624.7753	2288.0	20833	503326.7294	505302.0	1188541	436768.0	463165.6155	0.922	0.9069	926.0	2458	3.1721	6	0.0008	5504	0.7059	15.6227	242	0.031	1171	0.1502	6379	0.8181	5	0.0006
Celypha_lacunana	2610	590067737	1076086607	2957.1831	2407.0	33911	412293.7192	350756.5	1179172	307282.5	378874.1667	0.962	0.9318	962.0	1416	1.8432	38	0.0146	1504	0.5762	4.4232	252	0.0966	625	0.2395	1730	0.6628	3	0.0011
Celypha_striana	5136	675547384	2436276217	3187.6717	2598.0	30594	474352.846	446539.5	1195210	394836.0	443198.2261	0.931	0.924	948.0	1927	2.6653	9	0.0018	3474	0.6764	7.6027	78	0.0152	1034	0.2013	4024	0.7835	0	0.0
Cenopis_cana	4676	546058442	1989482677	2840.8531	2521.0	44448	425466.7829	371794.5	1190708	323491.0	392971.3929	0.888	0.8803	930.0	1402	3.3352	82	0.0175	2812	0.6014	8.5632	272	0.0582	1086	0.2322	3314	0.7087	4	0.0009
Centaurium_erythraea	9672	872560335	3420580644	4496.812	3375.0	111909	353658.0484	229292.0	1197515	209043.0	321026.0643	0.908	0.8999	910.0	2104	4.597	9	0.0009	4827	0.4991	11.0846	133	0.0138	2737	0.283	6800	0.7031	2	0.0002
Centaurium_intermedium	5992	495398112	2255986163	4242.2582	3134.5	296124	376499.6934	263388.0	1198820	239959.5	341230.5768	0.897	0.8938	900.0	1359	4.4091	5	0.0008	3220	0.5374	12.0953	81	0.0135	1485	0.2478	4426	0.7387	0	0.0
Cepaea_hortensis	79433	3134321840	34925608111	3448.9203	2940.0	103570	439686.3786	382094.0	1199181	329824.0	406000.9208	0.946	0.9333	942.0	18472	4.3002	78	0.001	48613	0.612	25.343	1917	0.0241	16475	0.2074	61033	0.7684	8	0.0001
Cepaea_nemoralis	88908	3181280025	38584023561	3553.0965	3103.0	168480	433976.96	371709.0	1199895	322865.5	401372.2498	0.944	0.931	940.0	20067	4.4306	73	0.0008	54017	0.6076	27.9472	2653	0.0298	18519	0.2083	67725	0.7617	11	0.0001
Cephus_pygmeus	3078	184440333	1137219892	5284.9454	3470.0	76292	369467.1514	244881.5	1176497	227217.5	336235.1283	0.945	0.9295	946.0	447	6.8859	10	0.0032	1618	0.5257	16.6883	144	0.0468	746	0.2424	2188	0.7109	0	0.0
Cephus_spinipes	7144	236299542	2611468686	5551.1092	3818.0	53305	365547.1285	219412.0	1196063	197887.5	327342.042	0.948	0.9362	952.0	747	9.5636	28	0.0039	3399	0.4758	30.2328	162	0.0227	1839	0.2574	5142	0.7198	1	0.0001
Cepola_macrophthalma	989	487410944	341212486	3561.4348	3011.0	14068	345007.5693	245448.0	1148238	214113.0	310087.548	0.94	0.9184	932.0	227	4.3568	0	0.0	515	0.5207	2.0291	16	0.0162	288	0.2912	685	0.6926	0	0.0
Ceraclea_albimacula	2650	585905819	1132951852	4060.017	2640.5	46310	427529.0008	357451.5	1191241	319798.0	398970.5838	0.961	0.932	962.0	1183	2.2401	17	0.0064	1602	0.6045	4.5229	133	0.0502	489	0.1845	2022	0.763	6	0.0023
Ceraclea_dissimilis	2306	452449316	1212555388	2746.732	2321.0	9919	525826.2741	532094.0	1190933	465807.0	489177.5265	0.963	0.9511	966.0	972	2.3724	296	0.1284	1685	0.7307	5.0967	84	0.0364	309	0.134	1908	0.8274	5	0.0022
Ceramica_pisi	2618	730157113	1144281857	3080.5004	2663.0	27305	437082.4511	393182.0	1199770	328923.5	401416.4874	0.961	0.9373	960.0	1356	1.9307	3	0.0011	1584	0.605	3.5855	140	0.0535	545	0.2082	1928	0.7364	5	0.0019
Cerapteryx_graminis	12689	984752607	6695904690	3343.3059	2859.0	22095	527693.6473	533013.0	1195512	462722.0	490052.796	0.978	0.9657	976.0	3437	3.6919	1	0.0001	9237	0.728	12.8855	136	0.0107	1801	0.1419	10752	0.8473	0	0.0
Cerastis_leucographa	4502	637272621	1837867749	3722.1191	3315.5	52656	408233.6182	317526.0	1188975	285769.5	381906.6573	0.975	0.9619	978.0	1321	3.408	8	0.0018	2547	0.5657	7.0645	146	0.0324	1074	0.2386	3280	0.7286	2	0.0004
Cerastis_rubricosa	5689	678542513	2718685565	3258.1605	2911.0	31619	477884.6133	456460.0	1188255	372474.0	432013.811	0.963	0.9458	958.0	1902	2.9911	9	0.0016	3727	0.6551	8.3841	158	0.0278	1075	0.189	4455	0.7831	1	0.0002
Cerastium_alpinum	81010	1542134298	32605812406	3764.3411	3069.0	143498	402491.2036	297471.5	1199749	273237.0	380347.8782	0.862	0.8582	882.0	12044	6.7262	18	0.0002	45265	0.5588	52.5311	662	0.0082	19238	0.2375	61105	0.7543	5	0.0001
Cerastoderma_edule	6030	827351899	2296316359	5389.9765	3403.0	102441	380815.3166	226228.5	1197523	200225.5	335023.2572	0.946	0.9264	934.0	1895	3.1821	4	0.0007	2916	0.4836	7.2883	135	0.0224	1733	0.2874	4159	0.6897	3	0.0005
Cerastoderma_glaucum	5900	980715964	2200121966	4949.9169	3072.5	185287	372902.0281	277794.0	1196794	252649.5	348144.4488	0.92	0.9022	912.0	2187	2.6978	30	0.0051	3298	0.559	6.016	135	0.0229	1520	0.2576	4245	0.7195	0	0.0
Ceratinostoma_ostiorum	3338	367248743	927255917	10910.2822	9661.0	59858	277787.8721	171020.5	1175766	131371.5	219593.7184	0.998	0.9655	996.0	228	14.6404	15	0.0045	944	0.2828	9.0892	54	0.0162	1277	0.3826	2006	0.601	1	0.0003
Ceratocapnos_claviculata	4419	264549226	2116462263	5069.5585	2938.0	233124	478945.9749	439688.0	1193481	383173.0	445850.6133	0.898	0.8868	902.0	725	6.0952	0	0.0	3022	0.6839	16.7039	13	0.0029	654	0.148	3752	0.8491	0	0.0
Ceratodon_purpureus	5842	340405578	2456655137	4179.2953	3499.0	54607	420516.1138	351789.0	1190521	334493.5	408781.0103	0.926	0.9145	928.0	1845	3.1664	0	0.0	3591	0.6147	17.1619	56	0.0096	1457	0.2494	4329	0.741	0	0.0
Ceratothoa_steindachneri	179772	3895810384	81100274960	3697.4619	3167.0	145510	451128.5126	394434.0	1199290	354695.0	426005.9575	0.911	0.9059	902.0	15920	11.2922	96	0.0005	115657	0.6434	46.145	829	0.0046	29957	0.1666	148967	0.8286	19	0.0001
Cerceris_ruficornis	11500	475334443	4047449933	7498.303	5048.0	169657	351952.1681	225534.5	1197192	166554.5	270040.8725	0.918	0.9184	924.0	498	23.0924	188	0.0163	4013	0.349	24.1935	57	0.005	3069	0.2669	8374	0.7282	0	0.0
Cerceris_rybyensis	2562	379132677	1246328171	3672.9063	2735.0	57723	486466.8895	459403.5	1194565	431439.5	461398.612	0.971	0.9463	974.0	560	4.575	388	0.1514	1804	0.7041	6.7575	35	0.0137	443	0.1729	2084	0.8134	0	0.0
Ceriagrion_tenellum	8600	2058555450	3088742671	4243.6283	2894.0	178250	359156.1245	255408.0	1196988	235674.5	335341.4455	0.932	0.9226	932.0	2442	3.5217	8	0.0009	4618	0.537	4.1777	262	0.0305	2365	0.275	5966	0.6937	7	0.0008
Certhia_familiaris	8355	1110818766	2734994222	7990.3925	5106.0	206023	327348.2013	190770.0	1190377	175151.0	292770.2967	0.944	0.932	944.0	361	23.144	50	0.006	3385	0.4051	7.5215	40	0.0048	2466	0.2952	5849	0.7001	0	0.0
Cerura_vinula	3736	688756430	1654082149	4470.2149	2970.0	35531	442741.4746	337152.5	1192588	255559.5	367463.0099	0.955	0.9329	939.0	1641	2.2767	5	0.0013	2093	0.5602	5.4243	186	0.0498	807	0.216	2743	0.7342	0	0.0
Cervus_elaphus	47612	2995861617	21712930642	4717.5797	2607.0	302853	456039.0373	387957.0	1199162	291958.5	392319.7443	0.891	0.8911	870.0	2800	17.0043	578	0.0121	27524	0.5781	15.8926	159	0.0033	10230	0.2149	37223	0.7818	0	0.0
Cetonia_aurata	2183	474463298	764157898	4418.8836	2744.0	67041	350049.4265	218456.0	1192228	199453.0	319803.5529	0.962	0.9478	968.0	782	2.7916	53	0.0243	1055	0.4833	4.601	96	0.044	620	0.284	1447	0.6628	20	0.0092
Cetorhinus_maximus	72769	3721688450	32042699219	3659.1073	2609.0	258002	440334.4724	373207.0	1198706	331266.0	408852.8977	0.866	0.869	852.0	15574	4.6725	61	0.0008	44544	0.6121	19.5527	504	0.0069	14433	0.1983	57828	0.7947	4	0.0001
Cettia_cetti	11658	1119121303	3287677493	5543.0372	4012.0	101672	282010.4214	172283.0	1189048	156849.5	254299.4177	0.934	0.9233	936.0	690	16.8957	4	0.0003	4160	0.3568	10.4171	52	0.0045	3892	0.3338	7714	0.6617	0	0.0
Ceutorhynchus_obstrictus	8549	713155037	3059194495	3861.7298	2782.0	93479	357842.3786	226055.0	1191773	209474.0	332499.8002	0.966	0.9388	964.0	2627	3.2543	40	0.0047	4268	0.4992	11.9876	683	0.0799	2278	0.2665	5574	0.652	14	0.0016
Chaetocnema_hortensis	5671	363042682	2187256985	3361.7006	2495.0	27462	385691.5861	283237.0	1194401	264523.0	362681.9825	0.951	0.9289	946.0	1332	4.2575	16	0.0028	3113	0.5489	15.6208	266	0.0469	1550	0.2733	3853	0.6794	2	0.0004
Chaetopeltis_orbicularis	3216	266546056	1197082633	5251.458	4011.0	43484	372227.1869	259028.5	1180801	241154.0	353796.7074	0.976	0.9406	978.0	929	3.4618	18	0.0056	1744	0.5423	12.0655	72	0.0224	943	0.2932	2197	0.6831	4	0.0012
Chalcis_sispes	2042	412275011	806286532	3863.1929	3114.0	24268	394851.3869	254237.5	1185948	225573.5	354633.5274	0.924	0.9168	927.0	778	2.6247	8	0.0039	1070	0.524	4.953	31	0.0152	578	0.2831	1430	0.7003	3	0.0015
Chalcosyrphus_nemorum	1678	344978202	458459517	4978.6907	3214.5	118744	273217.829	173635.0	1170323	134843.5	236740.4863	0.929	0.9089	953.0	319	5.2602	6	0.0036	569	0.3391	4.8641	59	0.0352	631	0.376	988	0.5888	0	0.0
Chamaenerion_angustifolium	19275	642107217	8688087702	4926.4997	3655.0	242216	450743.8496	398981.0	1198559	369259.0	428418.1211	0.884	0.8807	882.0	2281	8.4502	57	0.003	12651	0.6563	30.0184	147	0.0076	3334	0.173	15794	0.8194	0	0.0
Chamelea_striatula	20336	1803089931	6478732805	4736.5478	3215.0	346686	318584.422	199712.5	1197822	166459.0	278050.311	0.924	0.9018	920.0	5019	4.0518	66	0.0032	8542	0.42	11.2784	813	0.04	6428	0.3161	13091	0.6437	4	0.0002
Charadrius_hiaticula	11427	1197417823	3368983458	5793.0256	4023.0	119605	294826.5912	181629.0	1188696	162454.0	263460.2201	0.962	0.944	958.0	969	11.7926	3	0.0003	4474	0.3915	9.543	111	0.0097	3847	0.3367	7469	0.6536	0	0.0
Charanyca_ferruginea	5338	854170051	2486863509	3508.443	2833.0	97874	465879.2636	447439.0	1190741	399848.5	435930.376	0.964	0.9432	964.0	1978	2.6987	94	0.0176	3641	0.6821	6.2493	162	0.0303	891	0.1669	4280	0.8018	5	0.0009
Charanyca_trigrammica	1231	546290503	477607974	4447.6279	2987.0	31433	387983.7319	247450.0	1177313	219735.0	328887.9894	0.977	0.9471	950.0	480	2.5646	5	0.0041	639	0.5191	2.2534	79	0.0642	315	0.2559	837	0.6799	0	0.0
Cheilosia_fraterna	10485	569024742	3689529572	5106.9953	3052.0	175823	351886.4637	218244.0	1191994	185936.0	311362.3391	0.953	0.9394	954.0	2038	5.1447	88	0.0084	4738	0.4519	18.4263	415	0.0396	2929	0.2794	7138	0.6808	3	0.0003
Cheilosia_grossa	4168	361558228	1515762756	3952.9081	3295.5	52620	363666.6881	220892.0	1188050	205254.5	338015.9232	0.952	0.9415	948.0	563	7.4032	33	0.0079	2063	0.495	11.5279	140	0.0336	1243	0.2982	2783	0.6677	2	0.0005
Cheilosia_illustrata	40338	871457243	20059050337	2968.46	2677.0	94331	497274.2907	485195.5	1199042	441376.5	470983.0658	0.958	0.9491	960.0	3988	10.1148	12	0.0003	28435	0.7049	46.288	265	0.0066	6089	0.1509	33969	0.8421	15	0.0004
Cheilosia_impressa	5571	387485129	2126972680	3242.3827	2882.0	23038	381793.6959	233395.0	1198499	216791.0	340642.4163	0.958	0.9301	958.0	888	6.2736	65	0.0117	2817	0.5057	14.3773	168	0.0302	1607	0.2885	3794	0.681	2	0.0004
Cheilosia_pagana	1474	353952474	601901861	3572.3507	2730.0	30191	408345.903	314502.5	1184613	303043.5	383933.1221	0.9605	0.9447	968.0	602	2.4485	11	0.0075	849	0.576	4.1644	101	0.0685	331	0.2246	1042	0.7069	0	0.0
Cheilosia_scutellata	1347	470376048	609841034	3202.3549	2748.0	14938	452740.1886	406902.0	1197693	383225.0	434901.167	0.95	0.9306	952.0	583	2.3105	1	0.0007	885	0.657	2.8637	33	0.0245	269	0.1997	1045	0.7758	0	0.0
Cheilosia_soror	3098	479878290	1312831636	3262.9529	2630.0	24625	423767.4745	353960.5	1187466	312391.5	399149.5468	0.965	0.9448	968.0	884	3.5045	18	0.0058	1848	0.5965	6.4558	172	0.0555	673	0.2172	2251	0.7266	2	0.0006
Cheilosia_urbana	7357	545633270	3333648257	3253.4684	2777.0	22752	453126.0374	407188.0	1199157	357827.0	424151.4449	0.961	0.9484	962.0	1722	4.2724	47	0.0064	4655	0.6327	13.4834	223	0.0303	1517	0.2062	5615	0.7632	2	0.0003
Cheilosia_variabilis	2796	414741101	982100583	3749.4946	3074.0	55429	351251.9968	208935.5	1194189	192745.0	327589.1649	0.964	0.9517	974.0	767	3.6454	25	0.0089	1327	0.4746	6.7416	142	0.0508	911	0.3258	1742	0.623	1	0.0004
Cheilosia_vernalis	5082	436084552	2261261517	4104.3652	3126.0	129386	444955.0407	378155.0	1183780	343314.5	419892.8627	0.956	0.9478	962.0	1098	4.6284	10	0.002	3168	0.6234	11.6537	95	0.0187	1001	0.197	3986	0.7843	0	0.0
Cheilosia_vulpina	1215	404693177	389169576	3255.0741	2741.0	15077	320304.1778	186341.0	1157342	173564.0	300494.6675	0.969	0.9546	980.0	529	2.2968	42	0.0346	566	0.4658	3.0023	42	0.0346	424	0.349	749	0.6165	0	0.0
Cheiracanthium_erraticum	11815	2098672483	4219656144	3927.4397	2695.0	100885	357143.9817	221710.0	1197227	202212.0	326570.1116	0.925	0.9087	918.0	5644	2.0934	207	0.0175	5885	0.4981	5.6297	858	0.0726	3188	0.2698	7757	0.6565	12	0.001
Chelidonichthys_cuculus	3572	645698967	1359553510	4244.6865	3029.5	92828	380614.0845	254510.5	1183139	234019.5	352448.5647	0.9585	0.9337	958.0	690	5.1768	114	0.0319	1902	0.5325	5.532	45	0.0126	863	0.2416	2663	0.7455	1	0.0003
Chelidonichthys_lucerna	2452	630284653	861590744	3641.4702	2855.5	35366	351382.8483	245364.0	1153997	229968.5	322046.7145	0.947	0.9266	946.0	523	4.6883	21	0.0086	1323	0.5396	3.8903	24	0.0098	612	0.2496	1816	0.7406	0	0.0
Chelon_labrosus	3493	697876580	1214402248	3074.3716	2689.0	21610	347667.4057	254667.0	1187799	234437.0	322794.9877	0.936	0.9163	940.0	530	6.5906	10	0.0029	1881	0.5385	5.0052	45	0.0129	830	0.2376	2616	0.7489	2	0.0006
Chenopodium_album	80079	1588933512	32489476328	4051.7092	3250.0	109825	405717.8078	286090.0	1198756	255225.0	374824.4724	0.869	0.8689	882.0	8863	9.0352	11	0.0001	43481	0.543	50.398	345	0.0043	18117	0.2262	61612	0.7694	5	0.0001
Chesias_legatella	769	310144805	405347683	2976.355	2714.0	12550	527110.1209	566307.0	1173233	447984.0	465058.5449	0.985	0.9736	968.0	275	2.7964	1	0.0013	527	0.6853	2.4795	24	0.0312	122	0.1586	623	0.8101	0	0.0
Chiasmia_clathrata	339	318095758	136213290	3604.4572	2726.0	25907	401809.115	223038.0	1169203	214499.0	360927.5457	0.964	0.9346	964.0	212	1.5991	0	0.0	170	0.5015	1.0657	26	0.0767	97	0.2861	216	0.6372	0	0.0
Chironomus_sp_SAN22000474	736	181504074	184420636	5520.2853	3567.5	38610	250571.5163	115350.5	1166272	98773.5	232813.0679	0.97	0.9352	976.0	312	2.359	31	0.0421	259	0.3519	4.055	32	0.0435	339	0.4606	365	0.4959	0	0.0
Chironomus_tentans	987	185221257	316430690	3406.079	2820.0	58765	320598.4701	190658.0	1166200	173366.0	306650.5805	0.912	0.8981	958.0	430	2.2953	65	0.0659	450	0.4559	5.3288	40	0.0405	360	0.3647	576	0.5836	11	0.0111
Chloris_chloris	19369	1177376128	6257039660	7720.361	5298.0	138835	323044.0219	196619.0	1196260	162180.0	267742.7989	0.916	0.9008	886.0	507	38.2032	8	0.0004	7138	0.3685	16.451	122	0.0063	5913	0.3053	13334	0.6884	0	0.0
Chlorochytrium_lemnae	40	30791401	5742322	6841.425	3250.0	30959	143558.05	48398.5	743405	38053.0	129977.9	0.8825	0.8741	894.0	21	1.9048	3	0.075	11	0.275	1.2991	2	0.05	27	0.675	11	0.275	0	0.0
Chloroclysta_siterata	2302	437747713	1153268754	2747.9809	2343.0	12292	500985.5578	528575.0	1195133	370150.0	423191.3089	0.95	0.9253	923.0	1079	2.1335	2	0.0009	1451	0.6303	5.2587	127	0.0552	456	0.1981	1719	0.7467	0	0.0
Chloroclystis_v_ata	1866	275242731	888080328	3467.0461	2782.5	26466	475927.2926	466708.5	1168992	426685.5	452202.5027	0.974	0.9501	978.0	519	3.5954	5	0.0027	1267	0.679	6.7795	43	0.023	318	0.1704	1504	0.806	1	0.0005
Chloromyia_formosa	34008	783993500	17241384921	2925.7465	2829.0	157208	506980.267	501350.5	1198458	441089.0	471976.8986	0.977	0.9602	976.0	1857	18.3134	17	0.0005	23829	0.7007	43.3779	261	0.0077	4941	0.1453	28806	0.847	0	0.0
Chlorophyllum_brunneum	2048	38856969	624086140	4344.8242	3867.5	24985	304729.5605	174509.5	1195460	161889.5	290760.7842	0.9	0.8963	900.0	168	12.1905	0	0.0	874	0.4268	52.7061	31	0.0151	743	0.3628	1274	0.6221	0	0.0
Chlorops_pumilionis	15571	609528031	5648230698	3155.8674	2421.0	110923	362740.3955	204362.0	1198325	190872.0	323174.0525	0.905	0.9026	902.0	3122	4.9875	46	0.003	7190	0.4618	25.546	220	0.0141	4617	0.2965	10733	0.6893	1	0.0001
Choerades_gilvus	13493	1029485538	5679685337	4073.0983	2913.0	181091	420935.6953	343864.0	1197094	303554.0	391209.8447	0.897	0.8949	902.0	4068	3.3169	44	0.0033	8077	0.5986	13.1065	424	0.0314	2878	0.2133	10190	0.7552	1	0.0001
Choneiulus_palmatus	7962	612296471	3110594284	5009.5301	3381.5	96171	390680.0156	233089.5	1197756	205257.5	328610.6402	0.895	0.8833	898.0	1406	5.6629	36	0.0045	3960	0.4974	13.0035	199	0.025	2190	0.2751	5569	0.6994	4	0.0005
Choreutis_nemorana	832	298199003	281909375	4012.4808	2895.5	35263	338833.3834	193910.5	1183913	181325.0	310955.0469	0.977	0.9583	982.0	220	3.7818	3	0.0036	399	0.4796	2.7901	26	0.0312	282	0.3389	524	0.6298	0	0.0
Chorisops_tibialis	35702	864999414	17171725919	2724.6027	2443.0	101202	480973.7807	467331.0	1198304	345335.5	419618.4541	0.948	0.9308	914.0	3211	11.1187	18	0.0005	21803	0.6107	41.274	467	0.0131	7123	0.1995	28107	0.7873	5	0.0001
Chortodes_pygminus	11382	1164125448	5017475477	3321.5208	2778.5	43973	440825.468	401182.5	1195932	345313.5	408538.6674	0.948	0.9361	946.0	4450	2.5578	18	0.0016	7064	0.6206	9.7773	671	0.059	2310	0.203	8394	0.7375	7	0.0006
Chroicocephalus_ridibundus	11395	1307389538	3413227340	6358.3667	4346.0	144792	299537.283	191645.0	1196940	146036.0	242618.0555	0.945	0.9439	954.0	624	18.2612	1	0.0001	3805	0.3339	8.7158	62	0.0054	3840	0.337	7493	0.6576	0	0.0
Chrysis_angustula	2529	212323173	876154676	5078.0866	3311.0	51188	346443.1301	229312.0	1149708	214209.0	321605.1139	0.961	0.9299	962.0	537	4.7095	14	0.0055	1273	0.5034	11.9111	48	0.019	679	0.2685	1801	0.7121	1	0.0004
Chrysogaster_coemiteriorum	28378	1085804231	12743235713	3378.3213	2650.0	338775	449053.3411	399947.5	1199194	353112.5	421284.1804	0.927	0.897	928.0	3642	7.7919	6	0.0002	17899	0.6307	26.1355	221	0.0078	5567	0.1962	22590	0.796	0	0.0
Chrysolina_americana	20707	976799679	8666970151	4049.6618	2755.0	180741	418552.6706	315137.0	1196669	285798.0	382852.1307	0.933	0.9165	926.0	4053	5.1091	63	0.003	11820	0.5708	21.1988	759	0.0367	4311	0.2082	15610	0.7539	27	0.0013
Chrysolina_graminis	21763	1444641290	8669956621	3551.7072	2731.0	95543	398380.5827	322519.0	1196265	292130.0	373952.5887	0.948	0.9287	950.0	8041	2.7065	237	0.0109	12475	0.5732	15.0646	2230	0.1025	4709	0.2164	14774	0.6789	50	0.0023
Chrysolina_haemoptera	7749	715052239	2663850832	4340.5685	3187.0	77129	343767.045	214492.0	1185729	198061.0	316640.6468	0.898	0.8846	906.0	1805	4.2931	21	0.0027	3656	0.4718	10.837	392	0.0506	1931	0.2492	5416	0.6989	10	0.0013
Chrysolina_herbacea	38982	1268759173	16458455722	3484.8753	2839.0	177976	422206.5497	364235.5	1198230	325762.0	394526.0326	0.959	0.943	958.0	7981	4.8844	85	0.0022	23236	0.5961	30.7245	2778	0.0713	8005	0.2054	28059	0.7198	140	0.0036
Chrysolina_hyperici	9872	726160096	4179238505	3526.6691	2408.0	44803	423342.6362	366041.0	1189696	329613.0	396080.2336	0.96	0.9377	960.0	3076	3.2094	170	0.0172	5940	0.6017	13.5948	684	0.0693	1940	0.1965	7232	0.7326	16	0.0016
Chrysolina_oricalcia	30324	1421577163	11553288135	4003.4344	2834.5	226856	380994.86	243016.0	1195449	223594.5	347913.4478	0.931	0.8984	934.0	6509	4.6588	394	0.013	15542	0.5125	21.3312	1485	0.049	7957	0.2624	20828	0.6868	54	0.0018
Chrysomela_populi	6425	543493816	2734531350	3421.6201	2791.0	61229	425607.9922	375200.0	1199770	360098.0	409933.4107	0.956	0.9453	958.0	1725	3.7246	30	0.0047	4053	0.6308	11.8217	380	0.0591	1189	0.1851	4849	0.7547	7	0.0011
Chrysomela_saliceti	14289	733815051	6253948025	3576.632	2751.0	74440	437675.6963	381427.0	1194565	352210.0	416812.3928	0.956	0.9441	958.0	3323	4.3	175	0.0122	8970	0.6278	19.4722	879	0.0615	2562	0.1793	10840	0.7586	8	0.0006
Chrysoperla_carnea	2022	542354349	677901611	5809.458	3590.0	132946	335262.9135	208690.0	1176955	164187.5	289890.4733	0.944	0.9335	944.0	472	4.2839	25	0.0124	796	0.3937	3.7282	99	0.049	596	0.2948	1325	0.6553	2	0.001
Chrysopilus_asiliformis	2173	427277922	787780265	3566.0161	2720.0	248714	362531.185	197957.0	1186188	183635.0	310061.8978	0.911	0.8938	910.0	661	3.2874	43	0.0198	1030	0.474	5.0857	165	0.0759	695	0.3198	1308	0.6019	5	0.0023
Chrysops_caecutiens	9270	290889757	3179642963	4371.6604	3196.0	88827	343003.5559	214023.5	1190450	194180.5	314952.9065	0.922	0.9202	927.0	1428	6.4916	22	0.0024	4355	0.4698	31.8677	236	0.0255	2760	0.2977	6264	0.6757	10	0.0011
Chrysops_relictus	14365	342809545	4912873182	5145.6122	3950.0	130150	342003.0061	201070.0	1198096	166207.0	285934.4221	0.943	0.9287	938.0	1283	11.1964	38	0.0026	5589	0.3891	41.9037	199	0.0139	4293	0.2989	9872	0.6872	1	0.0001
Chrysops_viduatus	7593	304382178	2514173104	6836.7095	4018.0	249420	331117.2269	210653.0	1199091	151652.0	265511.9407	0.843	0.869	862.0	822	9.2372	21	0.0028	2621	0.3452	24.9456	126	0.0166	2516	0.3314	4950	0.6519	1	0.0001
Chrysosplenium_oppositifolium	8564	447331152	3372820987	4074.1019	3213.0	35059	393837.1073	271327.0	1192648	243865.0	361942.2514	0.888	0.8822	890.0	2078	4.1213	3	0.0004	4608	0.5381	19.1447	89	0.0104	2215	0.2586	6258	0.7307	2	0.0002
Chrysoteuchia_culmella	2294	644073787	934172400	3126.2167	2627.0	32806	407224.2371	330397.0	1173511	272467.5	363292.0153	0.957	0.9387	960.0	1218	1.8834	9	0.0039	1314	0.5728	3.5617	303	0.1321	391	0.1704	1596	0.6957	4	0.0017
Chrysotoxum_bicinctum	8154	906920157	3915871106	3239.0608	2600.0	42945	480239.2821	468179.0	1195452	415494.0	449653.5963	0.957	0.9388	958.0	2427	3.3597	85	0.0104	5509	0.6756	8.9909	224	0.0275	1375	0.1686	6551	0.8034	4	0.0005
Chrysotoxum_festivum	6246	861957701	2843566872	3193.6532	2626.0	29863	455262.0672	412639.0	1187147	375571.0	431346.1441	0.957	0.9428	960.0	2300	2.7157	46	0.0074	4103	0.6569	7.2463	212	0.0339	1125	0.1801	4904	0.7851	5	0.0008
Chrysotoxum_verralli	14252	1012569379	6852661133	3128.5032	2468.0	75125	480821.0169	465282.5	1197916	412478.5	449070.9631	0.965	0.9493	966.0	3504	4.0674	63	0.0044	9605	0.6739	14.0751	354	0.0248	2436	0.1709	11459	0.804	3	0.0002
Chymomyza_fuscimana	2621	337540240	1105404098	3657.773	2983.0	30040	421748.9882	351128.0	1198651	283780.0	370541.4185	0.961	0.9345	950.0	740	3.5419	5	0.0019	1518	0.5792	7.765	26	0.0099	611	0.2331	1984	0.757	0	0.0
Cicadella_lasiocarpae	9060	1379286912	3791442833	4484.1684	2966.0	50307	418481.5489	347471.5	1194617	311057.5	391568.6882	0.975	0.9502	970.0	3492	2.5945	44	0.0049	5381	0.5939	6.5686	460	0.0508	1874	0.2068	6707	0.7403	19	0.0021
Cicadella_viridis	7697	1418303089	3015386812	3763.3872	2835.0	41239	391761.3112	294828.0	1197753	264049.0	367275.9157	0.95	0.9328	950.0	3448	2.2323	27	0.0035	4290	0.5574	5.4269	400	0.052	1965	0.2553	5326	0.692	6	0.0008
Cicerbita_muralis	72264	1571177267	34912653560	3850.1704	3103.0	137102	483126.5023	455235.0	1199821	424803.5	462007.2339	0.914	0.9052	918.0	13652	5.2933	246	0.0034	50226	0.695	45.9935	444	0.0061	11324	0.1567	60492	0.8371	4	0.0001
Ciconia_ciconia	9282	1311877413	3668391863	6142.7814	3517.0	193772	395215.6715	278799.5	1194447	249200.5	363827.3386	0.933	0.9255	926.0	829	11.1966	0	0.0	5090	0.5484	7.0754	43	0.0046	2224	0.2396	7015	0.7558	0	0.0
Ciconia_episcopus	18737	1410987167	6513672417	6366.3327	4059.0	199090	347636.8905	212257.0	1198911	193773.0	309544.4238	0.944	0.9325	936.0	969	19.3364	1	0.0001	8529	0.4552	13.2794	85	0.0045	5020	0.2679	13632	0.7275	0	0.0
Cidaria_fulvata	5105	499810910	2538576788	3176.573	2572.0	70440	497272.6323	515144.0	1195127	395904.0	431645.2243	0.938	0.9177	926.0	1808	2.8236	35	0.0069	3403	0.6666	10.2139	305	0.0597	826	0.1618	3936	0.771	38	0.0074
Ciliata_mustela	3670	529434945	1267244084	5863.558	3717.5	101712	345298.1155	219644.0	1197110	188489.5	294635.9286	0.906	0.8813	898.0	276	13.2971	31	0.0084	1678	0.4572	6.9319	50	0.0136	978	0.2665	2641	0.7196	1	0.0003
Cinara_cedri	2969	500856536	854475018	6268.8124	3553.0	147476	287798.9283	188227.0	1190986	138085.0	240174.5803	0.964	0.9443	968.0	251	11.8287	46	0.0155	969	0.3264	5.9278	59	0.0199	1060	0.357	1850	0.6231	0	0.0
Cinara_pinea	12244	800568551	4681904485	6857.7239	3833.0	124936	382383.5744	231409.0	1197545	201704.0	323530.7861	0.965	0.9436	962.0	1622	7.5487	235	0.0192	5880	0.4802	15.2941	218	0.0178	3151	0.2574	8874	0.7248	1	0.0001
Cinclus_cinclus	7128	1082435216	2138555033	9040.3949	5246.0	186754	300021.7499	180256.5	1188226	155168.0	263634.1313	0.958	0.9435	950.0	266	26.797	95	0.0133	2685	0.3767	6.5852	53	0.0074	2523	0.354	4552	0.6386	0	0.0
Circus_cyaneus	13216	1352973159	4819918382	6972.4865	4653.0	327024	364703.2674	223856.5	1198537	199813.0	322376.8391	0.955	0.9146	938.0	624	21.1795	341	0.0258	6202	0.4693	9.7681	110	0.0083	3483	0.2635	9623	0.7281	0	0.0
Cirriformia_tentaculata	6286	565657202	2261822982	3590.0476	2863.5	45664	359819.119	223462.5	1197200	205231.5	334622.3317	0.89	0.8808	904.0	2161	2.9088	26	0.0041	3130	0.4979	11.1127	316	0.0503	1970	0.3134	3999	0.6362	1	0.0002
Cirsium_dissectum	57322	1027245010	23411593113	5070.3507	4270.0	291318	408422.475	305317.5	1199677	274265.0	382210.6669	0.896	0.8896	900.0	4934	11.6178	87	0.0015	32228	0.5622	55.8017	394	0.0069	12558	0.2191	44367	0.774	3	0.0001
Cirsium_eriophorum	130754	1540196297	53862887874	5027.0927	4255.0	73147	411940.6509	298936.5	1199066	268136.5	385490.811	0.887	0.8834	890.0	9032	14.4767	83	0.0006	72012	0.5507	84.8944	618	0.0047	29246	0.2237	100885	0.7716	5	0.0
Cirsium_heterophyllum	43455	908465783	18242511294	4909.1653	4130.0	175685	419802.354	335183.0	1198924	302421.0	393975.4071	0.888	0.8817	892.0	4399	9.8784	47	0.0011	25375	0.5839	47.8334	319	0.0073	9214	0.212	33920	0.7806	2	0.0
Cis_bilamellatus	7766	245323467	2609394433	4951.3061	3686.0	242757	336002.3736	218885.0	1197786	173426.5	281525.8548	0.93	0.9297	934.0	665	11.6782	12	0.0015	3075	0.396	31.6562	66	0.0085	2109	0.2716	5589	0.7197	2	0.0003
Cistogaster_globosa	15549	793116704	3274503709	4585.4862	3826.0	75210	210592.5596	141996.0	1196785	100527.0	178963.8583	0.933	0.9104	954.0	2862	5.4329	69	0.0044	3745	0.2409	19.6049	761	0.0489	6984	0.4492	7792	0.5011	12	0.0008
Cladonia_squamosa	343	36671607	68994072	4029.9417	3733.0	9121	201148.898	113836.0	1117326	102334.0	191164.8746	0.853	0.8513	864.0	74	4.6351	0	0.0	110	0.3207	9.3533	13	0.0379	155	0.4519	175	0.5102	0	0.0
Clangula_hyemalis	15909	1205967842	4291087023	4548.9868	3475.0	229475	269727.0113	174027.0	1193774	129311.0	215702.9947	0.895	0.8646	776.0	664	23.9593	151	0.0095	4271	0.2685	13.1919	110	0.0069	6474	0.4069	9325	0.5861	0	0.0
Clava_multicornis	2200	336739768	865695965	5580.8173	3104.0	73670	393498.1659	307260.5	1195083	288235.5	371489.5609	0.942	0.9242	946.0	856	2.5701	1	0.0005	1291	0.5868	6.5332	79	0.0359	493	0.2241	1624	0.7382	4	0.0018
Clavaria_fumosa	2553	48442883	974755998	3901.8664	3582.0	12617	381808.0682	289349.0	1187274	272828.0	366686.8617	0.928	0.92	928.0	390	6.5462	7	0.0027	1439	0.5637	52.7012	62	0.0243	644	0.2523	1847	0.7235	0	0.0
Clavariadelphus_pistillaris	18764	264520717	8485774734	4083.081	3676.5	51139	452236.9822	396836.5	1197988	368381.0	433374.1744	0.932	0.9271	930.0	2874	6.5289	2	0.0001	11885	0.6334	70.9358	106	0.0056	3465	0.1847	15193	0.8097	0	0.0
Clavelina_lepadiformis	3279	207209329	994783159	6004.6505	3332.0	310262	303380.0424	208972.0	1182791	171410.0	262621.1095	0.949	0.9303	952.0	465	7.0516	5	0.0015	1359	0.4145	15.8246	66	0.0201	1048	0.3196	2165	0.6603	0	0.0
Clavelina_producta	15395	528775339	4949456132	4890.5517	3382.0	110912	321497.6377	201219.0	1197299	174043.0	292155.7454	0.931	0.9191	926.0	2982	5.1626	216	0.014	6838	0.4442	29.1144	316	0.0205	4836	0.3141	10242	0.6653	1	0.0001
Claytonia_sibirica	180595	1553829428	64381340588	4663.372	4076.0	124565	356495.698	196473.0	1199393	186398.0	327899.8596	0.892	0.8843	884.0	8566	21.0828	48	0.0003	79104	0.438	116.2258	1216	0.0067	50735	0.2809	128637	0.7123	7	0.0
Cleorodes_lichenaria	3004	414479029	1323132141	4303.6704	2974.0	35345	440456.7713	389999.5	1198052	301452.5	381999.9587	0.993	0.9623	984.0	875	3.4331	3	0.001	1773	0.5902	7.2477	162	0.0539	685	0.228	2155	0.7174	2	0.0007
Clepsis_consimilana	1914	487752627	730343154	3965.9357	2897.5	71319	381579.4953	290508.5	1192134	265594.0	355178.1897	0.965	0.9391	976.0	984	1.9451	68	0.0355	1031	0.5387	3.9241	139	0.0726	605	0.3161	1170	0.6113	0	0.0
Clepsis_dumicolana	2102	449429868	978421741	5390.2645	3553.5	30641	465471.8083	431316.0	1189809	338221.0	405369.2636	0.989	0.9602	982.0	632	3.3259	2	0.001	1335	0.6351	4.677	65	0.0309	420	0.1998	1616	0.7688	1	0.0005
Climacium_dendroides	6737	395544449	2041391996	4124.1894	3325.0	125033	303012.0226	184262.0	1197185	174562.0	287851.6366	0.929	0.9181	924.0	2014	3.3451	6	0.0009	3060	0.4542	17.0322	128	0.019	2313	0.3433	4296	0.6377	0	0.0
Clistopyga_incitator	1900	259934124	580241688	4331.5453	3461.5	54263	305390.3621	225980.0	1195244	194305.5	274932.8258	0.924	0.9193	928.0	278	6.8345	2	0.0011	888	0.4674	7.3095	41	0.0216	509	0.2679	1350	0.7105	0	0.0
Clitocybe_odora	1266	60249236	450371949	3382.4976	3015.0	10919	355744.0355	241068.5	1183752	233581.0	345067.0585	0.903	0.8989	910.0	329	3.848	0	0.0	650	0.5134	21.0127	26	0.0205	387	0.3057	853	0.6738	0	0.0
Clitopilus_prunulus	729	36620426	167312625	4175.4897	3381.0	40382	229509.7737	125219.0	1078925	115849.0	218020.823	0.954	0.9489	956.0	217	3.3594	0	0.0	259	0.3553	19.9069	15	0.0206	328	0.4499	386	0.5295	0	0.0
Clivina_fossor	8519	585258621	3459359184	3576.7211	2718.0	190725	406075.7347	280633.0	1196029	235088.0	350804.0464	0.949	0.932	918.0	2440	3.4914	26	0.0031	4501	0.5283	14.556	241	0.0283	2237	0.2626	6028	0.7076	13	0.0015
Cloeon_dipterum	1536	189235879	354848912	3441.2793	2829.0	20196	231021.4271	139291.5	1171207	127680.0	210388.735	0.866	0.8642	874.0	396	3.8788	1	0.0007	545	0.3548	8.1169	34	0.0221	636	0.4141	866	0.5638	0	0.0
Clogmia_albipunctata	2272	303369002	722443717	4871.4538	3046.0	84487	317976.9881	209237.5	1166296	177349.5	285161.5766	0.946	0.9209	954.0	772	2.943	6	0.0026	1047	0.4608	7.4892	45	0.0198	736	0.3239	1491	0.6562	0	0.0
Clostera_curtula	2312	512665902	1152876177	3456.91	2858.5	27181	498648.8655	497276.5	1188251	385952.5	437245.0402	0.973	0.9549	968.0	1045	2.2124	9	0.0039	1524	0.6592	4.5098	90	0.0389	423	0.183	1795	0.7764	4	0.0017
Closterotomus_norwegicus	7917	849550455	3296876154	4729.9195	4485.0	154597	416429.9803	323637.0	1189318	280687.0	379246.3756	0.915	0.9023	916.0	1434	5.5209	6	0.0008	4560	0.576	9.319	226	0.0285	1816	0.2294	5874	0.7419	1	0.0001
Closterotomus_trivialis	11483	1128874001	4823850817	4776.6729	4356.0	94456	420086.2856	311122.0	1199815	259179.0	370041.9375	0.912	0.8992	896.0	3178	3.6133	86	0.0075	6410	0.5582	10.1721	324	0.0282	2870	0.2499	8285	0.7215	4	0.0003
Clubiona_comta	5065	1152307427	2104228298	4288.1204	2982.0	47373	415444.8762	289769.0	1197220	232541.0	353527.1378	0.956	0.9252	954.0	2618	1.9347	388	0.0766	2676	0.5283	4.3955	602	0.1189	1058	0.2089	3215	0.6347	190	0.0375
Clubiona_pallidula	4852	1073706097	1998278630	4053.7644	2909.5	96594	411846.3788	218104.5	1194697	184099.0	309162.7073	0.932	0.9046	882.0	2395	2.0259	87	0.0179	2331	0.4804	4.5189	427	0.088	1386	0.2857	3009	0.6202	30	0.0062
Clubiona_phragmitis	3625	1010997726	1828174777	3185.8298	2524.0	27641	504324.0764	514658.0	1196133	284600.0	377758.984	0.93	0.8901	656.0	2154	1.6829	297	0.0819	2120	0.5848	3.5856	262	0.0723	764	0.2108	2577	0.7109	22	0.0061
Clusia_tigrina	41361	1141047730	15038030438	7598.5673	3687.0	325700	363579.953	221903.0	1196826	182853.0	302216.9348	0.93	0.9114	934.0	5802	7.1287	13	0.0003	18683	0.4517	36.2483	687	0.0166	12735	0.3079	27932	0.6753	7	0.0002
Cnaemidophorus_rhododactyla	13377	897463452	6651385137	3325.0637	2686.0	164568	497225.4719	485503.0	1197537	429108.0	463525.6452	0.943	0.9399	942.0	2411	5.5483	14	0.001	9522	0.7118	14.9053	320	0.0239	2009	0.1502	11043	0.8255	5	0.0004
Cnephasia_longana	7367	616730486	2545718860	4922.3119	2827.0	192133	345557.0599	203097.0	1191842	173182.0	308063.156	0.957	0.9128	948.0	2236	3.2947	167	0.0227	3288	0.4463	11.9453	494	0.0671	2172	0.2948	4698	0.6377	3	0.0004
Cnephasia_stephensiana	1970	462985685	681752843	5635.6188	2686.0	68630	346067.433	205523.0	1186898	181170.0	312300.8594	0.975	0.9409	978.0	1150	1.713	34	0.0173	958	0.4863	4.255	137	0.0695	684	0.3472	1147	0.5822	2	0.001
Cobitis_taenia	100451	1648400998	40337000815	4393.8453	4169.0	129160	401558.9772	282868.0	1198971	256476.0	372344.3087	0.944	0.9349	952.0	4156	24.1701	63	0.0006	54907	0.5466	60.9384	656	0.0065	23483	0.2338	76303	0.7596	9	0.0001
Coccidula_rufa	12119	1031043558	5013014016	3391.9306	2339.0	229606	413649.1473	317837.0	1193718	263619.0	366533.3227	0.919	0.9067	918.0	4226	2.8677	82	0.0068	6812	0.5621	11.7541	648	0.0535	2599	0.2145	8857	0.7308	15	0.0012
Coccinella_magnifica	26659	487244062	6606832618	5207.8675	3945.0	89494	247827.4736	181015.0	1198435	113874.0	179692.5637	0.931	0.927	920.0	1497	17.8083	205	0.0077	5147	0.1931	54.7139	451	0.0169	11448	0.4294	14753	0.5534	7	0.0003
Coccinella_septempunctata	12323	398358718	3938470631	4103.1089	3412.0	53952	319603.2322	191656.0	1194150	162842.0	284114.5424	0.959	0.9437	956.0	1252	9.8427	55	0.0045	5080	0.4122	30.9344	358	0.0291	4077	0.3308	7883	0.6397	5	0.0004
Coccinella_undecimpunctata	42094	544554459	11766429709	4100.9986	3335.0	88051	279527.4792	194851.5	1194639	119219.5	190981.1974	0.872	0.8843	850.0	1126	37.3837	254	0.006	7916	0.1881	77.2999	900	0.0214	17025	0.4045	24164	0.574	5	0.0001
Coccus_hesperidum	449	404371328	139137640	4514.3118	2979.0	31977	309883.3853	103187.0	1163060	88725.0	293273.4833	0.911	0.8973	944.0	228	1.9693	29	0.0646	177	0.3942	1.1104	43	0.0958	188	0.4187	218	0.4855	0	0.0
Cochlearia_danica	35460	645816523	14457025390	6440.9351	4438.0	261147	407699.5316	228504.5	1198774	195110.0	325550.4895	0.895	0.8937	904.0	2028	17.4852	26	0.0007	16079	0.4534	54.9072	191	0.0054	8876	0.2503	26393	0.7443	0	0.0
Cochlostoma_elegans	7858	1065355660	3640840967	3823.7336	3147.0	25451	463329.2144	438499.5	1198061	417180.0	447424.9075	0.945	0.9303	942.0	2531	3.1047	10	0.0013	5344	0.6801	7.3759	412	0.0524	1246	0.1586	6199	0.7889	1	0.0001
Cochylidia_implicitana	615	359316265	278170192	3640.1252	2651.0	50290	452309.2553	410993.0	1147225	375409.0	417890.4829	0.975	0.9501	978.0	389	1.581	1	0.0016	399	0.6488	1.7116	24	0.039	143	0.2325	448	0.7285	0	0.0
Cochylidia_rupicola	2328	425345245	1000651003	4767.8492	2780.0	36730	429832.9051	361523.0	1192772	285993.5	374196.9905	0.971	0.9609	954.0	629	3.7011	0	0.0	1378	0.5919	5.4732	89	0.0382	572	0.2457	1667	0.7161	0	0.0
Cochylis_nana	2796	444763335	1098211466	4280.0787	2948.0	67923	392779.4943	274369.5	1182361	249100.0	354394.7589	0.976	0.953	970.0	845	3.3089	7	0.0025	1552	0.5551	6.2865	39	0.0139	703	0.2514	2054	0.7346	0	0.0
Codriophorus_aciculare	4898	221353000	1986183501	4138.0943	3264.0	92535	405509.0855	332474.0	1196198	320612.0	393878.0506	0.907	0.9067	910.0	1344	3.6443	3	0.0006	2930	0.5982	22.1276	39	0.008	1206	0.2462	3653	0.7458	0	0.0
Coelichneumon_leucocerus	8021	338224273	2178040018	4408.038	3350.0	50068	271542.204	184028.0	1195424	126542.0	221536.2713	0.927	0.9206	936.0	984	8.1514	148	0.0185	2319	0.2891	23.715	388	0.0484	3009	0.3751	4605	0.5741	19	0.0024
Coelioxys_conoideus	3684	400373568	1359602854	7314.532	4377.0	161248	369056.1493	228025.0	1197900	187262.0	292129.3222	0.841	0.8559	850.0	174	21.1724	17	0.0046	1589	0.4313	9.2014	27	0.0073	935	0.2538	2722	0.7389	0	0.0
Coelopa_frigida	1693	224437402	625369993	4272.8452	3149.0	22249	369385.7017	232597.0	1193176	215890.0	339472.684	0.94	0.9136	940.0	311	5.4437	1	0.0006	860	0.508	7.5433	13	0.0077	506	0.2989	1174	0.6934	0	0.0
Coelopa_pilipes	3772	262188388	1038531423	3734.3303	2885.0	52639	275326.4642	166838.0	1156189	141102.0	250863.9899	0.941	0.9291	948.0	270	13.9704	4	0.0011	1600	0.4242	14.3866	51	0.0135	1580	0.4189	2141	0.5676	0	0.0
Coelostoma_orbiculare	4495	723377289	1746815564	4188.4934	2795.0	47745	388613.0287	245033.0	1185539	226732.0	353925.6834	0.954	0.934	942.0	1569	2.8649	97	0.0216	2340	0.5206	6.2139	92	0.0205	1044	0.2323	3358	0.7471	1	0.0002
Coenagrion_pulchellum	33689	2293684156	12978802082	4591.2138	3125.0	218806	385253.4086	247534.0	1198728	230535.0	350004.0074	0.884	0.8861	896.0	5197	6.4824	85	0.0025	17691	0.5251	14.6877	599	0.0178	8897	0.2641	24187	0.7179	6	0.0002
Coenobia_rufa	8034	719216300	3865358866	3340.9206	2598.0	113746	481125.0767	460036.0	1195286	393289.0	439232.3338	0.964	0.95	958.0	2337	3.4377	0	0.0	5365	0.6678	11.1705	149	0.0185	1421	0.1769	6463	0.8045	1	0.0001
Coenosia_tigrina	25241	1350660145	6401853705	4447.0588	3309.0	256467	253629.1631	166126.0	1197145	124216.0	218780.35	0.923	0.9133	928.0	5133	4.9174	428	0.017	7631	0.3023	18.6879	1040	0.0412	9959	0.3946	14210	0.563	32	0.0013
Coincya_wrightii	27297	807678765	11155084347	4248.9134	3626.0	82817	408656.0555	305984.0	1198778	278597.0	382284.3029	0.899	0.8947	896.0	4746	5.7516	30	0.0011	15405	0.5643	33.7969	275	0.0101	6135	0.2247	20887	0.7652	0	0.0
Colchicum_autumnale	138976	4317087715	58318604176	3488.1821	2918.0	103040	419630.7577	335093.5	1199883	309289.5	395918.859	0.88	0.8738	882.0	31022	4.4799	262	0.0019	81557	0.5868	32.1921	1306	0.0094	30851	0.222	106807	0.7685	12	0.0001
Coleophora_albicosta	7418	528674824	3272018562	3960.2483	2868.5	54017	441091.7447	382395.5	1199553	330107.0	404956.2196	0.952	0.9353	956.0	2532	2.9297	67	0.009	4502	0.6069	14.0313	304	0.041	1522	0.2052	5591	0.7537	1	0.0001
Coleophora_alticolella	4074	385092667	1744010146	2774.6404	2422.0	54020	428083.001	363599.5	1176495	320829.5	399840.2067	0.9275	0.9109	944.0	1468	2.7752	163	0.04	2430	0.5965	10.5793	207	0.0508	929	0.228	2938	0.7212	0	0.0
Coleophora_argentula	4246	555262112	1831663290	5671.6185	3314.5	155436	431385.6076	344257.0	1192927	283866.0	377878.143	0.979	0.9606	970.0	1187	3.5771	6	0.0014	2448	0.5765	7.6468	228	0.0537	967	0.2277	3049	0.7181	2	0.0005
Coleophora_deauratella	4341	518411589	1879614612	3782.9613	2755.0	142096	432991.1569	385294.0	1189939	349766.0	405727.6839	0.961	0.9446	964.0	1799	2.413	45	0.0104	2723	0.6273	8.3737	186	0.0428	947	0.2182	3208	0.739	0	0.0
Coleophora_flavipennella	10161	983676300	5214238652	2714.2302	2445.0	19324	513161.9577	543200.0	1193638	395300.0	438894.7151	0.923	0.9218	906.0	2189	4.6418	21	0.0021	6868	0.6759	10.3296	344	0.0339	1850	0.1821	7965	0.7839	2	0.0002
Coleophora_follicularis	7069	590593735	2858602607	7175.4134	4325.0	161090	404385.7133	263397.0	1194238	229953.0	358547.8665	0.988	0.9589	984.0	1617	4.3717	38	0.0054	3747	0.5301	11.9693	293	0.0414	1736	0.2456	5034	0.7121	6	0.0008
Coleophora_galbulipennella	8243	650779905	2864908174	3350.8695	2729.0	71824	347556.4933	201880.0	1191492	166936.0	304422.6466	0.924	0.8953	920.0	2700	3.053	117	0.0142	3704	0.4494	12.6663	383	0.0465	2864	0.3474	4991	0.6055	5	0.0006
Coleophora_gryphipennella	8702	724083191	3722748129	5529.2692	3162.0	199508	427803.7381	317406.5	1198891	255329.5	377028.7093	0.967	0.939	948.0	1658	5.2485	49	0.0056	4739	0.5446	12.018	279	0.0321	2120	0.2436	6300	0.724	3	0.0003
Coleophora_lixella	3260	428790889	1658763068	3060.4709	2861.5	29713	508823.027	526729.5	1195015	407010.5	447836.7377	0.973	0.9594	964.0	949	3.4352	23	0.0071	2159	0.6623	7.6028	154	0.0472	561	0.1721	2544	0.7804	1	0.0003
Coleophora_lutipennella	19376	1194446338	7420415447	3694.5398	2971.0	190044	382969.4182	245984.5	1196493	222006.0	336742.5315	0.912	0.9003	904.0	3786	5.1178	97	0.005	10051	0.5187	16.2217	505	0.0261	5288	0.2729	13570	0.7004	13	0.0007
Coleophora_niveicostella	6860	718138253	3403355485	3281.5959	2687.0	37458	496115.9599	494181.0	1192469	422677.0	458538.7557	0.966	0.9455	964.0	2784	2.4641	153	0.0223	4740	0.691	9.5525	211	0.0308	1168	0.1703	5481	0.799	0	0.0
Coleophora_otidipennella	5416	453153853	2327571872	2956.6459	2630.5	23990	429758.4697	356855.5	1181005	313445.5	396116.089	0.906	0.8976	938.0	1831	2.9579	77	0.0142	3196	0.5901	11.9518	171	0.0316	1267	0.2339	3976	0.7341	2	0.0004
Coleophora_pennella	2558	493638752	1162564235	3572.7443	2760.0	39642	454481.7181	416480.5	1195036	357179.5	421079.4918	0.969	0.9498	976.0	1214	2.1071	23	0.009	1664	0.6505	5.1819	101	0.0395	538	0.2103	1919	0.7502	0	0.0
Coleophora_solitariella	4452	482141503	2125337561	3607.9962	3017.0	30269	477389.3893	460762.5	1198373	381887.0	430159.8632	0.957	0.9445	960.0	1300	3.4246	4	0.0009	2930	0.6581	9.2338	113	0.0254	866	0.1945	3471	0.7796	2	0.0004
Coleophora_striatipennella	8056	489401276	4039809027	3054.701	2610.0	44246	501465.8673	505664.5	1191478	419302.5	457340.7381	0.911	0.8849	936.0	1779	4.5284	8	0.001	5558	0.6899	16.4609	129	0.016	1385	0.1719	6537	0.8114	5	0.0006
Coleophora_sylvaticella	3027	432613937	1310654083	2947.2461	2579.0	25898	432987.8041	377855.0	1185721	313033.0	392795.8292	0.945	0.9176	952.0	1517	1.9954	34	0.0112	1807	0.597	6.997	137	0.0453	697	0.2303	2192	0.7241	1	0.0003
Colias_croceus	1262	324897031	542565626	3250.2108	2618.0	35835	429925.2187	372540.0	1176015	326797.0	393328.0998	0.9525	0.9283	954.0	617	2.0454	11	0.0087	764	0.6054	3.8843	67	0.0531	261	0.2068	931	0.7377	3	0.0024
Colletes_cunicularius	8924	386879243	1466496551	4702.5312	3606.5	71879	164331.7516	105085.5	1175646	72036.0	137882.1708	0.958	0.9199	956.0	1138	7.8418	67	0.0075	1573	0.1763	23.0666	405	0.0454	5083	0.5696	3436	0.385	0	0.0
Collyria_trichophthalma	3036	218493683	1193390370	3854.6117	3138.0	45535	393079.832	333138.5	1180562	299837.5	368222.6374	0.956	0.9388	958.0	604	5.0265	1	0.0003	1863	0.6136	13.8951	19	0.0063	649	0.2138	2368	0.78	0	0.0
Colocasia_coryli	3449	766789136	1447551238	3013.1348	2613.0	25096	419701.7217	351277.0	1195934	288876.0	376483.6541	0.945	0.9193	936.0	1719	2.0064	72	0.0209	1928	0.559	4.498	294	0.0852	868	0.2517	2281	0.6614	6	0.0017
Coloeus_monedula	13384	1175139484	3760899409	6414.5669	4058.0	95838	280999.657	172508.0	1194227	149415.5	249674.8179	0.968	0.9512	956.0	852	15.7089	14	0.001	4802	0.3588	11.3893	84	0.0063	4692	0.3506	8608	0.6432	0	0.0
Colostygia_multistrigaria	3076	478940229	1808407273	3011.8378	2900.0	25651	587908.7363	636607.0	1188410	492930.0	508197.2737	0.979	0.9653	972.0	661	4.6536	1	0.0003	2364	0.7685	6.4225	20	0.0065	390	0.1268	2666	0.8667	0	0.0
Colostygia_pectinataria	366	351253341	184204114	3371.653	2855.5	14896	503289.929	548059.0	1178653	365865.5	426658.5574	0.975	0.9511	954.0	216	1.6944	0	0.0	236	0.6448	1.042	20	0.0546	74	0.2022	271	0.7404	1	0.0027
Colotois_pennaria	1776	449000031	782684566	3395.3947	2675.0	32770	440700.7691	433108.0	1173794	334820.0	395886.5034	0.953	0.9293	960.0	820	2.1659	2	0.0011	1055	0.594	3.9555	100	0.0563	475	0.2675	1200	0.6757	1	0.0006
Columba_oenas	11605	1288834072	3547366368	4598.6757	3226.0	172222	305675.6888	195465.0	1191366	159251.0	266262.3538	0.917	0.8858	886.0	850	13.6529	83	0.0072	4448	0.3833	9.0043	74	0.0064	3922	0.338	7609	0.6557	0	0.0
Columba_palumbus	40233	1460444717	9359719772	6456.8795	4206.0	175221	232637.8787	180242.0	1198028	111743.0	169295.6493	0.798	0.8404	800.0	2169	18.5491	36	0.0009	7666	0.1905	27.5485	188	0.0047	18099	0.4499	21946	0.5455	0	0.0
Colydium_elongatum	5678	446415639	2595619894	3233.4378	2596.0	34193	457136.2969	416808.0	1186754	381936.5	436659.4498	0.95	0.938	952.0	1330	4.2692	17	0.003	3779	0.6656	12.7191	78	0.0137	1007	0.1774	4593	0.8089	0	0.0
Comarum_palustre	12882	527467296	6020932696	3414.5175	2816.0	26146	467391.1424	428700.5	1192334	401295.5	450218.9623	0.876	0.874	884.0	2288	5.6302	2	0.0002	8846	0.6867	24.4224	45	0.0035	2092	0.1624	10744	0.834	1	0.0001
Comibaena_bajularia	1974	368544224	980858347	3052.1581	2645.0	33431	496888.727	506444.0	1186212	445955.0	469637.7822	0.977	0.9623	974.0	635	3.1087	5	0.0025	1381	0.6996	5.3562	75	0.038	309	0.1565	1588	0.8045	2	0.001
Commophila_aeneana	4385	429007921	1703858891	8717.421	5237.0	149490	388565.3115	226864.0	1197183	183414.0	319728.761	0.949	0.9502	960.0	340	12.8971	21	0.0048	1952	0.4452	10.2213	110	0.0251	1149	0.262	3126	0.7129	0	0.0
Conger_conger	8151	1114061621	3066876264	4603.1715	3430.0	236081	376257.6695	228082.0	1184303	207214.0	322098.7431	0.929	0.9106	890.0	1175	6.937	7	0.0009	4027	0.494	7.3165	40	0.0049	2034	0.2495	6076	0.7454	1	0.0001
Conistra_ligula	8128	799311043	3676685389	3131.2707	2637.0	68148	452348.104	407012.5	1192606	353318.5	417929.9416	0.96	0.9446	958.0	2673	3.0408	22	0.0027	5227	0.6431	10.1688	269	0.0331	1545	0.1901	6313	0.7767	1	0.0001
Conistra_vaccinii	3823	720086318	1662224497	2739.5906	2340.0	27571	434795.8402	390401.0	1198409	337358.0	401108.2757	0.947	0.9268	948.0	1935	1.9757	4	0.001	2352	0.6152	5.3091	182	0.0476	830	0.2171	2805	0.7337	6	0.0016
Conocephalum_conicum	42134	610357621	17634347298	4224.8664	4084.0	109010	418530.1015	335059.0	1196437	310228.5	397840.0947	0.885	0.8871	874.0	1433	29.4027	20	0.0005	24831	0.5893	69.0317	488	0.0116	9351	0.2219	32293	0.7664	2	0.0
Conomelus_anceps	11462	921524716	5116717110	4804.1399	3314.0	107446	446407.0066	377340.0	1190298	311378.5	399388.6108	0.972	0.96	966.0	2288	5.0096	18	0.0016	6833	0.5961	12.4381	434	0.0379	2200	0.1919	8790	0.7669	38	0.0033
Conops_quadrifasciatus	1811	210254213	679839323	3514.423	2552.0	94918	375394.4357	226072.0	1182302	204145.0	332104.095	0.928	0.9053	918.0	431	4.2019	35	0.0193	896	0.4948	8.6134	93	0.0514	515	0.2844	1203	0.6643	0	0.0
Convolvulus_arvensis	51903	1243257016	21624846029	4300.2315	3422.0	236410	416639.6168	321779.0	1198525	280882.0	383345.7452	0.893	0.8888	894.0	7233	7.1759	74	0.0014	29237	0.5633	41.7476	546	0.0105	11838	0.2281	39490	0.7608	29	0.0006
Conwentzia_psociformis	209	99179448	52099226	5651.4067	4349.0	30238	249278.5933	175548.0	1000869	100834.0	163821.3062	0.933	0.9335	942.0	57	3.6667	1	0.0048	70	0.3349	2.1073	6	0.0287	98	0.4689	105	0.5024	0	0.0
Coprinellus_micaceus	385	50327537	73108734	3577.9481	2918.0	20306	189892.8156	71429.0	1098017	62375.0	181464.1377	0.93	0.9111	938.0	158	2.4367	0	0.0	105	0.2727	7.6499	6	0.0156	220	0.5714	159	0.413	0	0.0
Coprinopsis_atramentaria	2779	50102393	1012125463	4239.1335	3723.0	24532	364204.9165	257318.0	1180254	241692.0	346354.2818	0.928	0.9191	924.0	367	7.5722	0	0.0	1478	0.5318	55.4664	28	0.0101	766	0.2756	1985	0.7143	0	0.0
Cordilura_impudica	37673	1454430592	17695231100	2941.0498	2648.0	64592	469705.9194	450181.0	1198690	352775.0	415718.1679	0.921	0.9135	908.0	7234	5.2078	229	0.0061	23911	0.6347	25.9022	522	0.0139	7709	0.2046	29432	0.7812	10	0.0003
Cordulegaster_boltonii	25411	1566228207	7133063309	3256.1234	2591.0	50805	280707.6978	165829.0	1198868	103834.0	234214.9043	0.912	0.9043	908.0	4382	5.799	8590	0.338	8221	0.3235	16.2243	451	0.0177	12034	0.4736	12921	0.5085	5	0.0002
Cordyceps_fumosorosea	167	29737786	33022114	5049.6407	4296.0	15359	197737.2096	129232.0	1016200	115972.0	186468.2096	0.906	0.9093	916.0	35	4.7714	0	0.0	52	0.3114	5.6158	7	0.0419	73	0.4371	87	0.521	0	0.0
Coregonus_lavaretus	37610	2319479139	14154016961	3698.9869	2975.0	237622	376336.5318	213583.5	1196389	199168.5	334486.0224	0.943	0.9237	926.0	10080	3.7312	50	0.0013	17890	0.4757	16.2148	262	0.007	10530	0.28	26814	0.7129	4	0.0001
Corella_eumyota	3091	127913423	1015886093	8866.4452	5076.0	101521	328659.3636	212993.0	1198422	183731.0	294517.1136	0.94	0.9196	952.0	230	13.4391	8	0.0026	1405	0.4545	24.1648	66	0.0214	933	0.3018	2092	0.6768	0	0.0
Corella_parallelogramma	2448	125836272	930757118	4151.7749	3278.0	52502	380211.241	287731.0	1176066	267585.5	346025.8913	0.88	0.8619	898.0	342	7.1579	28	0.0114	1416	0.5784	19.4539	85	0.0347	600	0.2451	1763	0.7202	0	0.0
Coremacera_marginata	21199	978194035	9999504595	2943.2234	2713.0	64210	471696.9949	443404.0	1194813	407993.0	449836.0026	0.954	0.942	960.0	2978	7.1185	55	0.0026	14452	0.6817	21.6716	652	0.0308	3352	0.1581	17195	0.8111	0	0.0
Cornu_aspersum	51712	2885447465	22690340417	3278.9431	2645.0	96066	438782.8824	382297.0	1198444	326744.5	401398.3312	0.958	0.9408	952.0	11774	4.3921	248	0.0048	31304	0.6054	17.9217	2700	0.0522	10082	0.195	38926	0.7527	4	0.0001
Cornus_sanguinea	48060	1047316692	19590402867	4059.6316	3072.5	172712	407623.8632	303462.0	1198874	272575.0	378714.5909	0.902	0.8926	902.0	5281	9.1005	10	0.0002	26932	0.5604	45.8887	319	0.0066	11320	0.2355	36416	0.7577	5	0.0001
Cornus_suecica	29776	846858162	12488342693	3969.8807	3267.0	240290	419409.6821	342622.0	1197647	310175.0	395157.9715	0.854	0.8575	866.0	5642	5.2776	12	0.0004	17670	0.5934	35.1606	235	0.0079	6633	0.2228	22906	0.7693	2	0.0001
Corrigiola_litoralis	16089	359646681	6835147675	5124.6552	3683.0	129635	424833.5928	340496.0	1198308	301995.0	393935.1205	0.893	0.8784	896.0	781	20.6005	1	0.0001	9287	0.5772	44.7356	55	0.0034	3173	0.1972	12861	0.7994	0	0.0
Cortinarius_acutus	4300	121877768	1799722741	4514.6693	3549.0	29824	418540.1723	355292.5	1177673	335544.0	403697.1407	0.97	0.9515	974.0	1356	3.1711	3	0.0007	2659	0.6184	35.2812	56	0.013	1045	0.243	3199	0.744	0	0.0
Cortinarius_anomalus	3097	60449549	1277061941	4297.5502	3931.0	18815	412354.5176	325730.0	1170600	306264.0	397427.8776	0.922	0.9135	912.0	456	6.7917	0	0.0	1836	0.5928	51.2328	22	0.0071	747	0.2412	2328	0.7517	0	0.0
Cortinarius_bolaris	3232	72538660	1341119934	4149.8567	3453.5	41893	414950.4746	337161.5	1192254	316032.5	395448.3416	0.932	0.9248	934.0	637	5.0738	0	0.0	1897	0.5869	44.5556	25	0.0077	786	0.2432	2421	0.7491	0	0.0
Cortinarius_cisticola	714	45399074	180802939	3800.6148	2840.5	16028	253225.4048	144649.0	1182974	135768.5	243292.1317	0.912	0.9028	900.0	317	2.2524	0	0.0	290	0.4062	15.7272	29	0.0406	288	0.4034	397	0.556	0	0.0
Cortinarius_croceocaeruleus	3920	49167989	1299817199	4214.6847	3765.5	34168	331586.0202	206554.0	1195882	195402.0	317056.388	0.93	0.9206	924.0	339	11.5634	0	0.0	1870	0.477	79.7267	62	0.0158	1295	0.3304	2563	0.6538	0	0.0
Cortinarius_elegantissimus	1695	48776387	624269721	4902.4024	3636.0	27077	368300.7204	279076.0	1194789	262607.0	355504.5027	0.955	0.9286	952.0	322	5.264	0	0.0	917	0.541	34.7504	27	0.0159	499	0.2944	1169	0.6897	0	0.0
Cortinarius_flexipes	2440	79455380	937529599	3988.8148	3184.0	34545	384233.4422	257612.0	1195412	241277.0	368814.8557	0.954	0.9325	950.0	688	3.5465	1	0.0004	1298	0.532	30.7091	48	0.0197	702	0.2877	1690	0.6926	0	0.0
Cortinarius_hemitrichus	2019	92824378	703009039	3816.9733	3027.0	42841	348196.6513	234320.0	1192510	225877.0	336387.3839	0.935	0.916	928.0	759	2.6601	3	0.0015	1056	0.523	21.7508	41	0.0203	585	0.2897	1393	0.6899	0	0.0
Cortinarius_splendens	1435	39532390	475055683	4137.2362	3347.0	33619	331049.2564	203436.0	1180748	193248.0	314142.7777	0.934	0.9216	934.0	176	8.1534	0	0.0	688	0.4794	36.2993	21	0.0146	468	0.3261	946	0.6592	0	0.0
Cortinarius_torvus	3753	99751095	1521990476	4031.7298	3304.0	31289	405539.6952	324155.0	1188058	302741.0	389775.8145	0.965	0.9437	962.0	935	4.0139	0	0.0	2167	0.5774	37.6236	36	0.0096	934	0.2489	2783	0.7415	0	0.0
Cortinarius_triumphans	13734	165904833	5791795485	4673.4522	4382.0	27610	421712.2095	334954.0	1198876	310869.0	402702.5471	0.925	0.9135	918.0	1301	10.5565	3	0.0002	7991	0.5818	82.7824	117	0.0085	2910	0.2119	10707	0.7796	0	0.0
Corvus_corax	18929	1239432662	4988827383	6331.7791	4475.0	108462	263554.7247	163728.0	1189956	136345.0	227366.716	0.965	0.95	956.0	886	21.3646	52	0.0027	6021	0.3181	15.2723	249	0.0132	7164	0.3785	11516	0.6084	0	0.0
Corvus_corone	15862	1211040610	3737898659	9037.9158	4815.0	155873	235651.1574	156192.5	1199289	126669.5	196066.4455	0.972	0.9544	966.0	655	24.2168	35	0.0022	4429	0.2792	13.0978	335	0.0211	6236	0.3931	9291	0.5857	0	0.0
Corvus_frugilegus	10441	1235941840	3145663157	5736.7966	3932.0	141870	301279.8733	181783.0	1189365	167588.0	269815.1904	0.953	0.9362	954.0	861	12.1266	47	0.0045	4253	0.4073	8.4478	109	0.0104	3373	0.3231	6959	0.6665	0	0.0
Corylus_avellana	3786	352691258	1476965964	5909.6957	2840.5	121808	390112.5103	279839.5	1186637	243648.0	348513.8988	0.871	0.8765	874.0	1091	3.4702	29	0.0077	2060	0.5441	10.7346	55	0.0145	1031	0.2723	2700	0.7132	0	0.0
Corylus_colurna	3994	373647315	1463265398	5051.1392	2852.5	137537	366365.8983	239145.5	1189434	211708.5	325806.6698	0.871	0.8766	874.0	1007	3.9662	0	0.0	2014	0.5043	10.6892	56	0.014	1126	0.2819	2812	0.7041	0	0.0
Corynactis_viridis	4130	514931776	1421727920	3717.0266	2866.5	48230	344244.0484	224382.5	1185058	211274.0	319753.3278	0.921	0.9066	924.0	1681	2.4569	41	0.0099	2108	0.5104	8.0205	145	0.0351	1162	0.2814	2821	0.6831	2	0.0005
Cosmia_affinis	6048	705419513	2865431237	2987.7409	2360.0	53402	473781.6199	453512.0	1193278	372959.5	425541.7568	0.933	0.9247	920.0	1701	3.5556	10	0.0017	3996	0.6607	8.5736	145	0.024	1049	0.1734	4852	0.8022	2	0.0003
Cosmia_pyralina	2830	802366137	1390179655	3256.1633	2711.0	63041	491229.5601	490509.0	1183796	383848.5	434513.2866	0.983	0.9555	977.0	1707	1.6579	47	0.0166	1858	0.6565	3.5271	90	0.0318	561	0.1982	2179	0.77	0	0.0
Cosmia_trapezina	5526	824165454	2725570122	2808.7952	2425.0	45209	493226.5874	507978.0	1186693	396348.0	437592.4542	0.939	0.9117	944.0	2737	2.019	208	0.0376	3654	0.6612	6.705	312	0.0565	987	0.1786	4221	0.7638	6	0.0011
Cosmorhoe_ocellata	1291	326493275	464839794	4020.6731	2881.0	52088	360061.8079	204483.0	1169068	176255.0	308982.3346	0.991	0.9701	990.0	374	3.4519	4	0.0031	545	0.4222	3.9541	38	0.0294	396	0.3067	857	0.6638	0	0.0
Cossus_cossus	1972	517488982	863077855	5327.9001	3187.0	50185	437666.2551	351055.5	1166542	286688.5	403121.9549	0.898	0.8962	910.0	365	5.4027	0	0.0	1194	0.6055	3.8107	27	0.0137	344	0.1744	1599	0.8109	2	0.001
Crabro_cribrarius	1178	179668422	365925907	4394.0467	3192.0	58244	310633.1978	212094.0	1166707	172874.0	275473.9694	0.943	0.9306	946.0	336	3.506	4	0.0034	504	0.4278	6.5565	40	0.034	361	0.3065	777	0.6596	0	0.0
Crambus_lathoniellus	14804	891800809	7822276978	4164.7442	3401.0	30978	528389.4203	541108.5	1198076	465921.5	486395.6096	0.971	0.9558	958.0	3584	4.1306	42	0.0028	10943	0.7392	16.6001	266	0.018	2065	0.1395	12470	0.8423	3	0.0002
Crambus_pascuella	8860	783193168	4275993127	3113.6769	2570.0	63722	482617.7344	466368.5	1188129	406291.5	448545.8898	0.946	0.9334	952.0	3017	2.9367	32	0.0036	6074	0.6856	11.3127	346	0.0391	1389	0.1568	7124	0.8041	1	0.0001
Crambus_perlellus	21547	992289808	11010605546	4403.5521	3858.0	88723	511004.1094	509617.0	1198408	449812.0	475691.9527	0.965	0.9534	944.0	4080	5.2811	50	0.0023	15579	0.723	21.7144	467	0.0217	3139	0.1457	17938	0.8325	3	0.0001
Craniophora_ligustri	1803	437978302	819330927	4264.8558	3122.0	55030	454426.4709	412863.0	1190397	359631.0	413723.6778	0.981	0.9345	978.0	672	2.683	2	0.0011	1188	0.6589	4.1166	70	0.0388	289	0.1603	1440	0.7987	4	0.0022
Crassula_aquatica	5078	287041304	1737021545	4232.4921	2798.5	97174	342068.0475	232709.0	1191678	213342.5	316067.0315	0.888	0.8841	918.0	604	8.4073	0	0.0	2603	0.5126	17.6908	36	0.0071	1436	0.2828	3606	0.7101	0	0.0
Crataegus_laevigata	23209	650579333	8827433169	4222.3689	3535.0	39855	380345.2613	232584.0	1192993	217963.0	347150.5179	0.903	0.8935	906.0	2988	7.7674	8	0.0003	11724	0.5051	35.6744	159	0.0069	5893	0.2539	17157	0.7392	0	0.0
Crataegus_monogyna	24914	664514885	9526260328	4217.0732	3515.0	44514	382365.7513	232789.0	1195950	216583.5	348770.0983	0.904	0.894	906.0	2974	8.3773	3	0.0001	12552	0.5038	37.492	163	0.0065	6147	0.2467	18604	0.7467	0	0.0
Crataerina_pallida	2311	177048515	895943684	6258.0459	4054.0	82804	387686.579	281536.0	1185634	229865.0	341437.9109	0.948	0.9175	938.0	239	9.6695	0	0.0	1238	0.5357	13.0529	23	0.01	507	0.2194	1781	0.7707	0	0.0
Craterellus_tubaeformis	1123	60896836	397778706	3713.1211	3186.0	19730	354210.7801	222375.0	1194908	213313.0	342264.0232	0.9	0.8932	894.0	376	2.9867	0	0.0	561	0.4996	18.441	12	0.0107	304	0.2707	807	0.7186	0	0.0
Cratoneuron_filicinum	6242	272344143	1859612276	3379.6737	3323.5	53074	297919.3009	147351.5	1188389	136662.0	280664.0101	0.9185	0.913	926.0	1056	5.911	0	0.0	2402	0.3848	22.9195	116	0.0186	2512	0.4024	3614	0.579	0	0.0
Crepidodera_aurata	12931	828705874	6181269574	2576.1166	2271.0	100506	478019.4551	456191.0	1198097	397821.0	441848.4637	0.953	0.9354	958.0	3596	3.5959	365	0.0282	8735	0.6755	15.6038	200	0.0155	2254	0.1743	10477	0.8102	0	0.0
Crepidodera_aurea	8415	506925167	3924469058	2357.7617	2220.0	19098	466365.9011	434497.0	1191515	386047.0	434877.3174	0.951	0.9293	940.0	1688	4.9852	200	0.0238	5509	0.6547	16.6001	157	0.0187	1495	0.1777	6748	0.8019	15	0.0018
Crepidodera_fulvicornis	6976	491857276	3291437318	2510.3653	2177.0	21333	471823.01	445265.0	1189070	380277.0	432124.737	0.962	0.9395	954.0	1413	4.937	270	0.0387	4497	0.6446	14.183	90	0.0129	1266	0.1815	5618	0.8053	2	0.0003
Crepis_capillaris	104974	1911967151	48622308244	4319.185	3699.0	282417	463184.2956	421330.0	1199436	388792.0	442709.2838	0.901	0.8908	900.0	13466	7.7955	33	0.0003	69239	0.6596	54.9037	519	0.0049	18296	0.1743	86157	0.8207	2	0.0
Crex_crex	6982	1295307946	2261037104	5352.0534	3455.0	191675	323838.0269	200193.5	1197055	178002.0	282645.8366	0.939	0.9221	930.0	627	11.1356	20	0.0029	2997	0.4292	5.3902	48	0.0069	2120	0.3036	4814	0.6895	0	0.0
Crioceris_asparagi	6455	620231985	2015347888	4058.4215	3033.0	78084	312215.0098	157751.0	1185492	130810.0	287662.1986	0.949	0.9247	950.0	2585	2.4971	36	0.0056	2800	0.4338	10.4074	847	0.1312	2134	0.3306	3460	0.536	14	0.0022
Criorhina_berberina	3075	409564698	1392652361	3231.3291	2718.0	52174	452895.0767	407686.0	1192646	362815.0	426836.7551	0.944	0.9317	948.0	551	5.5808	3	0.001	1945	0.6325	7.508	38	0.0124	630	0.2049	2407	0.7828	0	0.0
Criorhina_ranunculi	1595	353276038	644990242	3723.8451	3130.0	30753	404382.5969	304954.0	1196582	283996.0	387999.4433	0.948	0.9346	954.0	407	3.9189	3	0.0019	934	0.5856	4.5149	23	0.0144	429	0.269	1143	0.7166	0	0.0
Crocallis_elinguaria	2140	430230666	943642089	4049.8201	3659.0	41757	440954.2472	376917.5	1187711	303314.5	386054.6042	0.982	0.9637	981.0	685	3.1241	1	0.0005	1230	0.5748	4.9741	53	0.0248	490	0.229	1596	0.7458	1	0.0005
Crocus_tommasinianus	187275	2014781768	73675542660	3894.3752	3355.0	306671	393408.3175	239612.0	1199479	225054.0	365266.3678	0.899	0.8935	900.0	11126	16.8322	30	0.0002	95473	0.5098	92.9505	1053	0.0056	46329	0.2474	139890	0.747	3	0.0
Crossocerus_annulipes	1776	189906393	571323932	5322.2646	3400.0	91972	321691.4032	216342.0	1181793	176810.5	277628.5141	0.946	0.9337	942.0	313	5.6741	9	0.0051	711	0.4003	9.352	22	0.0124	448	0.2523	1306	0.7354	0	0.0
Crossocerus_cetratus	4870	240639511	1421321069	4252.4277	3053.0	74433	291852.3756	186097.0	1186198	162464.0	267332.6713	0.955	0.9458	964.0	534	9.1199	16	0.0033	2029	0.4166	20.2377	123	0.0253	1597	0.3279	3149	0.6466	1	0.0002
Cruciata_laevipes	8285	296747879	3778059621	4396.0392	3779.0	30576	456012.0243	404312.0	1199194	376170.0	437072.0288	0.908	0.9041	902.0	1232	6.7248	0	0.0	5444	0.6571	27.9193	53	0.0064	1560	0.1883	6672	0.8053	0	0.0
Crudosilis_ruficollis	9921	1081707022	4787438187	3620.3553	2706.0	125325	482556.0112	473220.0	1195468	421568.0	452527.3021	0.915	0.9068	914.0	3313	2.9946	9	0.0009	6782	0.6836	9.1716	147	0.0148	1792	0.1806	7980	0.8044	2	0.0002
Cryphaea_heteromalla	1188	228650717	304879580	4312.6456	3254.5	88416	256632.6431	81909.0	1166726	70996.0	245378.5665	0.91	0.911	912.0	593	2.0034	1	0.0008	430	0.362	5.1957	28	0.0236	617	0.5194	543	0.4571	0	0.0
Cryphia_algae	6520	880502646	2676676093	4520.0538	2898.0	95178	410533.1431	330355.5	1198649	294723.0	381433.8563	0.965	0.9446	962.0	2576	2.5311	87	0.0133	3872	0.5939	7.4049	309	0.0474	1318	0.2021	4889	0.7498	4	0.0006
Cryptocephalus_moraei	6278	498036958	2656785373	4033.0198	3306.5	56757	423189.7695	352845.0	1187945	334426.5	407719.6357	0.951	0.9405	954.0	1449	4.3326	69	0.011	3824	0.6091	12.6055	182	0.029	1306	0.208	4783	0.7619	7	0.0011
Cryptocephalus_primarius	4587	342892030	1541926650	6351.4857	3458.0	189060	336151.4388	213858.0	1192234	169490.0	286255.0756	0.949	0.9324	950.0	500	9.174	3	0.0007	1779	0.3878	13.3774	64	0.014	1319	0.2876	3204	0.6985	0	0.0
Cryptocephalus_pusillus	3401	299372945	1317368640	3907.1276	2937.0	42718	387347.439	288243.0	1191373	272784.0	367350.4496	0.923	0.9064	936.0	1020	3.3343	19	0.0056	1875	0.5513	11.3604	145	0.0426	977	0.2873	2277	0.6695	2	0.0006
Cryptophagus_acutangulus	2406	162403765	768753855	4742.5648	3439.5	159602	319515.318	207775.5	1196437	168563.0	278765.5212	0.917	0.9035	923.0	613	3.925	48	0.02	1034	0.4298	14.8149	59	0.0245	776	0.3225	1564	0.65	7	0.0029
Cryptops_hortensis	4924	337878829	1241839976	5282.7748	3400.0	173586	252201.4574	153676.5	1190949	100040.5	219671.8219	0.895	0.8651	888.0	732	6.7268	935	0.1899	1523	0.3093	14.5733	310	0.063	2144	0.4354	2464	0.5004	6	0.0012
Cryptopygus_clavatus	1433	201924068	549004322	3476.2798	2770.0	26496	383115.3678	277880.0	1169556	253551.0	352009.559	0.932	0.9229	926.0	475	3.0168	2	0.0014	794	0.5541	7.0967	10	0.007	388	0.2708	1035	0.7223	0	0.0
Cryptorhynchus_lapathi	10593	473458589	4180748931	5595.2184	3210.0	65622	394670.9082	275615.0	1194725	244600.0	356725.5065	0.969	0.9461	972.0	1730	6.1231	93	0.0088	5720	0.54	22.3737	182	0.0172	2530	0.2388	7879	0.7438	2	0.0002
Cryptosula_pallasiana	16227	575316614	7204224541	4189.0335	3438.0	140399	443965.2765	376993.0	1199316	344467.0	414305.2133	0.918	0.9055	918.0	2828	5.738	7	0.0004	10162	0.6262	28.2053	91	0.0056	3338	0.2057	12795	0.7885	3	0.0002
Cryptus_armator	4254	289222402	1522462899	4657.9929	3359.0	326145	357889.7271	232974.5	1197970	198118.0	315885.567	0.948	0.9304	952.0	575	7.3983	4	0.0009	1968	0.4626	14.7084	89	0.0209	933	0.2193	3232	0.7598	0	0.0
Cryptus_viduatorius	5341	225133520	1855085909	3399.114	3067.0	32607	347329.322	210209.0	1181763	196463.0	323152.0966	0.961	0.9533	966.0	408	13.0907	1	0.0002	2488	0.4658	23.7237	87	0.0163	1399	0.2619	3855	0.7218	0	0.0
Ctenicera_cuprea	2802	630101621	808872482	3806.0325	2913.5	51406	288676.8315	135301.0	1192758	112574.0	271452.8287	0.94	0.9182	950.0	1129	2.4818	18	0.0064	1150	0.4104	4.4469	199	0.071	1140	0.4069	1455	0.5193	8	0.0029
Culiseta_annulata	26927	1789953770	11756512537	3417.6735	2930.0	28311	436606.8458	397467.0	1197703	351506.0	409332.7395	0.957	0.9335	958.0	6262	4.3001	151	0.0056	16621	0.6173	15.0434	1202	0.0446	6226	0.2312	19385	0.7199	114	0.0042
Cupido_minimus	4067	474293063	1966872722	3289.4315	2661.0	20793	483617.5859	478810.0	1185875	394702.0	440082.5358	0.961	0.9421	958.0	1174	3.4642	89	0.0219	2678	0.6585	8.5749	197	0.0484	666	0.1638	3201	0.7871	3	0.0007
Curculio_glandium	25620	1109627699	11430697437	3096.4531	2487.0	29288	446163.0537	399413.0	1198259	360779.0	422286.152	0.938	0.9204	930.0	5516	4.6447	326	0.0127	16258	0.6346	23.0888	705	0.0275	4960	0.1936	19944	0.7785	11	0.0004
Curruca_communis	19307	1209140639	5872124015	5384.7971	4164.0	88205	304144.8187	181262.0	1195671	166947.0	272557.8395	0.925	0.9183	928.0	909	21.2398	9	0.0005	7317	0.379	15.9675	54	0.0028	5956	0.3085	13297	0.6887	0	0.0
Cuscuta_epithymum	9668	510692042	4456047544	5047.7173	3269.0	105402	460906.8622	418602.5	1192160	385492.0	440368.1927	0.897	0.8915	906.0	2561	3.7751	2	0.0002	6370	0.6589	18.9312	166	0.0172	1733	0.1793	7767	0.8034	2	0.0002
Cyaniris_semiargus	831	441467852	376012169	3545.6943	2803.0	17499	452481.5511	433735.0	1197393	360009.0	408354.4573	0.962	0.945	962.0	592	1.4037	0	0.0	514	0.6185	1.8824	109	0.1312	113	0.136	605	0.728	4	0.0048
Cyanistes_caeruleus	20451	1187118964	5705083826	5670.3687	4065.0	95884	278963.563	186094.0	1196550	144475.0	226950.4354	0.928	0.8935	934.0	673	30.3878	82	0.004	5638	0.2757	17.2274	91	0.0044	6797	0.3324	13563	0.6632	0	0.0
Cybosia_mesomella	10108	946703012	5570015837	3101.754	2628.0	45183	551050.2411	589002.5	1195361	452406.5	478684.4188	0.955	0.945	942.0	2565	3.9407	1	0.0001	7432	0.7353	10.6771	226	0.0224	1423	0.1408	8456	0.8366	3	0.0003
Cyclophora_albipunctata	1475	319278430	666244215	3523.6183	2822.0	34402	451690.9932	411807.0	1171860	339747.0	403373.0481	0.976	0.9513	970.0	570	2.5877	34	0.0231	904	0.6129	4.6198	55	0.0373	337	0.2285	1083	0.7342	0	0.0
Cyclophora_annularia	233	256908398	104541390	3326.3906	2562.0	25983	448675.4936	391059.0	1153569	331989.0	407776.8841	0.977	0.9358	978.0	163	1.4294	6	0.0258	141	0.6052	0.9069	1	0.0043	54	0.2318	178	0.7639	0	0.0
Cyclophora_linearia	487	280059708	203166102	3160.9117	2498.0	16244	417178.8542	336964.0	1162843	268410.0	362157.2752	0.969	0.9403	974.0	279	1.7455	49	0.1006	269	0.5524	1.7389	41	0.0842	107	0.2197	336	0.6899	3	0.0062
Cyclophora_punctaria	783	300340613	357490200	3166.8429	2527.0	18852	456564.751	429751.0	1182262	336473.0	399571.5619	0.966	0.9326	968.0	441	1.7755	56	0.0715	472	0.6028	2.607	50	0.0639	180	0.2299	551	0.7037	2	0.0026
Cyclophora_puppillaria	598	293476112	229265604	3930.3395	2551.0	37394	383387.2977	217630.5	1170476	195557.5	314478.4064	0.976	0.9523	976.0	287	2.0836	12	0.0201	293	0.49	2.0376	38	0.0635	182	0.3043	378	0.6321	0	0.0
Cyclopterus_lumpus	3055	580463695	1102588949	3945.2504	2871.0	52726	360912.9129	246837.0	1190261	223994.0	316836.3159	0.955	0.9316	946.0	550	5.5545	6	0.002	1595	0.5221	5.263	17	0.0056	809	0.2648	2229	0.7296	0	0.0
Cydalima_perspectalis	1292	479899659	657118324	3152.7159	2910.5	25376	508605.5139	500410.0	1193643	439201.0	470932.9907	0.976	0.9541	974.0	410	3.1512	0	0.0	856	0.6625	2.6922	14	0.0108	264	0.2043	1013	0.7841	1	0.0008
Cydia_amplana	2838	503972789	1220401158	3301.92	2728.5	24995	430021.5497	369007.0	1198170	318437.5	394518.5701	0.952	0.9252	964.0	1375	2.064	19	0.0067	1708	0.6018	5.6313	231	0.0814	595	0.2097	2009	0.7079	3	0.0011
Cydia_fagiglandana	3964	554618178	1573740912	3054.502	2565.0	35802	397008.3027	304520.5	1197670	272442.5	365291.4909	0.952	0.9276	966.0	1874	2.1153	62	0.0156	2152	0.5429	7.1473	270	0.0681	1108	0.2795	2585	0.6521	1	0.0003
Cydia_splendana	5830	626245573	2482618879	3107.0127	2549.0	53427	425835.1422	365281.0	1187377	331775.5	397961.5386	0.954	0.9302	968.0	2294	2.5414	18	0.0031	3560	0.6106	9.3094	229	0.0393	1368	0.2346	4232	0.7259	1	0.0002
Cydia_strobilella	2398	542573076	972082605	3153.3282	2584.5	28620	405372.2289	307711.5	1190639	266168.0	362614.6476	0.951	0.9269	962.0	1099	2.182	23	0.0096	1336	0.5571	4.4197	219	0.0913	632	0.2636	1545	0.6443	2	0.0008
Cygnus_columbianus	9799	1152082221	3204515773	6175.9003	4124.0	175501	327024.7753	188575.0	1196871	171073.0	285697.0848	0.969	0.9557	964.0	632	15.5047	17	0.0017	3793	0.3871	8.5055	49	0.005	2799	0.2856	6951	0.7094	0	0.0
Cygnus_cygnus	6657	1130891384	2233766820	5947.18	3781.0	177518	335551.5728	198240.0	1197929	183472.0	300928.0173	0.967	0.9537	960.0	617	10.7893	10	0.0015	2910	0.4371	5.8865	41	0.0062	1901	0.2856	4715	0.7083	0	0.0
Cygnus_olor	4323	1152807858	1478905077	4888.5998	3357.0	68691	342101.5677	221305.0	1192669	196263.0	302019.508	0.944	0.915	924.0	555	7.7892	41	0.0095	2020	0.4673	3.75	44	0.0102	1256	0.2905	3023	0.6993	0	0.0
Cylindroiulus_punctatus	6974	343199945	2708675622	5260.3103	3842.5	282250	388396.275	245296.0	1196395	225867.5	350262.4048	0.926	0.9099	918.0	601	11.604	6	0.0009	3624	0.5196	20.3205	38	0.0054	1886	0.2704	5049	0.724	1	0.0001
Cylindromyia_interrupta	20946	752910925	8495110941	6314.3405	4309.5	323847	405571.9918	231651.0	1199801	193314.5	324732.264	0.869	0.8674	892.0	1102	19.0073	15	0.0007	9353	0.4465	27.82	154	0.0074	5306	0.2533	15485	0.7393	1	0.0
Cylloceria_caligata	14658	583225022	5337216830	4947.5496	3776.0	195734	364116.3071	209140.0	1195835	193742.5	334554.2953	0.943	0.9303	948.0	2520	5.8167	21	0.0014	6824	0.4655	25.1327	255	0.0174	4084	0.2786	10319	0.704	0	0.0
Cymatophorima_diluta	628	408311775	232149583	3872.9172	2768.0	15536	369664.9411	210620.5	1190980	196743.5	324383.8424	0.973	0.9558	974.0	292	2.1507	0	0.0	311	0.4952	1.538	42	0.0669	201	0.3201	385	0.6131	0	0.0
Cymbalaria_muralis	20658	404580194	7146349177	4192.3091	3282.0	101332	345936.1592	208518.5	1197649	188984.0	309453.5051	0.878	0.8807	878.0	1453	14.2175	12	0.0006	9370	0.4536	51.0603	168	0.0081	5935	0.2873	14555	0.7046	0	0.0
Cynodontium_bruntonii	12740	261433450	5332843897	3934.1696	3145.0	58007	418590.5728	346878.0	1197774	328818.0	403939.4015	0.921	0.9194	934.0	1010	12.6139	0	0.0	7681	0.6029	48.7313	103	0.0081	3028	0.2377	9609	0.7542	0	0.0
Cynomya_mortuorum	2995	601456123	897929179	5284.1412	3039.0	61401	299809.4087	163618.0	1185209	137940.0	264859.9706	0.947	0.9214	948.0	779	3.8447	17	0.0057	1188	0.3967	4.9796	189	0.0631	1065	0.3556	1738	0.5803	3	0.001
Cyperus_fuscus	1236	223101950	521069130	3454.6076	2904.5	35810	421576.966	357134.5	1192818	337855.0	407321.8188	0.882	0.8818	880.0	456	2.7105	0	0.0	739	0.5979	5.5401	33	0.0267	354	0.2864	849	0.6869	0	0.0
Cyphostethus_tristriatus	6208	577130193	2164676212	5808.3478	3301.0	105117	348691.4001	218843.0	1198753	190849.5	306723.4138	0.937	0.9003	928.0	946	6.5624	3	0.0005	2803	0.4515	10.7567	106	0.0171	1709	0.2753	4392	0.7075	1	0.0002
Cyrtopogon_pulchripes	16080	1328891596	6241211423	3754.5591	2896.0	156671	388135.0387	259776.0	1195631	243502.5	363252.3537	0.915	0.9046	920.0	5192	3.0971	105	0.0065	8617	0.5359	12.1003	707	0.044	4001	0.2488	11362	0.7066	10	0.0006
Cystoderma_amianthinum	869	49869895	271619158	4056.6594	3339.0	33668	312565.1991	202296.0	1164077	189336.0	300555.3924	0.913	0.9148	928.0	300	2.8967	2	0.0023	412	0.4741	17.4253	30	0.0345	294	0.3383	545	0.6272	0	0.0
Dactylorhiza_fuchsii	126200	2739511954	54450916579	4555.1936	3670.0	131950	431465.2661	355414.5	1199881	327462.5	408085.5427	0.889	0.8809	894.0	23320	5.4117	4189	0.0332	76349	0.605	46.0666	1580	0.0125	25401	0.2013	99194	0.786	25	0.0002
Dalopius_marginatus	6001	664563994	2203538970	4747.7922	3157.0	228981	367195.2958	263851.0	1193721	246328.0	351325.7375	0.954	0.9378	958.0	2030	2.9562	20	0.0033	3233	0.5387	9.03	249	0.0415	1599	0.2665	4150	0.6916	3	0.0005
Danio_rerio	7292	1411521271	3055959989	4129.2671	3027.0	41937	419083.9261	343400.0	1196345	298741.0	383146.7748	0.93	0.9135	916.0	1482	4.9204	24	0.0033	4335	0.5945	5.1661	164	0.0225	1578	0.2164	5550	0.7611	0	0.0
Dascillus_cervinus	2459	282092505	1063919944	3746.4599	2801.0	80726	432663.6617	364358.0	1193143	348314.0	417469.1334	0.98	0.9481	982.0	1156	2.1272	24	0.0098	1543	0.6275	8.717	62	0.0252	500	0.2033	1894	0.7702	3	0.0012
Dasypoda_hirtipes	3083	309146009	1403456586	8756.0451	4399.0	308321	455224.3224	282395.0	1198208	229205.0	354544.5864	0.841	0.8516	854.0	225	13.7022	20	0.0065	1622	0.5261	9.9726	33	0.0107	628	0.2037	2415	0.7833	7	0.0023
Dasypolia_templi	13966	852668017	6429756683	3189.6718	2641.0	40357	460386.4158	418862.0	1196927	379018.5	435662.045	0.942	0.9345	942.0	3363	4.1528	2	0.0001	9249	0.6623	16.3792	335	0.024	2423	0.1735	11206	0.8024	2	0.0001
Dasysyrphus_albostriatus	12375	660628670	5099644660	4179.4996	3188.0	214394	412092.4978	311297.0	1197212	280782.0	383280.9926	0.934	0.9263	932.0	1437	8.6117	39	0.0032	7077	0.5719	18.7322	231	0.0187	2708	0.2188	9432	0.7622	4	0.0003
Dasysyrphus_tricinctus	16489	1041232298	6994325776	3169.3909	2723.0	98440	424181.3194	360987.0	1196053	328027.0	400434.4036	0.944	0.9264	952.0	4089	4.0325	112	0.0068	10019	0.6076	15.836	803	0.0487	3475	0.2107	12196	0.7396	15	0.0009
Daucus_carota	14646	457796856	6040055863	5283.5223	4331.0	95808	412403.1041	315761.0	1197928	292287.0	388429.6535	0.929	0.9167	938.0	1385	10.5747	100	0.0068	8442	0.5764	31.9924	125	0.0085	3221	0.2199	11297	0.7713	3	0.0002
Daudebardia_rufa	15770	2039843562	6506640248	3508.554	2860.5	81524	412596.0842	316484.0	1199118	266345.5	366230.2127	0.957	0.9254	950.0	6540	2.4113	147	0.0093	8747	0.5547	7.731	1255	0.0796	3941	0.2499	10571	0.6703	3	0.0002
Deilephila_elpenor	2002	414004910	954607176	3376.5255	2993.0	26001	476826.7612	442779.5	1185210	398696.5	446976.5475	0.97	0.9594	968.0	499	4.012	0	0.0	1325	0.6618	4.8357	47	0.0235	322	0.1608	1632	0.8152	1	0.0005
Deilephila_porcellus	525	402017726	230446361	3128.04	2810.0	11355	438945.4495	386902.0	1150812	303538.0	397140.1143	0.979	0.9572	974.0	317	1.6562	1	0.0019	308	0.5867	1.3059	43	0.0819	99	0.1886	383	0.7295	0	0.0
Delia_radicum	12222	1244364977	4372414602	3791.0454	2981.5	85984	357749.5174	213305.0	1195184	180244.5	314709.2195	0.954	0.9268	946.0	2486	4.9163	418	0.0342	5507	0.4506	9.8219	601	0.0492	3697	0.3025	7905	0.6468	19	0.0016
Delichon_urbicum	20492	1249104261	6882615807	5541.6837	4208.0	201015	335868.427	194781.5	1196668	182902.0	305828.2599	0.942	0.9317	938.0	1019	20.1099	1	0.0	8769	0.4279	16.4054	70	0.0034	5663	0.2764	14759	0.7202	0	0.0
Delphinus_delphis	112109	2374349659	52447233859	3672.6382	3404.0	108039	467823.5811	426046.0	1199596	350751.0	423332.8662	0.882	0.8814	864.0	678	165.3525	0	0.0	69056	0.616	47.2167	143	0.0013	20785	0.1854	91181	0.8133	0	0.0
Delplanqueia_inscriptella	1302	696294919	542846478	3292.374	2784.0	18581	416932.7788	370536.0	1166958	290641.0	375565.6475	0.973	0.9473	972.0	910	1.4308	3	0.0023	741	0.5691	1.8699	123	0.0945	293	0.225	873	0.6705	13	0.01
Demoticus_plebejus	18456	759980380	7616511916	4071.3266	3085.5	126084	412684.8676	291027.5	1197371	255859.0	372417.3349	0.951	0.9341	950.0	1813	10.1798	57	0.0031	9887	0.5357	24.2848	531	0.0288	4307	0.2334	13602	0.737	16	0.0009
Dendrocopos_major	10066	1304947552	3930789210	3816.836	2874.0	106360	390501.6104	216785.0	1194709	202365.5	337266.7352	0.927	0.9215	914.0	1046	9.6233	20	0.002	4847	0.4815	7.7137	54	0.0054	2729	0.2711	7281	0.7233	2	0.0002
Dendrogyra_cylindrus	12777	551065573	5965006162	4376.0047	3600.0	57958	466854.9865	432886.0	1198334	405850.0	448801.4232	0.858	0.8665	872.0	1607	7.9508	14	0.0011	8932	0.6991	23.186	217	0.017	1995	0.1561	10565	0.8269	0	0.0
Dendrolimus_pini	2129	610234436	960527672	3443.0897	2765.0	39730	451163.7727	406342.0	1171011	337801.0	408872.1851	0.965	0.9516	960.0	921	2.3116	5	0.0023	1349	0.6336	3.4888	113	0.0531	429	0.2015	1586	0.745	1	0.0005
Denticollis_linearis	11524	1497159777	3899708049	3502.7648	2674.0	76370	338398.8241	202218.5	1193143	186673.0	321538.1421	0.923	0.9135	934.0	5514	2.09	220	0.0191	5526	0.4795	7.6972	1154	0.1001	3502	0.3039	6697	0.5811	171	0.0148
Depressaria_douglasella	1504	384144632	733570862	3130.0086	2523.0	29164	487746.5838	495914.0	1173416	373361.5	430474.7859	0.939	0.8978	958.0	654	2.2997	166	0.1104	971	0.6456	3.9152	68	0.0452	290	0.1928	1144	0.7606	2	0.0013
Deschampsia_cespitosa	271394	3963638672	117219109689	4166.5384	3187.0	300986	431914.8901	346982.0	1199291	316961.5	404808.4349	0.899	0.897	908.0	32399	8.3766	30	0.0001	160275	0.5906	68.4709	1352	0.005	55436	0.2043	214597	0.7907	9	0.0
Descurainia_sophia	3047	261004882	734822083	4484.9596	4303.0	54748	241162.4821	167918.0	1198226	140787.0	207758.0187	0.95	0.9318	948.0	398	7.6558	0	0.0	1054	0.3459	11.6741	43	0.0141	1113	0.3653	1891	0.6206	0	0.0
Dexiosoma_caninum	4412	516841480	1870460768	3378.2398	2736.0	47524	423948.4968	340495.5	1190405	285244.0	377593.2092	0.959	0.9427	956.0	809	5.4536	7	0.0016	2545	0.5768	8.5365	96	0.0218	1108	0.2511	3208	0.7271	0	0.0
Diachrysia_chrysitis	565	385966557	200669385	2789.3363	2570.0	9089	355167.0531	228702.0	1199790	214036.0	329668.4566	0.971	0.9438	978.0	229	2.4672	7	0.0124	290	0.5133	1.4639	29	0.0513	164	0.2903	372	0.6584	0	0.0
Diadocidia_ferruginosa	4549	451803134	1972109315	3193.4599	2507.0	61020	433525.8991	346416.0	1195414	290486.0	387917.2187	0.944	0.9226	946.0	1161	3.9182	104	0.0229	2611	0.574	10.0685	136	0.0299	1060	0.233	3352	0.7369	1	0.0002
Diadumene_lineata	1379	307550471	455815292	4449.3988	2948.0	32836	330540.4583	218445.0	1198983	202861.0	306917.517	0.923	0.9066	920.0	653	2.1118	32	0.0232	681	0.4938	4.4838	102	0.074	392	0.2843	883	0.6403	2	0.0015
Diapensia_lapponica	67074	1717585040	32043760348	4270.4709	3472.0	216510	477737.4295	446262.5	1199533	418631.5	457100.3238	0.901	0.892	908.0	14514	4.6213	307	0.0046	45319	0.6757	39.0513	595	0.0089	11067	0.165	55411	0.8261	1	0.0
Diaperis_boleti	12009	542392165	4641951880	3516.0884	2923.0	68641	386539.4188	246824.0	1196550	230432.0	353866.8544	0.934	0.9174	948.0	2202	5.4537	24	0.002	6249	0.5204	22.1408	334	0.0278	3102	0.2583	8566	0.7133	7	0.0006
Diaphora_mendica	4405	746809021	2138507956	2961.0565	2557.0	18079	485472.8617	488510.0	1193667	385122.0	430458.1753	0.95	0.9354	946.0	2221	1.9833	15	0.0034	2941	0.6677	5.8984	205	0.0465	749	0.17	3446	0.7823	5	0.0011
Diarsia_brunnea	2676	585175595	1296213627	3149.9574	2799.5	16299	484384.7635	485617.0	1186223	380769.0	433617.4466	0.9395	0.8912	940.0	1014	2.6391	75	0.028	1744	0.6517	4.573	150	0.0561	510	0.1906	2016	0.7534	0	0.0
Diarsia_dahlii	4972	682872655	2165050875	3021.9328	2603.0	27994	435448.6877	374744.0	1197535	324172.5	402029.5187	0.919	0.8942	928.0	1658	2.9988	39	0.0078	3053	0.614	7.281	210	0.0422	967	0.1945	3793	0.7629	2	0.0004
Diarsia_mendica	5523	727895291	2643422857	3384.4912	2736.0	69999	478620.8323	462059.0	1191471	411474.0	450399.9001	0.965	0.9306	962.0	2296	2.4055	76	0.0138	3734	0.6761	7.5876	206	0.0373	938	0.1698	4379	0.7929	0	0.0
Diarsia_rubi	3170	624871509	1378244213	3667.3662	2941.0	57331	434777.3543	374071.5	1184666	310086.5	390174.4672	0.983	0.9612	980.0	1060	2.9906	3	0.0009	1871	0.5902	5.073	92	0.029	718	0.2265	2359	0.7442	1	0.0003
Diastrophus_rubi	9268	550059311	3591653588	4008.2163	2834.5	81032	387532.7566	282071.5	1193791	255145.5	361392.4565	0.968	0.9463	966.0	2372	3.9073	10	0.0011	4997	0.5392	16.8491	372	0.0401	2617	0.2824	6279	0.6775	0	0.0
Diazona_violacea	4345	152238733	1475318352	4775.9581	3685.0	70255	339543.9245	204475.0	1183039	192899.0	309929.8002	0.956	0.9362	948.0	385	11.2857	1	0.0002	1969	0.4532	28.5407	54	0.0124	1234	0.284	3057	0.7036	0	0.0
Dichetophora_obliterata	13923	1310118433	6367020475	3102.0873	2564.0	34385	457302.3397	422380.0	1196759	396660.0	441002.3437	0.947	0.9333	950.0	4915	2.8328	33	0.0024	9354	0.6718	10.6273	499	0.0358	2457	0.1765	10954	0.7868	13	0.0009
Dichomeris_marginella	633	293107951	236725551	7548.831	2679.0	70026	373974.0142	220944.0	1177226	184193.0	335711.5513	0.975	0.9451	980.0	323	1.9598	16	0.0253	316	0.4992	2.1596	61	0.0964	180	0.2844	391	0.6177	1	0.0016
Dichrorampha_alpinana	18465	1242351457	8375051524	3936.2044	2873.0	139218	453563.581	411254.0	1198087	368684.0	426947.5389	0.959	0.9411	962.0	6001	3.077	181	0.0098	12000	0.6499	14.8629	704	0.0381	3557	0.1926	14201	0.7691	3	0.0002
Dichrorampha_sequana	11774	965837236	4782619680	4384.3837	3058.0	231308	406201.7734	323850.5	1196267	291137.0	381343.2734	0.968	0.9493	968.0	3217	3.6599	6	0.0005	6803	0.5778	12.1905	445	0.0378	2755	0.234	8568	0.7277	6	0.0005
Dicraeus_fennicus	21446	713067683	10965735767	3215.0234	2787.0	117007	511318.4634	520676.0	1198476	385829.5	438334.1615	0.961	0.9425	928.0	2713	7.9049	401	0.0187	13992	0.6524	30.0757	205	0.0096	4001	0.1866	17238	0.8038	2	0.0001
Dicranocephalus_agilis	9562	1597824646	3718485991	3003.5069	2369.0	49794	388881.6138	279080.0	1193513	244526.0	353757.7305	0.901	0.8924	910.0	4103	2.3305	792	0.0828	5074	0.5306	5.9844	877	0.0917	2184	0.2284	6464	0.676	37	0.0039
Dicranodontium_denudatum	3143	249581389	1204014338	3946.8654	3143.0	78400	383078.0585	295921.0	1187486	282917.0	371027.7897	0.892	0.8952	898.0	1257	2.5004	0	0.0	1789	0.5692	12.5931	30	0.0095	869	0.2765	2244	0.714	0	0.0
Dicranoweisia_cirrata	1126	197487937	272843066	4994.7895	3044.5	53701	242311.7815	81962.5	1174555	65380.5	229980.6119	0.952	0.9342	957.0	520	2.1654	0	0.0	387	0.3437	5.7016	41	0.0364	576	0.5115	508	0.4512	1	0.0009
Dicranum_bonjeanii	18454	596093056	7350729167	4147.4152	3544.0	132201	398327.1468	293234.5	1194890	271761.0	377973.4925	0.908	0.8997	912.0	4478	4.121	28	0.0015	10319	0.5592	30.9583	263	0.0143	4545	0.2463	13642	0.7392	4	0.0002
Dicranum_flexicaule	18070	560422587	7381818647	4563.2433	3739.5	111934	408512.3767	314483.5	1197281	288421.0	384844.9288	0.923	0.9116	926.0	3727	4.8484	26	0.0014	10464	0.5791	32.2435	189	0.0105	4268	0.2362	13607	0.753	6	0.0003
Dicranum_scottianum	13666	537216341	5953387308	4273.3736	3360.0	87714	435634.9559	377918.0	1198737	344809.5	411971.9817	0.916	0.9036	916.0	4190	3.2616	39	0.0029	8591	0.6286	25.4385	154	0.0113	2976	0.2178	10533	0.7707	3	0.0002
Dicranum_tauricum	17323	482337668	7609911240	4127.1008	3626.0	68009	439295.2283	380009.0	1192640	356988.0	421860.4678	0.938	0.9248	934.0	3490	4.9636	43	0.0025	10977	0.6337	35.9147	152	0.0088	3546	0.2047	13621	0.7863	4	0.0002
Dicycla_oo	5228	932711437	2332205295	3432.1174	2832.5	55536	446098.947	390994.0	1187149	326650.5	402515.53	0.966	0.9472	956.0	2044	2.5577	2	0.0004	3208	0.6136	5.6052	140	0.0268	1095	0.2094	3992	0.7636	1	0.0002
Dicyrtoma_fusca	2540	416328304	920005738	4297.6815	3140.0	28982	362206.9835	226951.0	1187037	215165.0	336596.8606	0.881	0.8811	882.0	1028	2.4708	0	0.0	1300	0.5118	6.101	94	0.037	726	0.2858	1720	0.6772	0	0.0
Dicyrtomina_minuta	2947	548803407	1180457247	4178.8001	3028.0	110753	400562.3505	329591.0	1195541	289318.0	372513.9101	0.897	0.8898	888.0	1585	1.8593	3	0.001	1736	0.5891	5.3699	57	0.0193	752	0.2552	2138	0.7255	0	0.0
Dicyrtomina_saundersi	4672	579783638	1789234241	4783.9615	3189.5	141253	382969.6577	256428.0	1193385	236375.5	356470.1139	0.921	0.9076	926.0	1925	2.427	17	0.0036	2476	0.53	8.0582	94	0.0201	1338	0.2864	3238	0.6931	2	0.0004
Didymodon_insulanus	5280	263303044	1906224780	3709.7305	3351.5	69869	361027.4205	247657.0	1196757	235628.0	348433.1799	0.92	0.9066	918.0	1596	3.3083	0	0.0	2786	0.5277	20.0529	62	0.0117	1685	0.3191	3533	0.6691	0	0.0
Didymodon_rigidulus	7336	234967887	3052951183	3985.033	3586.0	46160	416160.194	337775.5	1199782	315989.0	399997.0204	0.896	0.8973	900.0	1300	5.6431	1	0.0001	4334	0.5908	31.2213	70	0.0095	1804	0.2459	5461	0.7444	1	0.0001
Digitaria_sanguinalis	39483	897892656	16455431178	4173.5178	3359.0	115958	416772.5649	333692.0	1199817	314852.0	400398.2131	0.894	0.8909	906.0	4989	7.914	2	0.0001	23593	0.5975	43.973	176	0.0045	8242	0.2087	31065	0.7868	0	0.0
Digitivalva_pulicariae	909	372542974	321812166	5203.6073	2796.0	51191	354028.7855	202374.0	1184108	183306.0	302818.484	0.964	0.9344	962.0	387	2.3488	14	0.0154	426	0.4686	2.44	30	0.033	274	0.3014	605	0.6656	0	0.0
Diloba_caeruleocephala	4577	762385617	2527362620	2848.7999	2534.0	16184	552187.5945	593056.0	1192323	447910.0	470326.1931	0.971	0.9502	944.0	1241	3.6882	2	0.0004	3261	0.7125	6.0035	102	0.0223	717	0.1567	3758	0.8211	0	0.0
Dilophus_febrilis	3731	300762657	1326041672	4366.5639	3015.0	133909	355411.866	213476.0	1192470	197766.0	312439.1697	0.942	0.9236	944.0	557	6.6984	4	0.0011	1774	0.4755	12.4051	73	0.0196	1059	0.2838	2599	0.6966	0	0.0
Dilophus_femoratus	8168	405198114	3159877402	3774.0937	2812.0	136288	386860.6026	219800.0	1196190	200611.0	334978.9799	0.952	0.9229	950.0	1274	6.4113	57	0.007	3920	0.4799	20.158	271	0.0332	2326	0.2848	5569	0.6818	2	0.0002
Dilutineuron_fasciculare	4647	204086628	1835460297	4320.9813	3188.0	94510	394977.4687	306007.0	1190640	295390.0	383068.4031	0.939	0.9329	944.0	1060	4.384	0	0.0	2695	0.5799	22.7697	35	0.0075	1202	0.2587	3410	0.7338	0	0.0
Dinocampus_coccinellae	461	110448911	137812122	3496.039	2583.0	16093	298941.6963	200952.0	1185732	192390.0	275842.8091	0.933	0.9204	934.0	130	3.5462	0	0.0	218	0.4729	4.1739	12	0.026	153	0.3319	296	0.6421	0	0.0
Dinocras_cephalotes	22801	1973321928	10040190932	3330.0897	2672.0	123054	440339.9382	392169.0	1193335	342295.0	405984.915	0.951	0.9304	950.0	6042	3.7738	109	0.0048	14226	0.6239	11.5546	969	0.0425	4377	0.192	17425	0.7642	30	0.0013
Dioctria_baumhaueri	18482	1376626077	6856587741	5165.0588	3372.0	200132	370987.325	235513.0	1197461	210527.5	333395.7897	0.934	0.919	942.0	4286	4.3122	37	0.002	9272	0.5017	13.4256	569	0.0308	4983	0.2696	12925	0.6993	5	0.0003
Dioctria_linearis	22977	1430589387	9337163890	4068.749	3005.0	109100	406370.0174	316095.0	1195414	296444.0	385964.7085	0.909	0.8993	916.0	5979	3.843	65	0.0028	13319	0.5797	16.0612	546	0.0238	5920	0.2576	16505	0.7183	6	0.0003
Dioctria_rufipes	17738	1357395816	6685280187	3912.2049	3079.0	238372	376890.3026	272362.0	1194266	254899.0	357100.017	0.912	0.9066	918.0	5010	3.5405	59	0.0033	9704	0.5471	13.0677	819	0.0462	4575	0.2579	12339	0.6956	5	0.0003
Diogma_glabrata	23127	1251392909	10701931595	3135.4906	2734.0	49113	462746.2098	439809.0	1198452	390013.0	433511.465	0.945	0.9352	944.0	8607	2.687	104	0.0045	15171	0.656	18.481	1000	0.0432	4433	0.1917	17669	0.764	25	0.0011
Diphasiastrum_alpinum	288413	3021438892	112919862520	4283.0572	3993.0	98329	391521.4034	261706.0	1199646	241975.0	370503.8313	0.925	0.9112	904.0	27796	10.3761	83	0.0003	153037	0.5306	95.4555	1803	0.0063	68409	0.2372	218168	0.7564	33	0.0001
Diplazon_laetatorius	1679	247296924	622447146	6517.5104	5122.0	47930	370724.9232	220373.0	1195609	194302.0	323914.4378	0.97	0.9508	958.0	373	4.5013	9	0.0054	783	0.4663	6.7894	64	0.0381	370	0.2204	1244	0.7409	1	0.0006
Diplecogaster_bimaculata	26694	2048433123	9613834646	3384.4069	2646.0	44257	360149.6458	195394.5	1193436	169149.5	300726.4869	0.889	0.8538	832.0	8149	3.2757	39	0.0015	11108	0.4161	13.0314	306	0.0115	8405	0.3149	17978	0.6735	5	0.0002
Diplocoelus_fagi	64017	1639589874	13624019004	4698.4095	3789.0	92437	212818.767	149872.0	1196228	89367.0	165303.0579	0.96	0.9439	956.0	10396	6.1578	406	0.0063	13757	0.2149	39.0445	3174	0.0496	31088	0.4856	29731	0.4644	24	0.0004
Diplosoma_listerianum	2048	285370039	717217512	3931.27	2675.5	44820	350203.8633	229218.0	1187588	213003.5	326626.021	0.936	0.9249	938.0	824	2.4854	10	0.0049	1041	0.5083	7.1766	151	0.0737	565	0.2759	1332	0.6504	0	0.0
Diplosoma_spongiforme	8360	421648565	3154192019	3553.9445	2797.5	69283	377295.6961	233027.0	1194178	214956.5	337112.5636	0.936	0.9245	930.0	1563	5.3487	0	0.0	4261	0.5097	19.8269	76	0.0091	2622	0.3136	5662	0.6773	0	0.0
Dipsacus_fullonum	250471	2780206254	96909633878	3830.3002	2848.0	311766	386909.5978	250956.0	1199889	234892.0	365885.291	0.869	0.8611	866.0	13543	18.4945	239	0.001	130817	0.5223	90.0908	1708	0.0068	60401	0.2411	188344	0.752	18	0.0001
Dipturus_intermedius	66933	2871588562	28838501750	3239.3388	2713.0	190052	430856.2555	310956.0	1199222	251433.0	370297.7262	0.93	0.914	908.0	13217	5.0642	103	0.0015	36402	0.5439	23.3087	403	0.006	16948	0.2532	49579	0.7407	3	0.0
Distichium_capillaceum	9970	279953879	4530129962	4121.3823	3760.0	49351	454376.1246	412085.5	1196620	393114.0	440088.0771	0.935	0.9289	942.0	1311	7.6049	0	0.0	6545	0.6565	35.613	75	0.0075	2131	0.2137	7764	0.7787	0	0.0
Ditrichum_cornubicum	5733	242125764	2541556148	3301.2548	2460.0	87055	443320.4514	403412.0	1188114	389044.0	431523.3693	0.919	0.9144	920.0	824	6.9575	0	0.0	3684	0.6426	23.6778	56	0.0098	1319	0.2301	4358	0.7602	0	0.0
Ditula_angustiorana	4112	467810227	1769956893	4236.2198	3026.0	58545	430436.9876	376670.0	1197122	333812.5	401882.1612	0.968	0.9541	966.0	977	4.2088	17	0.0041	2487	0.6048	8.7899	93	0.0226	988	0.2403	3028	0.7364	3	0.0007
Diurnea_fagella	4186	662144111	1937513509	3096.6639	2555.0	18086	462855.5922	444918.5	1198688	361112.0	418095.5834	0.952	0.941	948.0	1364	3.0689	8	0.0019	2698	0.6445	6.3219	180	0.043	868	0.2074	3138	0.7496	0	0.0
Diurnea_lipsiella	5039	708695156	2672199064	3657.9109	3355.0	59064	530303.4459	550471.0	1190599	459764.0	482416.8746	0.953	0.9431	924.0	1310	3.8466	1	0.0002	3680	0.7303	7.1103	110	0.0218	744	0.1476	4180	0.8295	5	0.001
Dixa_nubilipennis	5319	210012480	1556396685	6478.486	4981.0	136976	292610.7699	194499.0	1189751	143813.0	232105.2916	0.984	0.9493	970.0	317	16.7792	0	0.0	1461	0.2747	25.3271	28	0.0053	1738	0.3268	3553	0.668	0	0.0
Dolerus_asper	4061	264330457	1513270777	5669.3965	4108.0	97152	372635.0103	243259.0	1184118	209991.0	308126.5742	0.889	0.8918	896.0	476	8.5315	46	0.0113	2024	0.4984	15.3633	71	0.0175	818	0.2014	3172	0.7811	0	0.0
Dolerus_haematodes	2159	292320194	933672606	7685.704	5396.0	109359	432456.0472	334454.0	1195374	267189.0	372636.8133	0.951	0.9274	938.0	295	7.3186	2	0.0009	1242	0.5753	7.3857	19	0.0088	376	0.1742	1764	0.817	0	0.0
Dolerus_madidus	4701	373339471	1792742000	7200.2699	3555.0	278606	381353.3291	237690.0	1198509	198494.0	313159.4435	0.876	0.8785	896.0	542	8.6734	199	0.0423	2142	0.4556	12.5918	54	0.0115	1119	0.238	3528	0.7505	0	0.0
Dolerus_nigratus	2646	300965304	1164223693	5669.777	3813.0	183492	439993.8371	341691.5	1199199	307269.0	404514.1742	0.926	0.9146	938.0	673	3.9316	11	0.0042	1592	0.6017	8.7917	43	0.0163	530	0.2003	2071	0.7827	2	0.0008
Dolerus_triplicatus	2487	242063234	1071221565	11863.7435	5604.0	266325	430728.4138	246002.0	1199540	216371.0	334188.5947	0.945	0.9398	954.0	322	7.7236	6	0.0024	1254	0.5042	10.2742	24	0.0097	529	0.2127	1934	0.7776	0	0.0
Dolichomitus_mesocentrus	13194	985007947	4506148321	4400.6268	2765.0	323969	341530.1138	211382.0	1193088	182434.0	301518.003	0.922	0.9112	932.0	2970	4.4424	180	0.0136	5959	0.4516	13.3948	567	0.043	3909	0.2963	8709	0.6601	9	0.0007
Dolichopus_griseipennis	31136	869673930	13028311980	2450.7888	2271.0	54608	418432.4248	232820.0	1196300	215695.0	356263.5199	0.946	0.9366	922.0	2835	10.9827	17	0.0005	15543	0.4992	35.8019	288	0.0092	8082	0.2596	22766	0.7312	0	0.0
Dolichopus_picipes	31936	942236966	12490396971	2957.813	2611.0	34473	391107.1196	203963.5	1198176	188530.5	322559.8889	0.926	0.9133	898.0	3384	9.4374	45	0.0014	14495	0.4539	33.8938	525	0.0164	9162	0.2869	22240	0.6964	9	0.0003
Dolichopus_virgultorum	9759	810114803	4590565762	2879.2171	2358.0	32807	470393.0487	446735.0	1190439	337697.0	411223.7009	0.938	0.9262	924.0	2676	3.6469	6	0.0006	6090	0.624	12.0464	161	0.0165	2111	0.2163	7486	0.7671	1	0.0001
Dolichovespula_media	2166	216274946	461714696	6050.7008	4008.5	187125	213164.6796	159617.5	1151704	124441.0	174836.0905	0.887	0.8761	860.0	139	15.5827	87	0.0402	573	0.2645	10.015	33	0.0152	855	0.3947	1273	0.5877	5	0.0023
Dolichovespula_saxonica	4143	213526902	795047443	5871.5385	4420.0	98028	191901.3862	144652.0	1174635	100964.0	144084.3	0.967	0.947	930.0	124	33.4113	8	0.0019	748	0.1805	19.4027	54	0.013	2000	0.4827	2089	0.5042	0	0.0
Dolichovespula_sylvestris	1621	186072204	402998201	9129.9574	5714.0	87018	248610.8581	163394.0	1187224	132543.0	193093.5361	0.977	0.957	948.0	87	18.6322	7	0.0043	495	0.3054	8.7117	19	0.0117	627	0.3868	975	0.6015	0	0.0
Dolomedes_plantarius	14087	2762344774	5946672462	3568.4442	2942.0	34574	422139.0262	349980.0	1198071	281020.0	372403.0398	0.939	0.9194	930.0	6664	2.1139	70	0.005	8306	0.5896	5.0997	488	0.0346	2975	0.2112	10615	0.7535	9	0.0006
Donacaula_forficella	9161	1007423052	4377110492	3066.8598	2535.0	60942	477798.329	456840.0	1195812	413099.0	450469.9775	0.943	0.928	944.0	4101	2.2338	12	0.0013	6308	0.6886	9.0935	325	0.0355	1456	0.1589	7372	0.8047	8	0.0009
Donacaula_mucronella	8898	1003149960	3859756872	3563.7469	2699.0	99403	433778.0256	363053.0	1197015	343241.5	415362.5697	0.97	0.957	970.0	3374	2.6372	0	0.0	5628	0.6325	8.8701	232	0.0261	1736	0.1951	6927	0.7785	3	0.0003
Doratura_stylata	6992	893804957	1389360228	4236.6712	3180.5	62303	198707.1264	112273.5	1191088	77772.0	170094.4667	0.946	0.9236	946.0	2144	3.2612	56	0.008	1799	0.2573	7.8227	792	0.1133	3106	0.4442	3026	0.4328	68	0.0097
Dorcus_parallelipipedus	3344	468776193	1545673780	3724.3337	2759.0	120211	462223.0203	420481.0	1195987	400101.0	445801.9178	0.935	0.9171	934.0	1023	3.2688	0	0.0	2288	0.6842	7.1335	42	0.0126	567	0.1696	2735	0.8179	0	0.0
Douinia_ovata	75075	1026474166	33469907772	4934.5661	4471.0	192764	445819.6173	385421.0	1198436	362093.0	427844.0125	0.912	0.907	908.0	7816	9.6053	50	0.0007	47511	0.6328	73.1387	525	0.007	13730	0.1829	60816	0.8101	4	0.0001
Draba_incana	15831	658989776	6760654944	5580.5539	3363.0	79352	427051.6672	357236.0	1199843	332449.0	408733.9028	0.9	0.8981	900.0	4057	3.9021	21	0.0013	9975	0.6301	24.0231	135	0.0085	3193	0.2017	12503	0.7898	0	0.0
Draba_verna	34422	1004047794	13293051248	3607.5128	2922.0	148698	386178.9335	273633.0	1197157	252918.0	362713.334	0.889	0.8833	892.0	3738	9.2087	46	0.0013	18716	0.5437	34.2832	260	0.0076	8591	0.2496	25571	0.7429	0	0.0
Drassodes_cupreus	29848	4402511668	12722835765	3263.8609	2624.0	178885	426254.2135	379251.0	1199336	311254.0	385151.4743	0.924	0.9065	914.0	17024	1.7533	348	0.0117	17726	0.5939	6.7798	1932	0.0647	6551	0.2195	21288	0.7132	77	0.0026
Dreisbachia_pictifrons	12023	556384841	4039653284	5635.0787	4000.0	110655	335993.7856	218082.0	1195367	171555.0	279573.8042	0.934	0.9254	932.0	1692	7.1058	47	0.0039	4895	0.4071	21.6091	420	0.0349	3235	0.2691	8367	0.6959	1	0.0001
Dreissena_polymorpha	10495	1456697903	3861126248	4223.0103	2904.0	214025	367901.5005	253337.0	1198548	234313.0	333708.0049	0.925	0.9048	918.0	4940	2.1245	34	0.0032	5567	0.5304	7.2047	378	0.036	2863	0.2728	7247	0.6905	7	0.0007
Drepana_falcataria	2985	326729860	1750483266	3103.3018	2920.0	16909	586426.5548	655096.0	1184553	448584.0	484851.6874	0.972	0.958	914.0	512	5.8301	1	0.0003	2150	0.7203	9.136	41	0.0137	438	0.1467	2505	0.8392	1	0.0003
Drepanosiphum_platanoidis	361	283852919	140070368	3307.7756	2653.0	16517	388006.5596	322421.0	1181319	303714.0	369615.205	0.933	0.8993	938.0	156	2.3141	0	0.0	206	0.5706	1.2718	7	0.0194	105	0.2909	249	0.6898	0	0.0
Drilus_flavescens	34765	900121576	13498644583	4067.5646	2855.0	104173	388282.5998	279454.0	1196907	251538.0	358120.4169	0.953	0.935	946.0	6599	5.2682	130	0.0037	18843	0.542	38.6226	2887	0.083	7859	0.2261	23960	0.6892	59	0.0017
Dromius_quadrimaculatus	10074	760472291	3934597610	4549.6894	3319.0	52421	390569.5464	289172.5	1195289	256923.0	360163.1661	0.92	0.9154	922.0	2973	3.3885	19	0.0019	5553	0.5512	13.247	526	0.0522	2495	0.2477	7040	0.6988	13	0.0013
Drosophila_funebris	698	160018908	220668947	5328.8352	3310.5	147210	316144.6232	205378.0	1140359	163893.0	260962.8596	0.903	0.889	907.0	115	6.0696	4	0.0057	240	0.3438	4.362	7	0.01	207	0.2966	484	0.6934	0	0.0
Drosophila_helvetica	4571	222933509	1921359996	3234.1875	2823.0	20017	420336.9057	352053.0	1198067	298627.0	376431.9173	0.947	0.936	944.0	1034	4.4207	0	0.0	2681	0.5865	20.5039	30	0.0066	1092	0.2389	3449	0.7545	0	0.0
Drosophila_histrio	1366	188978493	458911352	4375.1201	3378.5	27827	335952.6735	219842.5	1195581	197755.0	288212.8785	0.962	0.9404	956.0	294	4.6463	2	0.0015	641	0.4693	7.2283	15	0.011	392	0.287	959	0.702	0	0.0
Drosophila_immigrans	2355	178576139	1025842193	4705.938	3309.0	220860	435601.7805	249042.0	1195420	224263.0	362356.3694	0.926	0.9039	920.0	183	12.8689	2	0.0008	1224	0.5197	13.1877	29	0.0123	520	0.2208	1806	0.7669	0	0.0
Drosophila_limbata	1455	209903255	369153880	3649.0282	2972.0	21535	253714.0069	153750.0	1174011	126318.0	215082.5416	0.947	0.9122	956.0	455	3.1978	1	0.0007	454	0.312	6.9318	11	0.0076	604	0.4151	840	0.5773	0	0.0
Drosophila_obscura	4931	191895181	1980328882	5020.4825	3376.0	38425	401607.9663	244691.0	1183418	221044.0	350934.5733	0.962	0.9485	960.0	650	7.5862	11	0.0022	2548	0.5167	25.6963	66	0.0134	1176	0.2385	3689	0.7481	0	0.0
Drosophila_phalerata	4032	212189924	1526703429	5880.3371	3651.5	63085	378646.6838	219450.0	1196857	189337.5	314811.3614	0.957	0.9453	948.0	535	7.5364	7	0.0017	1823	0.4521	19.0018	17	0.0042	1119	0.2775	2896	0.7183	0	0.0
Drosophila_subobscura	463	127744514	144902522	3381.4773	2795.0	16938	312964.4104	187798.0	1193409	174071.0	274461.6285	0.964	0.9404	960.0	114	4.0614	7	0.0151	208	0.4492	3.6244	23	0.0497	152	0.3283	287	0.6199	1	0.0022
Drosophila_suzukii	7891	263022963	3333076778	3792.6007	3041.0	36674	422389.6563	306152.0	1198667	246927.0	365976.0217	0.943	0.9287	924.0	1433	5.5066	4	0.0005	4338	0.5497	30.0012	49	0.0062	1966	0.2491	5876	0.7446	0	0.0
Drusilla_canaliculata	3870	281019746	1402280707	3933.409	3189.5	40243	362346.4359	248672.0	1190324	231152.0	342304.8755	0.943	0.9288	940.0	1081	3.58	5	0.0013	2066	0.5339	13.7713	108	0.0279	1041	0.269	2717	0.7021	4	0.001
Dryas_octopetala	3688	229413783	1121385347	3786.1217	2869.0	25932	304063.272	187794.0	1188734	169679.5	273500.3265	0.927	0.9141	936.0	660	5.5879	1	0.0003	1567	0.4249	16.0758	25	0.0068	1197	0.3246	2466	0.6687	0	0.0
Drymonia_dodonaea	2135	330159959	996989926	3085.1063	2169.0	40615	466974.2042	442077.0	1174197	355511.0	419306.8155	0.969	0.9325	952.0	692	3.0853	26	0.0122	1385	0.6487	6.4666	100	0.0468	398	0.1864	1636	0.7663	1	0.0005
Drymonia_ruficornis	5634	369570989	3012272206	2749.628	2762.0	34121	534659.6035	558969.5	1189154	454602.5	479377.148	0.979	0.9564	980.0	1015	5.5507	70	0.0124	4060	0.7206	15.2447	145	0.0257	826	0.1466	4663	0.8277	0	0.0
Drymus_sylvaticus	37040	2106082386	10634969964	4920.3087	3371.0	344906	287121.2193	179913.0	1198222	135827.0	241276.3326	0.96	0.9396	960.0	8388	4.4158	193	0.0052	12611	0.3405	17.5872	1770	0.0478	13054	0.3524	22187	0.599	29	0.0008
Dryobota_labecula	3568	766602579	1579086167	3410.5485	3016.0	53647	442568.993	403045.5	1185346	328416.0	397045.0513	0.976	0.9535	974.0	1368	2.6082	8	0.0022	2196	0.6155	4.6543	167	0.0468	767	0.215	2631	0.7374	3	0.0008
Dryobotodes_eremita	4005	703378586	1637971296	3914.2564	2839.0	68247	408981.597	301965.0	1190963	266854.0	376466.9281	0.966	0.9504	970.0	1311	3.0549	7	0.0017	2279	0.569	5.6939	90	0.0225	917	0.229	2997	0.7483	1	0.0002
Dryobotodes_tenebrosa	3044	581379242	1386819976	3224.3233	3183.0	22736	455591.3193	416994.0	1188215	363956.5	423918.8601	0.989	0.9701	986.0	942	3.2314	3	0.001	1990	0.6537	5.2358	82	0.0269	600	0.1971	2361	0.7756	1	0.0003
Dryomyza_anilis	10769	653691799	4486131020	3192.5164	2696.0	54459	416578.2357	337756.0	1195623	286940.0	377081.1417	0.924	0.9036	914.0	2354	4.5748	34	0.0032	6154	0.5715	16.4741	413	0.0384	2689	0.2497	7656	0.7109	11	0.001
Dunaliella_primolecta	2381	208784775	1129245943	3246.7329	2656.0	46598	474273.8106	451478.0	1186249	367121.0	426832.8635	0.927	0.9206	920.0	649	3.6687	0	0.0	1540	0.6468	11.4041	22	0.0092	467	0.1961	1892	0.7946	0	0.0
Dypterygia_scabriuscula	449	385989960	161384833	4997.7238	2879.0	71476	359431.6993	208819.0	1158788	179028.0	329467.196	0.956	0.9444	970.0	243	1.8477	1	0.0022	220	0.49	1.1632	27	0.0601	138	0.3073	282	0.6281	2	0.0045
Dysmachus_trigonus	7601	450231300	3713547738	2853.304	2450.0	38749	488560.4181	463035.0	1192202	419172.0	462839.3796	0.96	0.9474	952.0	735	10.3415	56	0.0074	5243	0.6898	16.8824	148	0.0195	1128	0.1484	6309	0.83	16	0.0021
Dyspetes_luteomarginatus	2829	247189362	987422686	6282.6147	3845.0	273740	349035.9441	237667.0	1188399	212208.0	301265.789	0.898	0.8772	892.0	307	9.215	35	0.0124	1406	0.497	11.4447	67	0.0237	717	0.2534	2041	0.7215	4	0.0014
Dytaster_grandis	7407	561959764	2532786413	4294.4489	3336.0	78365	341944.9727	223960.0	1191667	204117.0	304357.7551	0.934	0.9159	926.0	1205	6.1469	5	0.0007	3619	0.4886	13.1807	64	0.0086	1965	0.2653	5378	0.7261	0	0.0
Eana_incanana	1074	371032045	358865914	3122.4497	2589.0	23608	334139.5847	174097.5	1172571	145936.0	305521.3035	0.9475	0.9201	964.0	507	2.1183	37	0.0345	476	0.4432	2.8946	82	0.0764	382	0.3557	610	0.568	0	0.0
Earias_clorana	2085	385197354	1027362312	3686.7808	2687.0	57245	492739.718	482691.0	1189902	375521.0	431570.529	0.981	0.9595	974.0	761	2.7398	7	0.0034	1368	0.6561	5.4128	55	0.0264	402	0.1928	1624	0.7789	4	0.0019
Earophila_badiata	2664	417086031	1146494315	3881.7511	2709.5	53560	430365.7339	366131.5	1172505	306614.0	383055.6096	0.969	0.95	962.0	939	2.8371	5	0.0019	1601	0.601	6.3872	159	0.0597	516	0.1937	1989	0.7466	0	0.0
Ecdyonurus_torrentis	2057	491383144	555644291	4181.9446	2953.0	82493	270123.6223	161843.0	1188850	121251.0	216321.7462	0.936	0.9192	936.0	678	3.0339	58	0.0282	683	0.332	4.1861	246	0.1196	689	0.335	1115	0.5421	7	0.0034
Echiichthys_vipera	4416	795077815	1741240821	3244.2303	2712.0	26228	394302.7221	268337.5	1195872	246317.5	359461.2412	0.911	0.8911	908.0	972	4.5432	7	0.0016	2411	0.546	5.5542	51	0.0115	1063	0.2407	3302	0.7477	0	0.0
Echinocardium_cordatum	3482	971771894	1270147302	3228.7085	2524.0	53621	364775.216	214100.0	1188049	201177.5	335173.2358	0.909	0.8909	916.0	1965	1.772	115	0.033	1728	0.4963	3.5831	173	0.0497	1146	0.3291	2157	0.6195	6	0.0017
Echinus_esculentus	12552	995910628	5770480352	3342.6491	2688.0	68558	459725.9681	414946.0	1198813	358303.0	426044.9312	0.925	0.9104	934.0	3575	3.511	36	0.0029	8069	0.6428	12.6035	251	0.02	2280	0.1816	10017	0.798	4	0.0003
Ecliptopera_silaceata	1983	315695898	667373343	5361.2597	3258.0	102986	336547.3238	212301.0	1190643	142664.0	274777.4095	0.891	0.8688	902.0	524	3.7844	134	0.0676	708	0.357	6.2814	80	0.0403	668	0.3369	1229	0.6198	6	0.003
Ecnomus_tenellus	444	281505124	206346184	6592.0495	3081.5	78313	464743.6577	420643.0	1191687	351432.5	442134.8784	0.976	0.9573	978.0	201	2.209	0	0.0	292	0.6577	1.5772	9	0.0203	98	0.2207	337	0.759	0	0.0
Ectemnius_cavifrons	2746	218760586	757218690	3938.5379	2871.0	43877	275753.3467	180031.5	1195055	157961.0	245519.386	0.948	0.9337	948.0	470	5.8426	19	0.0069	1041	0.3791	12.5525	31	0.0113	887	0.323	1828	0.6657	0	0.0
Ectemnius_continuus	3076	251108646	910440235	4296.1326	3086.0	101984	295981.8709	193969.5	1199308	167603.5	263367.8322	0.95	0.9363	960.0	384	8.0104	8	0.0026	1224	0.3979	12.2497	60	0.0195	930	0.3023	2086	0.6782	0	0.0
Ectemnius_lituratus	1708	226910535	561434614	6376.7453	3434.5	159557	328708.7904	223619.0	1162732	195346.5	276126.1025	0.947	0.9324	946.0	196	8.7143	10	0.0059	788	0.4614	7.5272	19	0.0111	439	0.257	1250	0.7319	0	0.0
Ectobius_pallidus	17590	2060589834	6082661913	4482.5827	3114.0	206533	345802.2691	217425.0	1196443	188884.5	307128.5197	0.939	0.9216	944.0	5831	3.0166	132	0.0075	8207	0.4666	8.5364	1334	0.0758	4817	0.2738	11325	0.6438	114	0.0065
Ectoedemia_decentella	2291	413838874	909887342	3378.6547	2745.0	23239	397157.2859	265403.0	1184746	233917.0	348099.2776	0.965	0.9473	954.0	994	2.3048	7	0.0031	1222	0.5334	5.536	52	0.0227	648	0.2828	1589	0.6936	2	0.0009
Ectopleura_larynx	8141	525924845	2708197446	5077.1051	3250.0	207838	332661.5214	214508.0	1188420	179836.0	297849.8167	0.911	0.9055	924.0	1710	4.7608	107	0.0131	3722	0.4572	15.4794	259	0.0318	2474	0.3039	5402	0.6636	6	0.0007
Ectropis_crepuscularia	8204	874257797	4252393089	3385.2994	2914.5	22610	518331.6783	543406.5	1198442	422628.5	456929.0328	0.948	0.936	924.0	2844	2.8847	26	0.0032	5688	0.6933	9.384	261	0.0318	1396	0.1702	6546	0.7979	1	0.0001
Egira_conspicillaris	5276	718358730	1963469941	3756.2572	2988.5	36017	372151.2398	250071.5	1191095	230638.5	345411.5315	0.946	0.9264	950.0	1525	3.4597	17	0.0032	2809	0.5324	7.3445	215	0.0408	1446	0.2741	3612	0.6846	3	0.0006
Eilema_caniola	7994	780069461	3947117788	3303.0343	2750.0	35894	493760.0435	484302.5	1199041	432761.5	465581.0469	0.96	0.9462	962.0	2775	2.8807	7	0.0009	5632	0.7045	10.2478	235	0.0294	1212	0.1516	6542	0.8184	5	0.0006
Eilema_depressum	2789	622006817	1351856465	2826.5475	2426.0	20011	484710.0986	464126.0	1192946	388063.0	441099.4503	0.955	0.9336	952.0	1720	1.6215	131	0.047	1864	0.6683	4.4839	122	0.0437	485	0.1739	2179	0.7813	3	0.0011
Eilema_griseolum	22348	796435336	11915683525	3252.0314	2995.0	43763	533187.915	556153.5	1197598	424807.0	463808.9581	0.961	0.9518	940.0	2168	10.3081	17	0.0008	15800	0.707	28.06	209	0.0094	3444	0.1541	18694	0.8365	1	0.0
Eilema_lurideolum	11183	779146942	4809328786	5180.5924	3446.0	184888	430057.1212	336838.0	1198447	289358.0	392699.01	0.977	0.96	972.0	2061	5.426	11	0.001	6366	0.5693	14.3529	134	0.012	2298	0.2055	8750	0.7824	1	0.0001
Eilema_sororcula	6482	728998946	3283326271	3050.2049	2668.0	83371	506529.8166	517038.5	1198983	406511.5	451138.0935	0.966	0.9503	954.0	2552	2.54	11	0.0017	4514	0.6964	8.8916	230	0.0355	971	0.1498	5273	0.8135	8	0.0012
Eimeria_acervulina	17	35387844	1568122	3599.7647	3278.0	8315	92242.4706	41935.0	225879	6201.0	30621.2941	0.979	0.949	982.0	17	1.0	0	0.0	0	0.0	0.4804	4	0.2353	11	0.6471	2	0.1176	0	0.0
Eimeria_maxima	115	41613456	65356285	4739.9565	3911.0	9472	568315.5217	677021.0	1124062	628808.0	491633.6783	0.943	0.9343	502.0	19	6.0526	0	0.0	80	0.6957	2.7635	2	0.0174	23	0.2	90	0.7826	0	0.0
Eimeria_praecox	96	52545458	46006946	8244.8438	6782.0	27592	479239.0208	236280.5	1148956	75645.0	403053.1042	0.9725	0.9529	526.0	23	4.1739	0	0.0	47	0.4896	1.827	5	0.0521	44	0.4583	47	0.4896	0	0.0
Eimeria_tenella	190	49275140	47217827	4786.2158	3574.5	20282	248514.8789	86947.5	1169095	44462.5	204216.1579	0.927	0.9162	913.0	51	3.7255	0	0.0	61	0.3211	3.8559	18	0.0947	93	0.4895	77	0.4053	2	0.0105
Eisenia_eiseni	2695	658332295	1188136542	3440.7711	2880.0	55681	440866.9915	398561.0	1177492	362096.0	419668.6416	0.919	0.9057	916.0	1109	2.4301	1	0.0004	1820	0.6753	4.0937	14	0.0052	492	0.1826	2189	0.8122	0	0.0
Elachista_bedellella	2843	294386786	1231527369	3026.0148	2479.0	30853	433178.8143	380877.0	1199406	335696.0	406417.2371	0.937	0.9224	964.0	813	3.4969	142	0.0499	1713	0.6025	9.6574	65	0.0229	650	0.2286	2128	0.7485	0	0.0
Elachista_cinereopunctella	18962	746380367	8066186040	4493.4005	3321.5	192795	425386.8811	356947.0	1194325	314179.5	395779.2215	0.957	0.942	956.0	3672	5.1639	69	0.0036	11314	0.5967	25.4053	841	0.0444	4194	0.2212	13904	0.7333	23	0.0012
Elachista_stabilella	5934	558693468	2834688643	3121.6437	2449.0	42131	477702.8384	454484.0	1190791	369068.0	431511.0792	0.931	0.9213	924.0	1973	3.0076	2	0.0003	3894	0.6562	10.6212	95	0.016	1103	0.1859	4736	0.7981	0	0.0
Elasmostethus_interstinctus	4725	744979934	2069150029	3760.7782	2842.0	61889	437915.3501	382628.0	1188707	354356.0	420769.8144	0.947	0.9343	948.0	1255	3.7649	26	0.0055	3051	0.6457	6.3425	23	0.0049	833	0.1763	3869	0.8188	0	0.0
Electrona_antarctica	11426	1335583609	3356062542	4114.2005	2971.0	158063	293721.5598	143530.0	1196330	105532.5	250730.5458	0.904	0.8643	898.0	2822	4.0489	1254	0.1097	4249	0.3719	8.5551	845	0.074	4745	0.4153	5822	0.5095	14	0.0012
Electrophaes_corylata	1961	347464159	968606247	2997.2524	2685.0	17852	493934.8531	512362.0	1190723	400511.0	435286.2657	0.947	0.9151	948.0	598	3.2793	122	0.0622	1279	0.6522	5.6437	271	0.1382	238	0.1214	1451	0.7399	1	0.0005
Eledona_agricola	25879	353387424	8514446394	4309.8747	3575.0	93295	329009.8688	191667.0	1199709	151456.0	259903.0798	0.922	0.9146	920.0	740	34.9716	10	0.0004	8306	0.321	73.2312	225	0.0087	8596	0.3322	17055	0.659	3	0.0001
Eledone_cirrhosa	65392	2934944304	28359381595	3510.958	2790.0	228197	433682.7379	275859.0	1199301	222541.0	345934.0629	0.929	0.9007	848.0	13819	4.732	2064	0.0316	33696	0.5153	22.2805	3227	0.0493	16499	0.2523	45282	0.6925	384	0.0059
Elegia_similella	5137	780370363	2513762578	2891.6416	2607.0	32893	489344.4769	495106.0	1196813	376730.0	425495.5293	0.969	0.9515	958.0	2118	2.4254	1	0.0002	3375	0.657	6.5828	313	0.0609	874	0.1701	3936	0.7662	14	0.0027
Eleocharis_palustris	138963	4659141940	63114744431	3720.7362	3056.0	298258	454183.8074	403806.0	1199364	382020.0	436730.6301	0.891	0.8846	900.0	31068	4.4729	57	0.0004	91087	0.6555	29.8259	1113	0.008	25873	0.1862	111972	0.8058	5	0.0
Eleocharis_parvula	33339	1095573407	15907601953	3154.5413	2524.0	66552	477146.9436	447967.0	1199136	430260.0	464431.9184	0.877	0.8733	892.0	8073	4.1297	4	0.0001	23472	0.704	30.4306	190	0.0057	5102	0.153	28047	0.8413	0	0.0
Eleocharis_quinqueflora	5698	497348407	2817725361	4682.9063	3140.5	108392	494511.2954	474651.5	1193124	425049.5	455116.606	0.753	0.7776	802.0	1275	4.469	20	0.0035	4254	0.7466	11.4568	71	0.0125	832	0.146	4795	0.8415	0	0.0
Elgiva_cucularia	10905	946820869	4650298391	3016.5857	2559.0	46100	426437.2665	371817.0	1187923	332422.0	399563.607	0.938	0.9207	938.0	4259	2.5605	39	0.0036	6807	0.6242	11.5175	286	0.0262	2414	0.2214	8202	0.7521	3	0.0003
Elmis_aenea	1865	494391324	830655108	4440.8772	2994.0	69052	445391.4788	426948.0	1190677	361527.0	413740.7775	0.927	0.9056	946.0	615	3.0325	48	0.0257	1154	0.6188	3.7723	32	0.0172	446	0.2391	1387	0.7437	0	0.0
Eloeophila_maculata	59944	1371495073	28400707932	2986.5993	2717.0	332254	473787.3337	449079.0	1198676	398437.0	444720.3344	0.95	0.9399	946.0	4534	13.221	119	0.002	39544	0.6597	43.707	571	0.0095	10570	0.1763	48794	0.814	9	0.0002
Elophila_nymphaeata	3928	730179858	1895885325	3113.4812	2567.0	22343	482659.1968	467903.0	1193901	424490.0	455167.8063	0.956	0.9294	960.0	2001	1.963	93	0.0237	2751	0.7004	5.3795	133	0.0339	594	0.1512	3199	0.8144	2	0.0005
Emberiza_calandra	12352	1165736089	4290034559	5886.4829	4410.0	111979	347314.974	212049.0	1196965	197513.0	318076.4488	0.929	0.9166	930.0	699	17.671	11	0.0009	5787	0.4685	10.5959	110	0.0089	3351	0.2713	8891	0.7198	0	0.0
Emberiza_citrinella	15928	1240323903	5014941817	6978.9945	4712.0	150970	314850.6917	191337.5	1195295	173055.5	282365.4888	0.946	0.9258	946.0	797	19.9849	18	0.0011	6404	0.4021	12.8418	81	0.0051	4713	0.2959	11134	0.699	0	0.0
Emmelina_monodactyla	2816	312212826	1309068873	3119.8548	2260.5	44405	464868.2077	433899.5	1197741	383578.0	433941.136	0.959	0.92	976.0	931	3.0247	574	0.2038	1884	0.669	9.0195	64	0.0227	518	0.1839	2232	0.7926	2	0.0007
Emmesomyia_grisea	20049	1181758577	9421165598	2683.8637	2391.0	33118	469907.0077	463348.0	1194358	368776.0	420703.3503	0.944	0.9234	932.0	4248	4.7196	244	0.0122	12769	0.6369	16.9654	698	0.0348	4145	0.2067	15193	0.7578	13	0.0006
Empetrum_nigrum	11226	542612265	4868442857	5221.2686	3560.0	78313	433675.6509	364785.0	1193555	325485.5	406059.0251	0.897	0.8921	894.0	1790	6.2715	3	0.0003	6836	0.6089	20.6888	82	0.0073	2291	0.2041	8853	0.7886	0	0.0
Empis_livida	5488	283149053	1840842391	7907.7188	4337.0	193218	335430.4648	200661.0	1196018	138569.5	266216.3041	0.892	0.8801	914.0	419	13.0979	32	0.0058	2023	0.3686	19.382	139	0.0253	2066	0.3765	3283	0.5982	0	0.0
Empis_opaca	11329	484854016	3531730998	4624.6511	3613.0	87151	311742.519	183996.0	1197758	157091.0	273044.1008	0.966	0.9449	960.0	1468	7.7173	122	0.0108	4361	0.3849	23.3658	395	0.0349	3644	0.3217	7280	0.6426	10	0.0009
Empis_stercorea	5139	339576290	2032542654	4153.8457	2973.0	183729	395513.2621	241575.0	1197020	217287.0	348601.6324	0.897	0.8866	898.0	1026	5.0088	31	0.006	2604	0.5067	15.1336	80	0.0156	1324	0.2576	3735	0.7268	0	0.0
Empoasca_decipiens	13456	1369039620	5580945433	3193.5179	2548.0	44912	414755.16	329689.5	1198778	296944.5	387871.8549	0.926	0.9011	934.0	5098	2.6395	201	0.0149	7812	0.5806	9.8288	281	0.0209	3365	0.2501	9802	0.7284	8	0.0006
Encalypta_ciliata	17178	399653489	8129178024	4203.1961	3700.0	78077	473231.926	436602.0	1197502	419288.0	459130.8241	0.953	0.9395	942.0	2745	6.2579	1	0.0001	11832	0.6888	42.9822	90	0.0052	2952	0.1718	14135	0.8229	1	0.0001
Encalypta_streptocarpa	21765	385363718	8862727633	3920.9926	3506.0	79156	407200.902	316495.0	1194632	299435.0	392250.9494	0.917	0.9106	908.0	2469	8.8153	6	0.0003	12518	0.5751	56.4791	334	0.0153	5571	0.256	15860	0.7287	0	0.0
Endeis_spinosa	901	177880385	226714877	3605.1487	2687.0	28022	251625.8346	104553.0	1154349	85931.0	236799.9734	0.956	0.9179	964.0	373	2.4155	16	0.0178	287	0.3185	5.0652	42	0.0466	435	0.4828	424	0.4706	0	0.0
Endomychus_coccineus	17930	899761498	7132806552	3819.7214	2550.0	149941	397814.0854	295568.0	1199133	269973.0	371535.7735	0.945	0.9343	946.0	3619	4.9544	84	0.0047	9879	0.551	19.9275	722	0.0403	4517	0.2519	12675	0.7069	16	0.0009
Endothenia_marginana	14182	864140678	6269594728	4054.4458	2877.0	93186	442081.14	390169.5	1195961	333715.0	407316.6668	0.961	0.9453	964.0	3704	3.8288	35	0.0025	8530	0.6015	16.4117	531	0.0374	2934	0.2069	10707	0.755	10	0.0007
Endothenia_ustulana	9177	964463934	3827385660	3337.5965	2612.0	47976	417062.8375	363549.0	1196179	320799.0	388145.7978	0.957	0.9317	960.0	4284	2.1422	21	0.0023	5428	0.5915	9.5151	478	0.0521	2068	0.2253	6628	0.7222	3	0.0003
Endotricha_flammealis	2579	473730747	1155814872	3146.2931	2628.0	27054	448163.9674	409895.0	1193159	340361.0	405659.4277	0.946	0.9274	952.0	1141	2.2603	21	0.0081	1613	0.6254	5.444	182	0.0706	506	0.1962	1888	0.7321	3	0.0012
Endromis_versicolora	776	391306589	272676763	4877.6495	3405.0	44000	351387.5812	182648.5	1183512	161776.5	285302.2332	0.98	0.9559	966.0	370	2.0973	0	0.0	340	0.4381	1.9831	94	0.1211	230	0.2964	452	0.5825	0	0.0
Endromopoda_detrita	4003	514126176	1486883932	4776.4544	3008.0	62919	371442.4012	259260.0	1196083	239528.0	343060.4032	0.95	0.9323	960.0	1115	3.5901	53	0.0132	2156	0.5386	7.786	178	0.0445	941	0.2351	2881	0.7197	3	0.0007
Endromopoda_phragmitidis	9782	564048302	4131497578	5602.7349	3694.0	73610	422357.1435	299313.5	1195948	246814.5	357002.65	0.964	0.9483	970.0	1464	6.6817	194	0.0198	5259	0.5376	17.3425	320	0.0327	2061	0.2107	7398	0.7563	3	0.0003
Ennomos_alniaria	634	372415260	261449769	5475.3312	3902.5	68991	412381.3391	252629.5	1190695	213251.0	305256.2192	0.979	0.9687	974.0	192	3.3021	0	0.0	337	0.5315	1.7024	61	0.0962	148	0.2334	425	0.6703	0	0.0
Ennomos_erosarius	4998	421796718	2592123047	2980.402	2619.0	15099	518632.0622	529812.5	1197086	456744.0	472969.3193	0.909	0.8984	892.0	1117	4.4745	3	0.0006	3672	0.7347	11.8493	131	0.0262	754	0.1509	4109	0.8221	4	0.0008
Ennomos_fuscantarius	2224	444703273	1205739246	3398.2513	3365.0	19268	542148.9415	597499.0	1199716	418733.5	455231.8485	0.984	0.959	970.0	854	2.6042	1	0.0004	1503	0.6758	5.0011	100	0.045	405	0.1821	1719	0.7729	0	0.0
Ennomos_quercinarius	6445	491710801	3684411301	2840.546	2687.0	17885	571669.7131	619310.0	1195791	501127.0	507780.6917	0.993	0.9756	984.0	956	6.7416	3	0.0005	4930	0.7649	13.1073	110	0.0171	758	0.1176	5575	0.865	2	0.0003
Ensis_siliqua	30372	1824182079	8839689317	4035.9916	3227.0	140587	291047.3238	187834.5	1195683	117138.0	210900.8817	0.952	0.9381	918.0	4422	6.8684	79	0.0026	7964	0.2622	16.6497	771	0.0254	12719	0.4188	16869	0.5554	13	0.0004
Entoloma_atromadidum	2055	76665223	743467190	3362.7937	2977.0	15723	361784.5207	209588.0	1190290	201868.0	341726.3314	0.887	0.8873	886.0	537	3.8268	0	0.0	994	0.4837	26.8049	37	0.018	666	0.3241	1352	0.6579	0	0.0
Entoloma_clypeatum	6449	59755820	2290978629	4278.0693	4125.0	18821	355245.5619	215534.0	1193576	206912.0	338525.1084	0.933	0.924	940.0	363	17.7658	0	0.0	3109	0.4821	107.9225	43	0.0067	1706	0.2645	4700	0.7288	0	0.0
Entomobrya_nr_imitabilis	715	276798261	191757540	5506.0028	3087.0	66944	268192.3636	153635.0	1175273	141791.0	255615.9091	0.867	0.8678	880.0	247	2.8947	51	0.0713	266	0.372	2.5831	17	0.0238	272	0.3804	426	0.5958	0	0.0
Entomortierella_parvispora	168	38486553	25405492	3912.8988	3272.5	21740	151223.1667	44589.0	1088961	36280.5	137860.3393	0.99	0.9537	993.0	77	2.1818	6	0.0357	34	0.2024	4.3652	12	0.0714	111	0.6607	45	0.2679	0	0.0
Epermenia_chaerophyllella	2443	373531890	1312260146	2819.077	2284.0	16896	537151.1036	563232.0	1181206	469829.0	493667.5068	0.944	0.933	944.0	823	2.9684	3	0.0012	1879	0.7691	6.5403	21	0.0086	291	0.1191	2131	0.8723	0	0.0
Ephebe_lanata	1927	31520625	927152760	4706.8936	5160.0	7655	481137.9139	460632.0	1178853	421968.0	460561.5563	0.909	0.9042	900.0	69	27.9275	0	0.0	1329	0.6897	61.1346	18	0.0093	319	0.1655	1590	0.8251	0	0.0
Ephemera_vulgata	4589	426642703	1267234463	4275.6598	2934.0	124022	276146.1022	160872.0	1180787	117358.0	237427.6587	0.944	0.928	958.0	1421	3.2294	119	0.0259	1518	0.3308	10.7561	647	0.141	1445	0.3149	2492	0.543	5	0.0011
Ephestia_kuehniella	1333	373712159	581387864	4376.8117	2842.0	68066	436149.9355	381525.0	1181053	342988.0	407806.8867	0.959	0.9467	964.0	445	2.9955	0	0.0	826	0.6197	3.5669	45	0.0338	249	0.1868	1037	0.7779	2	0.0015
Ephestia_unicolorella	32614	601529566	15441994020	5891.3185	6272.0	126652	473477.4643	435186.0	1199376	357701.5	428308.4267	0.973	0.9686	974.0	1628	20.0332	77	0.0024	20585	0.6312	54.2184	318	0.0098	5960	0.1827	26334	0.8074	2	0.0001
Ephialtes_manifestator	6673	560341941	2245231089	4494.985	3160.0	106773	336465.0216	211679.0	1197402	186533.0	300202.3731	0.943	0.923	946.0	1461	4.5674	47	0.007	3020	0.4526	11.9088	266	0.0399	1973	0.2957	4430	0.6639	4	0.0006
Epiblema_cirsiana	4217	592017491	1750015797	3917.5874	2562.0	56085	414990.7036	356654.0	1194469	316365.0	387429.2767	0.951	0.9282	956.0	1385	3.0448	27	0.0064	2540	0.6023	7.1231	138	0.0327	943	0.2236	3132	0.7427	4	0.0009
Epiblema_costipunctana	7027	894558682	2906006841	3713.415	2781.0	57887	413548.7179	340598.0	1189626	309169.0	385540.4235	0.956	0.9422	956.0	2909	2.4156	18	0.0026	4194	0.5968	7.8553	303	0.0431	1595	0.227	5125	0.7293	4	0.0006
Epiblema_foenella	3946	649617028	1655505551	3550.5783	2744.5	51336	419540.1802	354290.5	1192065	304224.0	383809.9562	0.945	0.9226	952.0	1526	2.5858	18	0.0046	2336	0.592	6.0743	168	0.0426	993	0.2516	2784	0.7055	1	0.0003
Epicampocera_succincta	10175	398092050	3221065700	5048.2003	3686.0	95417	316566.6536	190894.0	1198766	154354.0	259633.9835	0.955	0.923	954.0	526	19.3441	26	0.0026	3725	0.3661	25.5594	149	0.0146	3365	0.3307	6660	0.6545	1	0.0001
Epidalea_calamita	173356	3674928155	81419792110	3460.6564	3049.0	163443	469668.1517	430666.0	1198659	375251.0	435518.1221	0.95	0.9341	936.0	15417	11.2445	272	0.0016	111704	0.6444	47.1726	1702	0.0098	31065	0.1792	140565	0.8108	24	0.0001
Epilobium_ciliatum	21906	267893192	6754075053	4563.4004	3467.0	42906	308320.7821	173272.0	1195128	155280.0	268351.5456	0.914	0.9062	900.0	1072	20.4347	5	0.0002	7707	0.3518	81.7714	153	0.007	7285	0.3326	14467	0.6604	1	0.0
Epilobium_hirsutum	21718	328634256	7121573873	4660.9867	3415.0	55877	327911.1278	189368.5	1196476	167694.0	281972.9085	0.925	0.9071	906.0	1259	17.2502	0	0.0	8520	0.3923	66.0856	75	0.0035	6718	0.3093	14925	0.6872	0	0.0
Epinotia_abbreviana	5628	502338358	2698377539	6485.909	3257.0	113654	479455.8527	463343.5	1191446	369436.5	425480.3317	0.991	0.9485	980.0	1030	5.4641	61	0.0108	3618	0.6429	11.2036	176	0.0313	1091	0.1939	4359	0.7745	2	0.0004
Epinotia_bilunana	1475	657985619	634076297	3415.5329	2666.0	23954	429882.2353	401826.0	1184812	331405.0	397161.8163	0.963	0.9444	962.0	939	1.5708	0	0.0	906	0.6142	2.2417	113	0.0766	313	0.2122	1046	0.7092	3	0.002
Epinotia_brunnichana	21471	938630870	10620956953	3018.6926	2863.0	102251	494665.2207	489464.0	1198223	415912.0	455576.5	0.97	0.948	976.0	3175	6.7625	55	0.0026	14786	0.6886	22.8748	267	0.0124	3689	0.1718	17510	0.8155	5	0.0002
Epinotia_cruciana	9046	864540212	4017559039	3298.2528	2792.0	53444	444125.4741	400876.5	1188752	337134.5	401328.1687	0.937	0.9184	958.0	2588	3.4954	40	0.0044	5535	0.6119	10.4634	365	0.0403	1944	0.2149	6736	0.7446	1	0.0001
Epinotia_demarniana	4711	734760068	2080639352	3243.98	2750.0	48193	441655.5619	405256.0	1174495	361337.0	416538.2099	0.969	0.945	970.0	2210	2.1317	11	0.0023	2972	0.6309	6.4116	277	0.0588	963	0.2044	3467	0.7359	4	0.0008
Epinotia_nisella	1141	584556325	497152902	2863.2366	2361.0	18510	435716.8291	409358.0	1189289	362254.0	388500.8238	0.941	0.923	938.0	564	2.023	9	0.0079	697	0.6109	1.9519	38	0.0333	298	0.2612	803	0.7038	2	0.0018
Epinotia_ramella	4758	775362937	1832739525	4395.2255	3122.0	146321	385191.157	261739.5	1192564	235447.0	348627.6612	0.971	0.9497	974.0	1877	2.5349	12	0.0025	2529	0.5315	6.1365	151	0.0317	1313	0.276	3293	0.6921	1	0.0002
Epinotia_subocellana	2338	671408824	774153880	4180.8935	3045.5	32898	331117.9983	201184.5	1183879	188513.5	304696.6326	0.963	0.9492	972.0	1099	2.1274	4	0.0017	1098	0.4696	3.4822	174	0.0744	694	0.2968	1469	0.6283	1	0.0004
Epinotia_tenerana	2242	651981750	1045539897	3217.7899	2437.0	30972	466342.5054	450691.0	1193603	394354.0	434704.5678	0.961	0.9428	968.0	1036	2.1641	0	0.0	1505	0.6713	3.4387	31	0.0138	467	0.2083	1744	0.7779	0	0.0
Epione_repandaria	9638	846783366	3229469143	4060.919	2915.0	90014	335076.6905	191142.5	1195559	154871.5	284114.5184	0.976	0.9444	956.0	2125	4.5355	18	0.0019	3723	0.3863	11.3819	271	0.0281	3280	0.3403	6079	0.6307	8	0.0008
Epirrhoe_alternata	1084	357971812	511653562	2961.7537	2626.0	9813	472005.131	469066.5	1168151	388188.5	419447.3072	0.953	0.9147	962.0	606	1.7888	31	0.0286	709	0.6541	3.0282	82	0.0756	188	0.1734	814	0.7509	0	0.0
Epirrhoe_tristata	585	313745748	239720548	3057.8838	2511.0	12611	409778.7145	317991.0	1148057	265458.0	346809.7726	0.948	0.9229	962.0	335	1.7463	20	0.0342	327	0.559	1.8646	73	0.1248	127	0.2171	385	0.6581	0	0.0
Epirrita_christyi	2388	473994129	1086130636	3772.6202	3089.0	38284	454828.5745	406462.5	1188502	314087.0	404291.75	0.966	0.9384	952.0	872	2.7385	4	0.0017	1488	0.6231	5.038	71	0.0297	492	0.206	1823	0.7634	2	0.0008
Epistrophe_eligans	2276	402531168	599653773	4732.8963	3262.0	151374	263468.2658	136718.0	1190997	97124.0	224750.6419	0.893	0.8939	922.0	394	5.7766	39	0.0171	807	0.3546	5.6542	175	0.0769	970	0.4262	1125	0.4943	6	0.0026
Epistrophe_grossulariae	2566	554592148	679653772	3742.9719	2760.0	146128	264868.968	149978.0	1185667	116928.0	242385.4088	0.953	0.9299	964.0	1043	2.4602	43	0.0168	947	0.3691	4.6268	261	0.1017	949	0.3698	1356	0.5284	0	0.0
Epistrophella_euchroma	3154	523309982	1162677170	3773.2121	2777.0	208186	368635.7546	227326.0	1191221	212500.5	341610.0098	0.951	0.9341	958.0	970	3.2515	77	0.0244	1591	0.5044	6.027	409	0.1297	835	0.2647	1909	0.6053	1	0.0003
Episyrphus_balteatus	3650	534160621	1442564323	3266.063	2726.5	36968	395223.1022	314236.0	1189922	278162.0	366912.3216	0.941	0.9195	946.0	1409	2.5905	169	0.0463	2052	0.5622	6.8332	337	0.0923	883	0.2419	2421	0.6633	9	0.0025
Epitonium_clathrus	8904	1057674874	3038313388	4804.2278	3257.5	105289	341230.1649	205610.0	1198153	173813.0	292419.1513	0.924	0.8979	912.0	2500	3.5616	5	0.0006	3897	0.4377	8.4185	101	0.0113	2777	0.3119	6022	0.6763	4	0.0004
Eptesicus_nilssonii	22613	2068641618	9179433166	4087.7777	3403.0	86663	405936.106	247565.0	1198835	226107.0	363164.0328	0.899	0.8958	880.0	2064	10.9559	4	0.0002	11677	0.5164	10.9313	63	0.0028	5503	0.2434	17047	0.7539	0	0.0
Equisetum_palustre	371988	14272284520	167294443231	5977.5855	3718.5	325901	449730.7527	401696.0	1199374	341101.5	410024.9412	0.892	0.8912	870.0	82607	4.5031	771	0.0021	237333	0.638	26.0637	2557	0.0069	72259	0.1943	297153	0.7988	19	0.0001
Equisetum_sylvaticum	253602	10952328748	121145298655	4100.8996	3364.0	376012	477698.5144	451852.0	1199374	401791.5	448661.2113	0.869	0.8699	858.0	58880	4.3071	33	0.0001	174689	0.6888	23.1551	1158	0.0046	42356	0.167	210082	0.8284	6	0.0
Erannis_defoliaria	1722	522035704	838675635	3108.2311	2642.0	36602	487035.7927	480890.5	1195455	380833.5	429218.2822	0.964	0.9518	962.0	756	2.2778	3	0.0017	1121	0.651	3.2986	91	0.0528	346	0.2009	1285	0.7462	0	0.0
Eratigena_atrica	19177	4905313480	6771390352	3995.098	3015.0	102922	353099.5647	248241.0	1193356	234065.0	337205.0531	0.916	0.9054	912.0	8336	2.3005	52	0.0027	10146	0.5291	3.9094	2077	0.1083	4564	0.238	12511	0.6524	25	0.0013
Erebia_aethiops	2076	470296575	1161965519	3268.408	2697.0	34971	559713.6411	594163.5	1181970	459345.0	480023.2649	0.94	0.9173	914.0	701	2.9615	11	0.0053	1566	0.7543	4.4142	51	0.0246	256	0.1233	1769	0.8521	0	0.0
Erebia_epiphron	2503	522014142	1255994309	2989.37	2450.0	57736	501795.5689	515902.0	1185314	386297.0	432027.3795	0.946	0.9185	932.0	1324	1.8905	23	0.0092	1684	0.6728	4.7949	127	0.0507	444	0.1774	1932	0.7719	0	0.0
Erebia_ligea	2990	505993816	1572458895	2899.3181	2569.0	20453	525905.9849	575673.5	1190807	420765.5	444250.8545	0.916	0.8896	890.0	1035	2.8889	11	0.0037	2003	0.6699	5.9092	127	0.0425	551	0.1843	2311	0.7729	1	0.0003
Eremobia_ochroleuca	3960	620600934	2203277485	2881.899	2514.0	27795	556383.2033	582954.5	1195132	470047.0	494983.4467	0.984	0.9751	974.0	1275	3.1059	1	0.0003	2954	0.746	6.3809	19	0.0048	548	0.1384	3393	0.8568	0	0.0
Eremocoris_podagricus	32760	1863068156	8812496680	4816.4082	3282.0	210418	269001.7302	186147.0	1199697	129858.0	223600.282	0.919	0.915	938.0	4476	7.319	147	0.0045	8687	0.2652	17.5839	1374	0.0419	11469	0.3501	19903	0.6075	14	0.0004
Eremotylus_marginatus	3662	322244045	1261050528	5483.7092	3919.0	74932	344361.1491	220583.0	1199647	196659.5	315403.9274	0.938	0.9255	930.0	558	6.5627	5	0.0014	1755	0.4792	11.3641	117	0.0319	1019	0.2783	2523	0.689	3	0.0008
Erica_ciliaris	14593	437362967	5947152527	6243.7201	4806.0	49224	407534.6075	301948.0	1199061	272885.0	382677.9851	0.908	0.8981	900.0	1221	11.9517	2	0.0001	8108	0.5556	33.3659	64	0.0044	3322	0.2276	11205	0.7678	2	0.0001
Erica_cinerea	2049	314144265	781215244	5275.6179	3668.0	98280	381266.5905	298130.0	1188828	278902.0	361175.7584	0.913	0.9034	920.0	562	3.6459	6	0.0029	1182	0.5769	6.5225	39	0.019	488	0.2382	1522	0.7428	0	0.0
Erica_tetralix	9819	411305189	4113765002	5715.3965	3663.0	127553	418959.6702	325009.0	1196973	293363.0	394668.0165	0.904	0.8909	896.0	1072	9.1595	5	0.0005	5661	0.5765	23.8728	67	0.0068	2203	0.2244	7548	0.7687	1	0.0001
Erinaceus_europaeus	93217	2643585057	43245329410	4008.8811	3300.0	166008	463921.0596	403283.0	1199432	281132.0	389607.8417	0.931	0.9202	894.0	3541	26.325	2	0.0	53051	0.5691	35.2616	206	0.0022	19638	0.2107	73373	0.7871	0	0.0
Eriocrania_chrysolepidella	16948	689235769	8124459467	3045.0847	2798.0	175440	479375.7061	457158.0	1192590	390007.5	442426.6131	0.95	0.9383	944.0	1728	9.8079	3	0.0002	11205	0.6611	24.5896	212	0.0125	2916	0.1721	13819	0.8154	1	0.0001
Eriocrania_salopiella	4673	507744378	2127161134	3268.0475	2646.0	36346	455202.4682	416488.0	1195301	367390.0	426521.7047	0.962	0.9448	956.0	1502	3.1112	9	0.0019	2995	0.6409	9.2035	168	0.036	948	0.2029	3553	0.7603	4	0.0009
Eriophorum_angustifolium	10812	440236909	4414029346	3531.0093	2921.0	45733	408252.8067	327180.0	1195453	299585.0	383013.8396	0.867	0.8628	876.0	1980	5.4606	7	0.0006	6329	0.5854	24.5595	142	0.0131	2722	0.2518	7948	0.7351	0	0.0
Eriophorum_vaginatum	15395	376995203	6962253720	3919.8474	3180.0	104243	452241.229	408714.0	1197665	369744.0	427197.4791	0.862	0.8714	892.0	1279	12.0367	14	0.0009	9880	0.6418	40.8361	102	0.0066	3258	0.2116	12035	0.7817	0	0.0
Eristalinus_aeneus	7970	490080971	3300376807	2909.3895	2549.0	38661	414099.9758	309452.0	1186041	259031.5	370537.9236	0.913	0.8977	896.0	934	8.5332	50	0.0063	4351	0.5459	16.2626	124	0.0156	2203	0.2764	5636	0.7072	7	0.0009
Eristalinus_sepulchralis	3624	374053759	1440406860	3285.035	2736.0	45815	397463.2616	286071.5	1191674	254815.5	368306.4732	0.93	0.9182	928.0	439	8.2551	0	0.0	1980	0.5464	9.6884	24	0.0066	931	0.2569	2669	0.7365	0	0.0
Eristalis_arbustorum	5516	432075170	2139771983	3825.1282	2762.0	144260	387920.9541	250861.5	1191561	231507.0	356586.0208	0.913	0.9046	920.0	807	6.8352	3	0.0005	2872	0.5207	12.7663	59	0.0107	1553	0.2815	3903	0.7076	1	0.0002
Eristalis_intricaria	8792	561888636	3104350185	3801.9423	2864.0	168396	353088.0556	216438.0	1197452	200588.0	323399.0456	0.899	0.8852	890.0	1063	8.2709	90	0.0102	4301	0.4892	15.6472	163	0.0185	2866	0.326	5763	0.6555	0	0.0
Eristalis_pertinax	8852	466011607	2833132085	3870.5046	3033.0	91665	320055.5903	185753.0	1194390	170102.5	294822.6563	0.923	0.91	924.0	873	10.1397	167	0.0189	3918	0.4426	18.9952	230	0.026	3027	0.342	5593	0.6318	2	0.0002
Eristalis_tenax	5140	471546471	1664892163	3915.1914	2985.0	83672	323908.9811	193317.5	1191339	165267.5	289279.9879	0.94	0.9197	946.0	562	9.1459	32	0.0062	2212	0.4304	10.9003	83	0.0161	1823	0.3547	3234	0.6292	0	0.0
Erithacus_rubecula	4492	1033957842	888430933	4353.2932	3347.0	41422	197780.7064	101875.0	1197381	89034.5	182978.5746	0.916	0.8994	908.0	1137	3.9507	32	0.0071	1206	0.2685	4.3445	112	0.0249	2300	0.512	2080	0.463	0	0.0
Erodium_cicutarium	5489	411212657	2227450517	5194.0714	3262.0	358449	405802.6083	307213.0	1192878	286136.0	377336.1317	0.902	0.895	912.0	1234	4.4481	7	0.0013	3199	0.5828	13.3483	61	0.0111	1270	0.2314	4158	0.7575	0	0.0
Erodium_maritimum	40188	761481502	15962319006	4907.9619	3719.5	54681	397191.1766	245206.5	1199144	226177.5	366332.6694	0.949	0.9089	942.0	2998	13.4049	5	0.0001	20672	0.5144	52.7761	241	0.006	10265	0.2554	29682	0.7386	0	0.0
Erodium_moschatum	18220	751215645	8305786716	3385.6801	2811.0	51433	455860.9614	408609.5	1198783	377871.0	434932.9363	0.872	0.867	874.0	3338	5.4584	6	0.0003	11848	0.6503	24.254	111	0.0061	3307	0.1815	14800	0.8123	2	0.0001
Erpobdella_octoculata	3209	382328399	1479632560	2938.8841	2595.0	32074	461088.364	425960.0	1192689	324509.0	402925.5812	0.954	0.9251	936.0	1488	2.1566	12	0.0037	1998	0.6226	8.3933	35	0.0109	703	0.2191	2470	0.7697	1	0.0003
Eryngium_campestre	27356	838095994	12784455448	5251.669	3745.0	133854	467336.4325	428900.0	1199571	398989.0	446708.6447	0.908	0.8999	912.0	4427	6.1794	77	0.0028	18272	0.6679	32.6407	303	0.0111	4745	0.1735	22306	0.8154	2	0.0001
Erynnis_tages	520	329114246	210473005	3002.7058	2683.5	14061	404755.7788	339954.5	1191053	280822.0	364020.6288	0.977	0.9546	978.0	284	1.831	6	0.0115	298	0.5731	1.58	62	0.1192	121	0.2327	337	0.6481	0	0.0
Esperia_sulphurella	2598	453125121	1267554591	2950.729	2247.0	17374	487896.3014	476188.0	1190341	368737.0	427968.1405	0.948	0.9411	942.0	808	3.2153	26	0.01	1679	0.6463	5.7335	109	0.042	512	0.1971	1972	0.759	5	0.0019
Estheria_cristata	9225	779968317	3569895969	4984.3104	3260.0	360879	386980.5928	229552.0	1196045	210620.0	353877.2676	0.955	0.9421	970.0	1302	7.0853	16	0.0017	4535	0.4916	11.8274	255	0.0276	2097	0.2273	6872	0.7449	1	0.0001
Ethiromyia_chalybea	9518	877804460	4134515846	3276.1412	2665.0	103819	434389.1412	384027.0	1195419	334537.5	401764.7443	0.927	0.9122	924.0	3351	2.8403	17	0.0018	5763	0.6055	10.843	268	0.0282	2239	0.2352	7011	0.7366	0	0.0
Ethmia_dodecea	1760	456984540	874756977	2784.5403	2495.0	18465	497021.0097	516843.0	1182271	377712.0	435806.8994	0.9335	0.9222	938.0	864	2.037	2	0.0011	1164	0.6614	3.8513	84	0.0477	323	0.1835	1348	0.7659	5	0.0028
Ethmia_quadrillella	2129	447323384	1004900854	3673.9112	2524.0	44572	472006.0376	458925.0	1184913	348558.0	413917.6477	0.928	0.9237	928.0	877	2.4276	13	0.0061	1379	0.6477	4.7594	84	0.0395	390	0.1832	1652	0.776	3	0.0014
Euchoeca_nebulata	816	416136296	311081012	6761.587	3600.0	82208	381226.7304	220288.0	1174883	197706.5	327215.0257	0.992	0.9738	992.0	329	2.4802	0	0.0	395	0.4841	1.9609	36	0.0441	208	0.2549	570	0.6985	2	0.0025
Euclidia_mi	42378	2310012224	20599613171	3177.1852	2730.5	89021	486092.1509	474488.5	1196654	426344.5	458779.5378	0.925	0.9166	926.0	15946	2.6576	120	0.0028	30081	0.7098	18.3454	1581	0.0373	6084	0.1436	34675	0.8182	38	0.0009
Eucosma_cana	4676	546058442	1989482677	2840.8531	2521.0	44448	425466.7829	371794.5	1190708	323491.0	392971.3929	0.888	0.8803	930.0	1402	3.3352	82	0.0175	2812	0.6014	8.5632	272	0.0582	1086	0.2322	3314	0.7087	4	0.0009
Eudasyphora_cyanicolor	29348	1447247790	13258331100	2985.3787	2626.0	87782	451762.6789	397207.5	1197759	306197.5	394977.8468	0.939	0.9194	926.0	4567	6.4261	55	0.0019	17141	0.5841	20.2785	639	0.0218	6375	0.2172	22322	0.7606	12	0.0004
Eudemis_profundana	2721	690944375	1230472561	3694.5101	2718.0	59720	452213.3631	429834.0	1184901	366516.0	418448.3716	0.971	0.9385	972.0	1643	1.6561	52	0.0191	1704	0.6262	3.9381	133	0.0489	620	0.2279	1966	0.7225	2	0.0007
Eudocimus_ruber	7107	1271656393	2641199958	4998.1521	3471.0	234872	371633.5948	241903.0	1195969	220629.0	335709.7419	0.942	0.9349	934.0	683	10.4056	1	0.0001	3678	0.5175	5.5888	54	0.0076	1925	0.2709	5128	0.7215	0	0.0
Eudonia_lacustrata	3728	697465519	1946865780	3161.2927	2722.0	53909	522227.9453	529279.0	1197932	439052.5	477087.7264	0.965	0.9508	950.0	1623	2.297	7	0.0019	2719	0.7293	5.3451	78	0.0209	500	0.1341	3149	0.8447	1	0.0003
Eudonia_lineola	1750	538558290	642679590	4306.0326	3165.0	22262	367245.48	215187.5	1197621	200609.0	316834.0829	0.994	0.9659	990.0	821	2.1315	40	0.0229	861	0.492	3.2494	125	0.0714	471	0.2691	1154	0.6594	0	0.0
Eudonia_mercurella	1461	570006275	680872177	3473.5996	2692.0	21159	466031.6064	431569.0	1188915	354562.0	416153.0753	0.978	0.957	974.0	881	1.6583	0	0.0	932	0.6379	2.5631	28	0.0192	340	0.2327	1093	0.7481	0	0.0
Eudonia_murana	11544	721948176	4483373371	8360.4427	5128.5	120657	388372.6066	243424.5	1199444	220238.0	349581.7594	0.995	0.9795	996.0	1804	6.3991	30	0.0026	5923	0.5131	15.9901	436	0.0378	2675	0.2317	8377	0.7257	56	0.0049
Eudonia_pallida	15369	919828938	8061583033	3198.8556	2721.0	70215	524535.3005	538567.0	1194879	456442.0	479846.6927	0.959	0.9489	958.0	3501	4.3899	41	0.0027	11103	0.7224	16.7085	482	0.0314	2100	0.1366	12780	0.8315	7	0.0005
Eudonia_truncicolella	481	498587218	224127563	3345.3202	2766.0	7587	465961.6694	465530.0	1183817	346427.0	410525.578	0.986	0.9654	984.0	321	1.4984	2	0.0042	300	0.6237	0.9647	28	0.0582	92	0.1913	360	0.7484	1	0.0021
Eugnorisma_glareosa	2799	629997580	1143818302	3005.2308	2523.0	65985	408652.4837	339190.0	1187031	306280.0	381694.2183	0.95	0.9118	946.0	1293	2.1647	39	0.0139	1615	0.577	4.4429	124	0.0443	692	0.2472	1983	0.7085	0	0.0
Eulagius_filicornis	1186	132414386	239392118	4622.5818	3488.5	20213	201848.3288	131479.0	1156801	83695.5	168337.8693	0.864	0.8808	914.0	219	5.4155	3	0.0025	269	0.2268	8.9567	30	0.0253	630	0.5312	526	0.4435	0	0.0
Eulalia_xanthomucosa	13998	2284058687	5412755896	3402.743	2741.0	40912	386680.6612	260964.5	1198462	224365.0	335391.2517	0.933	0.9047	924.0	5621	2.4903	40	0.0029	7330	0.5236	6.1286	484	0.0346	4614	0.3296	8893	0.6353	7	0.0005
Eulamprotes_atrella	4906	615508738	2280868140	3384.2697	2635.5	191642	464914.0114	439682.5	1196246	384538.5	431614.3392	0.956	0.9389	958.0	1604	3.0586	4	0.0008	3204	0.6531	7.9706	176	0.0359	975	0.1987	3755	0.7654	0	0.0
Eulithis_prunata	317	263131874	135417518	3612.164	3022.0	18623	427184.5994	350220.0	1147346	293498.0	380728.4953	0.951	0.9441	954.0	167	1.8982	1	0.0032	185	0.5836	1.2047	13	0.041	88	0.2776	216	0.6814	0	0.0
Eulithis_testata	679	307856822	317442252	3893.9175	2963.0	25434	467514.3623	444003.0	1173347	355427.0	422553.9087	0.951	0.9198	962.0	298	2.2785	18	0.0265	445	0.6554	2.2056	15	0.0221	138	0.2032	526	0.7747	0	0.0
Eumerus_sabulonum	41260	711091944	17339871954	2856.2431	2571.0	92733	420258.6513	305117.0	1198190	252482.0	371966.4946	0.924	0.9105	910.0	3316	12.4427	118	0.0029	22191	0.5378	58.0234	417	0.0101	10429	0.2528	30408	0.737	6	0.0001
Euonymus_europaeus	9845	441674322	4108523964	9587.8938	3920.0	258038	417320.8699	241246.0	1199367	209115.0	341590.0153	0.9	0.8922	910.0	1051	9.3673	3	0.0003	4895	0.4972	22.2902	110	0.0112	2571	0.2611	7162	0.7275	2	0.0002
Eupeodes_corollae	7134	616877266	3037824772	3024.9648	2406.0	72627	425823.4892	352623.0	1190683	306804.5	392568.4574	0.901	0.8936	896.0	2032	3.5108	0	0.0	4268	0.5983	11.5647	59	0.0083	1633	0.2289	5441	0.7627	1	0.0001
Eupeodes_latifasciatus	13485	822700837	5892580705	3313.3182	2711.0	120448	436972.9852	391450.0	1197183	352372.0	409832.7568	0.95	0.9376	952.0	3948	3.4157	38	0.0028	8433	0.6254	16.3911	449	0.0333	2848	0.2112	10184	0.7552	4	0.0003
Eupeodes_luniger	5782	614991459	2389488223	3892.3819	2951.5	78584	413263.2693	332511.5	1182394	303400.5	387679.3392	0.948	0.9361	950.0	1410	4.1007	32	0.0055	3456	0.5977	9.4018	165	0.0285	1282	0.2217	4331	0.749	4	0.0007
Euphorbia_amygdaloides	262693	2802677787	104313594188	4444.6727	3663.0	112630	397093.1627	270032.0	1199722	249654.0	375837.205	0.908	0.9003	910.0	21257	12.358	150	0.0006	140584	0.5352	93.7293	1703	0.0065	61840	0.2354	199132	0.758	18	0.0001
Euphorbia_helioscopia	23737	852558624	10080354095	4920.6733	4033.0	116197	424668.412	350679.0	1197643	323771.0	403278.3361	0.921	0.9137	934.0	2810	8.4473	34	0.0014	14345	0.6043	27.8421	209	0.0088	5056	0.213	18470	0.7781	2	0.0001
Euphorbia_lathyris	62482	1020437689	28247428117	4220.8918	3558.0	98621	452089.0515	401510.5	1198716	376804.0	434206.7678	0.891	0.8893	900.0	6592	9.4785	41	0.0007	40311	0.6452	61.2306	365	0.0058	11451	0.1833	50663	0.8108	3	0.0
Euphorbia_maculata	18225	742030008	7383622274	4679.567	3355.0	172859	405137.0246	307752.0	1199231	285815.0	383811.4236	0.888	0.8863	896.0	2862	6.3679	0	0.0	10608	0.5821	24.561	93	0.0051	3961	0.2173	14170	0.7775	1	0.0001
Euphorbia_peplus	14183	276976128	4803773431	6239.1262	5584.0	144260	338699.3888	199079.0	1195623	181593.0	309510.4052	0.917	0.9115	918.0	540	26.2648	3	0.0002	6122	0.4316	51.2066	103	0.0073	4054	0.2858	10024	0.7068	2	0.0001
Euphrasia_confusa	97704	954770658	32251455642	4405.7284	3821.0	111407	330093.5033	181321.5	1195757	166004.5	293520.4265	0.909	0.8981	916.0	3981	24.5426	30	0.0003	37979	0.3887	102.3324	738	0.0076	30890	0.3162	66069	0.6762	7	0.0001
Euphrasia_nemorosa	101603	965250129	33540358330	4460.8341	3835.0	201931	330111.8897	182674.0	1199356	165429.0	292182.7176	0.91	0.8993	916.0	3851	26.3835	24	0.0002	39217	0.386	105.2608	712	0.007	32106	0.316	68780	0.6769	5	0.0
Euphrasia_tetraquetra	95359	944536122	31656960036	4595.6906	3818.0	225993	331976.636	182756.0	1198326	166632.0	295409.885	0.909	0.8991	916.0	3716	25.6617	13	0.0001	37427	0.3925	100.9586	696	0.0073	30161	0.3163	64498	0.6764	4	0.0
Euphydryas_aurinia	6546	711267052	3037280075	3012.4693	2616.0	31150	463990.2345	448423.5	1191532	393533.5	434558.9863	0.969	0.9541	966.0	3176	2.0611	30	0.0046	4261	0.6509	9.2033	411	0.0628	1235	0.1887	4896	0.7479	4	0.0006
Eupithecia_abbreviata	2120	382474151	736088675	5065.5736	3162.0	95786	347211.6392	196855.5	1185906	184393.5	293993.1085	0.988	0.9714	984.0	424	5.0	8	0.0038	941	0.4439	5.5429	41	0.0193	593	0.2797	1485	0.7005	1	0.0005
Eupithecia_absinthiata	2356	438059835	962165867	4659.3786	2855.0	43447	408389.587	302229.0	1182318	260529.0	364276.6885	0.975	0.9481	968.0	1002	2.3513	10	0.0042	1346	0.5713	5.3783	115	0.0488	507	0.2152	1732	0.7351	2	0.0008
Eupithecia_centaureata	4916	456386519	2114350345	3517.9585	2848.0	29187	430095.6764	323444.5	1185404	270759.0	380130.6377	0.958	0.9452	954.0	1386	3.5469	85	0.0173	2844	0.5785	10.7716	113	0.023	1166	0.2372	3634	0.7392	3	0.0006
Eupithecia_dodoneata	601	353611563	170871076	3759.2097	2971.0	23862	284311.2745	139766.0	1130013	106864.0	242166.6007	0.964	0.9544	972.0	268	2.2425	6	0.01	217	0.3611	1.6996	40	0.0666	248	0.4126	311	0.5175	2	0.0033
Eupithecia_exiguata	699	372853882	294548217	2820.2775	2561.0	8695	421385.1459	380247.0	1153243	346180.0	389232.1688	0.975	0.9632	986.0	366	1.9098	3	0.0043	430	0.6152	1.8747	57	0.0815	141	0.2017	501	0.7167	0	0.0
Eupithecia_haworthiata	2100	419477816	578943505	5598.0514	4081.5	50531	275687.3833	171586.5	1168111	140240.0	235857.6567	0.97	0.9466	937.0	478	4.3933	2	0.001	716	0.341	5.0062	66	0.0314	749	0.3567	1284	0.6114	1	0.0005
Eupithecia_icterata	2584	457154938	1235889754	3294.0813	2744.0	23344	478285.5085	462431.0	1190745	365394.0	426611.6846	0.965	0.9478	962.0	928	2.7845	3	0.0012	1658	0.6416	5.6524	110	0.0426	513	0.1985	1960	0.7585	1	0.0004
Eupithecia_insigniata	1736	438024930	630230808	4079.4372	2885.0	34479	363036.1797	215123.0	1174761	199822.0	317693.822	0.99	0.9462	980.0	654	2.6544	8	0.0046	859	0.4948	3.9632	149	0.0858	467	0.269	1118	0.644	2	0.0012
Eupithecia_inturbata	541	418965799	210962737	3095.9852	2572.0	8631	389949.6063	304254.0	1182516	280920.0	363506.7024	0.981	0.9614	978.0	345	1.5681	4	0.0074	304	0.5619	1.2913	40	0.0739	113	0.2089	387	0.7153	1	0.0018
Eupithecia_lariciata	5483	481457188	2926423110	4315.9867	2799.0	127535	533726.6296	559671.0	1194857	428841.0	465893.8326	0.972	0.9646	968.0	1090	5.0303	3	0.0005	3857	0.7034	11.3883	88	0.016	858	0.1565	4536	0.8273	1	0.0002
Eupithecia_linariata	1759	363050235	886699315	3322.6538	2824.0	25731	504092.8454	507235.0	1178188	408511.0	452967.0722	0.978	0.9507	970.0	582	3.0223	3	0.0017	1222	0.6947	4.8451	51	0.029	281	0.1597	1425	0.8101	2	0.0011
Eupithecia_nanata	19899	630745746	10101044591	3971.7485	3043.0	92393	507615.6888	515865.0	1197963	373543.0	437612.974	0.974	0.9645	962.0	1544	12.888	11	0.0006	12819	0.6442	31.5484	216	0.0109	3534	0.1776	16146	0.8114	3	0.0002
Eupithecia_phoeniceata	1208	406236161	504419250	5023.8179	3154.0	35608	417565.6043	292319.0	1186042	244913.5	361839.231	0.986	0.9633	978.0	474	2.5485	8	0.0066	667	0.5522	2.9736	85	0.0704	267	0.221	854	0.707	2	0.0017
Eupithecia_pimpinellata	2190	505655075	963795608	4680.9347	3076.0	68666	440089.3187	355506.5	1192351	291389.5	395046.09	0.96	0.9387	956.0	770	2.8442	32	0.0146	1346	0.6146	4.331	73	0.0333	444	0.2027	1673	0.7639	0	0.0
Eupithecia_pulchellata	3800	373309747	2105524401	2938.06	3001.0	24974	554085.3687	578787.0	1190459	477228.5	498314.5618	0.98	0.9684	976.0	802	4.7382	2	0.0005	2852	0.7505	10.1792	46	0.0121	469	0.1234	3285	0.8645	0	0.0
Eupithecia_pusillata	1092	398561157	550707797	3615.2408	2809.0	16762	504311.1694	506695.0	1186134	366954.0	439984.8141	0.946	0.9262	917.0	411	2.6569	8	0.0073	678	0.6209	2.7399	114	0.1044	188	0.1722	790	0.7234	0	0.0
Eupithecia_subfuscata	1686	503192784	775502237	3228.2888	2631.5	42924	459965.7396	451759.0	1190068	362887.0	411844.5741	0.9485	0.9299	950.0	894	1.8859	6	0.0036	1081	0.6412	3.3506	71	0.0421	331	0.1963	1284	0.7616	0	0.0
Eupithecia_subumbrata	2131	495625221	1077664513	2913.8602	2538.0	13715	505708.359	531689.0	1181126	441610.0	457393.4754	0.96	0.9206	958.0	1228	1.7353	4	0.0019	1462	0.6861	4.2996	103	0.0483	393	0.1844	1631	0.7654	4	0.0019
Eupithecia_tripunctaria	2228	491200661	866540409	3319.8375	2732.5	33088	388931.961	223554.0	1192054	205827.5	351004.4502	0.967	0.9375	958.0	960	2.3208	11	0.0049	1117	0.5013	4.5358	91	0.0408	714	0.3205	1422	0.6382	1	0.0004
Eupithecia_ultimaria	2956	520200395	1059608590	6090.112	2915.5	117985	358460.2808	195155.5	1190221	175469.0	313244.2395	0.943	0.9011	934.0	937	3.1547	60	0.0203	1395	0.4719	5.6824	162	0.0548	993	0.3359	1798	0.6083	3	0.001
Eupithecia_valerianata	1610	428822294	694404172	2997.8652	2502.0	18848	431306.9391	372525.0	1187265	322781.5	400829.687	0.97	0.955	976.0	608	2.648	4	0.0025	974	0.605	3.7545	113	0.0702	322	0.2	1173	0.7286	2	0.0012
Eupithecia_vulgata	3062	454374414	1587371656	2462.6068	2188.0	14111	518410.0771	540301.0	1198195	430108.0	457178.0346	0.952	0.9417	946.0	764	4.0079	7	0.0023	2136	0.6976	6.7389	106	0.0346	496	0.162	2455	0.8018	5	0.0016
Euplagia_quadripunctaria	1198	665756625	446849572	3395.4649	2779.0	24693	372996.3038	232469.5	1183853	216587.0	337360.6043	0.949	0.9286	941.0	557	2.1508	0	0.0	623	0.52	1.7995	17	0.0142	335	0.2796	846	0.7062	0	0.0
Euplexia_lucipara	2167	659196914	1013026168	2957.9995	2418.0	35105	467478.6193	464910.0	1194785	386139.0	426743.9368	0.948	0.9236	942.0	1241	1.7462	7	0.0032	1401	0.6465	3.2873	124	0.0572	422	0.1947	1620	0.7476	1	0.0005
Eupoecilia_angustana	2010	405405221	816891564	4752.008	3171.0	32988	406413.7134	311476.0	1183566	267366.5	360279.8597	0.974	0.9562	974.0	690	2.913	0	0.0	1144	0.5692	4.958	38	0.0189	561	0.2791	1411	0.702	0	0.0
Euproctis_chrysorrhoea	12404	491702974	7235651016	2861.9508	2477.0	64708	583332.0716	638624.0	1198111	473110.0	491075.2629	0.955	0.9491	926.0	522	23.7625	7	0.0006	9352	0.754	25.2266	106	0.0085	1621	0.1307	10677	0.8608	0	0.0
Euproctis_similis	4948	507390924	2539743879	2882.8852	2588.5	13822	513286.9602	533960.5	1186853	392053.5	440488.847	0.96	0.9454	938.0	1519	3.2574	6	0.0012	3372	0.6815	9.7518	155	0.0313	773	0.1562	4019	0.8122	1	0.0002
Eupsilia_transversa	3414	466907300	1188607584	2871.3568	2523.5	34725	348156.8787	199505.5	1185724	189766.0	314786.1183	0.991	0.9762	992.0	531	6.4294	4	0.0012	1550	0.454	7.3119	97	0.0284	1029	0.3014	2288	0.6702	0	0.0
Eurhadina_loewii	33162	1771189791	13350044859	3739.2959	2964.5	105700	402570.5584	327352.5	1199603	305105.0	383856.5582	0.941	0.9267	942.0	7772	4.2669	785	0.0237	19333	0.583	18.723	2765	0.0834	7119	0.2147	22907	0.6908	371	0.0112
Eurois_occulta	2870	603207235	1289432137	2894.9129	2532.0	21774	449279.4902	415868.0	1182643	369167.0	419291.376	0.961	0.9376	964.0	1282	2.2387	28	0.0098	1827	0.6366	4.7579	92	0.0321	600	0.2091	2177	0.7585	1	0.0003
Eurygaster_testudinaria	6877	899168314	2578053480	3514.6231	2865.0	49086	374880.5409	235901.0	1192862	219190.0	343909.8611	0.944	0.9246	932.0	1909	3.6024	26	0.0038	3524	0.5124	7.6482	438	0.0637	1828	0.2658	4606	0.6698	5	0.0007
Eurysa_lineata	17020	1142026738	7435835059	4073.3659	3017.0	53967	436888.0763	369359.0	1194905	324090.0	403469.7241	0.942	0.9226	940.0	4763	3.5734	787	0.0462	10105	0.5937	14.9033	592	0.0348	3769	0.2214	12608	0.7408	51	0.003
Euscorpius_flavicaudis	176833	3130551569	74355716128	3092.1364	2854.0	134917	420485.521	357133.0	1199486	329768.0	400331.1408	0.964	0.952	962.0	18693	9.4599	470	0.0027	107300	0.6068	56.4862	10581	0.0598	33472	0.1893	132561	0.7496	219	0.0012
Euspilapteryx_auroguttella	3132	329502807	1691144304	3088.1766	2607.5	33631	539956.6743	553355.5	1187375	454090.0	479956.0061	0.967	0.9529	962.0	1195	2.6209	6	0.0019	2325	0.7423	9.5052	70	0.0223	418	0.1335	2644	0.8442	0	0.0
Eustalomyia_histrio	9406	868062990	3408817550	3214.0694	2808.0	46777	362408.8401	220700.0	1196984	198022.0	328047.4125	0.91	0.8782	898.0	2331	4.0352	232	0.0247	4559	0.4847	10.8356	428	0.0455	3091	0.3286	5874	0.6245	13	0.0014
Euthrix_potatoria	2424	486878475	1288931570	2644.1951	2490.0	41584	531737.4464	555453.0	1189490	457969.0	481528.2875	0.989	0.9677	982.0	699	3.4678	81	0.0334	1723	0.7108	4.9787	102	0.0421	342	0.1411	1978	0.816	2	0.0008
Euthycera_fumigata	10382	1006745878	4333448536	3172.0822	2595.0	36059	417400.1672	354350.0	1194403	331337.0	400839.0758	0.93	0.9235	934.0	3395	3.058	78	0.0075	6352	0.6118	10.3124	233	0.0224	2343	0.2257	7802	0.7515	4	0.0004
Eutolmus_rufibarbis	1941	285910259	674445626	5219.5677	3496.0	101761	347473.2746	211405.0	1194548	184780.0	299844.5183	0.975	0.9584	974.0	294	6.602	3	0.0015	873	0.4498	6.7888	59	0.0304	506	0.2607	1372	0.7069	4	0.0021
Eutomostethus_luteiventris	4225	263716962	1619350296	4590.414	3629.0	68480	383278.1766	284484.0	1191125	268701.0	363744.4987	0.947	0.9234	950.0	770	5.487	12	0.0028	2365	0.5598	16.021	117	0.0277	1118	0.2646	2984	0.7063	6	0.0014
Eutrigla_gurnardus	3862	661133784	1438432511	3759.9208	2904.5	51211	372457.9262	269903.5	1194676	247459.0	345438.5451	0.952	0.9336	952.0	719	5.3713	48	0.0124	2141	0.5544	5.8415	53	0.0137	837	0.2167	2972	0.7695	0	0.0
Euura_bergmanni	1507	241114061	467501251	5990.7545	3219.0	55216	310219.8082	209792.0	1184608	188548.0	283313.9263	0.958	0.9353	970.0	562	2.6815	8	0.0053	729	0.4837	6.2502	95	0.063	443	0.294	968	0.6423	1	0.0007
Euura_tibialis	1824	238787123	559641098	4884.9863	3815.0	31346	306820.7774	190835.0	1191389	160220.5	278714.4446	0.932	0.893	942.0	578	3.1557	3	0.0016	807	0.4424	7.6386	96	0.0526	617	0.3383	1110	0.6086	1	0.0005
Euzophera_pinguis	3636	463498923	1868270442	3305.2646	3276.0	23154	513825.7541	520210.5	1193647	449803.0	472823.7924	0.995	0.9822	996.0	776	4.6856	3	0.0008	2589	0.712	7.8447	80	0.022	535	0.1471	3020	0.8306	1	0.0003
Evergestis_limbata	5959	820080276	3003774637	3300.3376	2967.0	25822	504073.6092	507524.0	1192077	434279.0	464283.3989	0.966	0.9524	962.0	1501	3.97	11	0.0018	4119	0.6912	7.2664	277	0.0465	857	0.1438	4823	0.8094	2	0.0003
Exephanes_ischioxanthus	4115	280819076	999298834	4276.8651	3595.0	58878	242842.973	84405.0	1197507	51305.0	216835.0707	0.918	0.9073	978.0	599	6.8698	226	0.0549	1278	0.3106	14.6536	358	0.087	2132	0.5181	1620	0.3937	5	0.0012
Fabriciana_adippe	8561	479810774	4021676894	2427.5386	2164.0	39613	469767.1877	439430.0	1185539	334071.0	407033.4321	0.95	0.9239	902.0	875	9.784	35	0.0041	5269	0.6155	17.8425	187	0.0218	1749	0.2043	6623	0.7736	2	0.0002
Fabulina_fabula	8425	1952141738	3618138460	3461.9727	2585.0	115590	429452.6362	353820.0	1193760	269053.0	359500.4888	0.926	0.9002	892.0	4277	1.9698	107	0.0127	4738	0.5624	4.3158	424	0.0503	2104	0.2497	5891	0.6992	6	0.0007
Facelina_auriculata	9154	921949956	3770285674	6098.4085	4224.0	230437	411873.0253	225270.0	1194610	196596.0	321628.3952	0.952	0.9347	892.0	2213	4.1365	6	0.0007	4249	0.4642	9.929	108	0.0118	2291	0.2503	6754	0.7378	1	0.0001
Fagus_sylvatica	10975	471775238	3592785859	4325.5929	3484.0	40941	327360.8983	192748.0	1188851	174971.0	296322.1638	0.907	0.8937	898.0	1581	6.9418	9	0.0008	4886	0.4452	23.2632	153	0.0139	3682	0.3355	7140	0.6506	0	0.0
Falcaria_lacertinaria	1836	300065591	937650381	3708.8894	2310.0	42645	510702.8219	502595.5	1194514	417176.5	455414.9575	1.0	0.9898	1000.0	294	6.2449	2	0.0011	1285	0.6999	6.1187	44	0.024	285	0.1552	1507	0.8208	0	0.0
Falco_peregrinus	4861	1188204706	1666425543	8712.5896	4031.0	166708	342815.3761	217827.0	1193556	195680.0	305434.7741	0.974	0.9524	970.0	500	9.722	1	0.0002	2281	0.4692	4.091	44	0.0091	1252	0.2576	3565	0.7334	0	0.0
Falco_punctatus	5451	1313827408	1743661114	7393.018	3738.0	159987	319879.1257	202352.0	1189198	182426.0	296612.1941	0.957	0.9074	950.0	635	8.5843	233	0.0427	2483	0.4555	4.1489	64	0.0117	1681	0.3084	3706	0.6799	0	0.0
Falco_tinnunculus	6365	1171454877	1606158302	7809.3016	4278.0	251698	252342.2313	180396.0	1182129	142680.0	214838.8688	0.96	0.9271	954.0	437	14.5652	9	0.0014	1792	0.2815	5.4334	40	0.0063	2079	0.3266	4246	0.6671	0	0.0
Fallopia_convolvulus	44011	1237146390	19932515599	4099.1556	3382.0	49804	452898.4935	396755.0	1199485	371094.0	433747.2941	0.894	0.8862	898.0	6509	6.7616	7	0.0002	28642	0.6508	35.5746	220	0.005	8067	0.1833	35722	0.8117	2	0.0
Falseuncaria_ruficiliana	3273	431854611	1562239661	4630.0834	3152.0	44292	477311.2316	456890.0	1187014	371128.0	425799.2893	0.976	0.9602	976.0	978	3.3466	20	0.0061	2170	0.663	7.5789	46	0.0141	578	0.1766	2649	0.8093	0	0.0
Favorinus_blianus	4347	785385300	1801820674	4441.1753	3095.0	198858	414497.5095	241487.0	1186300	212937.0	346502.3108	0.941	0.9225	918.0	1698	2.5601	54	0.0124	2199	0.5059	5.5349	90	0.0207	1124	0.2586	3130	0.72	3	0.0007
Ferdinandea_cuprea	3098	556610010	1207264669	3401.0939	2678.0	55232	389691.6298	281458.5	1188113	252606.5	354140.3867	0.934	0.9186	928.0	935	3.3134	3	0.001	1702	0.5494	5.5658	43	0.0139	761	0.2456	2294	0.7405	0	0.0
Festuca_heterophylla	265704	4806417020	112326472271	4387.4675	3420.0	258434	422750.4	321943.5	1199231	297375.5	395795.2615	0.885	0.8813	900.0	32273	8.233	55	0.0002	152880	0.5754	55.2811	1388	0.0052	54226	0.2041	210088	0.7907	2	0.0
Ficedula_hypoleuca	35386	1247266342	10548596090	9001.9511	5637.0	125311	298100.8334	179025.0	1197170	148460.0	245793.0903	0.97	0.9487	953.0	711	49.7693	150	0.0042	11147	0.315	28.3708	475	0.0134	11811	0.3338	23099	0.6528	1	0.0
Filago_lutescens	16845	643525893	6644978752	3933.6619	3285.0	86738	394477.8125	288235.0	1192792	267158.0	374754.5284	0.871	0.8703	874.0	2578	6.5341	1	0.0001	9467	0.562	26.1761	72	0.0043	3899	0.2315	12874	0.7643	0	0.0
Filago_pyramidata	13846	617716391	5554482089	5173.2777	3514.5	128423	401161.4971	302652.5	1197493	281744.0	380854.4203	0.889	0.8864	888.0	1936	7.1519	2	0.0001	7961	0.575	22.4148	66	0.0048	3101	0.224	10677	0.7711	2	0.0001
Filipendula_ulmaria	4661	270328874	2126000098	3238.8863	2715.0	26768	456125.316	411320.0	1173438	384383.0	436898.9938	0.894	0.8826	902.0	1113	4.1878	9	0.0019	3179	0.682	17.242	70	0.015	803	0.1723	3788	0.8127	0	0.0
Filipendula_vulgaris	13117	340650311	6013898115	3971.7536	2971.0	45636	458481.2164	410113.0	1196323	373342.0	434669.7792	0.905	0.8964	912.0	1903	6.8928	17	0.0013	8633	0.6582	38.5058	93	0.0071	2237	0.1705	10787	0.8224	0	0.0
Fissidens_adianthoides	18571	559671222	6710307564	3635.8831	3441.0	141436	361332.5919	223607.0	1192845	214646.0	343569.4989	0.935	0.9262	932.0	3325	5.5853	0	0.0	9283	0.4999	33.182	178	0.0096	5463	0.2942	12928	0.6961	2	0.0001
Fissidens_bryoides	9032	188284759	3827839278	3995.1282	3687.0	50094	423808.6003	359761.5	1199843	339096.0	408106.4419	0.957	0.9346	950.0	791	11.4185	0	0.0	5498	0.6087	47.9699	84	0.0093	2178	0.2411	6770	0.7496	0	0.0
Fissidens_dubius	8091	306702867	3080524473	3859.4312	3403.0	81581	380734.7019	281004.0	1194632	266886.0	365926.4981	0.928	0.9156	922.0	1899	4.2607	3	0.0004	4539	0.561	26.3806	61	0.0075	2073	0.2562	5957	0.7363	0	0.0
Fissidens_pusillus	5402	210672439	2289031868	4630.3178	3748.5	101036	423737.8504	358777.5	1199129	340073.0	408602.3791	0.937	0.9225	944.0	1279	4.2236	1	0.0002	3333	0.617	25.6417	57	0.0106	1281	0.2371	4064	0.7523	0	0.0
Fissidens_taxifolius	4667	270944428	1808495905	4757.1592	3360.0	39883	387507.1577	274208.0	1198678	258453.0	370547.1568	0.909	0.9081	910.0	1532	3.0463	0	0.0	2572	0.5511	17.2249	39	0.0084	1356	0.2906	3272	0.7011	0	0.0
Fissipunctia_ypsillon	4389	714729074	2129988984	3454.7924	2597.0	67732	485301.6596	463901.0	1180501	403815.0	448630.1217	0.978	0.9557	972.0	1543	2.8445	28	0.0064	2996	0.6826	6.1408	60	0.0137	756	0.1722	3573	0.8141	0	0.0
Flammulina_velutipes	362	37254497	61649644	3903.8398	2921.5	20878	170302.884	61607.0	1061114	53377.0	162146.2376	0.942	0.9134	949.0	199	1.8191	5	0.0138	75	0.2072	9.7169	0	0.0	230	0.6354	132	0.3646	0	0.0
Flavoplaca_marina	585	35596669	223244350	4141.0496	3715.0	12163	381614.2735	306706.0	1165339	296060.0	370547.6342	0.842	0.8401	848.0	144	4.0625	0	0.0	325	0.5556	16.4341	10	0.0171	173	0.2957	402	0.6872	0	0.0
Flexitrichum_flexicaule	5090	274659173	1885985927	4281.0662	3450.0	71710	370527.687	249657.5	1187180	239389.5	358170.9393	0.935	0.9238	936.0	1391	3.6592	0	0.0	2694	0.5293	18.5321	71	0.0139	1584	0.3112	3435	0.6749	0	0.0
Flexitrichum_gracile	3086	235836627	1085552648	4611.2994	3788.0	31461	351766.8983	223950.0	1196157	213509.0	337320.6374	0.918	0.9224	922.0	853	3.6178	0	0.0	1562	0.5062	13.0853	49	0.0159	1151	0.373	1886	0.6111	0	0.0
Forcipomyia_palustris	1043	167231109	452438101	5082.4919	2452.0	38437	433785.3317	370752.0	1196303	318591.0	395941.4823	0.9	0.8954	918.0	142	7.3451	4	0.0038	653	0.6261	6.2369	13	0.0125	215	0.2061	815	0.7814	0	0.0
Formica_rufa	4169	285184426	1491666849	5043.581	3637.0	56611	357799.6759	223125.0	1196793	201866.0	325779.9782	0.929	0.9219	926.0	1071	3.8926	21	0.005	2058	0.4936	14.6186	116	0.0278	1280	0.307	2772	0.6649	1	0.0002
Fragaria_moschata	7046	218390635	3289716451	3113.0826	2472.5	36534	466891.3498	424593.0	1190540	398465.5	447835.6279	0.902	0.8925	876.0	668	10.5479	0	0.0	4717	0.6695	32.2633	39	0.0055	1234	0.1751	5773	0.8193	0	0.0
Fragaria_vesca	6928	218660407	3188586062	3154.8699	2499.5	25612	460246.2561	420503.0	1191357	393711.0	442902.2527	0.902	0.8924	876.0	705	9.827	0	0.0	4592	0.6628	31.6838	33	0.0048	1209	0.1745	5686	0.8207	0	0.0
Frangula_alnus	14706	280988554	5578196784	4305.5838	3355.5	112589	379314.3468	234745.5	1195009	219505.0	353100.7607	0.915	0.9021	904.0	1412	10.415	41	0.0028	7494	0.5096	52.3367	142	0.0097	3782	0.2572	10777	0.7328	5	0.0003
Fraxinus_excelsior	4956	744258338	2382824061	3706.2787	3044.0	32324	480795.8154	456096.5	1198494	432995.0	466082.5434	0.876	0.8758	880.0	2471	2.0057	5	0.001	3489	0.704	6.659	78	0.0157	821	0.1657	4057	0.8186	0	0.0
Fringilla_coelebs	8378	1093442382	2121445421	7188.37	4231.5	101701	253216.2116	168545.5	1199070	134517.5	221125.7159	0.953	0.9331	956.0	435	19.2598	10	0.0012	2449	0.2923	7.662	64	0.0076	3145	0.3754	5169	0.617	0	0.0
Fringilla_montifringilla	24414	1303327144	7613252733	5886.3056	4226.0	64891	311839.6303	177203.5	1193499	163153.0	282433.4173	0.917	0.906	908.0	828	29.4855	23	0.0009	9318	0.3817	18.7321	81	0.0033	7947	0.3255	16386	0.6712	0	0.0
Fumaria_muralis	971	181223309	293543148	4300.3728	3021.0	77965	302310.1421	198504.0	1177454	187704.0	284808.4192	0.895	0.8892	904.0	312	3.1122	0	0.0	452	0.4655	5.358	8	0.0082	293	0.3018	670	0.69	0	0.0
Funaria_hygrometrica	36190	325925526	13567871323	4684.1852	4534.0	98333	374906.6406	229279.0	1198746	217659.0	354375.0017	0.942	0.9348	940.0	1158	31.2522	12	0.0003	18087	0.4998	111.0376	374	0.0103	9614	0.2657	26200	0.724	2	0.0001
Furcula_furcula	6199	735996785	2886273218	2974.9158	2740.0	22861	465603.0357	437664.0	1195280	360103.0	422393.5798	0.959	0.9424	956.0	2675	2.3174	19	0.0031	3980	0.642	8.4226	245	0.0395	1145	0.1847	4804	0.775	5	0.0008
Gaidropsarus_vulgaris	10298	593745645	3058496229	3549.9989	2962.0	59611	296999.0512	162294.5	1197571	143560.5	243261.9186	0.932	0.9205	910.0	813	12.6667	11	0.0011	3244	0.315	17.3441	51	0.005	3625	0.352	6622	0.643	0	0.0
Galatella_linosyris	223059	4434226879	107173248593	4125.5192	3530.0	63830	480470.4073	455465.0	1199767	416761.0	457309.142	0.86	0.8588	866.0	37447	5.9567	38	0.0002	153046	0.6861	50.3039	860	0.0039	37136	0.1665	185061	0.8297	2	0.0
Galega_officinalis	190186	1778509346	69469142444	4157.5618	3454.0	196463	365269.4859	202444.5	1198067	191879.5	333298.6016	0.852	0.8473	844.0	10375	18.3312	162	0.0009	86140	0.4529	106.9356	992	0.0052	51140	0.2689	138048	0.7259	6	0.0
Galeopsis_angustifolia	23088	459424824	9046601181	5106.4874	4320.5	95417	391831.3055	261964.5	1199596	239209.5	366111.4152	0.896	0.8932	904.0	1757	13.1406	22	0.001	12306	0.533	50.2541	149	0.0065	5546	0.2402	17390	0.7532	3	0.0001
Galeopsis_tetrahit	67317	1394515898	29325929223	5185.0548	4138.0	198757	435639.2772	365597.0	1198435	334204.0	412578.8913	0.909	0.901	910.0	7132	9.4387	38	0.0006	41855	0.6218	48.2727	359	0.0053	13491	0.2004	53465	0.7942	2	0.0
Galeruca_laticollis	39956	2153592593	17809593484	3095.8413	2481.0	81563	445730.1403	406773.5	1198721	372414.5	423049.2488	0.925	0.9174	928.0	14333	2.7877	376	0.0094	25764	0.6448	18.5532	2078	0.052	6999	0.1752	30827	0.7715	52	0.0013
Galerucella_nymphaeae	4020	349514927	1689384448	3792.6535	2904.0	51739	420244.8876	354391.0	1190201	324307.0	398506.8512	0.958	0.9446	962.0	1153	3.4866	70	0.0174	2479	0.6167	11.5017	129	0.0321	814	0.2025	3077	0.7654	0	0.0
Galerucella_sagittariae	8554	377381352	2681682756	4718.9565	3541.5	110204	313500.4391	206788.5	1191765	153965.5	266608.3843	0.927	0.9283	936.0	1272	6.7248	42	0.0049	3143	0.3674	22.6667	166	0.0194	2702	0.3159	5683	0.6644	3	0.0004
Galinsoga_quadriradiata	95489	1756111025	41332251058	4464.2433	3657.0	180846	432848.2973	358679.0	1198936	330350.0	410698.1432	0.88	0.8758	880.0	9269	10.302	15	0.0002	57656	0.6038	54.3753	415	0.0043	19604	0.2053	75466	0.7903	4	0.0
Galium_aparine	11291	853381962	5082131546	3735.707	3112.0	44908	450104.6449	399698.0	1199231	382341.0	436976.6632	0.905	0.8984	906.0	3255	3.4688	4	0.0004	7496	0.6639	13.2309	62	0.0055	2028	0.1796	9201	0.8149	0	0.0
Galium_boreale	11191	485216249	4820548937	4181.162	3495.0	59363	430752.2953	362448.0	1198244	339773.0	412147.9708	0.878	0.8791	886.0	1844	6.0689	2	0.0002	7081	0.6327	23.0639	117	0.0105	2219	0.1983	8854	0.7912	1	0.0001
Galium_uliginosum	14517	517615472	6575017005	4174.3194	3460.0	27144	452918.4408	403717.0	1195743	381952.0	436594.9485	0.888	0.8858	888.0	2820	5.1479	5	0.0003	9630	0.6634	28.0459	92	0.0063	2707	0.1865	11717	0.8071	1	0.0001
Galleria_mellonella	1377	466490751	675500350	4054.3943	3320.0	55771	490559.4408	457760.0	1197362	313066.0	396035.2135	0.95	0.9211	912.0	354	3.8898	0	0.0	846	0.6144	2.9518	51	0.037	296	0.215	1028	0.7466	2	0.0015
Gallinago_gallinago	7040	1129988917	1881075833	5821.752	4224.0	47124	267198.2717	168177.5	1175308	145866.0	237017.8506	0.928	0.9138	916.0	589	11.9525	0	0.0	2367	0.3362	6.2301	43	0.0061	2488	0.3534	4509	0.6405	0	0.0
Gallinula_chloropus	9008	1206466670	2738166036	6057.8922	3901.0	121323	303970.4747	183588.0	1193896	159242.5	266677.3521	0.945	0.9261	934.0	723	12.4592	3	0.0003	3467	0.3849	7.4664	57	0.0063	2984	0.3313	5967	0.6624	0	0.0
Gandaritis_pyraliata	1842	295436298	933499811	3112.3838	2672.5	28722	506785.9995	505517.0	1188274	422802.0	462816.5456	0.958	0.9224	974.0	723	2.5477	128	0.0695	1250	0.6786	6.2348	50	0.0271	301	0.1634	1491	0.8094	0	0.0
Ganoderma_resinaceum	210	41015703	35341536	4254.3238	3315.5	25706	168293.0286	46962.0	1167419	36403.5	158941.9762	0.946	0.9163	962.0	123	1.7073	0	0.0	44	0.2095	5.12	7	0.0333	145	0.6905	57	0.2714	1	0.0048
Gari_tellinella	6107	1595504956	2643017740	3802.0472	2669.0	70650	432784.9582	358933.0	1187250	266477.0	363795.4551	0.932	0.9031	890.0	3069	1.9899	51	0.0084	3374	0.5525	3.8276	345	0.0565	1631	0.2671	4124	0.6753	7	0.0011
Garrulus_glandarius	12277	1333910050	4395628345	6291.298	4558.0	184761	358037.6594	224364.0	1198086	207453.0	329229.3327	0.96	0.9439	958.0	900	13.6411	29	0.0024	6039	0.4919	9.2038	85	0.0069	3139	0.2557	9053	0.7374	0	0.0
Gasterosteus_aculeatus	2375	502183303	1013212328	3462.7019	2748.0	52786	426615.7171	381918.0	1194143	355898.0	405586.1385	0.938	0.9191	946.0	463	5.1296	30	0.0126	1517	0.6387	4.7293	34	0.0143	510	0.2147	1830	0.7705	1	0.0004
Gasteruption_assectator	6842	294204400	1945714221	5636.5637	4063.0	139800	284377.992	192537.0	1192753	149138.5	237946.7647	0.922	0.9009	914.0	760	9.0026	35	0.0051	2165	0.3164	23.2559	62	0.0091	2240	0.3274	4539	0.6634	1	0.0001
Gasteruption_jaculator	1074	264585895	372654567	3824.1862	2878.0	47208	346978.1816	221084.0	1184757	206808.0	327585.4404	0.9505	0.935	958.0	473	2.2706	26	0.0242	545	0.5074	4.0592	54	0.0503	307	0.2858	712	0.6629	1	0.0009
Gastracanthus_pulcherrimus	11924	978316056	4626784249	4215.3801	2963.5	187365	388022.832	280437.5	1194011	260365.0	365058.3664	0.945	0.9209	950.0	3749	3.1806	121	0.0101	6487	0.544	12.1883	842	0.0706	3009	0.2523	8059	0.6759	14	0.0012
Gastrophysa_polygoni	8574	369539734	3915153150	3045.5122	2252.0	50589	456630.8782	409333.0	1191875	373752.5	435056.3014	0.983	0.9681	986.0	783	10.9502	11	0.0013	5528	0.6447	23.2018	128	0.0149	1521	0.1774	6916	0.8066	9	0.001
Gastrophysa_viridula	3234	348646137	974714388	4235.2062	2969.0	43984	301395.9147	184322.0	1172565	162182.5	275599.4233	0.925	0.907	934.0	882	3.6667	35	0.0108	1382	0.4273	9.2759	166	0.0513	1053	0.3256	2012	0.6221	3	0.0009
Geheebia_maxima	6211	237614263	2143874514	3604.5365	3398.0	60317	345173.8068	220348.0	1194685	211139.0	331309.3837	0.908	0.8969	908.0	1422	4.3678	0	0.0	3092	0.4978	26.139	69	0.0111	1911	0.3077	4231	0.6812	0	0.0
Gelis_areator	1690	224886251	589496409	5607.7107	3810.0	152210	348814.4432	233810.5	1159407	200649.5	319054.8337	0.971	0.9521	970.0	463	3.6501	4	0.0024	845	0.5	7.5149	44	0.026	462	0.2734	1184	0.7006	0	0.0
Genista_pilosa	30208	871556386	13422280423	4429.4157	3874.0	56721	444328.6687	385056.0	1197265	360252.5	426955.6395	0.904	0.8983	908.0	4277	7.0629	10	0.0003	19029	0.6299	34.6598	170	0.0056	5780	0.1913	24256	0.803	2	0.0001
Gentianella_amarella	241499	3161831393	96531227916	4205.0823	3386.0	194887	399716.8846	273977.0	1199183	251233.0	376440.0652	0.871	0.8655	878.0	20967	11.5181	61	0.0003	129805	0.5375	76.3795	1235	0.0051	56469	0.2338	183787	0.761	8	0.0
Geodia_phlegraei	3205	112511249	922257729	3417.7931	2860.0	27103	287755.9217	178227.0	1199531	167381.0	249382.9017	0.911	0.9001	890.0	535	5.9907	14	0.0044	1360	0.4243	28.486	51	0.0159	1037	0.3236	2116	0.6602	1	0.0003
Geokichla_citrina	16438	1248174617	4386438186	6427.0473	3937.0	191385	266847.438	164011.0	1198968	137265.0	230585.0195	0.929	0.9164	932.0	717	22.9261	59	0.0036	5216	0.3173	13.1696	322	0.0196	6270	0.3814	9845	0.5989	1	0.0001
Geometra_papilionaria	4057	673571770	1883569736	4280.0791	2908.0	43890	464276.494	430628.0	1193347	341335.0	411709.4284	0.955	0.9439	942.0	1140	3.5588	1	0.0002	2543	0.6268	6.0231	112	0.0276	792	0.1952	3151	0.7767	2	0.0005
Geomyza_tripunctata	2556	222138921	759534200	4932.2864	3137.0	112988	297157.3552	182995.0	1174874	155300.0	268946.1553	0.946	0.9306	962.0	522	4.8966	4	0.0016	1055	0.4128	11.5063	57	0.0223	864	0.338	1635	0.6397	0	0.0
Geotrupes_spiniger	10782	569636073	3230920117	4595.83	3374.0	229268	299658.7013	175279.5	1196193	152357.5	277479.9718	0.921	0.904	952.0	971	11.104	212	0.0197	4158	0.3856	18.9279	435	0.0403	3628	0.3365	6709	0.6222	10	0.0009
Geranium_dissectum	38691	554063097	14821836356	4101.7345	3550.0	74904	383082.2764	230819.0	1194901	217465.0	355074.403	0.914	0.9089	922.0	2506	15.4393	11	0.0003	19374	0.5007	69.8314	182	0.0047	9882	0.2554	28627	0.7399	0	0.0
Geranium_molle	6212	383176362	2720198892	3993.6138	3202.0	71918	437894.2196	378261.5	1196347	344817.5	414205.8946	0.914	0.9014	922.0	1273	4.8798	19	0.0031	3872	0.6233	16.2119	50	0.008	1355	0.2181	4807	0.7738	0	0.0
Geranium_pratense	213462	2077807687	80656563013	4267.7262	3448.5	151320	377849.7485	212951.0	1199392	202332.5	347998.385	0.895	0.8839	898.0	16399	13.0168	80	0.0004	101543	0.4757	102.7342	1121	0.0053	55805	0.2614	156522	0.7333	14	0.0001
Geranium_rotundifolium	25258	485751760	9801351313	4008.4481	3430.0	22175	388049.3829	228692.0	1198502	216139.0	356531.563	0.911	0.9066	916.0	1730	14.6	4	0.0002	12631	0.5001	51.9978	99	0.0039	6386	0.2528	18772	0.7432	1	0.0
Germaria_angustata	16020	580167958	5688132497	3750.3999	3169.0	101142	355064.4505	203462.5	1191525	185090.0	319524.5712	0.927	0.9144	926.0	1393	11.5004	963	0.0601	7336	0.4579	27.6127	751	0.0469	4954	0.3092	10306	0.6433	9	0.0006
Geronticus_eremita	11015	1292186385	3222805022	6936.0088	3803.0	187297	292583.2975	176792.0	1199318	159315.0	262020.9307	0.965	0.9466	958.0	550	20.0273	5	0.0005	4102	0.3724	8.5243	39	0.0035	3374	0.3063	7602	0.6901	0	0.0
Gerris_lacustris	2134	934783184	673204515	3200.373	2565.0	41767	315466.0333	136585.0	1172896	107197.0	283223.5248	0.917	0.8828	920.0	1299	1.6428	48	0.0225	879	0.4119	2.2829	295	0.1382	747	0.35	1085	0.5084	7	0.0033
Geum_macrophyllum	44721	977215214	19610392203	4324.7569	3445.0	31053	438505.2258	370743.0	1196964	345718.0	419249.9941	0.911	0.9018	902.0	5097	8.774	4	0.0001	28203	0.6306	45.7637	221	0.0049	8773	0.1962	35727	0.7989	0	0.0
Geum_rivale	52926	1027469551	22293699082	4678.2791	3546.0	58848	421223.9557	338680.5	1199259	312071.0	398949.0051	0.899	0.8914	892.0	5664	9.3443	7	0.0001	31165	0.5888	51.511	365	0.0069	10929	0.2065	41628	0.7865	4	0.0001
Geum_urbanum	110988	1304789616	40645413537	4188.123	3450.0	26854	366214.4875	210237.0	1198901	199323.0	341195.0642	0.868	0.8699	872.0	6722	16.5112	3	0.0	52293	0.4712	85.062	590	0.0053	29952	0.2699	80441	0.7248	5	0.0
Gibbaranea_gibbosa	18420	2797594785	7338730861	3494.9878	2638.0	67378	398411.0131	317037.0	1199688	289322.0	373370.5254	0.915	0.9087	914.0	9391	1.9615	323	0.0175	10778	0.5851	6.5842	1170	0.0635	3703	0.201	13540	0.7351	7	0.0004
Gibbula_magus	9081	1465172064	3008086545	4033.1313	2843.0	123075	331250.5831	209919.0	1191854	191175.0	301551.7516	0.919	0.9028	926.0	3580	2.5366	6	0.0007	4323	0.476	6.1979	260	0.0286	2863	0.3153	5956	0.6559	2	0.0002
Gillmeria_ochrodactyla	31015	1328003461	15721917202	3455.4947	2869.0	69981	506913.3388	505217.0	1198726	440763.0	471682.766	0.963	0.9487	944.0	5757	5.3874	31	0.001	22027	0.7102	23.3546	624	0.0201	4661	0.1503	25723	0.8294	7	0.0002
Gillmeria_pallidactyla	29480	1312103187	14982916056	3437.8227	2871.0	63725	508240.029	506149.0	1199484	445312.0	472590.1115	0.962	0.948	942.0	5485	5.3747	24	0.0008	21098	0.7157	22.4677	594	0.0201	4483	0.1521	24399	0.8276	4	0.0001
Gilpinia_frutetorum	4070	349122361	1539583730	4879.9415	3344.0	79307	378276.1007	247580.0	1188213	222492.0	344225.271	0.935	0.9286	930.0	864	4.7106	16	0.0039	2113	0.5192	11.6578	221	0.0543	908	0.2231	2939	0.7221	2	0.0005
Glaucium_flavum	55474	826336128	20437673300	4221.8407	3285.0	149643	368418.9584	213755.5	1199726	200888.5	338455.2049	0.899	0.8878	898.0	3927	14.1263	111	0.002	26536	0.4784	67.1325	378	0.0068	15460	0.2787	39634	0.7145	2	0.0
Glaucopsyche_alexis	4183	618819062	1926012018	2923.3691	2550.0	17722	460437.9675	449489.0	1193489	377216.0	423888.9723	0.947	0.9263	954.0	2376	1.7605	83	0.0198	2711	0.6481	6.7596	255	0.061	748	0.1788	3168	0.7574	12	0.0029
Glaux_maritima	45153	1323392622	21039542412	3784.6867	3161.0	130357	465961.1191	425304.0	1195163	384256.0	439506.6412	0.862	0.8628	854.0	7648	5.9039	28	0.0006	30174	0.6683	34.1191	204	0.0045	7694	0.1704	37255	0.8251	0	0.0
Glechoma_hederacea	13820	732209221	5774842340	5146.8521	3519.0	125874	417861.2402	322488.5	1195925	292564.5	385661.9932	0.912	0.9032	920.0	2188	6.3163	9	0.0007	8210	0.5941	18.8744	127	0.0092	2842	0.2056	10847	0.7849	4	0.0003
Gliophorus_irrigatus	222	27735519	36352944	3991.5045	3183.0	17930	163752.0	64704.5	1127073	56456.5	154660.8919	0.869	0.8759	876.0	97	2.2887	0	0.0	49	0.2207	8.0042	4	0.018	133	0.5991	85	0.3829	0	0.0
Glis_glis	14272	2327130626	7324480676	3904.9999	3132.0	146892	513206.3254	514216.5	1197615	337502.5	413275.5774	0.906	0.8862	838.0	1871	7.628	3	0.0002	8904	0.6239	6.1329	32	0.0022	2902	0.2033	11338	0.7944	0	0.0
Globia_sparganii	3777	676080462	1774052923	2779.3484	2425.0	17438	469698.947	458909.0	1190158	378783.0	427527.8451	0.961	0.9465	954.0	1717	2.1998	15	0.004	2469	0.6537	5.5866	150	0.0397	702	0.1859	2922	0.7736	3	0.0008
Globicephala_melas	115996	2380623293	54637215963	3685.4351	3395.0	137846	471026.7247	434036.5	1199079	353577.0	425012.1554	0.883	0.882	866.0	686	169.0904	4	0.0	71930	0.6201	48.7251	147	0.0013	21251	0.1832	94598	0.8155	0	0.0
Glyphipterix_forsterella	3526	597276868	1462187307	3110.4336	2626.0	44275	414687.268	324355.5	1194744	270650.0	369640.0627	0.969	0.9426	964.0	1822	1.9352	30	0.0085	1956	0.5547	5.9035	226	0.0641	900	0.2552	2397	0.6798	3	0.0009
Glyphipterix_fuscoviridella	7485	901835294	3244283234	3201.918	2709.0	92165	433437.9738	383702.0	1193764	342964.0	405065.5706	0.954	0.9434	952.0	2491	3.0048	28	0.0037	4604	0.6151	8.2997	435	0.0581	1477	0.1973	5573	0.7446	0	0.0
Glyphipterix_thrasonella	6502	737563225	3053646875	3339.9652	2685.0	59712	469647.3201	451649.5	1191459	400110.0	440452.3096	0.963	0.9466	962.0	2429	2.6768	16	0.0025	4329	0.6658	8.8155	321	0.0494	1149	0.1767	5031	0.7738	1	0.0002
Glyphotaelius_pellucidus	5166	1036611868	2409649515	3445.7716	2764.0	26450	466443.9634	435665.0	1194604	366249.0	428792.8957	0.947	0.9159	942.0	1820	2.8385	4	0.0008	3400	0.6581	4.9835	178	0.0345	931	0.1802	4050	0.784	7	0.0014
Gnaphalium_supinum	53639	1057252084	22708105127	4074.4596	3155.0	122501	423350.6428	341586.0	1199331	316822.0	403919.784	0.912	0.8992	918.0	7961	6.7377	1	0.0	31837	0.5935	50.7344	310	0.0058	11030	0.2056	42297	0.7885	2	0.0
Gnaphalium_uliginosum	13408	350473715	5662480393	4474.7289	3564.0	106676	422321.0317	332891.0	1191680	308168.5	400977.7838	0.926	0.914	922.0	1592	8.4221	1	0.0001	7874	0.5873	38.2568	72	0.0054	2873	0.2143	10462	0.7803	1	0.0001
Gobio_gobio	15453	1446741370	6482753596	3549.2309	2921.0	93305	419514.2429	346796.0	1195985	307305.0	389179.4142	0.927	0.9042	918.0	4161	3.7138	117	0.0076	9249	0.5985	10.6812	246	0.0159	3246	0.2101	11961	0.774	0	0.0
Gobius_niger	3802	858355191	1267087407	3530.6839	2810.0	117774	333268.6499	189292.0	1182648	169039.5	286190.7925	0.937	0.9109	926.0	1052	3.6141	14	0.0037	1689	0.4442	4.4294	116	0.0305	1171	0.308	2508	0.6597	7	0.0018
Gobius_paganellus	4184	825909602	1266012783	5825.6781	3121.0	77336	302584.3172	200426.5	1197936	169148.0	259671.7679	0.9435	0.9262	936.0	617	6.7812	35	0.0084	1707	0.408	5.0659	65	0.0155	1244	0.2973	2875	0.6871	0	0.0
Gonepteryx_rhamni	1011	316843214	513619837	3488.818	2575.0	24918	508031.4906	532729.0	1189790	405240.0	447373.7596	0.944	0.9067	928.0	427	2.3677	5	0.0049	690	0.6825	3.1909	43	0.0425	161	0.1592	806	0.7972	1	0.001
Gonocerus_acuteangulatus	7390	1102557033	3541566413	2812.448	2463.0	33549	479237.6743	484414.0	1192733	352539.0	410595.5414	0.942	0.9169	916.0	3229	2.2886	18	0.0024	4677	0.6329	6.7026	423	0.0572	1456	0.197	5501	0.7444	10	0.0014
Gonodera_luperus	2179	325398216	860539431	3393.9114	2602.0	30772	394924.0161	298915.0	1187160	278653.0	371545.2217	0.952	0.9342	950.0	754	2.8899	1	0.0005	1248	0.5727	6.6964	22	0.0101	629	0.2887	1528	0.7012	0	0.0
Gortyna_flavago	3156	533917475	1515165372	3068.0564	2746.5	26933	480090.4221	458374.5	1186257	404810.5	447555.571	0.975	0.956	976.0	1179	2.6768	1	0.0003	2150	0.6812	5.911	100	0.0317	538	0.1705	2518	0.7978	0	0.0
Gorytes_laticinctus	4647	283519872	1320955853	4385.8139	2891.0	27956	284259.921	171971.0	1187196	158490.0	263978.2552	0.969	0.9534	982.0	546	8.511	39	0.0084	1971	0.4241	16.3904	110	0.0237	1638	0.3525	2899	0.6238	0	0.0
Gracillaria_syringella	542	210489313	227273826	3236.0037	2710.5	15214	419324.4022	331653.0	1184882	294973.5	393805.7509	0.966	0.9254	974.0	253	2.1423	0	0.0	333	0.6144	2.575	9	0.0166	122	0.2251	411	0.7583	0	0.0
Grammoptera_ruficornis	2281	430546640	727803897	4093.3836	3032.0	81305	319072.2915	209727.0	1190573	170840.0	282315.9202	0.916	0.8949	940.0	717	3.1813	25	0.011	992	0.4349	5.2979	168	0.0737	660	0.2893	1444	0.6331	9	0.0039
Grampus_griseus	114727	2400323634	53513980764	3768.6229	3419.0	204867	466446.266	423160.0	1197673	346164.0	421146.9895	0.883	0.8826	866.0	726	158.0262	8	0.0001	70429	0.6139	47.7965	141	0.0012	21386	0.1864	93200	0.8124	0	0.0
Graphiphora_augur	3952	535312193	1811801799	3180.7386	2524.5	24868	458451.8722	419113.0	1188489	369517.0	429538.9557	0.959	0.9248	960.0	1212	3.2607	1	0.0003	2591	0.6556	7.3826	77	0.0195	770	0.1948	3104	0.7854	1	0.0003
Grapholita_janthinana	7719	727448682	3004533627	4720.0201	3024.0	113376	389238.7132	283511.0	1192584	253073.0	357175.3848	0.983	0.9646	982.0	1866	4.1367	15	0.0019	4156	0.5384	10.6111	285	0.0369	2124	0.2752	5306	0.6874	4	0.0005
Grapholita_jungiella	2863	484252853	1229114035	4409.6322	3093.0	46186	429309.8271	360097.0	1195101	299567.0	385434.1715	0.97	0.9425	974.0	1041	2.7502	3	0.001	1709	0.5969	5.9122	15	0.0052	671	0.2344	2177	0.7604	0	0.0
Grapholita_pallifrontana	3950	606228085	1799629825	3812.6139	2452.5	99614	455602.4873	413406.5	1185631	373258.5	427574.7878	0.979	0.9555	980.0	1282	3.0811	1	0.0003	2570	0.6506	6.5157	93	0.0235	753	0.1906	3104	0.7858	0	0.0
Graphomya_maculata	8443	782859254	3349949330	3294.5114	2666.0	41435	396772.3949	309296.0	1194243	286461.0	375367.9319	0.944	0.9219	950.0	2568	3.2878	114	0.0135	4825	0.5715	10.7848	368	0.0436	2090	0.2475	5981	0.7084	4	0.0005
Grimmia_atrata	19193	404955199	8709088288	4446.4835	3647.0	59695	453763.783	405420.0	1194467	380689.0	436020.567	0.905	0.9015	900.0	3325	5.7723	26	0.0014	12494	0.651	47.3954	90	0.0047	3584	0.1867	15517	0.8085	2	0.0001
Grimmia_decipiens	21752	550443573	10640718673	5171.7283	4414.0	77995	489183.4623	463779.0	1198525	443896.5	473095.2393	0.943	0.9296	940.0	2119	10.2652	0	0.0	15597	0.717	39.5172	165	0.0076	3370	0.1549	18217	0.8375	0	0.0
Grimmia_donniana	23035	331053807	11001857954	4841.9498	4233.0	51275	477614.845	444605.0	1198451	423754.0	462307.0536	0.923	0.9129	930.0	2259	10.197	0	0.0	15978	0.6936	69.5808	104	0.0045	3646	0.1583	19285	0.8372	0	0.0
Grimmia_elongata	19742	391205809	8678432380	4520.4364	3662.5	70996	439592.3604	379850.0	1199697	349535.5	418460.1903	0.909	0.9059	910.0	3225	6.1216	0	0.0	12332	0.6247	50.4645	80	0.0041	4002	0.2027	15660	0.7932	0	0.0
Grimmia_funalis	9470	268311427	4550705947	4200.4965	3515.5	42526	480539.1707	451968.0	1193560	432760.0	466680.9426	0.907	0.9091	914.0	1497	6.326	0	0.0	6646	0.7018	35.2948	56	0.0059	1612	0.1702	7802	0.8239	0	0.0
Grimmia_montana	8595	298033606	3797389368	4293.6554	3602.0	49661	441813.7717	389159.0	1196693	368021.0	426329.8769	0.926	0.9213	926.0	1932	4.4488	0	0.0	5585	0.6498	28.839	75	0.0087	1715	0.1995	6805	0.7917	0	0.0
Grimmia_pulvinata	11903	472412490	5382780206	4297.1241	3461.0	43119	452220.4659	406089.0	1197699	392916.0	440584.5986	0.923	0.919	928.0	2561	4.6478	0	0.0	7939	0.667	25.1962	91	0.0076	2399	0.2015	9412	0.7907	1	0.0001
Grimmia_trichophylla	8955	275726149	4364334803	5249.062	4514.0	81945	487362.9037	469529.0	1192436	449345.0	471873.5543	0.947	0.936	948.0	1313	6.8203	0	0.0	6380	0.7125	32.4779	52	0.0058	1447	0.1616	7456	0.8326	0	0.0
Griposia_aprilina	3845	720211758	1478311258	3980.5584	3089.0	70677	384476.27	284567.0	1188717	250450.0	351583.7701	0.953	0.935	952.0	1514	2.5396	5	0.0013	2105	0.5475	5.3387	170	0.0442	813	0.2114	2860	0.7438	2	0.0005
Grus_grus	7050	1226853168	2393216867	6926.3784	4016.5	102121	339463.3854	208332.0	1195920	189286.0	306484.9484	0.955	0.9394	952.0	431	16.3573	8	0.0011	3172	0.4499	5.7464	44	0.0062	1897	0.2691	5109	0.7247	0	0.0
Gryllus_bimaculatus	5854	1608485204	1746759935	4991.9363	3646.0	119898	298387.4163	205850.5	1198767	161518.0	259990.4769	0.903	0.8997	912.0	1508	3.882	3	0.0005	2326	0.3973	3.6394	154	0.0263	1875	0.3203	3822	0.6529	3	0.0005
Gryllus_campestris	10429	1678629748	3532667081	4225.9007	3242.0	109425	338734.9776	214046.0	1197621	171342.0	285574.0216	0.889	0.8782	900.0	1967	5.302	8	0.0008	4085	0.3917	6.2128	180	0.0173	3010	0.2886	7232	0.6935	7	0.0007
Grypocoris_stysi	8999	759860020	3295652826	4891.0837	3188.0	81435	366224.3389	217082.0	1195866	196461.0	327644.4475	0.975	0.9429	968.0	1955	4.6031	26	0.0029	4372	0.4858	11.843	406	0.0451	2708	0.3009	5883	0.6537	2	0.0002
Grypus_equiseti	9749	772869505	4408848372	2923.8096	2410.0	32835	452235.9598	425604.0	1199915	395737.0	433278.9225	0.945	0.9314	944.0	2675	3.6445	5	0.0005	6389	0.6553	12.614	354	0.0363	1984	0.2035	7406	0.7597	5	0.0005
Gulosus_aristotelis	12761	1327742926	4115174025	5871.3758	3796.0	117659	322480.5286	203156.0	1194406	177068.0	286641.3237	0.933	0.9143	904.0	898	14.2105	41	0.0032	5223	0.4093	9.611	42	0.0033	3613	0.2831	9106	0.7136	0	0.0
Gymnocheta_viridis	5924	591711882	2122204129	3620.5878	2877.0	25941	358238.3742	245490.5	1195334	232039.5	337929.8845	0.949	0.9284	954.0	1302	4.5499	38	0.0064	3166	0.5344	10.0116	173	0.0292	1623	0.274	4128	0.6968	0	0.0
Gymnoscelis_rufifasciata	1436	461428211	519209800	4475.8148	2968.5	80036	361566.7131	207328.5	1174127	193191.5	313647.1685	0.983	0.9492	982.0	570	2.5193	5	0.0035	692	0.4819	3.1121	79	0.055	428	0.2981	929	0.6469	0	0.0
Gymnosoma_rotundatum	5551	761214469	1591658784	3802.3556	2975.0	63926	286733.7028	150371.0	1186855	114989.0	255802.2708	0.935	0.9181	944.0	1915	2.8987	24	0.0043	2094	0.3772	7.2923	406	0.0731	2196	0.3956	2942	0.53	7	0.0013
Gypsonoma_aceriana	2972	663653415	1226688818	3774.0548	2873.0	44441	412748.5929	353109.5	1190370	318050.0	389038.0276	0.97	0.9517	974.0	1510	1.9682	41	0.0138	1756	0.5908	4.4782	185	0.0622	735	0.2473	2051	0.6901	1	0.0003
Gyrinus_marinus	7846	469624777	3093274946	3707.8042	2603.0	145277	394248.6549	256172.5	1186126	228293.5	349126.6129	0.945	0.9308	942.0	1771	4.4303	81	0.0103	4106	0.5233	16.707	198	0.0252	1701	0.2168	5933	0.7562	14	0.0018
Gyroporus_aff_castaneus	1692	102285148	621151511	4042.3794	3680.0	48135	367110.8221	228859.5	1188030	219544.5	348472.8818	0.868	0.872	870.0	596	2.8389	0	0.0	846	0.5	16.542	28	0.0165	425	0.2512	1239	0.7323	0	0.0
Habrosyne_pyritoides	1137	400553399	599589615	2880.796	2619.0	20165	527343.5488	551069.0	1166275	455951.0	465893.4239	0.971	0.9611	956.0	393	2.8931	2	0.0018	813	0.715	2.8386	35	0.0308	170	0.1495	931	0.8188	1	0.0009
Hada_plebeja	3908	620670452	1792514072	3371.2014	2805.5	42554	458678.1146	412562.5	1187247	350156.0	416618.1223	0.933	0.9292	930.0	983	3.9756	2	0.0005	2524	0.6459	6.2964	85	0.0218	780	0.1996	3043	0.7787	0	0.0
Hadena_bicruris	6303	686967206	2727010805	3666.5805	2851.0	61913	432652.8328	346830.0	1187040	298148.0	386369.6571	0.951	0.9375	952.0	1754	3.5935	11	0.0017	3674	0.5829	9.1751	248	0.0393	1362	0.2161	4689	0.7439	4	0.0006
Hadena_compta	5556	685729335	2467642429	3509.6568	2836.5	37853	444140.106	384710.5	1192383	310949.0	395178.6125	0.956	0.9345	956.0	1822	3.0494	159	0.0286	3403	0.6125	8.1023	223	0.0401	1118	0.2012	4212	0.7581	3	0.0005
Haematopus_ostralegus	6071	1239581179	1759272178	6182.8534	3892.0	123971	289782.9316	180097.0	1193240	158763.0	260316.4703	0.952	0.9344	950.0	545	11.1394	3	0.0005	2276	0.3749	4.8976	23	0.0038	1949	0.321	4099	0.6752	0	0.0
Haliaeetus_albicilla	7830	1291396100	2808217710	6715.6542	4426.5	243380	358648.4943	226194.5	1196416	205233.5	321596.8194	0.948	0.9322	938.0	575	13.6174	1	0.0001	3863	0.4934	6.0632	92	0.0117	2017	0.2576	5721	0.7307	0	0.0
Halichoerus_grypus	42907	2390870167	20167751591	4669.158	3612.0	180228	470034.0642	423812.0	1198664	318896.0	409236.5952	0.924	0.9154	892.0	1043	41.1381	9	0.0002	25904	0.6037	17.9462	87	0.002	8368	0.195	34452	0.8029	0	0.0
Hallomenus_binotatus	5544	186980546	1492723356	6629.6533	3832.5	198285	269250.2446	180067.0	1179344	130967.5	211460.6708	0.969	0.9658	974.0	363	15.2727	1	0.0002	1509	0.2722	29.6501	102	0.0184	2100	0.3788	3338	0.6021	4	0.0007
Halyzia_sedecimguttata	17312	918098217	7084760271	3218.8249	2652.0	63854	409239.8493	228629.5	1198841	199651.5	331579.2365	0.945	0.9192	906.0	4188	4.1337	207	0.012	8433	0.4871	18.8564	1045	0.0604	4662	0.2693	11507	0.6647	98	0.0057
Hamearis_lucina	4028	594929176	2085157746	4361.4134	3319.5	50747	517665.7761	534898.0	1194066	414576.5	456265.1614	0.944	0.9328	926.0	970	4.1526	2	0.0005	2767	0.6869	6.7706	124	0.0308	563	0.1398	3337	0.8285	4	0.001
Harmonia_axyridis	8886	425308059	2822291297	6793.1573	5400.5	42195	317610.9945	192384.0	1190814	149302.0	253572.6398	0.968	0.9468	952.0	895	9.9285	66	0.0074	3031	0.3411	20.8931	258	0.029	2911	0.3276	5710	0.6426	7	0.0008
Harmonia_quadripunctata	17573	655778189	8067200253	4818.4875	3345.0	111943	459067.9026	413625.0	1198385	363657.0	424432.1923	0.949	0.939	944.0	2769	6.3463	98	0.0056	11330	0.6447	26.7972	402	0.0229	2866	0.1631	14291	0.8132	14	0.0008
Harmothoe_impar	18447	1479703677	8056470716	4712.3072	3551.0	79739	436736.0935	372280.0	1199800	335184.0	411181.983	0.932	0.9102	920.0	5979	3.0853	23	0.0012	11843	0.642	12.4667	608	0.033	3316	0.1798	14510	0.7866	13	0.0007
Harpalus_anxius	9576	1025939831	3340365445	5547.3486	3457.0	83568	348826.8009	209045.5	1196459	182853.5	308411.8227	0.955	0.9372	958.0	2477	3.866	88	0.0092	4434	0.463	9.3339	668	0.0698	2800	0.2924	6092	0.6362	16	0.0017
Harpalus_rubripes	10434	1196947609	3490749363	4325.9742	3146.0	91420	334555.2389	190402.0	1194303	166386.5	293392.4835	0.943	0.9283	944.0	3552	2.9375	63	0.006	4673	0.4479	8.7172	1012	0.097	3155	0.3024	6246	0.5986	21	0.002
Harpalus_rufipes	7862	886817601	3031525884	4172.7129	3176.0	47401	385592.201	267694.0	1199937	234338.5	341613.7389	0.942	0.9238	932.0	2740	2.8693	66	0.0084	4167	0.53	8.8654	541	0.0688	1944	0.2473	5356	0.6813	21	0.0027
Harpocera_thoracica	3909	993720162	1673978350	4102.418	3299.0	36006	428236.9788	362168.0	1184751	307299.0	389692.3305	0.965	0.9394	958.0	2149	1.819	24	0.0061	2291	0.5861	3.9337	332	0.0849	852	0.218	2721	0.6961	4	0.001
Hecatera_bicolorata	2790	583129840	1217139212	3791.4348	2800.5	51402	436250.6136	373535.0	1191334	333154.0	406140.5276	0.937	0.9193	938.0	1104	2.5272	34	0.0122	1727	0.619	4.7845	109	0.0391	595	0.2133	2086	0.7477	0	0.0
Hecatera_dysodea	7248	640726904	3317574189	3096.4004	2852.0	32114	457722.7082	418096.5	1196653	353756.0	418290.7183	0.921	0.9217	934.0	1465	4.9474	8	0.0011	4565	0.6298	11.3122	171	0.0236	1402	0.1934	5672	0.7826	3	0.0004
Hedera_helix	84015	1198540972	35529611138	3809.3795	2912.0	138883	422896.044	337315.0	1199628	304151.0	398229.0697	0.909	0.8938	932.0	5370	15.6453	19	0.0002	49043	0.5837	70.0977	598	0.0071	18096	0.2154	65319	0.7775	2	0.0
Hedwigia_stellata	4437	220236859	1882755550	4640.5492	3724.0	83573	424330.7528	361512.0	1182794	343175.0	409357.6946	0.921	0.918	912.0	948	4.6804	1	0.0002	2714	0.6117	20.1465	66	0.0149	1126	0.2538	3245	0.7314	0	0.0
Hedya_nubiferana	5382	555217927	1992158547	3557.7999	2868.0	78292	370152.0897	234036.0	1195931	219006.5	333752.2033	0.958	0.9314	956.0	1159	4.6437	14	0.0026	2757	0.5123	9.6935	178	0.0331	1500	0.2787	3703	0.688	1	0.0002
Hedya_ochroleucana	6533	666931995	2981523308	3960.7332	2957.0	48277	456378.893	420469.0	1193790	361654.0	420387.2117	0.974	0.9468	966.0	1980	3.2995	73	0.0112	4128	0.6319	9.7956	235	0.036	1382	0.2115	4915	0.7523	1	0.0002
Hedya_pruniana	2216	516554151	748594490	3317.7175	2701.5	21426	337813.398	172733.5	1176020	151794.5	303752.8231	0.932	0.9018	956.0	1054	2.1025	74	0.0334	1016	0.4585	4.29	193	0.0871	799	0.3606	1222	0.5514	2	0.0009
Hedya_salicella	1776	741549790	795535677	2764.4966	2402.0	17551	447936.7551	421532.5	1192545	366818.5	414877.8891	0.952	0.9412	946.0	1025	1.7327	5	0.0028	1110	0.625	2.395	115	0.0648	385	0.2168	1276	0.7185	0	0.0
Hedychridium_cupreum	2329	195141369	801252520	4341.7853	3323.0	60968	344032.8553	221488.0	1181664	209904.0	325601.8377	0.932	0.9005	932.0	369	6.3117	119	0.0511	1200	0.5152	11.9349	148	0.0635	558	0.2396	1621	0.696	2	0.0009
Hedychridium_roseum	1594	174726657	481876213	4689.1832	2983.0	228933	302306.2817	175406.5	1178279	156504.0	278372.2233	0.893	0.8776	918.0	217	7.3456	54	0.0339	714	0.4479	9.1228	64	0.0402	543	0.3407	985	0.6179	2	0.0013
Helcystogramma_rufescens	3656	534733632	1595601906	3125.3397	2631.5	22921	436433.7817	387187.0	1195573	329805.0	402548.3274	0.932	0.9051	938.0	1836	1.9913	23	0.0063	2217	0.6064	6.837	128	0.035	809	0.2213	2717	0.7432	2	0.0005
Helianthemum_oelandicum	222018	2604863536	90119270854	4345.3502	3560.0	101774	405909.7499	275406.0	1199273	249564.0	379412.1297	0.883	0.8752	878.0	20768	10.6904	34	0.0002	118272	0.5327	85.2321	953	0.0043	50609	0.2279	170447	0.7677	9	0.0
Helicoverpa_armigera	1594	362178423	694270450	2927.133	2499.5	44489	435552.3526	385009.0	1174568	355334.5	413628.4699	0.975	0.9533	974.0	586	2.7201	21	0.0132	1016	0.6374	4.4011	60	0.0376	313	0.1964	1221	0.766	0	0.0
Helina_obscurata	13246	1447473037	5873472462	3108.847	2626.0	76978	443414.8016	394775.5	1194986	352212.5	414756.1541	0.947	0.9296	946.0	4039	3.2795	4	0.0003	8553	0.6457	9.1511	219	0.0165	2567	0.1938	10460	0.7897	0	0.0
Heliothis_peltigera	409	332828679	160952521	2760.4352	2502.0	7261	393526.9462	293496.0	1177395	258184.0	366831.11	0.945	0.9329	950.0	199	2.0553	4	0.0098	224	0.5477	1.2289	35	0.0856	103	0.2518	271	0.6626	0	0.0
Hellinsia_carphodactyla	10004	527811594	4713938277	3728.8989	2943.5	43054	471205.3456	437441.0	1195771	373489.0	430390.7826	0.975	0.9451	972.0	2667	3.751	79	0.0079	6371	0.6368	18.9537	334	0.0334	1796	0.1795	7867	0.7864	7	0.0007
Hellwigia_obscura	4995	268210316	1940596150	5812.6807	4382.0	68094	388507.7377	230559.0	1196097	206549.0	324750.9083	0.9	0.8871	892.0	354	14.1102	182	0.0364	2428	0.4861	18.6234	28	0.0056	1284	0.2571	3682	0.7371	1	0.0002
Hemaris_fuciformis	1155	448729036	606719910	3420.1584	2902.0	25256	525298.6234	569929.0	1182690	379423.0	433745.0615	0.969	0.9523	928.0	548	2.1077	33	0.0286	755	0.6537	2.5739	34	0.0294	205	0.1775	916	0.7931	0	0.0
Hemicrepidius_hirtus	6692	368259972	2452499416	4578.4697	3320.0	140606	366482.2797	225737.5	1194807	190539.0	321083.0586	0.935	0.8809	940.0	952	7.0294	235	0.0351	2984	0.4459	18.1719	238	0.0356	1798	0.2687	4615	0.6896	41	0.0061
Hemicrepidius_niger	6692	368259972	2452499416	4578.4697	3320.0	140606	366482.2797	225737.5	1194807	190539.0	321083.0586	0.935	0.8809	940.0	952	7.0294	235	0.0351	2984	0.4459	18.1719	238	0.0356	1798	0.2687	4615	0.6896	41	0.0061
Hemioniscus_balani	75158	1110747893	36409421828	2970.3847	3019.0	64248	484438.4075	470411.0	1199240	357063.5	424944.1037	0.99	0.9755	980.0	11079	6.7838	140	0.0019	47411	0.6308	67.6643	925	0.0123	14426	0.1919	59794	0.7956	13	0.0002
Hemistola_chrysoprasaria	2552	438196497	1315394016	3156.873	2435.5	40189	515436.5266	525486.5	1191396	385149.0	435505.4538	0.969	0.946	954.0	870	2.9333	0	0.0	1681	0.6587	5.8239	73	0.0286	453	0.1775	2023	0.7927	3	0.0012
Hemithea_aestivaria	4411	499348088	1959858276	2892.4978	2501.0	17182	444311.5566	411331.0	1188549	342741.0	403703.457	0.968	0.9411	972.0	1866	2.3639	79	0.0179	2677	0.6069	8.8335	252	0.0571	960	0.2176	3193	0.7239	6	0.0014
Heracleum_mantegazzianum	117906	1600602514	53456507102	5058.7628	4220.0	173092	453382.4157	400991.5	1199198	371385.0	432933.2346	0.918	0.9085	918.0	10698	11.0213	84	0.0007	75147	0.6373	73.6635	653	0.0055	21226	0.18	96022	0.8144	5	0.0
Heracleum_sphondylium	167050	1994409774	73708548064	5292.1899	4470.0	234537	441236.4446	372185.5	1199344	343203.5	419672.982	0.923	0.9124	922.0	14002	11.9304	116	0.0007	102581	0.6141	83.7591	803	0.0048	31915	0.1911	134324	0.8041	8	0.0
Herbertus_borealis	27930	925624297	13087904670	3915.5932	3183.0	88860	468596.6584	428447.5	1197940	409645.0	455070.2344	0.9	0.8929	898.0	7444	3.752	11	0.0004	19378	0.6938	30.1742	195	0.007	4757	0.1703	22975	0.8226	3	0.0001
Herbertus_hutchinsiae	38470	1088797968	18515941244	3645.0143	3070.0	80581	481308.5845	448895.0	1198680	431772.5	468887.166	0.884	0.8796	882.0	9719	3.9582	7	0.0002	27480	0.7143	35.3325	237	0.0062	5820	0.1513	32412	0.8425	1	0.0
Herbertus_stramineus	35346	1009192968	16901819279	3780.6961	3053.0	115263	478181.9521	443133.0	1198968	426519.5	465185.5317	0.905	0.8973	906.0	8972	3.9396	2	0.0001	25131	0.711	35.024	194	0.0055	5414	0.1532	29734	0.8412	4	0.0001
Heriades_truncorum	2195	254909355	805615625	4807.6588	3701.0	72612	367023.0638	235020.0	1189028	216310.0	326456.3485	0.908	0.905	920.0	485	4.5258	46	0.021	1118	0.5093	8.6109	10	0.0046	629	0.2866	1556	0.7089	0	0.0
Hericium_coralloides	777	40354988	255798702	4501.6692	3752.0	10912	329213.2587	233059.0	1169532	223497.0	318346.0798	0.954	0.9426	958.0	184	4.2228	0	0.0	397	0.5109	19.2541	9	0.0116	257	0.3308	511	0.6577	0	0.0
Hericium_erinaceus	2913	44610878	1039989980	4949.8325	4517.0	38506	357016.8143	212717.0	1189422	202730.0	340737.2104	0.948	0.9379	956.0	161	18.0932	4	0.0014	1403	0.4816	65.298	25	0.0086	850	0.2918	2038	0.6996	0	0.0
Herina_lugubris	2965	439527875	1421727329	3827.4614	2869.0	60412	479503.315	450638.0	1185234	391678.0	445982.5825	0.974	0.9597	968.0	509	5.8251	2	0.0007	1949	0.6573	6.7459	20	0.0067	497	0.1676	2448	0.8256	0	0.0
Herina_nigrina	2684	435714591	1376568612	3402.4102	2784.0	39493	512879.5127	508161.0	1196701	442720.0	474675.4735	0.9725	0.9572	964.0	527	5.093	4	0.0015	1887	0.7031	6.16	24	0.0089	396	0.1475	2264	0.8435	0	0.0
Hermaeophaga_mercurialis	3150	403218336	1216238702	4362.0667	3475.5	54158	386107.5244	271577.0	1185119	251063.5	365428.0	0.934	0.9261	932.0	672	4.6875	5	0.0016	1729	0.5489	7.8121	88	0.0279	819	0.26	2243	0.7121	0	0.0
Herminia_grisealis	17339	1015937788	6169774884	4029.9841	2869.0	135337	355832.2212	214665.0	1196303	201395.0	321646.6619	0.944	0.9199	932.0	5062	3.4253	23	0.0013	8411	0.4851	17.067	450	0.026	4342	0.2504	12527	0.7225	20	0.0012
Herminia_tarsipennalis	7240	787467975	3547221342	3045.3264	2480.0	35264	489947.6992	481550.5	1190676	382680.0	436569.962	0.974	0.9529	968.0	2328	3.11	2	0.0003	4854	0.6704	9.194	158	0.0218	1172	0.1619	5899	0.8148	11	0.0015
Hesperia_comma	3048	525130142	1387733276	3488.9882	2927.0	22948	455293.0696	422253.0	1193985	376929.5	430200.6224	0.942	0.93	950.0	1005	3.0328	6	0.002	1939	0.6362	5.8043	117	0.0384	603	0.1978	2327	0.7635	1	0.0003
Hesperis_matronalis	242658	3659759220	107740636978	4036.6705	3531.0	236321	444001.9986	383594.5	1199625	356699.0	424580.6376	0.871	0.8686	872.0	32471	7.4731	153	0.0006	151164	0.623	66.3044	1314	0.0054	46037	0.1897	195301	0.8048	6	0.0
Heteranomia_squamula	7025	732301191	2937781042	3235.7522	2490.0	57604	418189.4722	335737.0	1199786	290187.0	380416.0315	0.921	0.8933	920.0	2529	2.7778	54	0.0077	4045	0.5758	9.593	178	0.0253	1561	0.2222	5281	0.7517	5	0.0007
Heterocladium_heteropterum	4076	319543012	1275718175	3662.8606	3249.0	63341	312982.8692	185293.0	1177581	176742.0	299183.9085	0.922	0.9135	918.0	1392	2.9282	1	0.0002	1872	0.4593	12.7557	74	0.0182	1477	0.3624	2525	0.6195	0	0.0
Heterogaster_urticae	5732	1615312415	1880683787	4287.4304	3068.0	70826	328102.5448	180356.5	1188840	161842.5	297758.5051	0.933	0.9233	938.0	2269	2.5262	107	0.0187	2532	0.4417	3.5485	790	0.1378	1635	0.2852	3297	0.5752	10	0.0017
Heteromyza_rotundicornis	4532	333134301	2272369899	3061.8797	2696.0	17709	501405.5382	512154.0	1193885	427920.5	460577.5227	0.952	0.9349	944.0	965	4.6964	12	0.0026	3171	0.6997	13.6041	50	0.011	801	0.1767	3681	0.8122	0	0.0
Heteropelma_amictum	3644	226346673	1444901068	3722.6507	2810.0	78643	396515.112	313768.5	1183015	290407.0	378093.1452	0.95	0.9277	954.0	670	5.4388	119	0.0327	2120	0.5818	16.0992	78	0.0214	757	0.2077	2809	0.7709	0	0.0
Heterotoma_planicornis	3294	848367861	1387362323	3807.0941	2878.0	28564	421178.6044	340814.5	1196926	261144.0	366628.0395	0.943	0.9223	938.0	1437	2.2923	309	0.0938	1815	0.551	3.8827	228	0.0692	856	0.2599	2194	0.6661	16	0.0049
Hibiscus_tridactylites	194191	2554993919	74094970812	4513.1935	3524.0	141458	381557.1824	232699.0	1199345	218828.0	357385.3416	0.878	0.8734	874.0	12548	15.4759	86	0.0004	98000	0.5047	76.0045	1061	0.0055	48625	0.2504	144505	0.7441	0	0.0
Hibiscus_verdcourtii	172644	2999693161	68634523746	4300.4623	3335.0	284111	397549.4297	269997.5	1198858	248154.0	373699.2347	0.869	0.8714	868.0	20044	8.6133	44	0.0003	92333	0.5348	57.5539	849	0.0049	40356	0.2338	131439	0.7613	0	0.0
Hieracium_snowdoniense	349062	6738498825	159204734020	3861.2428	3351.0	314807	456092.9979	410592.0	1199837	366013.5	428176.0476	0.867	0.8597	866.0	56653	6.1614	562	0.0016	221284	0.6339	51.8012	2365	0.0068	65111	0.1865	281504	0.8065	82	0.0002
Hierochloe_odorata	198642	3560196145	94853946019	3905.7633	3188.0	111964	477512.0368	444212.0	1199279	421519.0	461348.6236	0.874	0.8686	892.0	26445	7.5115	10	0.0001	137805	0.6937	55.7952	659	0.0033	31007	0.1561	166974	0.8406	2	0.0
Hipparchia_semele	2690	403185854	1006484085	3501.7387	2895.0	39576	374157.6524	218058.5	1179154	201137.5	328733.8097	0.948	0.9277	958.0	789	3.4094	29	0.0108	1317	0.4896	6.6719	107	0.0398	733	0.2725	1850	0.6877	0	0.0
Hippophae_rhamnoides	31878	1139247892	14675211648	4674.0369	3266.0	181980	460355.4692	410507.0	1198537	363901.5	426770.8533	0.906	0.8992	904.0	4257	7.4884	7	0.0002	20493	0.6429	27.9816	161	0.0051	6116	0.1919	25599	0.803	2	0.0001
Hippuris_vulgaris	13585	525088663	5594903420	3585.8087	2869.0	70776	411844.1973	337600.0	1199093	306246.0	389295.0241	0.857	0.8598	890.0	1730	7.8526	0	0.0	8179	0.6021	25.8718	89	0.0066	2938	0.2163	10558	0.7772	0	0.0
Hirtodrosophila_cameraria	1688	211049431	691295086	4381.6582	2924.0	57766	409535.0036	253705.0	1195957	224923.0	339744.3614	0.902	0.8879	886.0	277	6.0939	0	0.0	876	0.519	7.9981	14	0.0083	484	0.2867	1190	0.705	0	0.0
Hofmannophila_pseudospretella	480	406079741	135533701	3828.9188	2949.0	38499	282361.8771	91272.5	1148374	45323.5	246657.5917	0.962	0.9332	967.0	250	1.92	3	0.0062	175	0.3646	1.182	90	0.1875	179	0.3729	210	0.4375	1	0.0021
Holcus_mollis	264177	3821706226	110335719423	4284.3401	3504.0	179339	417658.3102	321510.0	1199947	298461.0	397014.479	0.905	0.899	914.0	28432	9.2915	35	0.0001	151540	0.5736	69.1254	1413	0.0053	57120	0.2162	205640	0.7784	4	0.0
Hololepta_plana	1386	137074893	407606991	4952.0584	3664.0	32396	294088.7381	191318.0	1186544	170387.5	271394.8413	0.966	0.9556	968.0	217	6.3871	2	0.0014	605	0.4365	10.1113	15	0.0108	424	0.3059	947	0.6833	0	0.0
Holothuria_forskali	11436	1430932142	4797307623	3267.3615	2592.0	152355	419491.7474	345216.5	1198775	308558.5	390043.2864	0.917	0.9051	914.0	3926	2.9129	17	0.0015	6928	0.6058	7.992	273	0.0239	2690	0.2352	8465	0.7402	8	0.0007
Homoeosoma_sinuella	6725	654566928	3013807323	4353.1312	2933.0	142930	448149.7878	396543.0	1193159	331587.0	405836.7976	0.971	0.9528	968.0	2329	2.8875	41	0.0061	4199	0.6244	10.274	241	0.0358	1307	0.1943	5158	0.767	19	0.0028
Honckenya_peploides	649231	3579782784	196084287371	3971.3227	3611.0	172383	302025.4538	166291.0	1199924	155541.0	274942.6473	0.893	0.8866	912.0	14546	44.633	54	0.0001	218451	0.3365	181.3604	4117	0.0063	211123	0.3252	433977	0.6684	14	0.0
Hookeria_lucens	66881	1419439564	29881662554	4452.0039	3720.0	175324	446788.5132	390890.0	1199006	349306.0	418679.9407	0.915	0.8995	910.0	11811	5.6626	31	0.0005	42121	0.6298	47.1179	385	0.0058	13827	0.2067	52668	0.7875	1	0.0
Hoplismenus_bidentatus	4174	297924301	1554963265	4466.8699	3303.0	39313	372535.5211	234344.0	1196893	204437.5	323835.1001	0.933	0.9288	944.0	822	5.0779	10	0.0024	2015	0.4828	14.0103	118	0.0283	1064	0.2549	2992	0.7168	0	0.0
Hoplocampa_crataegi	3592	221088848	1311266964	5883.2712	4195.5	137912	365052.0501	230970.0	1188679	200445.0	314019.0654	0.946	0.9343	940.0	427	8.4122	4	0.0011	1677	0.4669	16.2469	33	0.0092	853	0.2375	2706	0.7533	0	0.0
Hoplodrina_ambigua	2501	438020837	1082177243	3479.5578	2792.0	50309	432697.8181	374263.0	1186993	317046.0	387746.6461	0.97	0.9462	970.0	565	4.4265	15	0.006	1506	0.6022	5.7098	86	0.0344	527	0.2107	1887	0.7545	1	0.0004
Hoplodrina_blanda	1607	463968627	696978597	2843.3441	2618.0	15782	433714.1238	390780.0	1176464	329312.0	392590.9266	0.953	0.9361	960.0	518	3.1023	12	0.0075	967	0.6017	3.4636	67	0.0417	360	0.224	1178	0.733	2	0.0012
Hoplodrina_octogenaria	1919	476616248	851839590	3095.4935	2710.0	11172	443897.6498	408792.0	1171126	339124.0	398070.5836	0.956	0.9401	958.0	797	2.4078	54	0.0281	1181	0.6154	4.0263	175	0.0912	362	0.1886	1382	0.7202	0	0.0
Hordeum_vulgare	442717	4168639120	177039765472	4580.6656	3899.0	494394	399893.7594	260818.0	1199523	239819.0	375360.9892	0.907	0.8953	908.0	25390	17.4367	55	0.0001	232524	0.5252	106.2018	2097	0.0047	102503	0.2315	338111	0.7637	6	0.0
Horisme_tersata	4622	556507617	2373724261	3202.034	2511.0	49354	513570.8051	525428.5	1184675	412636.5	457449.9989	0.953	0.9325	944.0	1517	3.0468	34	0.0074	3212	0.6949	8.3054	118	0.0255	764	0.1653	3737	0.8085	3	0.0006
Horisme_vitalbata	3274	532083609	1544693950	2918.5538	2469.5	32216	471806.3378	445855.0	1197703	376345.0	433156.9407	0.936	0.9171	940.0	1164	2.8127	12	0.0037	2149	0.6564	6.1532	142	0.0434	567	0.1732	2564	0.7831	1	0.0003
Hottonia_palustris	42792	737462810	17857075720	4087.5606	3333.0	74008	417299.3952	302056.0	1198928	266278.5	377762.3426	0.904	0.8954	890.0	5275	8.1122	26	0.0006	23672	0.5532	58.026	243	0.0057	9752	0.2279	32797	0.7664	0	0.0
Humulus_lupulus	97816	2473591795	45270369021	3817.1372	3166.0	189467	462811.4932	422433.0	1198933	391732.5	442368.4151	0.864	0.8632	874.0	23716	4.1245	15	0.0002	64834	0.6628	39.5441	428	0.0044	16630	0.17	80757	0.8256	1	0.0
Hybos_culiciformis	1095	317245610	356200785	3244.5315	2644.0	19630	325297.5205	188277.0	1167399	179653.0	296491.4749	0.944	0.9246	938.0	524	2.0897	3	0.0027	512	0.4676	3.4516	36	0.0329	352	0.3215	706	0.6447	1	0.0009
Hybos_femoratus	755	320844271	274023094	4477.555	2837.0	91262	362944.4954	232010.0	1144863	210659.0	317197.6344	0.907	0.8887	912.0	301	2.5083	8	0.0106	383	0.5073	2.3532	37	0.049	255	0.3377	462	0.6119	1	0.0013
Hydnum_repandum	1756	52898597	704352751	4324.5285	3719.5	36503	401112.045	313950.0	1160152	295124.0	387663.0399	0.954	0.9347	952.0	416	4.2212	0	0.0	1024	0.5831	33.1956	65	0.037	381	0.217	1310	0.746	0	0.0
Hydraecia_micacea	3511	562322981	1710365279	3074.7192	2800.0	16034	487144.7676	476745.0	1188438	410031.0	449355.0527	0.976	0.9583	972.0	975	3.601	8	0.0023	2397	0.6827	6.2437	123	0.035	567	0.1615	2821	0.8035	0	0.0
Hydriomena_furcata	2112	422982219	1156766364	3101.5587	2731.0	18907	547711.3466	613074.5	1196563	413209.5	451133.6918	0.972	0.9538	926.0	833	2.5354	1	0.0005	1441	0.6823	4.9931	85	0.0402	403	0.1908	1623	0.7685	1	0.0005
Hydrocotyle_vulgaris	65791	851952168	24101370928	4882.4239	4145.0	81370	366332.3392	217869.0	1199268	206499.0	343083.54	0.902	0.8927	890.0	2562	25.6795	3	0.0	31998	0.4864	77.2238	229	0.0035	16909	0.257	48652	0.7395	1	0.0
Hydrotaea_cyrtoneurina	9682	574859576	3666338917	4427.558	2933.0	268929	378675.7816	222649.0	1198633	190492.0	315887.7536	0.898	0.871	902.0	727	13.3177	13	0.0013	4320	0.4462	16.8424	162	0.0167	2574	0.2659	6943	0.7171	3	0.0003
Hydrotaea_diabolus	7100	1073515512	2224973027	3298.01	2755.5	51198	313376.4827	175632.0	1192493	144996.0	282588.5638	0.942	0.9209	940.0	1866	3.8049	38	0.0054	2920	0.4113	6.6138	592	0.0834	2346	0.3304	4144	0.5837	18	0.0025
Hydrotaea_militaris	39419	1667933652	20017905906	2966.0156	2655.0	37207	507823.7882	525419.0	1196067	369401.0	427793.3496	0.955	0.9403	918.0	5216	7.5573	36	0.0009	25292	0.6416	23.6334	519	0.0132	7919	0.2009	30973	0.7857	8	0.0002
Hydrotaea_similis	5963	823832923	2106808689	3346.7129	2780.0	54228	353313.5484	199585.0	1198864	179805.0	321039.167	0.936	0.9185	944.0	1636	3.6449	27	0.0045	2773	0.465	7.2381	244	0.0409	1922	0.3223	3796	0.6366	1	0.0002
Hygrocybe_chlorophana	553	31605365	135925027	3507.7432	2855.0	17768	245795.7089	122468.0	1183066	111431.0	237129.2387	0.881	0.8893	892.0	173	3.1965	0	0.0	194	0.3508	17.497	30	0.0542	234	0.4231	289	0.5226	0	0.0
Hygrocybe_citrinovirens	1722	38674245	573038095	4482.0616	3775.5	27668	332774.7358	199610.5	1185848	191224.5	320059.8589	0.917	0.9178	928.0	214	8.0467	0	0.0	823	0.4779	44.5258	23	0.0134	512	0.2973	1187	0.6893	0	0.0
Hygrocybe_coccinea	1780	65126115	614408687	4478.2888	3610.0	20522	345173.4197	215443.0	1187770	203864.0	329965.4264	0.937	0.9203	934.0	507	3.5108	2	0.0011	882	0.4955	27.3316	47	0.0264	525	0.2949	1208	0.6787	0	0.0
Hygrocybe_conica	612	38880738	80733606	3934.4902	3170.0	22673	131917.6569	80874.5	1170473	72282.5	123038.4641	0.905	0.9109	908.0	218	2.8073	0	0.0	102	0.1667	15.7404	7	0.0114	374	0.6111	231	0.3775	0	0.0
Hygrocybe_helobia	670	27889562	118110159	3509.0463	2691.0	31050	176283.8194	93931.0	1173612	84149.5	165485.2104	0.89	0.8943	901.0	145	4.6207	0	0.0	135	0.2015	24.0233	16	0.0239	362	0.5403	292	0.4358	0	0.0
Hygrocybe_punicea	2818	91297665	1079923353	4291.7087	3339.5	25506	383223.3332	300453.0	1188499	283579.0	368397.5369	0.946	0.9319	944.0	766	3.6789	4	0.0014	1655	0.5873	30.8661	134	0.0476	631	0.2239	2053	0.7285	0	0.0
Hygrohypnum_duriusculum	7010	308988743	2583165569	3898.5137	3336.0	67036	368497.2281	245761.5	1198078	233904.0	355548.9568	0.95	0.9328	940.0	1332	5.2628	1	0.0001	3684	0.5255	22.6869	111	0.0158	2134	0.3044	4765	0.6797	0	0.0
Hygromia_cinctella	5070	1335758096	1758137892	3655.831	2747.0	69672	346772.7598	209196.5	1186966	183721.5	306285.8536	0.931	0.9142	924.0	2591	1.9568	2	0.0004	2390	0.4714	3.7956	184	0.0363	1604	0.3164	3281	0.6471	1	0.0002
Hylaea_fasciaria	1355	327798893	584599390	3069.3173	2446.0	38741	431438.6642	384779.0	1176372	350843.0	408625.4672	0.966	0.9522	976.0	600	2.2583	4	0.003	854	0.6303	4.1336	80	0.059	292	0.2155	979	0.7225	4	0.003
Hylaeus_dilatatus	2338	265289433	891562867	3397.7806	2779.5	50111	381335.7002	267180.0	1181247	253107.5	362095.8563	0.951	0.9279	948.0	583	4.0103	133	0.0569	1259	0.5385	8.813	104	0.0445	641	0.2742	1593	0.6814	0	0.0
Hylaeus_hyalinatus	10839	419161397	3317248814	5222.1887	3581.0	145507	306047.4964	202365.0	1192317	158733.0	262042.7812	0.949	0.9401	960.0	1111	9.7561	147	0.0136	3953	0.3647	25.8588	172	0.0159	3394	0.3131	7271	0.6708	2	0.0002
Hylaeus_signatus	27382	658526388	10603094496	8023.4848	5205.0	360569	387228.6355	221573.5	1199662	176252.5	301602.9641	0.89	0.8974	884.0	635	43.1213	63	0.0023	11081	0.4047	41.5807	218	0.008	7614	0.2781	19550	0.714	0	0.0
Hylobius_abietis	42364	1635603011	19498890043	3757.4518	2810.5	118666	460270.2777	410396.5	1198949	379876.5	434570.066	0.977	0.963	980.0	9927	4.2676	44	0.001	27361	0.6459	25.9012	1156	0.0273	6905	0.163	34084	0.8046	219	0.0052
Hylocomiadelphus_triquetrus	6185	463979747	2292101852	3981.3942	3215.0	76558	370590.4369	259540.0	1192667	247048.0	352901.0619	0.921	0.9116	922.0	2345	2.6375	16	0.0026	3366	0.5442	13.3303	125	0.0202	1727	0.2792	4331	0.7002	2	0.0003
Hymenoloma_crispulum	6462	297584951	2923767502	5281.755	4384.0	172911	452455.5094	407391.0	1196836	387564.5	435335.4446	0.974	0.9562	972.0	1480	4.3662	1	0.0002	4206	0.6509	21.7148	63	0.0097	1387	0.2146	5012	0.7756	0	0.0
Hyocomium_armoricum	3791	327476779	1255088337	4017.3376	3335.0	67157	331070.5189	208109.0	1194567	199495.0	318830.8085	0.9	0.9009	904.0	1357	2.7937	0	0.0	1856	0.4896	11.5764	52	0.0137	1311	0.3458	2428	0.6405	0	0.0
Hypatima_rhomboidella	4331	461298426	2172355452	3433.1716	2519.0	23473	501582.8797	500141.0	1189416	385576.0	438762.2674	0.977	0.9588	972.0	1585	2.7325	104	0.024	2869	0.6624	9.3887	110	0.0254	715	0.1651	3505	0.8093	1	0.0002
Hypena_proboscidalis	2578	636038374	877049629	3553.6788	2553.0	64267	340205.4418	189673.0	1177984	178635.5	307909.8576	0.976	0.9287	980.0	1192	2.1628	451	0.1749	1213	0.4705	4.0532	216	0.0838	853	0.3309	1505	0.5838	4	0.0016
Hypera_postica	24673	1994888985	9241065334	3666.1045	2872.0	123193	374541.6177	252030.0	1199523	232813.0	349246.171	0.937	0.9142	942.0	9077	2.7182	164	0.0066	13014	0.5275	12.3681	2205	0.0894	5899	0.2391	16526	0.6698	43	0.0017
Hypera_rumicis	67943	1769378732	31375971310	3087.9218	2613.0	175212	461798.4385	437748.0	1199779	378687.0	427862.5252	0.958	0.946	956.0	9501	7.1511	143	0.0021	43750	0.6439	38.3994	3564	0.0525	12478	0.1837	51854	0.7632	47	0.0007
Hypericum_androsaemum	12487	384585908	4499878406	4438.5977	3680.0	85107	360365.0521	225408.0	1197083	203415.0	326446.0128	0.913	0.8923	886.0	1688	7.3975	4	0.0003	6138	0.4916	32.4687	146	0.0117	3492	0.2797	8849	0.7087	0	0.0
Hypericum_hircinum	20704	418236357	6683225476	3894.1208	3344.0	54193	322798.7575	200219.5	1194746	161621.0	278830.9178	0.91	0.8875	858.0	1909	10.8455	30	0.0014	8261	0.399	49.5031	202	0.0098	6775	0.3272	13727	0.663	0	0.0
Hypericum_hirsutum	11901	332006851	4562528566	4223.3388	3543.0	70458	383373.5456	257613.0	1194015	237877.0	361757.817	0.879	0.8834	890.0	1340	8.8813	4	0.0003	6378	0.5359	35.8456	105	0.0088	2906	0.2442	8890	0.747	0	0.0
Hypericum_maculatum	9196	344293109	3400837401	4132.2008	3237.0	184976	369817.0293	236428.5	1188776	216407.5	340821.1402	0.868	0.8715	882.0	1498	6.1389	1	0.0001	4670	0.5078	26.7098	88	0.0096	2539	0.2761	6569	0.7143	0	0.0
Hypericum_perforatum	10156	347394281	3875438565	4190.1153	3326.0	66052	381591.0363	247576.5	1196747	231926.0	347878.3076	0.865	0.87	876.0	1516	6.6992	0	0.0	5359	0.5277	29.2348	77	0.0076	2394	0.2357	7684	0.7566	1	0.0001
Hypericum_pulchrum	14678	361007139	5959031508	4486.772	3531.0	46550	405983.888	309122.5	1198068	282999.5	384509.9773	0.9045	0.8978	904.0	1758	8.3493	3	0.0002	8304	0.5657	40.6585	138	0.0094	3574	0.2435	10965	0.747	1	0.0001
Hyperoodon_ampullatus	128777	2538858029	61111250284	4013.5675	3594.0	174335	474550.9702	437355.0	1198740	343620.0	421347.5576	0.893	0.8956	872.0	833	154.5942	0	0.0	78746	0.6115	50.7224	174	0.0014	24022	0.1865	104581	0.8121	0	0.0
Hyperoplus_immaculatus	2264	740149206	856476516	3222.2928	2721.0	39211	378302.3481	263730.0	1189693	236689.0	341358.3679	0.946	0.924	944.0	1056	2.1439	10	0.0044	1182	0.5221	3.0588	59	0.0261	729	0.322	1476	0.6519	0	0.0
Hypnum_cupressiforme	5847	373722748	2087267718	3811.733	3294.0	61361	356980.9677	240717.0	1194217	228737.0	342931.6367	0.923	0.9196	930.0	1581	3.6983	3	0.0005	3038	0.5196	15.6453	107	0.0183	1743	0.2981	3997	0.6836	0	0.0
Hypochaeris_maculata	274523	3818223148	124711354292	3320.5495	2800.0	94894	454283.8097	408118.0	1199708	371931.0	431322.4702	0.919	0.91	930.0	27424	10.0103	99	0.0004	176381	0.6425	71.8981	1540	0.0056	50348	0.1834	222610	0.8109	25	0.0001
Hypomecis_atomaria	9629	689315821	5146363041	3057.5419	2597.0	90406	534464.9539	566570.0	1194309	447293.0	474056.9853	0.953	0.9445	944.0	1867	5.1575	12	0.0012	6950	0.7218	13.9689	300	0.0312	1370	0.1423	7954	0.826	5	0.0005
Hypomecis_punctinalis	4486	737969797	2231016978	3028.1948	2594.0	53519	497328.7958	504483.5	1195755	423190.5	452442.0553	0.944	0.9317	936.0	2139	2.0972	11	0.0025	3072	0.6848	6.0788	164	0.0366	753	0.1679	3565	0.7947	4	0.0009
Hyposoter_dolosus	2645	212274536	816151923	4694.7176	3389.0	72812	308564.0541	196844.0	1172839	178126.0	279578.4189	0.971	0.95	974.0	393	6.7303	2	0.0008	1170	0.4423	12.4603	40	0.0151	839	0.3172	1766	0.6677	0	0.0
Hyppa_rectilinea	2714	569166183	1233870457	3095.8817	2545.0	37219	454631.7085	413439.5	1181246	337795.0	398125.3405	0.969	0.9458	960.0	1254	2.1643	21	0.0077	1667	0.6142	4.7684	196	0.0722	526	0.1938	1992	0.734	0	0.0
Hypsopygia_costalis	2889	816877741	1453658214	3512.3133	2816.0	17721	503170.0291	501664.0	1193419	384127.0	432286.1478	0.962	0.9412	938.0	1592	1.8147	6	0.0021	1944	0.6729	3.5366	115	0.0398	485	0.1679	2281	0.7895	8	0.0028
Hysterophora_maculosana	3082	315420919	1468705690	3917.5977	3477.0	16338	476543.0532	442004.0	1182119	406063.0	448589.9254	0.901	0.9061	942.0	593	5.1973	2	0.0006	2147	0.6966	9.7711	71	0.023	477	0.1548	2533	0.8219	1	0.0003
Icerya_purchasi	4781	1098446509	1596462919	4529.3204	3305.0	66515	333918.201	166425.0	1196759	151146.0	306259.2127	0.971	0.9504	960.0	2602	1.8374	17	0.0036	2241	0.4687	4.3525	984	0.2058	1193	0.2495	2590	0.5417	14	0.0029
Ichneumon_extensorius	7594	413788128	2324445418	5945.6828	3913.0	66222	306089.7311	201418.0	1199246	161193.5	261919.5572	0.956	0.9423	950.0	1303	5.8281	20	0.0026	2802	0.369	18.3524	215	0.0283	2187	0.288	5189	0.6833	3	0.0004
Ichneumon_xanthorius	3589	311200682	1132916929	6638.4235	4070.0	183710	315663.6748	192482.0	1186511	160456.0	280206.3238	0.957	0.9414	956.0	780	4.6013	26	0.0072	1454	0.4051	11.5328	122	0.034	1080	0.3009	2385	0.6645	2	0.0006
Idaea_aversata	1454	436713420	740852488	2889.044	2496.0	18029	509527.1582	535269.0	1186160	381084.0	418673.6327	0.962	0.9368	934.0	835	1.7413	4	0.0028	965	0.6637	3.3294	117	0.0805	246	0.1692	1090	0.7497	1	0.0007
Idaea_biselata	1041	412782989	532183482	3134.9683	2739.0	23257	511223.3256	516736.0	1177280	423646.0	457363.5091	0.974	0.9599	970.0	469	2.2196	4	0.0038	736	0.707	2.5219	12	0.0115	200	0.1921	829	0.7963	0	0.0
Idaea_dimidiata	1126	421693020	377758120	3728.9067	2813.5	21517	335486.7851	139121.5	1152487	105608.5	290113.5062	0.954	0.929	972.0	592	1.902	3	0.0027	481	0.4272	2.6702	149	0.1323	408	0.3623	569	0.5053	0	0.0
Idaea_emarginata	17016	347330766	8908044420	2687.9676	2737.0	31759	523509.8977	537211.0	1195486	445879.0	471159.9609	0.929	0.9309	918.0	375	45.376	3	0.0002	12431	0.7305	48.9908	127	0.0075	2435	0.1431	14451	0.8493	3	0.0002
Idaea_fuscovenosa	1583	434609000	806609646	3018.3816	2563.0	39632	509544.9438	510706.0	1193833	449273.0	471252.0164	0.947	0.9335	948.0	801	1.9763	3	0.0019	1143	0.722	3.6424	23	0.0145	232	0.1466	1328	0.8389	0	0.0
Idaea_ochrata	1141	372397221	499818008	3486.0955	2717.0	35057	438052.5925	371644.0	1190886	313238.0	399112.8703	0.961	0.9251	958.0	626	1.8227	22	0.0193	685	0.6004	3.0639	74	0.0649	225	0.1972	840	0.7362	2	0.0018
Idaea_rusticata	2137	373590396	1038008281	3193.8811	2740.0	27354	485731.5307	482408.0	1188853	418518.0	448579.9204	0.973	0.9518	972.0	912	2.3432	13	0.0061	1459	0.6827	5.7202	102	0.0477	346	0.1619	1688	0.7899	1	0.0005
Idaea_seriata	3472	389535158	1929998120	2487.9974	2249.0	12374	555875.0346	583537.5	1191771	478372.5	492092.3082	0.948	0.9365	930.0	965	3.5979	162	0.0467	2619	0.7543	8.9132	32	0.0092	456	0.1313	2984	0.8594	0	0.0
Idaea_straminata	1281	411141198	672035495	3204.3794	2610.0	15683	524617.8728	568022.0	1189991	415786.0	445765.2147	0.951	0.936	932.0	597	2.1457	1	0.0008	869	0.6784	3.1157	70	0.0546	221	0.1725	990	0.7728	0	0.0
Idaea_sylvestraria	754	355791383	317645962	3421.6154	2789.0	12857	421281.1167	358349.0	1175412	317605.5	390907.679	0.976	0.9452	970.0	374	2.016	1	0.0013	454	0.6021	2.1192	54	0.0716	173	0.2294	526	0.6976	1	0.0013
Idaea_trigeminata	5366	505297564	2635280133	2803.298	2589.0	16260	491106.9946	483773.0	1195103	400399.5	438428.2816	0.909	0.8963	924.0	1216	4.4128	34	0.0063	3572	0.6657	10.6195	151	0.0281	912	0.17	4300	0.8013	3	0.0006
Ilex_aquifolium	20975	787782826	8397810052	3949.1165	3304.0	75106	400372.3505	297552.0	1194114	270336.0	377647.619	0.875	0.8758	872.0	3905	5.3713	10	0.0005	11766	0.561	26.6254	206	0.0098	4794	0.2286	15973	0.7615	2	0.0001
Ilione_lineata	71411	1267222146	33359166764	3072.5913	2956.0	119795	467143.2519	433525.0	1197594	376130.0	433572.429	0.967	0.9559	964.0	4966	14.38	48	0.0007	45929	0.6432	56.3524	621	0.0087	12735	0.1783	58055	0.813	0	0.0
Ilybius_aenescens	7420	1340105615	3092006185	3840.2522	2881.5	76170	416712.4239	306972.0	1189176	247893.5	354001.4354	0.947	0.918	920.0	2802	2.6481	70	0.0094	4014	0.541	5.5369	543	0.0732	1649	0.2222	5201	0.7009	27	0.0036
Impatiens_glandulifera	18569	624461603	8033557195	4107.0926	3398.0	44604	432632.7317	368143.0	1199379	328060.0	404994.5773	0.873	0.8718	860.0	3560	5.216	27	0.0015	11472	0.6178	29.736	139	0.0075	3824	0.2059	14598	0.7861	8	0.0004
Impatiens_noli_tangere	38808	581298847	15789343074	4399.2143	3712.0	37537	406857.9436	281190.5	1199259	245324.5	370518.7697	0.877	0.8751	890.0	2992	12.9706	20	0.0005	20779	0.5354	66.7608	161	0.0041	8949	0.2306	29697	0.7652	1	0.0
Impatiens_parviflora	64384	1708791023	29091279533	4571.3177	3259.0	219296	451840.2015	395031.0	1199098	355905.0	421066.3972	0.864	0.8623	860.0	11178	5.7599	1427	0.0222	40952	0.6361	37.6781	636	0.0099	11843	0.1839	51899	0.8061	6	0.0001
Inachis_io	6273	383822689	2813141348	3298.1086	2846.0	33253	448452.3112	372823.0	1196884	288908.0	389445.3904	0.969	0.96	960.0	527	11.9032	0	0.0	3671	0.5852	16.3435	32	0.0051	1305	0.208	4932	0.7862	4	0.0006
Incurvaria_masculella	1953	551918069	984672525	3156.4199	2534.0	21251	504184.6006	534168.0	1195371	429433.0	447617.9104	0.957	0.9415	948.0	1054	1.8529	1	0.0005	1313	0.6723	3.5386	111	0.0568	351	0.1797	1490	0.7629	1	0.0005
Incurvaria_pectinea	9505	667864229	4674185088	2871.5462	2266.0	63377	491760.6615	491268.0	1192018	417653.0	450675.8156	0.932	0.9168	922.0	1889	5.0318	3	0.0003	6688	0.7036	14.2319	488	0.0513	1277	0.1344	7740	0.8143	0	0.0
Inocybe_asterospora	835	41641845	150412073	3639.224	2953.0	24035	180134.2192	82488.0	1177001	73354.0	170577.0946	0.899	0.8961	898.0	298	2.802	1	0.0012	213	0.2551	20.0519	16	0.0192	468	0.5605	351	0.4204	0	0.0
Inocybe_fraudans	1960	61775469	712939933	4435.5546	3630.0	58597	363744.8638	250828.5	1190568	239510.0	351471.9138	0.921	0.9195	920.0	426	4.6009	0	0.0	1025	0.523	31.7278	16	0.0082	626	0.3194	1318	0.6724	0	0.0
Inocybe_grammopodia	530	47878415	119999145	4226.5962	3188.5	101327	226413.4811	107475.0	1090480	97048.5	216471.1094	0.9215	0.9141	928.0	258	2.0543	1	0.0019	179	0.3377	11.0697	13	0.0245	255	0.4811	262	0.4943	0	0.0
Inocybe_obscuroides	1284	48555821	348118866	3614.1737	2883.5	19566	271120.6121	149420.5	1190011	141887.5	261126.9681	0.934	0.9208	934.0	270	4.7556	0	0.0	504	0.3925	26.4438	13	0.0101	520	0.405	751	0.5849	0	0.0
Inocybe_petiginosa	1049	28827348	218152702	3620.3356	3114.0	18866	207962.5377	107815.0	1137815	94034.0	196750.9981	0.951	0.9379	962.0	113	9.2832	1	0.001	328	0.3127	36.3891	23	0.0219	519	0.4948	507	0.4833	0	0.0
Inocybe_sindonia	919	54905223	259289649	4296.3743	2763.0	78896	282143.2524	140660.0	1129660	122932.0	264592.0152	0.975	0.9457	976.0	333	2.7598	0	0.0	363	0.395	16.7379	26	0.0283	399	0.4342	494	0.5375	0	0.0
Inocybe_tigrina	458	41388071	70269884	3834.1397	3245.5	30799	153427.6943	69721.0	1156295	58428.0	144907.0197	0.885	0.8897	888.0	215	2.1302	0	0.0	90	0.1965	11.066	8	0.0175	277	0.6048	173	0.3777	0	0.0
Inula_conyza	175948	3251020024	82996012559	4106.8328	3373.0	191779	471707.6213	438880.5	1199797	404397.5	449714.5816	0.889	0.8871	888.0	27524	6.3925	97	0.0006	118248	0.6721	54.1209	1010	0.0057	29975	0.1704	144914	0.8236	49	0.0003
Inula_salicina	52018	1513086832	24115435410	3812.2419	3055.0	131290	463597.8971	426360.0	1197387	388230.0	440359.7051	0.89	0.8844	888.0	11773	4.4184	75	0.0014	34546	0.6641	34.3787	422	0.0081	9390	0.1805	42179	0.8109	27	0.0005
Ipimorpha_subtusa	13471	918853906	6766621503	3391.9782	3038.0	38028	502310.2593	495687.0	1197588	435386.0	468774.674	0.98	0.966	980.0	2196	6.1343	15	0.0011	9496	0.7049	14.6607	229	0.017	2044	0.1517	11192	0.8308	6	0.0004
Ips_sexdentatus	4586	283964841	1471715578	5826.3352	3952.0	49225	320914.8666	186550.0	1197947	168019.5	289130.6716	0.96	0.9405	950.0	547	8.3839	26	0.0057	1966	0.4287	16.1499	105	0.0229	1493	0.3256	2987	0.6513	1	0.0002
Iris_foetidissima	577182	6916449672	239304101179	4197.8747	3519.0	122642	414607.6994	296204.0	1199497	262438.0	383657.5117	0.871	0.8616	874.0	52576	10.9781	82	0.0001	313739	0.5436	83.4506	2464	0.0043	129028	0.2235	445684	0.7722	6	0.0
Ischnodemus_sabuleti	5938	1196559629	1607264209	3900.5189	3179.0	34117	270674.3363	159620.5	1187358	127364.0	236280.1101	0.931	0.9176	940.0	2191	2.7102	55	0.0093	2154	0.3627	4.9626	473	0.0797	2125	0.3579	3334	0.5615	6	0.001
Ischnura_elegans	10311	1716446596	4272869565	3571.9192	2792.0	106565	414399.1431	346492.0	1193752	323510.0	395479.8953	0.929	0.9158	926.0	4132	2.4954	25	0.0024	6354	0.6162	6.0072	221	0.0214	2369	0.2298	7715	0.7482	6	0.0006
Ischnus_inquisitorius	1925	231869854	613035088	6145.5179	4077.0	55640	318459.786	192268.0	1182868	166700.0	290598.6109	0.966	0.9476	966.0	527	3.6528	9	0.0047	850	0.4416	8.3021	74	0.0384	631	0.3278	1220	0.6338	0	0.0
Isochrysis_galbana	730	75192461	312646092	3104.8986	2949.0	26728	428282.3178	391180.5	1167853	359597.5	414714.4411	0.963	0.9547	980.0	217	3.3641	1	0.0014	461	0.6315	9.7084	22	0.0301	141	0.1932	565	0.774	2	0.0027
Isolepis_cernua	10975	599623670	5137024683	5312.2459	3329.0	149572	468066.0303	429168.0	1199579	389063.0	441727.458	0.888	0.872	874.0	2100	5.2262	3	0.0003	7565	0.6893	18.3031	143	0.013	1821	0.1659	9011	0.821	0	0.0
Isoperla_grammatica	7129	839540362	2549241772	3805.15	3073.0	37885	357587.568	214324.0	1191496	178005.0	314598.3221	0.911	0.9051	914.0	2340	3.0466	172	0.0241	3212	0.4506	8.4916	262	0.0368	2163	0.3034	4699	0.6591	5	0.0007
Isopterygiella_pulchella	7322	634040771	2651759571	4025.353	3342.0	50760	362163.2848	251544.0	1196779	240003.0	349819.2476	0.919	0.9125	922.0	3053	2.3983	1	0.0001	3922	0.5356	11.5482	96	0.0131	2243	0.3063	4983	0.6806	0	0.0
Isothecium_myosuroides	7008	382609002	2251180129	3419.5335	3004.5	79013	321230.0412	188547.0	1194596	180265.5	305404.5505	0.907	0.8966	926.0	1651	4.2447	4	0.0006	3219	0.4593	18.3163	155	0.0221	2433	0.3472	4419	0.6306	1	0.0001
Itoplectis_maculator	1106	173760335	296624604	4478.4946	3269.0	31757	268195.8445	159981.0	1154440	137410.5	238756.5145	0.951	0.9311	960.0	318	3.478	5	0.0045	402	0.3635	6.3651	8	0.0072	414	0.3743	684	0.6184	0	0.0
Jacobaea_maritima	170833	2141146986	72513379973	4040.8686	3357.0	72747	424469.3939	336857.0	1199706	296928.0	395529.0786	0.9	0.894	900.0	15304	11.1626	113	0.0007	97910	0.5731	79.7857	919	0.0054	37010	0.2166	132895	0.7779	9	0.0001
Jacobaea_vulgaris	139713	1959745765	61127186918	4197.1891	3532.0	208791	437519.679	366100.0	1199613	322260.0	409086.9661	0.891	0.8883	888.0	13591	10.2798	65	0.0005	83047	0.5944	71.2914	745	0.0053	28422	0.2034	110528	0.7911	18	0.0001
Jaera_albifrons	31773	875105244	14029680369	4813.7046	4088.0	39852	441559.8266	385234.0	1199250	353447.0	419645.2412	0.871	0.8728	860.0	5227	6.0786	7	0.0002	20365	0.641	36.3076	248	0.0078	6055	0.1906	25466	0.8015	4	0.0001
Janolus_hyalinus	66697	1076557442	33182681195	3200.4675	3210.0	164126	497513.8491	491140.0	1198431	398017.0	447642.0383	0.976	0.9693	972.0	2074	32.1586	7	0.0001	44668	0.6697	61.954	220	0.0033	10700	0.1604	55774	0.8362	3	0.0
Jasione_montana	86573	1253746426	37769520286	5200.9483	4119.0	214112	436273.6683	365966.0	1199722	339333.0	415530.7675	0.917	0.9079	918.0	5633	15.3689	55	0.0006	52655	0.6082	69.0514	443	0.0051	17575	0.203	68553	0.7919	2	0.0
Juglans_regia	9828	538591178	3666039164	5752.856	3294.0	103740	373019.858	249182.5	1197961	229902.0	346282.1772	0.901	0.8965	900.0	1415	6.9456	4	0.0004	5212	0.5303	18.2476	97	0.0099	2547	0.2592	7184	0.731	0	0.0
Juncus_bufonius	25930	759664235	10365682706	4342.8471	3262.0	165011	399756.3712	284434.0	1198002	256646.0	365747.149	0.906	0.8949	910.0	2941	8.8167	18	0.0007	14294	0.5513	34.1335	173	0.0067	6086	0.2347	19669	0.7585	2	0.0001
Juncus_conglomeratus	7487	227263545	2116902201	4572.9703	3561.0	173466	282743.7159	180020.0	1185269	142907.0	240685.0646	0.897	0.8924	914.0	803	9.3238	0	0.0	2573	0.3437	32.9441	82	0.011	2730	0.3646	4675	0.6244	0	0.0
Juncus_effusus	7530	239936857	2048102358	4971.2611	3577.0	98221	271992.345	168919.5	1195213	129831.0	225672.5305	0.898	0.889	910.0	976	7.7152	93	0.0124	2426	0.3222	31.3833	144	0.0191	2920	0.3878	4438	0.5894	28	0.0037
Juncus_inflexus	14970	320920102	5022270664	5819.4896	3734.0	112986	335489.0223	204070.5	1198804	170660.5	290724.9939	0.914	0.9089	922.0	1276	11.732	22	0.0015	6150	0.4108	46.6471	132	0.0088	4615	0.3083	10214	0.6823	9	0.0006
Juncus_squarrosus	9871	319213678	4233242727	4797.7522	2837.0	194373	428856.5218	350091.0	1197764	310441.0	394442.9438	0.889	0.8821	896.0	1596	6.1848	2	0.0002	6001	0.6079	30.9229	51	0.0052	2035	0.2062	7785	0.7887	0	0.0
Kellia_suborbicularis	3742	807272297	1487208453	3486.1363	2809.0	26262	397436.7859	306165.0	1195418	266704.0	360350.9821	0.931	0.908	926.0	1986	1.8842	55	0.0147	2047	0.547	4.6354	369	0.0986	876	0.2341	2495	0.6668	2	0.0005
Kiaeria_blyttii	9637	258289283	4490801407	4695.9072	3934.0	52290	465995.7878	429482.0	1199798	414941.0	452799.1283	0.948	0.9341	946.0	930	10.3624	0	0.0	6535	0.6781	37.3109	48	0.005	1876	0.1947	7713	0.8004	0	0.0
Koelreuteria_paniculata	8801	313276685	2848886835	3565.325	2883.0	27190	323700.3562	195914.0	1191219	182993.0	301512.5836	0.915	0.912	916.0	1216	7.2377	2	0.0002	4051	0.4603	28.0934	121	0.0137	2730	0.3102	5950	0.6761	0	0.0
Korscheltellus_lupulinus	3991	1395765424	1683576824	3469.7808	2768.0	47017	421843.3535	355359.0	1196174	325778.0	403327.6272	0.948	0.9261	944.0	2327	1.7151	11	0.0028	2490	0.6239	2.8594	101	0.0253	874	0.219	3015	0.7554	1	0.0003
Kuehneromyces_mutabilis	579	52997172	154828397	5927.6114	3483.0	32392	267406.5579	82477.0	1176211	69668.0	253199.582	0.96	0.9483	962.0	221	2.6199	0	0.0	208	0.3592	10.9251	16	0.0276	309	0.5337	254	0.4387	0	0.0
Kurzia_trichoclados	17325	527750135	7924977352	4044.2295	3535.0	33706	457430.1502	412060.0	1188739	383543.0	437940.2121	0.913	0.9021	906.0	3538	4.8968	1	0.0001	11428	0.6596	32.828	96	0.0055	3050	0.176	14179	0.8184	0	0.0
Kybos_smaragdulus	34987	1681425383	8918849239	7457.3879	6840.0	75390	254918.9482	168254.0	1198012	122190.0	207151.3005	0.993	0.9749	994.0	5600	6.2477	109	0.0031	8944	0.2556	20.8079	1712	0.0489	13217	0.3778	19918	0.5693	140	0.004
Kyklioacalles_roboris	14546	685698813	4056277812	4079.2489	3154.0	42958	278858.6424	131244.0	1197341	90805.0	248959.7248	0.947	0.9275	960.0	3842	3.786	534	0.0367	5270	0.3623	21.2134	1119	0.0769	6176	0.4246	7026	0.483	225	0.0155
Labia_minor	6940	599800081	3452295058	3136.7267	3026.0	21204	497448.8556	505647.0	1194128	373342.0	430654.3735	0.975	0.9565	966.0	1554	4.4659	13	0.0019	4564	0.6576	11.5705	139	0.02	1399	0.2016	5402	0.7784	0	0.0
Labrus_bergylta	7000	717956311	1972251611	4617.2114	3399.0	69461	281750.2301	181528.5	1194834	147818.0	242647.1257	0.942	0.9098	910.0	528	13.2576	211	0.0301	2649	0.3784	9.7499	74	0.0106	2517	0.3596	4409	0.6299	0	0.0
Labrus_mixtus	1855	708782267	545203754	3837.4841	2895.0	35089	293910.3795	176031.0	1191889	149180.0	258500.1154	0.93	0.9062	914.0	506	3.666	12	0.0065	733	0.3951	2.6172	19	0.0102	690	0.372	1146	0.6178	0	0.0
Laburnum_anagyroides	26126	1123546707	11220399757	4046.1915	3219.0	246012	429472.5468	350852.0	1197619	323706.0	406705.444	0.9	0.8934	910.0	5235	4.9906	1	0.0	15784	0.6041	23.2531	82	0.0031	5052	0.1934	20992	0.8035	0	0.0
Lacanobia_contigua	20918	936548134	9534733631	3997.3643	2940.0	65062	455814.783	407449.5	1197440	326944.5	402813.9179	0.956	0.9474	950.0	3653	5.7263	24	0.0011	12778	0.6109	22.3352	455	0.0218	4265	0.2039	16195	0.7742	3	0.0001
Lacanobia_oleracea	11023	814897946	4780916327	3530.5669	2843.0	123370	433721.884	355755.0	1192029	294842.0	388508.3403	0.956	0.9373	950.0	2354	4.6827	49	0.0044	6463	0.5863	13.5268	223	0.0202	2246	0.2038	8551	0.7757	3	0.0003
Lacanobia_wlatinum	12611	890694124	4519617292	3555.4923	2732.0	104471	358386.9076	222586.0	1193946	196702.0	310403.4548	0.951	0.9291	952.0	2430	5.1897	56	0.0044	5649	0.4479	14.1586	218	0.0173	2967	0.2353	9426	0.7474	0	0.0
Laccobius_striatulus	18548	1040782539	8141335069	3484.6823	2610.0	57722	438933.3119	385575.5	1193255	314515.5	396134.4819	0.943	0.9244	930.0	4030	4.6025	355	0.0191	11231	0.6055	17.8212	573	0.0309	3777	0.2036	14099	0.7601	99	0.0053
Laccophilus_minutus	10319	529226836	4162563774	7263.8851	4404.0	154803	403388.2909	227581.0	1197440	195285.0	319198.4369	0.942	0.9228	944.0	1200	8.5992	26	0.0025	4850	0.47	19.4983	217	0.021	2723	0.2639	7378	0.715	1	0.0001
Lactarius_blennius	5006	68853849	2084122139	5058.1554	4521.5	14711	416324.838	344315.0	1190035	325339.5	400424.2721	0.916	0.9066	918.0	388	12.9021	0	0.0	2958	0.5909	72.7047	44	0.0088	1196	0.2389	3766	0.7523	0	0.0
Lactarius_evosmus	4558	57260941	1718263518	4448.6865	4036.0	13278	376977.516	258930.5	1192767	238857.5	353702.7558	0.899	0.8906	890.0	268	17.0075	0	0.0	2405	0.5276	79.6005	22	0.0048	1139	0.2499	3397	0.7453	0	0.0
Lactarius_fulvissimus	2522	59108552	839614241	4251.6919	3679.0	14554	332916.0353	209917.0	1175888	200229.0	318482.0155	0.861	0.8647	878.0	376	6.7074	0	0.0	1217	0.4826	42.6673	17	0.0067	727	0.2883	1778	0.705	0	0.0
Lactarius_pubescens	3037	65636201	1227091802	4876.1827	4324.0	26247	404047.35	327348.0	1190236	311490.0	389053.6763	0.916	0.9108	916.0	577	5.2634	1	0.0003	1809	0.5957	46.2702	56	0.0184	679	0.2236	2302	0.758	0	0.0
Lactarius_tabidus	1611	52365791	612731082	4206.46	3706.0	23661	380342.0745	277923.0	1186391	266913.0	368074.6027	0.855	0.8616	880.0	280	5.7536	0	0.0	913	0.5667	30.7644	10	0.0062	392	0.2433	1209	0.7505	0	0.0
Lactarius_vellereus	3322	62624054	1247677515	4529.879	4101.0	24324	375580.2273	274730.5	1198361	261620.5	361769.1445	0.889	0.8848	888.0	535	6.2093	0	0.0	1818	0.5473	53.0467	27	0.0081	873	0.2628	2422	0.7291	0	0.0
Lactuca_saligna	121339	2139699978	53901402123	4206.0901	3647.0	171727	444221.5786	384914.0	1198984	346959.0	419847.2085	0.882	0.876	876.0	13432	9.0336	9	0.0001	74828	0.6167	56.7084	537	0.0044	23936	0.1973	96862	0.7983	4	0.0
Ladona_depressa	8537	1062220756	3074298081	4777.3402	3018.0	58002	360114.5696	235451.0	1181212	215090.0	326673.581	0.947	0.9375	952.0	1916	4.4556	1	0.0001	4297	0.5033	8.0369	222	0.026	2583	0.3026	5724	0.6705	8	0.0009
Laetiporus_sulphureus	389	37410216	110679905	4970.599	4242.0	21070	284524.1774	145612.0	1136097	140953.0	274402.4936	0.897	0.887	904.0	157	2.4777	0	0.0	155	0.3985	10.3982	8	0.0206	161	0.4139	220	0.5656	0	0.0
Lagenorhynchus_albirostris	119234	2408782979	55862414188	3780.2192	3409.0	143338	468510.7787	427978.5	1197707	350230.5	422586.0149	0.884	0.8841	868.0	678	175.8614	2	0.0	73647	0.6177	49.4997	124	0.001	21899	0.1837	97211	0.8153	0	0.0
Lagria_hirta	4737	335975320	1618779610	5237.0165	3759.0	95278	341730.9711	212003.0	1186365	197470.0	315067.6527	0.965	0.9456	958.0	1020	4.6441	8	0.0017	2253	0.4756	14.0992	147	0.031	1247	0.2632	3337	0.7045	6	0.0013
Lamium_amplexicaule	19629	510021327	8501903728	5008.7523	4020.0	124502	433129.7431	351472.0	1194191	325273.0	408848.6618	0.941	0.9288	948.0	1536	12.7793	21	0.0011	11870	0.6047	38.4866	154	0.0078	4162	0.212	15312	0.7801	1	0.0001
Lamium_purpureum	38415	568730438	17015688172	5088.8004	4499.0	137808	442943.8545	382807.0	1196612	354037.0	420927.5325	0.966	0.9506	966.0	1940	19.8015	33	0.0009	23930	0.6229	67.5452	289	0.0075	7441	0.1937	30685	0.7988	0	0.0
Lampetra_fluviatilis	10799	1008752850	3962389168	3967.3986	3147.0	26628	366921.8602	216199.0	1189456	200490.0	324221.9743	0.917	0.8987	878.0	2960	3.6483	37	0.0034	5298	0.4906	10.7053	392	0.0363	3087	0.2859	7320	0.6778	0	0.0
Lampronia_capitella	1424	670587479	689426756	3153.0288	2559.0	20524	484148.0028	466925.5	1189554	367965.5	423595.5639	0.959	0.9359	950.0	922	1.5445	1	0.0007	921	0.6468	2.1235	31	0.0218	292	0.2051	1100	0.7725	1	0.0007
Lampropteryx_suffumata	2624	580637294	1001051073	3689.9165	2836.0	55243	381498.1223	298450.5	1189354	257190.0	335519.6463	0.957	0.9399	950.0	1032	2.5426	1	0.0004	1500	0.5716	4.5192	113	0.0431	607	0.2313	1902	0.7248	2	0.0008
Lamprotettix_nitidulus	87904	2130529442	39260237099	5499.5123	4824.0	94922	446626.2866	406409.0	1198947	347678.5	408944.6289	0.954	0.9347	940.0	12643	6.9528	382	0.0043	54814	0.6236	41.2592	4783	0.0544	17430	0.1983	65369	0.7436	322	0.0037
Laothoe_populi	6041	576297946	3202232170	3202.2031	2819.0	37820	530083.127	547596.0	1199711	423320.0	462484.5749	0.957	0.9518	948.0	1703	3.5473	8	0.0013	4178	0.6916	10.4824	103	0.0171	995	0.1647	4941	0.8179	2	0.0003
Lapsana_communis	61968	1033527773	26611876043	4377.6219	3611.0	190975	429445.4564	353572.0	1198493	321370.5	404486.5532	0.9	0.893	906.0	7073	8.7612	79	0.0013	36957	0.5964	59.9578	510	0.0082	12869	0.2077	48574	0.7839	15	0.0002
Larentia_clavaria	3207	376614900	1564979220	2830.5578	2527.0	32600	487988.5313	486044.0	1190955	360990.0	409813.8357	0.961	0.9457	930.0	662	4.8444	2	0.0006	2088	0.6511	8.5153	91	0.0284	625	0.1949	2491	0.7767	0	0.0
Larinioides_cornutus	9478	2273811999	3694960365	4140.669	3052.0	92693	389845.9976	286540.0	1196786	254224.5	355340.2731	0.911	0.8994	904.0	4627	2.0484	32	0.0034	5325	0.5618	4.1683	283	0.0299	2203	0.2324	6981	0.7365	11	0.0012
Larinus_planus	14935	1137814206	5695162947	4015.962	2760.0	78236	381329.9596	277899.0	1188832	254408.0	356631.1174	0.943	0.9232	936.0	5351	2.7911	121	0.0081	8153	0.5459	13.126	1202	0.0805	3441	0.2304	10247	0.6861	45	0.003
Larus_argentatus	11777	1371586757	4140893410	8587.7062	4262.0	463692	351608.509	219458.0	1197383	186521.0	300450.742	0.961	0.952	960.0	677	17.3959	1	0.0001	5324	0.4521	8.5864	54	0.0046	3347	0.2842	8376	0.7112	0	0.0
Larus_canus	7752	1324609439	2501279923	7780.9123	4838.0	162219	322662.5288	212227.5	1197534	175101.5	275880.6317	0.957	0.9475	960.0	504	15.381	2	0.0003	3195	0.4122	5.8523	32	0.0041	2196	0.2833	5524	0.7126	0	0.0
Larus_fuscus	7076	1251566203	2074934467	6999.5565	4198.0	98555	293235.5098	187324.5	1192358	159717.0	253681.7589	0.967	0.9473	964.0	630	11.2317	0	0.0	2703	0.382	5.6537	65	0.0092	2458	0.3474	4553	0.6434	0	0.0
Larus_glaucescens	5355	1155325614	1495064398	7547.564	4188.0	179049	279190.3638	191183.0	1188401	146476.0	227985.4129	0.964	0.9516	960.0	394	13.5914	3	0.0006	1852	0.3458	4.6351	26	0.0049	1886	0.3522	3443	0.643	0	0.0
Larus_hyperboreus	4462	1121833112	1053585968	7359.3106	3988.0	152517	236124.1524	164660.0	1176824	138993.5	205907.5412	0.969	0.9523	972.0	477	9.3543	1	0.0002	1465	0.3283	3.9774	25	0.0056	1709	0.383	2728	0.6114	0	0.0
Larus_marinus	12083	1385511731	4193449266	6846.73	4158.0	320958	347053.6511	213457.0	1195224	184133.0	301990.3438	0.96	0.9496	960.0	685	17.6394	2	0.0002	5364	0.4439	8.721	52	0.0043	3421	0.2831	8610	0.7126	0	0.0
Larus_michahellis	8413	1318363382	3055357362	6985.432	4024.0	167105	363170.969	229863.0	1188473	198869.0	314222.4932	0.958	0.9472	956.0	658	12.7857	0	0.0	3998	0.4752	6.3814	36	0.0043	2215	0.2633	6162	0.7324	0	0.0
Larus_occidentalis	5993	1165113308	1914522769	8707.6201	4908.0	227985	319459.8313	201086.0	1197964	161223.0	263471.5398	0.956	0.9464	952.0	434	13.8088	1	0.0002	2251	0.3756	5.1437	24	0.004	1905	0.3179	4064	0.6781	0	0.0
Lasioglossum_calceatum	4468	380679154	1242099209	4393.3997	3294.0	78144	277998.9277	164930.5	1193679	135444.5	247458.0958	0.966	0.9553	972.0	857	5.2135	48	0.0107	1608	0.3599	11.7369	152	0.034	1671	0.374	2645	0.592	0	0.0
Lasioglossum_lativentre	3472	379581100	1001483471	5457.7909	3240.5	161791	288445.7002	188929.5	1186949	142864.5	247269.8684	0.896	0.906	908.0	741	4.6856	34	0.0098	1158	0.3335	9.1469	133	0.0383	1211	0.3488	2128	0.6129	0	0.0
Lasioglossum_leucozonium	4789	393422701	1328205347	6289.4053	3742.0	162106	277345.0297	171535.0	1197355	122501.0	233030.8891	0.95	0.9438	954.0	797	6.0088	23	0.0048	1520	0.3174	12.1727	132	0.0276	1959	0.4091	2697	0.5632	1	0.0002
Lasioglossum_morio	3911	439434501	1383985475	6474.0586	3394.0	249127	353869.9757	219158.0	1192175	177915.0	293735.6962	0.893	0.9052	908.0	676	5.7855	25	0.0064	1602	0.4096	8.9001	149	0.0381	1057	0.2703	2704	0.6914	1	0.0003
Lasioglossum_pauxillum	2020	430869087	667151362	3993.7347	2625.5	88914	330272.9515	195066.0	1180380	166459.0	292912.2119	0.933	0.9082	946.0	740	2.7297	70	0.0347	918	0.4545	4.6882	136	0.0673	656	0.3248	1228	0.6079	0	0.0
Lasioglossum_prasinum	3934	417687897	1597178496	8175.2369	4079.0	169113	405993.517	245317.0	1198545	223301.5	355245.5102	0.932	0.9261	940.0	481	8.1788	30	0.0076	2031	0.5163	9.4185	198	0.0503	873	0.2219	2862	0.7275	1	0.0003
Lasioglossum_villosulum	3217	430702777	1157791602	5004.4716	3213.0	192384	359897.9179	233551.0	1196050	206764.0	315971.0762	0.899	0.8947	904.0	700	4.5957	27	0.0084	1593	0.4952	7.4692	118	0.0367	854	0.2655	2245	0.6979	0	0.0
Lasiommata_megera	1269	487665740	474824630	4065.87	3283.0	50315	374172.2853	200228.0	1198984	181340.0	312021.253	0.979	0.9597	974.0	383	3.3133	3	0.0024	605	0.4768	2.6022	61	0.0481	395	0.3113	811	0.6391	2	0.0016
Lasiorhynchites_cavifrons	21200	1347207422	9419540822	3465.9356	2884.0	136760	444317.9633	410678.5	1191809	363037.5	412897.6199	0.941	0.9274	946.0	5790	3.6615	339	0.016	13504	0.637	15.7363	1448	0.0683	4028	0.19	15651	0.7383	73	0.0034
Lasius_brunneus	1376	259424329	494556110	3528.9317	2788.5	90187	359415.7776	231282.5	1178454	216028.5	339119.6984	0.922	0.9052	918.0	527	2.611	8	0.0058	704	0.5116	5.3041	45	0.0327	386	0.2805	944	0.686	1	0.0007
Lasius_flavus	3318	300684536	1164913204	4318.7878	2913.0	47588	351088.9705	226420.0	1190946	213548.5	330216.7025	0.948	0.93	946.0	936	3.5449	4	0.0012	1696	0.5112	11.0348	87	0.0262	906	0.2731	2320	0.6992	5	0.0015
Lasius_fuliginosus	1688	246806292	695995420	4320.4248	3059.5	55466	412319.5616	360006.5	1181050	326022.5	389100.4562	0.943	0.9211	932.0	499	3.3828	4	0.0024	987	0.5847	6.8394	43	0.0255	399	0.2364	1245	0.7376	1	0.0006
Lasius_platythorax	2327	283589210	834561052	3525.2054	2793.0	26445	358642.4804	259208.0	1181950	241690.0	336974.1349	0.928	0.916	934.0	843	2.7604	45	0.0193	1254	0.5389	8.2055	54	0.0232	693	0.2978	1580	0.679	0	0.0
Laspeyria_flexula	1291	450626249	553582993	2797.3269	2201.0	14571	428801.6987	379009.0	1177916	306628.0	383925.3455	0.947	0.9251	956.0	529	2.4405	43	0.0333	753	0.5833	2.8649	158	0.1224	235	0.182	897	0.6948	1	0.0008
Lathraea_clandestina	39333	927890981	15479721307	8611.4945	4520.0	453044	393555.5718	234607.0	1199607	196902.0	318590.5593	0.869	0.8709	884.0	3639	10.8087	30	0.0008	18285	0.4649	42.3897	421	0.0107	10055	0.2556	28854	0.7336	3	0.0001
Lathraea_squamaria	22081	533213461	8105879317	6181.3896	3880.0	391870	367097.4737	227968.0	1198221	190667.0	314388.6199	0.903	0.8993	916.0	2262	9.7617	6	0.0003	9840	0.4456	41.4112	217	0.0098	5939	0.269	15923	0.7211	2	0.0001
Lathrobium_brunnipes	12881	453126409	4541747642	2960.7337	2520.0	56935	352592.7833	221194.0	1190420	208425.0	328644.5226	0.938	0.9252	934.0	3206	4.0178	133	0.0103	6440	0.5	28.4269	821	0.0637	3979	0.3089	8080	0.6273	1	0.0001
Lathrobium_fulvipenne	19725	565134615	6388344389	3587.8181	2878.0	40546	323870.438	192293.0	1194853	155643.0	291860.0566	0.948	0.9202	944.0	4053	4.8668	28	0.0014	8144	0.4129	34.9032	861	0.0437	6671	0.3382	12166	0.6168	27	0.0014
Lathronympha_strigana	3541	619840204	1439265151	3432.9057	2697.0	34705	406457.2581	330304.0	1189963	292607.0	379864.2889	0.963	0.9367	968.0	1699	2.0842	61	0.0172	2012	0.5682	5.7128	287	0.0811	898	0.2536	2355	0.6651	1	0.0003
Lathyrus_aphaca	623348	4240801757	208650518541	5413.8427	3884.0	322872	334725.5763	188761.0	1199958	177421.5	309719.9122	0.873	0.8678	882.0	15860	39.3032	245	0.0004	254637	0.4085	146.9882	1961	0.0031	177194	0.2843	444180	0.7126	13	0.0
Lathyrus_linifolius	310711	5066599070	140978150149	4413.4261	3609.0	140515	453727.5801	403690.0	1199847	377692.0	435159.6862	0.878	0.8718	890.0	37724	8.2364	59	0.0002	202874	0.6529	61.3254	1639	0.0053	55478	0.1786	253572	0.8161	22	0.0001
Lecanipa_bicincta	14679	954788804	5693826280	3079.0247	2560.0	46351	387889.2486	226744.0	1194444	207223.0	340353.2455	0.907	0.8917	896.0	2492	5.8904	45	0.0031	7202	0.4906	15.3741	485	0.033	4094	0.2789	10089	0.6873	11	0.0007
Leersia_oryzoides	29767	757191265	13704146625	3846.9691	3218.0	141455	460380.5095	416806.0	1197406	399344.0	446610.9129	0.867	0.8679	874.0	4913	6.0588	2	0.0001	20131	0.6763	39.3124	140	0.0047	5365	0.1802	24260	0.815	2	0.0001
Leia_fascipennis	6191	508889997	2345047799	7350.9567	3716.0	192144	378783.3628	223899.0	1196736	184216.0	304868.3993	0.947	0.9488	950.0	552	11.2156	12	0.0019	2684	0.4335	12.1657	75	0.0121	1588	0.2565	4528	0.7314	0	0.0
Leia_winthemii	7517	464045873	3348030754	3268.9508	2593.0	68524	445394.5396	400691.0	1194116	363311.0	419808.1298	0.949	0.9409	950.0	1337	5.6223	83	0.011	4811	0.64	16.1988	137	0.0182	1569	0.2087	5809	0.7728	2	0.0003
Leiosoma_deflexum	8678	618464388	2646987516	3954.5086	2844.0	111955	305022.7605	180893.0	1199699	154547.0	251976.0748	0.961	0.9487	940.0	1599	5.4271	76	0.0088	3357	0.3868	14.0315	388	0.0447	2711	0.3124	5573	0.6422	6	0.0007
Leiothrix_argentauris	8709	1171673791	2471312763	6013.4748	4200.0	91939	283765.3879	177761.0	1198752	160189.0	254847.3393	0.943	0.9237	940.0	544	16.0092	7	0.0008	3196	0.367	7.433	40	0.0046	2786	0.3199	5883	0.6755	0	0.0
Leistus_fulvibarbis	13027	241421904	2491877988	5183.6163	4109.0	99798	191285.6366	149458.0	1191951	107054.0	145187.0716	0.959	0.947	850.0	453	28.7572	8	0.0006	1731	0.1329	53.9595	40	0.0031	5981	0.4591	7006	0.5378	0	0.0
Leistus_rufomarginatus	4509	263143080	1473827639	11504.9375	9418.0	57394	326863.5261	187085.0	1187840	147894.0	260262.3808	0.986	0.9502	976.0	451	9.9978	79	0.0175	1591	0.3528	17.1352	84	0.0186	1544	0.3424	2881	0.6389	0	0.0
Leistus_spinibarbis	979	232378609	287744614	3353.8703	2777.0	18640	293916.8682	175177.0	1152462	146625.0	246154.1093	0.95	0.9234	946.0	411	2.382	1	0.001	366	0.3739	4.213	86	0.0878	310	0.3166	582	0.5945	1	0.001
Lemna_minuta	4980	287805516	2041829201	3295.8604	2666.0	60388	410005.8637	325007.5	1188195	291122.0	382125.2436	0.834	0.8425	888.0	1132	4.3993	5	0.001	2877	0.5777	17.3034	23	0.0046	1192	0.2394	3765	0.756	0	0.0
Leontodon_hispidus	99355	1979976550	47139275223	3912.4769	3319.0	300214	474452.9739	440873.0	1198219	418345.0	458427.6219	0.896	0.8899	910.0	13214	7.5189	59	0.0006	68153	0.686	50.1799	607	0.0061	16218	0.1632	82525	0.8306	5	0.0001
Leotia_lubrica	7335	86064447	2943077625	4076.7999	3729.0	15594	401237.5767	281373.0	1194894	256509.0	374555.3917	0.941	0.9212	938.0	411	17.8467	1	0.0001	3947	0.5381	85.2268	45	0.0061	1685	0.2297	5605	0.7641	0	0.0
Lepas_anatifera	9088	784273133	3710557581	3335.4667	2877.0	34341	408291.9873	328064.0	1194487	298525.5	385005.8518	0.935	0.9189	936.0	3385	2.6848	79	0.0087	5291	0.5822	11.5878	341	0.0375	2231	0.2455	6503	0.7156	13	0.0014
Lepeophtheirus_nordmannii	1313	338619235	331231670	4369.1828	3217.0	113938	252270.8835	134256.0	1181710	111001.0	215198.9177	0.934	0.9165	934.0	361	3.6371	2	0.0015	416	0.3168	3.8775	46	0.035	567	0.4318	699	0.5324	1	0.0008
Lepidium_campestre	2931	167420073	1031644511	3545.3395	3113.0	42853	351976.9741	242262.0	1194282	228962.0	331991.2388	0.898	0.8956	904.0	459	6.3856	2	0.0007	1544	0.5268	17.5069	47	0.016	812	0.277	2072	0.7069	0	0.0
Lepidium_didymum	4282	336106131	1562298860	8290.0325	3951.0	134017	364852.6063	247663.5	1189325	226088.5	325416.0287	0.942	0.9264	948.0	719	5.9555	1	0.0002	2251	0.5257	12.74	56	0.0131	1078	0.2518	3148	0.7352	0	0.0
Lepidium_draba	9174	426503046	3367838301	5398.0131	4319.0	108897	367106.8564	224529.5	1198277	197849.0	315896.3182	0.942	0.9259	940.0	1055	8.6957	9	0.001	4313	0.4701	21.5098	109	0.0119	2325	0.2534	6740	0.7347	0	0.0
Lepidium_latifolium	7398	344081028	3102620692	5593.7705	4110.5	168972	419386.4142	299847.0	1190644	263838.5	371873.4978	0.952	0.9271	947.0	1396	5.2994	7	0.0009	4182	0.5653	21.5007	60	0.0081	1493	0.2018	5845	0.7901	0	0.0
Lepidochitona_cinerea	6038	702979070	2004869964	3495.0467	2735.0	40694	332042.0609	188174.5	1181410	172436.5	294073.6022	0.935	0.9127	930.0	1945	3.1044	47	0.0078	2796	0.4631	8.5892	411	0.0681	2003	0.3317	3621	0.5997	3	0.0005
Lepidocyrtus_curvicollis	877	200247165	231412279	3722.732	2785.0	45924	263868.049	171350.0	1132201	124980.0	239996.2737	0.851	0.8656	868.0	254	3.4528	4	0.0046	312	0.3558	4.3796	17	0.0194	354	0.4036	506	0.577	0	0.0
Lepidonotus_clava	8128	999703517	3583833701	5347.4875	3760.5	80546	440924.4219	369254.0	1194033	342044.5	415426.4612	0.933	0.914	922.0	1674	4.8554	15	0.0018	5114	0.6292	8.1304	73	0.009	1675	0.2061	6380	0.7849	0	0.0
Lepidozia_cupressina	44918	578568663	18172653515	4055.7536	3430.0	68215	404573.9685	291295.0	1199304	268510.0	382937.7595	0.912	0.9072	900.0	4060	11.0635	2	0.0	24745	0.5509	77.6364	187	0.0042	10392	0.2314	34338	0.7645	1	0.0
Lepidozia_reptans	33090	609129219	14558182835	4573.3712	3944.0	60992	439957.1724	374108.0	1198603	349506.0	422311.8915	0.925	0.9204	926.0	3791	8.7286	0	0.0	20707	0.6258	54.3234	145	0.0044	6576	0.1987	26366	0.7968	3	0.0001
Lepisma_saccharina	87849	2917120070	36208924756	5210.5875	4005.0	125671	412172.3042	323495.0	1199375	289528.0	384053.2885	0.939	0.932	934.0	15598	5.6321	80	0.0009	50448	0.5743	30.115	3855	0.0439	19335	0.2201	64179	0.7306	480	0.0055
Lepista_sordida	398	53587239	86559503	4389.1734	3071.0	29871	217486.1884	102570.5	1178581	85309.5	207012.191	0.9505	0.9161	952.0	193	2.0622	0	0.0	127	0.3191	7.4271	14	0.0352	197	0.495	187	0.4698	0	0.0
Leptarthrus_brevirostris	11785	843382696	4930083781	3252.5302	2672.0	56846	418335.4927	348688.0	1197457	324325.0	398196.3022	0.917	0.9083	920.0	2503	4.7083	72	0.0061	7062	0.5992	13.9735	329	0.0279	2680	0.2274	8774	0.7445	2	0.0002
Leptidea_sinapis	8572	685538706	3708521757	3748.4638	2710.0	198364	432632.0295	363632.0	1195731	297368.0	383319.8846	0.923	0.91	914.0	1413	6.0665	10	0.0012	5194	0.6059	12.504	205	0.0239	1846	0.2154	6521	0.7607	0	0.0
Leptocerus_tineiformis	917	455323309	373601745	3003.0851	2395.0	13056	407417.3882	325769.0	1178487	291322.0	387735.5573	0.928	0.911	926.0	364	2.5192	2	0.0022	541	0.59	2.014	41	0.0447	170	0.1854	705	0.7688	1	0.0011
Leptogaster_cylindrica	1845	191546020	576854464	4933.9724	3851.0	32026	312658.2461	192889.0	1187778	167333.0	277714.2347	0.959	0.9356	968.0	390	4.7308	51	0.0276	733	0.3973	9.6322	36	0.0195	564	0.3057	1245	0.6748	0	0.0
Leptographium_flavum	50	16808233	19943409	3118.1	2655.5	15264	398868.18	331314.0	1151920	313372.5	392653.54	0.987	0.968	994.0	24	2.0833	0	0.0	32	0.64	2.9747	0	0.0	11	0.22	39	0.78	0	0.0
Leptopterna_dolabrata	10500	974246928	4085411130	3714.1556	2823.5	69077	389086.7743	220834.5	1195792	205832.0	336943.2087	0.9	0.8781	886.0	3435	3.0568	859	0.0818	5200	0.4952	10.7776	569	0.0542	3041	0.2896	6883	0.6555	7	0.0007
Leptura_quadrifasciata	47815	1401505303	23187562629	3240.3977	2635.0	36853	484943.2736	460800.0	1199204	425194.0	460185.5893	0.964	0.949	962.0	6020	7.9427	34	0.0007	32779	0.6855	34.1169	818	0.0171	7454	0.1559	39493	0.826	50	0.001
Lestes_sponsa	10161	1065076102	4135740684	4410.7462	2919.0	207739	407021.0298	299397.0	1198406	269272.0	375960.478	0.953	0.9401	950.0	2416	4.2057	73	0.0072	5733	0.5642	9.5402	234	0.023	2219	0.2184	7704	0.7582	4	0.0004
Lesteva_pubescens	8915	948673666	4112681820	3146.1463	2527.0	37403	461321.5726	441728.0	1190553	314031.0	388801.8974	0.936	0.9161	894.0	3667	2.4311	410	0.046	5291	0.5935	9.3973	515	0.0578	2014	0.2259	6317	0.7086	69	0.0077
Lesteva_punctata	8826	1179547761	3692707239	3039.9712	2429.0	46208	418389.6713	341574.5	1194213	284743.5	372865.2082	0.928	0.9105	930.0	4100	2.1527	346	0.0392	4993	0.5657	7.4825	772	0.0875	1823	0.2065	6198	0.7022	33	0.0037
Lestiphorus_bicinctus	4364	288276995	1281354897	5724.797	4087.5	132575	293619.3623	192186.5	1192233	147435.5	244249.5793	0.94	0.9253	948.0	461	9.4664	51	0.0117	1545	0.354	15.1382	69	0.0158	1502	0.3442	2793	0.64	0	0.0
Leucania_comma	14452	750440314	7221746195	3259.2452	2981.0	48065	499705.6598	490887.0	1196125	409553.5	456128.8801	0.969	0.9528	954.0	1611	8.9708	8	0.0006	9716	0.6723	19.258	181	0.0125	2354	0.1629	11916	0.8245	1	0.0001
Leuciscus_leuciscus	17501	1161736050	6345140533	4102.7424	2955.0	169991	362558.7414	223168.0	1194677	205176.0	329398.807	0.94	0.9082	926.0	3105	5.6364	1592	0.091	8686	0.4963	15.0645	440	0.0251	4850	0.2771	12209	0.6976	2	0.0001
Leucobryum_glaucum	14400	425917298	6534860960	3941.7024	3315.0	56900	453809.7889	407722.5	1191922	389036.0	440437.2167	0.915	0.9081	920.0	3306	4.3557	1	0.0001	9421	0.6542	33.8094	84	0.0058	2742	0.1904	11573	0.8037	1	0.0001
Leucobryum_juniperoideum	11024	400503736	5031762245	3952.0401	3090.0	124106	456437.0687	418191.0	1199866	397706.0	442516.9855	0.918	0.9124	920.0	2790	3.9513	3	0.0003	7445	0.6753	27.5253	53	0.0048	2110	0.1914	8861	0.8038	0	0.0
Leucocephalonemertes_aurantiaca	7003	960779233	2781903547	4107.388	2877.0	97572	397244.5448	289375.0	1198830	247813.0	361402.7591	0.914	0.8934	922.0	2561	2.7345	218	0.0311	3830	0.5469	7.2889	331	0.0473	1921	0.2743	4747	0.6779	4	0.0006
Leucodon_sciuroides	4666	400676017	1718653896	4369.2469	3413.5	84734	368335.5971	252287.0	1184109	237209.0	349635.9372	0.929	0.9181	928.0	2036	2.2917	1	0.0002	2489	0.5334	11.6453	42	0.009	1425	0.3054	3199	0.6856	0	0.0
Leucoma_salicis	6050	732153324	3256824320	2782.6889	2508.5	16566	538318.0694	575962.5	1195642	426751.0	458686.5207	0.932	0.9224	910.0	1681	3.599	79	0.0131	4234	0.6998	8.2633	218	0.036	916	0.1514	4912	0.8119	4	0.0007
Leucophora_obtusa	22535	1282332602	10534806677	2975.4285	2754.0	24148	467486.429	445574.0	1199021	375252.0	427292.6946	0.911	0.8983	906.0	3839	5.87	43	0.0019	14549	0.6456	17.5734	663	0.0294	4374	0.1941	17493	0.7763	5	0.0002
Leucophora_personata	4089	1112701131	1301771791	3514.5258	2713.0	125232	318359.45	183302.0	1188535	154765.0	286725.9714	0.948	0.9222	954.0	1778	2.2998	41	0.01	1780	0.4353	3.6748	407	0.0995	1269	0.3103	2390	0.5845	23	0.0056
Leucophora_sponsa	29684	1424771819	12028001036	3262.4409	2762.0	85148	405201.4902	298204.0	1197479	265098.5	373703.2743	0.909	0.8882	910.0	4524	6.5615	590	0.0199	16239	0.5471	20.8342	1191	0.0401	7317	0.2465	21080	0.7101	96	0.0032
Leucopleurus_acutus	122267	2467002699	56507473355	4063.017	3517.0	171408	462164.5526	411525.0	1199224	336836.0	416981.1442	0.885	0.8865	868.0	716	170.764	7	0.0001	73975	0.605	49.561	136	0.0011	23220	0.1899	98910	0.809	1	0.0
Leucoraja_naevus	42169	2428470698	16444529293	4099.2374	2907.0	147676	389967.2578	221728.0	1194563	189351.0	326382.7064	0.925	0.9108	896.0	6065	6.9528	159	0.0038	19700	0.4672	17.3644	702	0.0166	12857	0.3049	28603	0.6783	7	0.0002
Leucozona_glaucia	9979	559120530	4047212656	3923.5951	3037.0	60447	405572.9688	311478.0	1198642	289305.0	382390.656	0.956	0.9389	962.0	1263	7.901	68	0.0068	5681	0.5693	17.8477	304	0.0305	2269	0.2274	7394	0.741	12	0.0012
Leucozona_laternaria	6221	611677801	2700045840	3308.7896	2801.0	24594	434021.1927	373596.0	1185920	339525.0	409598.068	0.964	0.9473	970.0	1311	4.7452	17	0.0027	3778	0.6073	10.1704	280	0.045	1436	0.2308	4502	0.7237	3	0.0005
Leuctra_nigra	6128	530476782	3048143006	3028.2244	2353.0	60307	497412.3704	496797.0	1196890	416789.5	457239.1916	0.979	0.951	976.0	1606	3.8157	35	0.0057	4175	0.6813	11.5519	140	0.0228	1052	0.1717	4934	0.8052	2	0.0003
Levisticum_officinale	402299	4321387259	166414849609	5485.2233	4671.0	450055	413659.6154	308695.0	1199856	279416.0	388285.1494	0.895	0.8908	896.0	24453	16.4519	361	0.0009	226274	0.5625	93.0949	1998	0.005	86643	0.2154	313652	0.7796	6	0.0
Lewinskya_affinis	3336	269014717	1160712259	4696.5264	3781.0	76470	347935.3294	221686.0	1188726	210208.0	333001.1163	0.935	0.9149	920.0	910	3.6659	0	0.0	1691	0.5069	12.4008	42	0.0126	1092	0.3273	2201	0.6598	1	0.0003
Lewinskya_rupestris	2685	267210109	859413697	5799.375	4333.0	111371	320079.5892	182186.0	1183207	160045.0	294993.1851	0.956	0.9328	950.0	950	2.8263	0	0.0	1189	0.4428	10.0483	58	0.0216	1011	0.3765	1616	0.6019	0	0.0
Lewinskya_speciosa	5786	533874550	2435891854	4838.1562	4256.5	116250	420997.5551	354564.5	1191307	329938.0	403965.0667	0.982	0.9457	956.0	1852	3.1242	1	0.0002	3527	0.6096	10.8378	90	0.0156	1483	0.2563	4213	0.7281	0	0.0
Lichina_confinis	2672	33772412	1073750660	4799.9697	5226.0	13751	401852.7919	319773.0	1179700	303548.0	387326.948	0.936	0.9331	926.0	117	22.8376	0	0.0	1541	0.5767	79.1178	41	0.0153	651	0.2436	1980	0.741	0	0.0
Lichina_pygmaea	3171	32421062	1140138008	4351.883	4465.0	6646	359551.5635	216472.0	1195197	206493.0	343485.9915	0.935	0.9341	934.0	69	45.9565	0	0.0	1555	0.4904	97.8068	52	0.0164	968	0.3053	2151	0.6783	0	0.0
Ligdia_adustata	813	399607598	273411003	5064.3149	3512.0	28178	336298.8967	208082.0	1145216	189501.0	309273.1759	0.968	0.95	962.0	315	2.581	0	0.0	373	0.4588	2.0345	57	0.0701	220	0.2706	535	0.6581	1	0.0012
Ligusticum_scoticum	190516	2743234159	87873928190	4437.2783	3807.0	131108	461241.7235	414841.5	1199656	383095.0	440753.6606	0.913	0.902	918.0	27296	6.9796	64	0.0003	123453	0.648	69.4494	812	0.0043	32675	0.1715	157018	0.8242	11	0.0001
Ligustrum_vulgare	31617	1381576778	14977815496	3566.6039	2960.0	49263	473726.6501	443038.0	1198639	412199.0	454432.327	0.9	0.8923	896.0	8940	3.5366	6	0.0002	21753	0.688	22.8847	252	0.008	5126	0.1621	26236	0.8298	3	0.0001
Lilioceris_lilii	26444	1548791747	9389483159	4028.0396	2947.5	175356	355070.4568	205771.5	1195300	174160.5	304157.1556	0.947	0.9285	946.0	8698	3.0402	241	0.0091	12014	0.4543	17.074	3337	0.1262	6632	0.2508	16354	0.6184	121	0.0046
Limacia_clavigera	33948	1324446631	18059029549	3326.8336	3290.0	40793	531961.5161	547439.0	1198897	454703.0	484786.2456	0.983	0.9708	980.0	2646	12.8299	7	0.0002	24675	0.7268	25.6318	137	0.004	4763	0.1403	29046	0.8556	2	0.0001
Limanda_limanda	2384	639291378	958882905	3288.7521	2694.0	50422	402215.9836	335789.0	1180609	279625.0	360047.5831	0.926	0.9148	924.0	519	4.5934	5	0.0021	1402	0.5881	3.7291	61	0.0256	573	0.2404	1750	0.7341	0	0.0
Limaria_hians	4967	1091716335	1754581257	5252.4302	3128.0	196619	353247.6861	234332.0	1189081	212743.0	324162.3588	0.907	0.898	914.0	1735	2.8628	4	0.0008	2537	0.5108	4.5497	169	0.034	1311	0.2639	3471	0.6988	16	0.0032
Limbarda_crithmoides	102211	1490777641	44986839622	4370.3626	3732.0	206405	440136.9679	375241.0	1198442	344243.0	418514.7103	0.913	0.8993	898.0	11725	8.7174	14	0.0001	62790	0.6143	68.5622	636	0.0062	20447	0.2	81121	0.7937	7	0.0001
Limecola_balthica	10787	1918549644	3709339396	3715.8859	2805.0	63412	343871.2706	198639.0	1195604	176506.0	305301.1328	0.933	0.9093	928.0	5289	2.0395	39	0.0036	5079	0.4708	5.6225	604	0.056	3438	0.3187	6733	0.6242	12	0.0011
Limenitis_camilla	2384	432992082	660925883	4621.0524	3108.0	150653	277234.0113	149805.0	1186925	133732.0	247762.3616	0.98	0.9604	982.0	413	5.7724	3	0.0013	774	0.3247	5.5059	88	0.0369	871	0.3654	1425	0.5977	0	0.0
Limnaecia_phragmitella	1696	534312098	686908287	3349.1568	2714.0	62973	405016.6787	315837.0	1182454	261321.5	366145.7482	0.957	0.9347	948.0	704	2.4091	1	0.0006	943	0.556	3.1742	34	0.02	518	0.3054	1144	0.6745	0	0.0
Limnephilus_auricula	4123	970394408	1878612658	3368.0082	2790.0	27076	455642.1678	403923.0	1193224	338252.0	415265.8601	0.946	0.9309	946.0	1563	2.6379	4	0.001	2582	0.6262	4.2488	110	0.0267	825	0.2001	3185	0.7725	3	0.0007
Limnephilus_lunatus	9977	1268964742	4860699556	3380.6499	2755.0	34761	487190.4937	467903.0	1196620	419776.0	459942.8609	0.955	0.9337	956.0	4189	2.3817	15	0.0015	6944	0.696	7.8623	277	0.0278	1529	0.1533	8162	0.8181	9	0.0009
Limnephilus_marmoratus	13118	1628972044	6031205457	3306.6054	2759.0	51506	459765.6241	407134.5	1190851	345765.5	414725.0285	0.938	0.9187	920.0	5282	2.4835	8	0.0006	8129	0.6197	8.0529	278	0.0212	2415	0.1841	10400	0.7928	25	0.0019
Limnephilus_rhombicus	13583	1577173988	6817607298	3671.2902	3158.0	38211	501922.0568	498426.0	1193238	434972.0	464960.5815	0.959	0.9412	956.0	4892	2.7766	14	0.001	9576	0.705	8.6122	274	0.0202	2047	0.1507	11232	0.8269	30	0.0022
Limnia_unguicornis	14234	1084436147	6100398517	3153.2098	2593.0	87431	428579.3534	374490.0	1190728	341181.5	406684.919	0.949	0.935	954.0	5172	2.7521	429	0.0301	8882	0.624	13.1257	693	0.0487	2925	0.2055	10612	0.7455	4	0.0003
Limnophora_tigrina	63368	1054903845	24190623632	3401.8524	3134.0	51913	381748.2583	233982.5	1196361	221561.0	355757.8207	0.955	0.9485	954.0	5074	12.4888	107	0.0017	32168	0.5076	60.0699	771	0.0122	16211	0.2558	46380	0.7319	6	0.0001
Limonia_nubeculosa	3140	598638453	964875516	3916.5022	2763.5	41933	307285.1962	164391.5	1195310	128387.0	278021.5045	0.92	0.8913	914.0	1438	2.1836	54	0.0172	1280	0.4076	5.2452	509	0.1621	943	0.3003	1678	0.5344	10	0.0032
Limonius_poneli	13890	1345833475	5033648326	3625.4319	2705.0	117246	362393.688	218174.5	1196742	180914.0	320393.3247	0.9	0.8871	902.0	4739	2.931	274	0.0197	6334	0.456	10.3207	483	0.0348	4376	0.315	9013	0.6489	18	0.0013
Limosa_lapponica	6491	1165404474	1591970894	5845.8219	4292.0	112866	245258.1873	159112.0	1181735	136679.0	214054.3072	0.951	0.9199	950.0	362	17.9309	79	0.0122	1892	0.2915	5.5697	42	0.0065	2433	0.3748	4016	0.6187	0	0.0
Limosa_limosa	8188	1243490822	2474507553	5067.5708	3746.0	129361	302211.4745	193740.5	1197830	168994.0	267379.8909	0.946	0.9137	936.0	538	15.2193	104	0.0127	3220	0.3933	6.5847	60	0.0073	2481	0.303	5647	0.6897	0	0.0
Limosella_australis	9554	258705963	3599825179	5885.0506	4561.5	112708	376787.2283	249152.5	1199939	232618.0	348501.9679	0.923	0.9141	930.0	745	12.8242	5	0.0005	5060	0.5296	36.93	81	0.0085	2313	0.2421	7160	0.7494	0	0.0
Linaria_cannabina	16762	1200342529	6018624113	7594.0631	4500.5	208499	359063.603	215012.0	1194213	196350.0	323936.5276	0.939	0.914	930.0	714	23.4762	3	0.0002	7883	0.4703	13.9643	68	0.0041	4469	0.2666	12225	0.7293	0	0.0
Linaria_repens	17428	765355305	8228513271	4670.1957	3598.0	69957	472143.2907	434254.5	1199290	410029.0	453572.5305	0.885	0.8846	896.0	4501	3.872	29	0.0017	11908	0.6833	22.7711	238	0.0137	3088	0.1772	14100	0.809	2	0.0001
Linaria_vulgaris	14906	756854570	7360733473	4303.8595	3379.5	91993	493810.1082	470193.5	1194767	448411.5	477162.3188	0.882	0.8785	884.0	4602	3.239	74	0.005	10862	0.7287	19.6947	137	0.0092	2156	0.1446	12612	0.8461	1	0.0001
Lineus_longissimus	3032	390651484	1172768077	3764.4624	3065.0	27336	386796.8592	290323.5	1190198	274935.0	361888.0851	0.947	0.9195	952.0	857	3.5379	20	0.0066	1684	0.5554	7.7614	55	0.0181	825	0.2721	2152	0.7098	0	0.0
Lineus_ruber	13166	1050460136	6289029742	3673.1355	2901.0	47979	477672.0144	452756.5	1199272	392154.5	442719.6497	0.97	0.9429	968.0	4860	2.7091	35	0.0027	8864	0.6732	12.5336	263	0.02	2282	0.1733	10610	0.8059	11	0.0008
Linnaea_borealis	49063	764738194	20046522885	3818.0805	2801.0	28321	408587.3853	310518.0	1198922	285569.0	388155.2949	0.895	0.8902	894.0	5940	8.2598	5	0.0001	27737	0.5653	64.1566	369	0.0075	11099	0.2262	37591	0.7662	4	0.0001
Linnaemya_tessellans	13477	708825877	5414723629	3631.4791	2880.0	45170	401775.145	237877.0	1197241	208259.0	339795.4418	0.939	0.919	926.0	2776	4.8548	38	0.0028	6648	0.4933	19.0131	444	0.0329	3803	0.2822	9222	0.6843	8	0.0006
Linnaemya_vulpina	17519	550526487	5967687477	4665.1128	3444.0	118379	340640.8743	191068.0	1194809	164921.0	292048.8016	0.937	0.9259	916.0	1609	10.8881	234	0.0134	7558	0.4314	31.8223	639	0.0365	5918	0.3378	10912	0.6229	50	0.0029
Linum_bienne	7304	485785914	3017160390	11811.3067	4578.5	181849	413083.2955	287502.0	1197483	249017.5	363359.79	0.886	0.8833	890.0	905	8.0707	67	0.0092	4049	0.5544	15.0354	82	0.0112	1687	0.231	5534	0.7577	1	0.0001
Linum_catharticum	31133	562215909	13156287963	4535.5303	3125.0	200855	422583.3669	319619.0	1198597	278171.0	387854.2616	0.876	0.8663	876.0	3077	10.118	37	0.0012	17426	0.5597	55.3755	197	0.0063	6419	0.2062	24516	0.7875	1	0.0
Linyphia_triangularis	14656	1303814955	5665649970	3875.1414	3193.0	46309	386575.4619	264075.5	1197113	235262.5	349014.2982	0.939	0.9253	934.0	3798	3.8589	82	0.0056	7763	0.5297	11.2409	1043	0.0712	3420	0.2334	10176	0.6943	17	0.0012
Liophloeus_tessulatus	15029	1193582564	6340326079	3446.7149	2567.0	59858	421872.7845	355245.0	1199454	326367.0	397018.8541	0.934	0.9219	936.0	4882	3.0785	150	0.01	9042	0.6016	12.5915	748	0.0498	3193	0.2125	11083	0.7374	5	0.0003
Liopterus_haemorrhoidalis	9941	1014441633	3714556879	4189.7741	3131.0	101314	373660.2836	254946.0	1194231	231352.0	340476.465	0.937	0.9219	944.0	1961	5.0694	72	0.0072	5227	0.5258	9.7995	389	0.0391	2389	0.2403	7154	0.7196	9	0.0009
Lipara_lucens	36097	1341615935	13510000998	3668.4012	3203.0	104118	374269.3575	227149.0	1198101	211544.0	341523.9606	0.922	0.9166	918.0	5936	6.081	169	0.0047	17895	0.4957	26.9056	1045	0.0289	10291	0.2851	24749	0.6856	12	0.0003
Lipophrys_pholis	4190	734683215	1320100715	4153.3539	3173.0	50319	315059.8365	182981.5	1168859	165444.5	283473.2606	0.952	0.9305	948.0	579	7.2366	2	0.0005	1683	0.4017	5.7031	26	0.0062	1281	0.3057	2883	0.6881	0	0.0
Lipoptena_cervi	9676	498612074	3337594652	7063.4658	3768.0	306730	344935.3712	212872.5	1198536	172244.5	280104.1278	0.932	0.9204	934.0	490	19.7469	143	0.0148	4112	0.425	19.4059	126	0.013	3069	0.3172	6478	0.6695	3	0.0003
Lispocephala_erythrocera	13316	964610415	3083055402	3366.0325	2841.0	33876	231530.1443	95534.5	1196643	81169.0	211824.1972	0.946	0.932	956.0	4039	3.2969	183	0.0137	4174	0.3135	13.8045	1049	0.0788	6181	0.4642	6070	0.4558	16	0.0012
Lispocephala_verna	20737	955163756	5353336889	4577.7476	3310.0	176834	258153.8742	137432.0	1198719	114658.0	232260.2102	0.958	0.9437	962.0	4156	4.9897	330	0.0159	7212	0.3478	21.7104	1233	0.0595	8427	0.4064	11066	0.5336	11	0.0005
Lissotriton_helveticus	472944	23125811460	196943405759	4259.0997	3151.0	247367	416420.138	348694.0	1199871	326688.5	398621.6834	0.903	0.8934	908.0	115733	4.0865	1073	0.0023	284230	0.601	20.4509	25574	0.0541	100774	0.2131	346222	0.7321	374	0.0008
Lissotriton_montandoni	421745	24136070732	168786326067	3517.9801	2708.0	201829	400209.43	317307.0	1199382	297965.0	383021.5433	0.899	0.89	908.0	119993	3.5147	1238	0.0029	243168	0.5766	17.4736	24236	0.0575	93125	0.2208	303863	0.7205	521	0.0012
Lissotriton_vulgaris	377567	23000018911	151692792866	3746.3309	2823.0	209826	401763.9064	322445.0	1199818	303353.0	384874.0829	0.896	0.8903	902.0	114331	3.3024	674	0.0018	220029	0.5828	16.4159	21668	0.0574	83282	0.2206	272277	0.7211	340	0.0009
Listrodromus_nycthemerus	1943	190755821	497618849	9395.8806	6615.0	47381	256108.5172	175515.0	1182668	139412.0	212606.2342	0.962	0.9361	978.0	154	12.6169	140	0.0721	714	0.3675	10.1858	114	0.0587	673	0.3464	1156	0.595	0	0.0
Lithobius_variegatus	24809	1739807808	10294027963	5310.3554	3690.0	46819	414931.1928	330812.0	1197769	302084.0	391152.5139	0.95	0.93	930.0	4437	5.5914	100	0.004	14603	0.5886	14.2596	762	0.0307	5238	0.2111	18793	0.7575	16	0.0006
Lithophane_leautieri	1653	521145815	694962297	3475.729	2995.0	37215	420424.8621	329239.0	1199119	274128.0	378197.5475	0.975	0.9482	970.0	749	2.2069	2	0.0012	937	0.5668	3.1719	48	0.029	433	0.2619	1171	0.7084	1	0.0006
Lithophane_ornitopus	1820	508469328	758658948	3255.3412	2645.0	36363	416845.5758	339111.0	1175349	287590.5	376799.1978	0.927	0.9224	932.0	655	2.7786	4	0.0022	1073	0.5896	3.5794	75	0.0412	414	0.2275	1330	0.7308	1	0.0005
Lithophane_semibrunnea	3193	556979063	1302554902	3631.5666	2747.0	78076	407940.7773	335855.0	1183986	290237.0	378647.4961	0.965	0.9444	970.0	1179	2.7082	3	0.0009	1851	0.5797	5.7327	130	0.0407	781	0.2446	2279	0.7137	3	0.0009
Lithophane_socia	739	489058472	247883508	2970.5142	2535.0	17111	335430.9986	190236.0	1173452	171271.0	297914.0785	0.963	0.9355	960.0	442	1.6719	2	0.0027	341	0.4614	1.5111	106	0.1434	201	0.272	431	0.5832	1	0.0014
Lithosia_quadra	1959	455905479	831460929	2668.4191	2281.0	22391	424431.3063	351903.0	1198230	293169.0	388525.1302	0.937	0.919	948.0	708	2.7669	15	0.0077	1194	0.6095	4.2969	51	0.026	426	0.2175	1482	0.7565	0	0.0
Lithospermum_officinale	28106	508864110	11267357077	3815.8728	2846.0	110780	400887.9626	280009.0	1199216	253154.5	374428.026	0.904	0.8921	908.0	2621	10.7234	20	0.0007	15203	0.5409	55.2328	168	0.006	6625	0.2357	21313	0.7583	0	0.0
Littorina_arcana	4503	1073410591	1864407558	3121.235	2583.0	23359	414036.7662	295632.0	1192412	229351.0	341170.6807	0.918	0.8884	888.0	2650	1.6992	50	0.0111	2383	0.5292	4.195	199	0.0442	1242	0.2758	3058	0.6791	4	0.0009
Littorina_littorea	3083	773876821	1206589734	4024.7567	2875.0	122250	391368.7103	209844.0	1191423	187695.0	318665.7009	0.953	0.9282	918.0	1844	1.6719	18	0.0058	1519	0.4927	3.9838	78	0.0253	1032	0.3347	1971	0.6393	2	0.0006
Littorina_obtusata	3327	986479541	1238390329	3438.1611	2618.0	54322	372224.3249	202716.0	1179212	187350.0	301579.1064	0.938	0.9068	904.0	2204	1.5095	24	0.0072	1579	0.4746	3.3726	89	0.0268	1031	0.3099	2207	0.6634	0	0.0
Littorina_saxatilis	23543	1487672100	6859780713	3935.9027	3025.0	51951	291372.4127	157460.0	1190547	132756.0	217339.1065	0.957	0.9322	938.0	17329	1.3586	59	0.0025	8613	0.3658	15.8254	237	0.0101	9426	0.4004	13879	0.5895	1	0.0
Lobelia_dortmanna	46411	778135684	21351482122	4936.9965	4088.0	95450	460052.1885	412318.0	1199306	383040.0	440230.6405	0.914	0.905	910.0	5588	8.3055	15	0.0003	30467	0.6565	59.6438	315	0.0068	8251	0.1778	37844	0.8154	1	0.0
Lobelia_urens	5940	387065292	2676208565	4061.1542	3198.5	335591	450540.1625	404959.5	1191025	377781.0	434931.5273	0.898	0.8902	908.0	1371	4.3326	7	0.0012	3899	0.6564	15.3462	91	0.0153	1228	0.2067	4620	0.7778	1	0.0002
Lobesia_abscisana	4274	550006219	1748532259	3488.6383	2776.0	45616	409109.092	334306.5	1194099	287460.0	379015.43	0.923	0.906	958.0	1738	2.4591	368	0.0861	2439	0.5707	7.7708	198	0.0463	1081	0.2529	2994	0.7005	1	0.0002
Lobesia_littoralis	5568	521428659	2089214534	5365.0277	3429.5	59094	375218.1275	240868.0	1198665	221523.5	338788.7721	0.983	0.9582	982.0	1298	4.2897	54	0.0097	2849	0.5117	10.6784	159	0.0286	1394	0.2504	4014	0.7209	1	0.0002
Lobesia_reliquana	6165	499798555	2656455180	3581.3346	2696.0	63365	430892.9732	357003.0	1197585	306946.0	395404.7637	0.969	0.9396	968.0	1484	4.1543	380	0.0616	3642	0.5908	12.335	119	0.0193	1346	0.2183	4700	0.7624	0	0.0
Lobophora_halterata	1162	314813451	331027713	6321.8718	4273.0	56120	284877.5499	169096.0	1179803	151766.0	250522.1609	0.991	0.948	992.0	236	4.9237	6	0.0052	429	0.3692	3.6911	42	0.0361	382	0.3287	738	0.6351	0	0.0
Lochmaea_capreae	2487	534236544	1093966145	3469.0708	2723.0	23994	439873.8018	385742.0	1198313	368245.0	422127.6409	0.955	0.9367	958.0	1190	2.0899	9	0.0036	1588	0.6385	4.6552	87	0.035	491	0.1974	1906	0.7664	3	0.0012
Lochmaea_crataegi	17251	885570386	7411905074	3708.1591	2697.0	177993	429650.7492	365244.0	1199934	326674.0	400638.9467	0.951	0.9182	946.0	4654	3.7067	55	0.0032	10505	0.609	19.4801	418	0.0242	3784	0.2193	13031	0.7554	18	0.001
Loensia_variegata	9825	516707947	4975389500	2896.4075	2540.0	64864	506400.9669	511418.0	1195210	387274.0	442835.793	0.961	0.9414	950.0	1710	5.7456	31	0.0032	6483	0.6598	19.0146	135	0.0137	1699	0.1729	7988	0.813	3	0.0003
Loeskeobryum_brevirostre	4978	380493463	1833716553	4343.3305	3409.0	48177	368364.1127	256893.0	1189249	244183.0	355024.1055	0.941	0.926	932.0	1915	2.5995	0	0.0	2709	0.5442	13.083	64	0.0129	1415	0.2843	3499	0.7029	0	0.0
Loewia_submetallica	20356	791462085	8750594009	3635.0636	2773.0	71321	429877.8743	364419.5	1197981	328117.5	403741.2744	0.935	0.9277	940.0	2127	9.5703	40	0.002	12339	0.6062	25.7195	320	0.0157	4284	0.2105	15751	0.7738	1	0.0
Logfia_minima	13672	536907307	4980144253	4331.0306	3494.0	37785	364258.6493	226752.5	1193900	213916.0	342571.8465	0.897	0.8933	896.0	1347	10.15	0	0.0	6861	0.5018	25.4644	72	0.0053	3476	0.2542	10123	0.7404	1	0.0001
Lomaspilis_marginata	5899	589097569	1756036285	3081.8422	2696.0	17198	297683.7235	195396.0	1180910	147750.0	241134.7466	0.938	0.9137	914.0	868	6.7961	55	0.0093	2185	0.3704	10.0136	82	0.0139	2027	0.3436	3783	0.6413	7	0.0012
Lomographa_bimaculata	1222	554705000	584196390	3265.2242	2773.5	26302	478065.7856	487153.5	1175994	362396.5	403436.7128	0.944	0.9344	932.0	509	2.4008	2	0.0016	780	0.6383	2.203	96	0.0786	239	0.1956	885	0.7242	2	0.0016
Lomographa_temerata	4062	682147743	1785919171	4060.8326	2552.0	79464	439664.9855	388594.5	1195361	323724.0	393055.2486	0.977	0.9569	978.0	1355	2.9978	8	0.002	2486	0.612	5.9547	204	0.0502	810	0.1994	3036	0.7474	12	0.003
Lonchoptera_bifurcata	2645	202101349	809504720	5976.7913	3650.0	164203	306050.9338	199486.0	1195598	167911.0	269914.6151	0.945	0.9337	950.0	376	7.0346	5	0.0019	1105	0.4178	13.0875	33	0.0125	897	0.3391	1715	0.6484	0	0.0
Lonchoptera_lutea	6200	332637044	2184972502	6752.0139	3697.0	210844	352414.9197	227543.5	1189630	198367.0	306756.7303	0.934	0.9237	942.0	875	7.0857	5	0.0008	2931	0.4727	18.6389	37	0.006	1555	0.2508	4608	0.7432	0	0.0
Longitarsus_dorsalis	16682	1028974868	6470027527	3553.6283	2755.0	121319	387844.8344	265645.0	1197503	240469.5	357249.1871	0.953	0.9299	960.0	4841	3.446	287	0.0172	8870	0.5317	16.2123	813	0.0487	4294	0.2574	11546	0.6921	29	0.0017
Longitarsus_flavicornis	15038	1048430757	4628641195	4512.5362	3137.0	225485	307796.329	187533.0	1190496	148930.5	270533.6718	0.938	0.9247	944.0	4387	3.4279	437	0.0291	5752	0.3825	14.3433	919	0.0611	4836	0.3216	9232	0.6139	51	0.0034
Lophozia_ventricosa	27505	700166689	13356396402	4060.8442	3309.0	44754	485598.8512	456971.0	1198635	439919.0	472490.1803	0.899	0.8971	906.0	5019	5.4802	65	0.0024	19513	0.7094	39.2835	76	0.0028	4193	0.1524	23236	0.8448	0	0.0
Lordithon_lunulatus	14793	600268365	5249389329	5578.8685	3225.0	220053	354856.3056	215306.0	1195876	182463.0	307450.5202	0.924	0.9179	936.0	2064	7.1672	157	0.0106	6606	0.4466	24.644	333	0.0225	4330	0.2927	10120	0.6841	10	0.0007
Lotus_pedunculatus	13420	481004008	6025765903	4324.5326	3465.5	147417	449013.8527	388954.5	1197669	363440.5	429707.5732	0.889	0.8897	904.0	1870	7.1765	32	0.0024	8588	0.6399	27.9	132	0.0098	2381	0.1774	10906	0.8127	1	0.0001
Lotus_subbiflorus	25846	958095045	11383520922	4368.339	3579.5	63323	440436.4668	382611.0	1199393	359271.5	423019.3911	0.914	0.9036	920.0	3770	6.8557	226	0.0087	16462	0.6369	26.9764	264	0.0102	5014	0.194	20566	0.7957	2	0.0001
Lotus_tenuis	22264	534157612	8744305484	3901.0999	3061.5	196338	392755.3667	262714.5	1196074	243715.5	370253.7192	0.897	0.8905	908.0	2410	9.2382	25	0.0011	11956	0.537	41.6806	215	0.0097	5294	0.2378	16754	0.7525	1	0.0
Lozotaenia_forsterana	2597	657290418	1164256320	3271.9665	2596.0	81938	448308.171	418498.0	1187866	357701.0	412230.6981	0.953	0.9301	956.0	1397	1.859	25	0.0096	1629	0.6273	3.9511	154	0.0593	563	0.2168	1879	0.7235	1	0.0004
Lucilia_caesar	6758	567476261	2195851855	3552.5437	2675.5	64095	324926.2881	196311.5	1194509	165638.5	281650.5895	0.932	0.9162	942.0	1304	5.1825	37	0.0055	2853	0.4222	11.9089	209	0.0309	2162	0.3199	4380	0.6481	7	0.001
Luffia_ferchaultella	3080	642385746	1386341367	3312.0838	2515.5	40144	450110.8334	407271.0	1183850	328108.5	407365.0432	0.951	0.9218	952.0	1247	2.4699	1	0.0003	1984	0.6442	4.7946	31	0.0101	637	0.2068	2411	0.7828	1	0.0003
Luidia_sarsii	3290	465551107	1181207530	4068.7292	2867.5	85826	359029.6444	229620.0	1192213	205289.5	313340.2413	0.919	0.9009	914.0	867	3.7947	25	0.0076	1631	0.4957	7.0669	118	0.0359	938	0.2851	2232	0.6784	2	0.0006
Lullula_arborea	13056	1183531736	3183997462	5964.0831	3979.5	108667	243872.3546	178830.0	1198815	125909.0	196663.3239	0.907	0.9021	902.0	370	35.2865	26	0.002	3374	0.2584	11.0314	94	0.0072	5169	0.3959	7792	0.5968	1	0.0001
Lumbricus_rubellus	5013	776280494	1964401537	4622.2709	3597.0	52811	391861.4676	303477.0	1194455	269371.0	363791.5414	0.948	0.9344	948.0	1757	2.8532	13	0.0026	2795	0.5576	6.4577	330	0.0658	1225	0.2444	3457	0.6896	1	0.0002
Lumbricus_terrestris	5216	1045091760	2149439754	3543.9964	2864.5	71982	412085.8424	343126.0	1192328	308222.5	383747.7291	0.916	0.9083	912.0	2592	2.0123	31	0.0059	3026	0.5801	4.9909	331	0.0635	1176	0.2255	3707	0.7107	2	0.0004
Lunularia_cruciata	64867	563922366	24387743164	4372.4333	3850.0	142540	375965.3316	225138.0	1199291	213979.0	352238.3738	0.906	0.9015	900.0	1941	33.4194	5	0.0001	32199	0.4964	115.0282	430	0.0066	16977	0.2617	47460	0.7317	0	0.0
Luperina_nickerlii	2619	661019599	1264525744	2973.7537	2625.0	15292	482827.6991	486892.0	1185024	389707.0	440006.1825	0.964	0.9337	962.0	1490	1.7577	6	0.0023	1710	0.6529	3.9621	119	0.0454	495	0.189	2003	0.7648	2	0.0008
Luperina_testacea	2462	601432332	1243813290	3029.2136	2626.0	33990	505204.4232	518395.5	1188078	443761.0	463727.4549	0.957	0.9209	962.0	1213	2.0297	57	0.0232	1732	0.7035	4.0936	78	0.0317	409	0.1661	1973	0.8014	2	0.0008
Luperus_flavipes	18806	1162133600	6282225868	4608.5648	3235.0	120753	334054.3373	201435.5	1193343	178977.0	310117.9626	0.956	0.9406	964.0	5442	3.4557	371	0.0197	8583	0.4564	16.1823	1464	0.0778	5436	0.2891	11808	0.6279	98	0.0052
Luperus_longicornis	18641	1330525726	8088364757	3050.1697	2205.0	64436	433901.8699	380064.0	1192664	354548.0	415819.9423	0.966	0.9319	976.0	5573	3.3449	2939	0.1577	11634	0.6241	14.0103	1244	0.0667	3600	0.1931	13732	0.7367	65	0.0035
Luquetia_lobella	935	493845963	343098820	3529.5027	2804.0	48549	366950.6096	248651.0	1174996	234959.0	329836.6171	0.98	0.9586	974.0	472	1.9809	0	0.0	483	0.5166	1.8933	115	0.123	261	0.2791	558	0.5968	1	0.0011
Lutra_lutra	54332	2438327672	28601437130	4134.2254	3787.0	55813	526419.7366	547718.0	1199897	393431.5	448487.4695	0.945	0.9315	900.0	1494	36.3668	0	0.0	36744	0.6763	22.2825	135	0.0025	8983	0.1653	45213	0.8322	1	0.0
Lutraria_lutraria	4596	730923916	1743362335	5421.8997	2953.0	185425	379321.6569	279228.0	1195784	254015.5	356117.0927	0.916	0.9006	920.0	1380	3.3304	5	0.0011	2496	0.5431	6.2879	124	0.027	1266	0.2755	3203	0.6969	3	0.0007
Luzula_pallescens	11376	338519110	4920734214	4360.7963	3397.5	161247	432553.9921	346939.5	1197852	298931.5	398245.2991	0.928	0.9144	930.0	847	13.4309	9	0.0008	6737	0.5922	33.6052	131	0.0115	2745	0.2413	8498	0.747	2	0.0002
Luzula_sylvatica	17487	437174348	6483943905	4567.3533	3422.0	92774	370786.5217	230409.0	1199519	204121.0	329175.3873	0.892	0.8747	880.0	1537	11.3774	109	0.0062	8548	0.4888	40.0001	202	0.0116	5060	0.2894	12224	0.699	1	0.0001
Lycaena_phlaeas	1468	420468287	724870921	3273.5797	2778.0	16902	493781.2813	510364.5	1180037	439396.5	457718.596	0.967	0.9402	970.0	744	1.9731	3	0.002	1013	0.6901	3.4913	53	0.0361	265	0.1805	1146	0.7807	4	0.0027
Lycia_hirtaria	1970	551557540	963522207	3286.4787	2911.5	33995	489097.567	487593.0	1178719	383386.0	435850.6497	0.972	0.9604	970.0	739	2.6658	7	0.0036	1301	0.6604	3.5717	102	0.0518	366	0.1858	1501	0.7619	1	0.0005
Lyciella_decipiens	2239	435017680	665480224	7623.2939	4486.0	72172	297222.0741	192380.0	1197765	141518.0	237180.9683	0.947	0.9425	958.0	252	8.8849	1	0.0004	717	0.3202	5.1469	26	0.0116	761	0.3399	1452	0.6485	0	0.0
Lyciella_platycephala	4761	455873098	2262790832	3140.289	2751.0	29132	475276.3772	449127.0	1186700	416453.0	455851.2693	0.942	0.9297	944.0	1103	4.3164	11	0.0023	3288	0.6906	10.4437	63	0.0132	814	0.171	3883	0.8156	1	0.0002
Lycophotia_porphyrea	1974	542374510	1051822662	3185.228	3427.0	20938	532838.228	557406.5	1194387	441399.0	473134.1494	0.996	0.9754	994.0	600	3.29	0	0.0	1412	0.7153	3.6396	47	0.0238	300	0.152	1626	0.8237	1	0.0005
Lycopus_europaeus	23575	393896423	9214927989	4902.7253	4132.0	51958	390877.1151	254477.0	1196790	234274.0	366522.5019	0.906	0.9006	910.0	1639	14.3838	4	0.0002	12363	0.5244	59.8508	126	0.0053	5660	0.2401	17789	0.7546	0	0.0
Lygephila_pastinum	7210	894644962	3041499622	4069.8484	2838.0	317358	421844.6078	256219.0	1198515	229610.0	365535.4872	0.949	0.9166	932.0	1970	3.6599	23	0.0032	3765	0.5222	8.0591	278	0.0386	1631	0.2262	5294	0.7343	7	0.001
Lymantria_dispar	18379	966330161	9555674727	3314.8324	2674.0	71294	519923.5392	543488.0	1196370	385740.0	443597.0355	0.956	0.9413	934.0	3051	6.0239	7	0.0004	12231	0.6655	19.0194	260	0.0141	3114	0.1694	15001	0.8162	4	0.0002
Lymantria_monacha	39778	915604503	21661987510	2989.5089	2797.0	18722	544572.0627	581091.5	1198423	426180.5	465452.8327	0.964	0.9528	940.0	1879	21.1698	20	0.0005	27588	0.6935	43.4445	336	0.0084	6171	0.1551	33260	0.8361	11	0.0003
Lyonetia_clerkella	462	224569244	192585501	3130.8117	2705.0	25243	416851.7338	363142.5	1192669	327730.0	397002.4697	0.959	0.9459	962.0	279	1.6559	0	0.0	282	0.6104	2.0573	11	0.0238	121	0.2619	330	0.7143	0	0.0
Lypha_dubia	17292	622804017	6766544568	4272.8273	3104.5	336881	391310.6967	242707.5	1194668	223564.0	353561.579	0.897	0.8874	908.0	1603	10.7873	12	0.0007	8834	0.5109	27.7648	272	0.0157	4221	0.2441	12795	0.7399	4	0.0002
Lysandra_bellargus	2276	526058640	974678126	3552.9464	2796.0	54858	428241.7074	328173.5	1187617	280418.5	388483.7452	0.969	0.9506	964.0	1050	2.1676	14	0.0062	1319	0.5795	4.3265	113	0.0496	520	0.2285	1639	0.7201	4	0.0018
Lysandra_coridon	2853	540303944	1334266340	3365.2142	2775.0	24111	467671.3424	450498.0	1175992	385573.0	429709.1886	0.962	0.9476	964.0	1266	2.2536	18	0.0063	1865	0.6537	5.2804	146	0.0512	550	0.1928	2148	0.7529	9	0.0032
Lysimachia_thyrsiflora	28940	1218044700	13347851622	3431.7672	2861.0	148428	461225.0042	420032.0	1199215	389066.5	439378.1962	0.869	0.856	860.0	6895	4.1972	76	0.0026	19264	0.6657	23.7594	217	0.0075	5222	0.1804	23499	0.812	2	0.0001
Lythrum_hyssopifolia	42922	648645160	15278668983	4674.1711	3746.5	54369	355963.5847	207794.5	1199324	194346.5	330702.0869	0.887	0.8758	890.0	2781	15.434	7	0.0002	19699	0.4589	66.1718	256	0.006	11948	0.2784	30718	0.7157	0	0.0
Lythrum_portula	17392	238820010	5581095033	4294.1348	3677.5	43266	320900.1284	177357.0	1199344	161240.0	288859.0011	0.923	0.9135	922.0	607	28.6524	14	0.0008	6635	0.3815	72.8247	132	0.0076	5696	0.3275	11562	0.6648	2	0.0001
Lythrum_salicaria	17065	686050809	7068196049	4822.8223	3684.0	169697	414192.5607	323088.0	1198912	297748.0	390974.6998	0.884	0.8829	894.0	1937	8.81	4	0.0002	9977	0.5846	24.8743	146	0.0086	3897	0.2284	13022	0.7631	0	0.0
Macaria_brunneata	534	360617467	220791460	3546.3221	2805.0	30196	413467.1536	338392.0	1183843	313788.5	376131.633	0.957	0.938	968.0	285	1.8737	3	0.0056	319	0.5974	1.4808	40	0.0749	128	0.2397	366	0.6854	0	0.0
Macaria_liturata	2005	354744101	871801882	5211.6274	3406.0	39339	434813.9062	385157.0	1198150	334340.0	396243.1995	0.95	0.9247	966.0	355	5.6479	0	0.0	1311	0.6539	5.652	17	0.0085	296	0.1476	1692	0.8439	0	0.0
Macaria_notata	890	393695855	406504566	3632.6517	2930.5	18861	456746.7034	428538.5	1193153	378123.0	425016.4022	0.9785	0.9588	980.0	541	1.6451	0	0.0	577	0.6483	2.2606	31	0.0348	187	0.2101	672	0.7551	0	0.0
Machimus_atricapillus	1611	268159729	609333474	3792.5878	3040.0	32082	378233.0689	295235.0	1153647	276209.0	358284.6872	0.971	0.9505	964.0	540	2.9833	6	0.0037	902	0.5599	6.0076	44	0.0273	476	0.2955	1091	0.6772	0	0.0
Machimus_rusticus	2350	279698367	817468709	6829.8698	4644.5	44851	347859.0251	214906.5	1198716	189700.5	314872.9643	0.9735	0.953	964.0	323	7.2755	17	0.0072	1090	0.4638	8.4019	121	0.0515	614	0.2613	1601	0.6813	14	0.006
Macomangulus_tenuis	6393	1893652797	2535462655	3645.4009	2698.0	99664	396599.8209	252468.0	1199738	216204.0	338536.4008	0.916	0.8915	912.0	3483	1.8355	155	0.0242	3302	0.5165	3.376	439	0.0687	1834	0.2869	4115	0.6437	5	0.0008
Macrocera_phalerata	2851	562402483	982106767	2993.8622	2470.0	28990	344477.9961	194533.0	1172399	174359.0	308510.0803	0.893	0.8797	928.0	1510	1.8881	68	0.0239	1302	0.4567	5.0693	162	0.0568	905	0.3174	1782	0.625	2	0.0007
Macrochilo_cribrumalis	5096	831685334	2560531216	3069.3624	2796.0	23491	502459.0298	500345.5	1188766	401276.0	446673.4996	0.957	0.94	940.0	2246	2.2689	5	0.001	3447	0.6764	6.1273	89	0.0175	861	0.169	4145	0.8134	1	0.0002
Macrodema_micropterum	4384	1116733839	1500437483	6969.2605	3968.5	118866	342253.0755	223700.0	1187524	185220.5	291412.2445	0.976	0.9617	980.0	1196	3.6656	32	0.0073	2050	0.4676	3.9257	253	0.0577	1174	0.2678	2954	0.6738	3	0.0007
Macroglossum_stellatarum	3515	469111305	1318056670	4573.2077	3373.0	98374	374980.5605	211656.0	1188191	200023.0	334977.2674	0.984	0.9729	984.0	370	9.5	3	0.0009	1641	0.4669	7.4929	19	0.0054	889	0.2529	2607	0.7417	0	0.0
Macrophya_alboannulata	1874	243936399	761531224	4574.3981	3080.0	69365	406366.715	303042.0	1187401	268383.5	375641.3767	0.945	0.9351	950.0	571	3.282	46	0.0245	1061	0.5662	7.6823	59	0.0315	418	0.2231	1396	0.7449	1	0.0005
Macrophya_annulata	2275	235457968	840706001	8613.4954	4365.0	261286	369541.0993	230322.0	1184866	198591.0	308184.0862	0.957	0.9268	956.0	336	6.7708	3	0.0013	1094	0.4809	9.662	68	0.0299	599	0.2633	1606	0.7059	2	0.0009
Macrophya_punctumalbum	2232	252603434	780362673	4943.3952	3173.0	99525	349624.8535	217949.0	1193387	169247.5	299284.7469	0.908	0.9055	910.0	476	4.6891	11	0.0049	871	0.3902	8.836	43	0.0193	591	0.2648	1597	0.7155	1	0.0004
Macrophya_ribis	2185	219889946	725876651	6117.2719	4544.0	74318	332208.9936	212320.0	1180390	187111.0	295843.8517	0.941	0.9195	958.0	317	6.8927	31	0.0142	1019	0.4664	9.9368	41	0.0188	652	0.2984	1492	0.6828	0	0.0
Macropis_europaea	3957	376856413	968281692	6867.5739	5098.0	192585	244700.9583	194870.0	1186671	126002.0	184350.7096	0.892	0.8984	898.0	398	9.9422	2	0.0005	902	0.228	10.5	73	0.0184	1496	0.3781	2388	0.6035	0	0.0
Macrothylacia_rubi	1134	581201351	416498055	5106.2169	3623.0	50514	367282.2354	234752.0	1180049	219228.0	331895.8845	0.981	0.959	980.0	510	2.2235	0	0.0	593	0.5229	1.9511	63	0.0556	274	0.2416	792	0.6984	5	0.0044
Maea_johnstoni	5551	860775010	1255373971	3611.3131	2781.0	46365	226152.76	117310.0	1194321	76808.0	178110.4176	0.929	0.9109	924.0	3525	1.5748	54	0.0097	1418	0.2554	6.4488	490	0.0883	2631	0.474	2424	0.4367	6	0.0011
Magallana_gigas	3837	563188132	1678911943	3086.6659	2463.0	66638	437558.4944	385378.0	1194735	348416.0	414068.4282	0.892	0.8784	892.0	1531	2.5062	19	0.005	2430	0.6333	6.813	109	0.0284	852	0.222	2875	0.7493	1	0.0003
Magdalis_barbicornis	52620	1356160415	23621494169	3881.7143	3050.0	64094	448907.1488	409075.0	1197144	375372.0	427339.5172	0.959	0.9483	958.0	8210	6.4093	49	0.0009	33929	0.6448	38.8007	2096	0.0398	9792	0.1861	40519	0.77	213	0.004
Magdalis_cerasi	33106	1542965686	13182708178	3763.5206	2710.0	155364	398196.9485	323240.5	1197680	296145.0	374599.427	0.952	0.9238	962.0	9379	3.5298	2084	0.0629	18985	0.5735	21.4561	2991	0.0903	7165	0.2164	22902	0.6918	48	0.0014
Malachius_bipustulatus	2973	542953352	1096989192	3801.0098	2808.0	67632	368983.9193	242629.0	1188823	228049.0	341105.3485	0.944	0.9241	958.0	1350	2.2022	14	0.0047	1527	0.5136	5.4756	226	0.076	737	0.2479	2007	0.6751	3	0.001
Malacoceros_girardi	29531	2010249723	10080898526	3570.2646	2834.0	135199	341366.6495	215357.0	1196109	201199.0	314675.0641	0.893	0.8819	892.0	8690	3.3983	13	0.0004	14487	0.4906	14.6902	245	0.0083	8971	0.3038	20310	0.6878	5	0.0002
Malacosoma_castrense	3139	548544100	1445581815	4957.036	3127.0	147484	460523.0376	405709.0	1188798	307414.0	393777.5983	0.973	0.9432	954.0	1079	2.9092	6	0.0019	1888	0.6015	5.7224	82	0.0261	690	0.2198	2360	0.7518	7	0.0022
Malacosoma_neustria	5099	567536754	2795221367	3188.1255	2928.0	30326	548190.1092	590355.0	1195156	462370.0	483468.9608	0.974	0.9613	968.0	1155	4.4147	3	0.0006	3612	0.7084	8.9844	46	0.009	736	0.1443	4317	0.8466	0	0.0
Malthinus_flaveolus	1053	236688077	404936525	3616.1292	2764.0	57835	384555.1045	315892.0	1191068	300844.0	365338.339	0.905	0.8966	914.0	344	3.061	99	0.094	609	0.5783	4.4489	179	0.17	184	0.1747	690	0.6553	0	0.0
Malthinus_seriepunctatus	1337	337642800	532264759	3456.1391	2773.0	61444	398103.7838	347167.0	1178809	336425.0	384232.1997	0.921	0.8913	920.0	556	2.4047	55	0.0411	790	0.5909	3.9598	152	0.1137	312	0.2334	873	0.653	0	0.0
Malthodes_marginatus	3102	328763462	1135970942	5850.5967	3529.0	71330	366205.9774	239528.5	1191030	218385.5	332163.8817	0.979	0.9558	976.0	777	3.9923	59	0.019	1608	0.5184	9.4354	80	0.0258	776	0.2502	2246	0.724	0	0.0
Malthodes_minimus	2342	569294519	959166180	3560.3621	2662.5	44242	409550.0342	327859.0	1196701	303026.0	390896.4009	0.946	0.9231	948.0	1324	1.7689	15	0.0064	1399	0.5974	4.1139	75	0.032	566	0.2417	1701	0.7263	0	0.0
Malus_domestica	28441	645903045	12949426045	3690.6156	3073.0	39717	455308.3944	406474.0	1199152	371379.0	432119.3116	0.912	0.9002	924.0	2589	10.9853	3	0.0001	18352	0.6453	44.0329	129	0.0045	5136	0.1806	23174	0.8148	2	0.0001
Malus_sylvestris	28509	640505662	12778540147	3855.257	3201.0	39708	448228.2839	391833.0	1198832	357335.0	424828.2474	0.912	0.9017	926.0	2479	11.5002	6	0.0002	18004	0.6315	44.5101	133	0.0047	5403	0.1895	22973	0.8058	0	0.0
Malus_x_robusta	26133	619428021	12068731653	3655.9575	3049.0	27978	461819.6018	419117.0	1197966	383099.0	438787.3944	0.915	0.9057	928.0	2413	10.8301	4	0.0002	17160	0.6566	42.1889	122	0.0047	4600	0.176	21408	0.8192	3	0.0001
Malva_arborea	10320	552588477	4137195580	4216.4099	3150.5	147274	400891.0446	298871.5	1198486	268342.5	370341.1352	0.867	0.8658	870.0	2188	4.7166	137	0.0133	5817	0.5637	18.6757	131	0.0127	2537	0.2458	7646	0.7409	6	0.0006
Malva_neglecta	11424	556751645	4095172855	5157.5115	3375.0	177979	358471.0132	225824.5	1197253	196190.0	316311.7451	0.846	0.8322	840.0	1830	6.2426	967	0.0846	5385	0.4714	20.519	246	0.0215	3235	0.2832	7929	0.6941	14	0.0012
Malva_sylvestris	16885	578491251	6115837285	4932.8873	3957.0	267797	362205.3471	219487.0	1197096	199187.0	330201.4157	0.905	0.8886	888.0	2598	6.4992	674	0.0399	8221	0.4869	29.188	410	0.0243	5181	0.3068	11282	0.6682	12	0.0007
Mamestra_brassicae	1901	575518139	782946449	3902.1178	3250.0	28545	411860.3098	328722.0	1188067	287426.0	381512.3403	0.971	0.95	972.0	725	2.6221	0	0.0	1118	0.5881	3.3031	69	0.0363	438	0.2304	1391	0.7317	3	0.0016
Maniola_jurtina	3470	402000231	1725460121	4497.4816	3320.0	40913	497250.7553	464038.0	1194006	363852.0	434743.4421	0.94	0.9369	933.0	875	3.9657	39	0.0112	2191	0.6314	8.6318	123	0.0354	632	0.1821	2711	0.7813	4	0.0012
Maniola_tithonus	1115	395611812	599822520	3056.0637	2277.0	18525	537957.417	578443.0	1187239	422854.0	448577.296	0.993	0.9637	950.0	381	2.9265	0	0.0	766	0.687	2.8184	79	0.0709	169	0.1516	866	0.7767	1	0.0009
Marasmarcha_lunaedactyla	46361	770631658	17006787947	3568.0431	3273.0	65197	366833.9326	222011.0	1195736	212205.0	346384.4212	0.915	0.9156	912.0	1925	24.0836	3	0.0001	22925	0.4945	60.1597	436	0.0094	11635	0.251	34290	0.7396	0	0.0
Marasmius_cohaerens	3810	68034556	1526985261	4580.8234	4134.0	42619	400783.5331	306984.0	1193126	289241.5	384434.6785	0.946	0.9393	946.0	413	9.2252	0	0.0	2199	0.5772	56.001	24	0.0063	866	0.2273	2920	0.7664	0	0.0
Marchantia_polymorpha	17827	244362714	5153911227	4059.0359	3883.0	35776	289107.0414	161181.0	1195210	144594.0	269093.1027	0.942	0.9254	946.0	890	20.0303	20	0.0011	6967	0.3908	72.953	215	0.0121	6935	0.389	10677	0.5989	0	0.0
Marchantia_quadrata	57048	693278327	23565133410	4021.5239	3516.0	135703	413075.5401	321713.5	1198325	297726.0	391848.5066	0.95	0.9393	948.0	7001	8.1486	22	0.0004	33303	0.5838	82.2873	229	0.004	12201	0.2139	44617	0.7821	1	0.0
Mareca_penelope	7427	1174484435	2228282512	4741.6782	3205.0	101876	300024.5741	185058.0	1179873	159047.0	262629.0303	0.939	0.9134	926.0	708	10.4901	142	0.0191	2915	0.3925	6.3236	71	0.0096	2562	0.345	4794	0.6455	0	0.0
Mareca_strepera	9409	1184311046	2976669436	4675.0859	3272.0	86311	316364.0595	177999.0	1192448	156928.0	279836.5974	0.949	0.925	934.0	1120	8.4009	190	0.0202	3759	0.3995	7.9447	153	0.0163	3265	0.347	5991	0.6367	0	0.0
Marsupella_aquatica	7885	230446222	2913048681	3914.4937	3546.0	27108	369441.8112	250824.0	1195387	240953.0	357981.1122	0.933	0.9214	942.0	1206	6.5381	0	0.0	4228	0.5362	34.2162	33	0.0042	2000	0.2536	5852	0.7422	0	0.0
Marsupella_emarginata	11570	253924401	4821326876	4085.436	3650.0	26321	416709.3238	336590.5	1199691	322570.5	404458.9811	0.936	0.9223	940.0	1558	7.4262	0	0.0	7044	0.6088	45.5647	49	0.0042	2347	0.2029	9174	0.7929	0	0.0
Martes_martes	33499	2442759806	16957825506	4372.1904	3524.0	179907	506218.8575	502229.0	1195279	372499.0	436921.4866	0.913	0.9079	880.0	1633	20.5138	1	0.0	21976	0.656	13.7136	80	0.0024	5786	0.1727	27633	0.8249	0	0.0
Marthasterias_glacialis	3472	516836712	1398350312	4408.7272	3111.5	36364	402750.6659	330575.5	1197594	287656.5	366367.197	0.909	0.8874	907.0	860	4.0372	8	0.0023	2046	0.5893	6.7178	39	0.0112	843	0.2428	2589	0.7457	1	0.0003
Marvania_coccoides	26	16032902	3709612	3667.3077	2834.0	8492	142677.3846	99053.0	940870	85977.0	132054.8846	0.994	0.9815	990.0	19	1.3684	0	0.0	3	0.1154	1.6217	4	0.1538	12	0.4615	10	0.3846	0	0.0
Mastigophora_woodsii	120116	2272032233	58704138562	3956.5724	3423.0	109542	488728.7169	461124.5	1199054	442106.5	474806.8243	0.879	0.877	878.0	22545	5.3278	1	0.0	86260	0.7181	52.8672	346	0.0029	16941	0.141	102829	0.8561	0	0.0
Matricaria_chamomilla	175927	2460525800	81657897892	4766.5627	3964.0	142710	464157.8489	418096.0	1199802	387077.0	442114.0313	0.892	0.8858	896.0	15623	11.2608	50	0.0003	114634	0.6516	71.4998	680	0.0039	30243	0.1719	144997	0.8242	7	0.0
Matricaria_discoidea	115003	2083770394	54175334882	3657.3146	3140.0	192837	471077.5796	439321.0	1199701	412497.0	453115.6854	0.86	0.8591	866.0	16730	6.8741	47	0.0004	78030	0.6785	55.1899	537	0.0047	18785	0.1633	95665	0.8318	16	0.0001
Matthiola_sinuata	148420	2051772103	63605749180	3732.126	3266.0	127435	428552.4133	357196.0	1199534	329883.0	409031.5207	0.871	0.8657	880.0	17815	8.3312	129	0.0009	88976	0.5995	72.3375	894	0.006	30919	0.2083	116603	0.7856	4	0.0
Mechanitis_lysimnia	684	243728390	177932672	4989.0322	3269.0	41002	260135.4854	135210.5	1158357	116699.5	241346.2412	0.95	0.9285	954.0	363	1.8843	0	0.0	249	0.364	2.8064	28	0.0409	278	0.4064	374	0.5468	4	0.0058
Mechanitis_polymnia	1565	267192979	401252388	7435.8939	5459.0	43572	256391.3022	170333.0	1156793	143605.0	222495.6895	0.967	0.9495	962.0	382	4.0969	0	0.0	518	0.331	5.8572	33	0.0211	543	0.347	989	0.6319	0	0.0
Meconema_thalassinum	260688	8966490072	117784016458	3593.617	2966.0	455052	451819.863	415100.0	1199248	364893.5	420250.6516	0.93	0.9208	928.0	71468	3.6476	523	0.002	164826	0.6323	29.0736	13345	0.0512	49326	0.1892	197976	0.7594	41	0.0002
Mecyna_asinalis	2622	470871573	1087933084	4664.3749	3709.0	70904	414924.8986	299874.0	1195241	271664.5	386110.8699	0.985	0.9697	986.0	614	4.2704	3	0.0011	1466	0.5591	5.5684	113	0.0431	578	0.2204	1926	0.7346	5	0.0019
Mecyna_flavalis	1953	531333456	958803315	3036.7839	2608.0	15045	490938.7174	468568.0	1182868	428499.0	466777.6769	0.964	0.9517	970.0	933	2.0932	31	0.0159	1368	0.7005	3.6757	67	0.0343	294	0.1505	1590	0.8141	2	0.001
Medicago_arabica	18072	511156306	6648066289	4595.8128	3842.0	51456	367865.5538	216665.5	1199008	205345.0	343303.2029	0.915	0.9039	906.0	1472	12.2772	40	0.0022	8832	0.4887	35.3551	125	0.0069	5038	0.2788	12909	0.7143	0	0.0
Medicago_lupulina	22346	575076454	8661376301	5261.9851	3817.0	181581	387602.9849	237572.5	1193926	218239.5	354425.1394	0.89	0.8887	882.0	1928	11.5902	57	0.0026	11302	0.5058	38.8574	159	0.0071	5687	0.2545	16499	0.7383	1	0.0
Meesia_triquetra	8908	278397149	3262836800	4109.6606	3271.0	76219	366281.6345	247829.0	1198128	235359.0	351445.7022	0.945	0.9324	942.0	1809	4.9243	0	0.0	4695	0.5271	31.9975	58	0.0065	2492	0.2797	6358	0.7137	0	0.0
Megachile_leachella	5054	462066234	1689361601	8936.6415	4439.5	239585	334262.2875	222272.5	1195790	164476.5	256939.8217	0.875	0.8734	894.0	378	13.3704	15	0.003	1752	0.3467	10.9378	23	0.0046	1372	0.2715	3659	0.724	0	0.0
Megachile_ligniseca	580	235670341	150229479	5743.45	3454.5	40581	259016.3431	157594.5	1097941	131388.5	234954.1845	0.84	0.8681	878.0	211	2.7488	3	0.0052	199	0.3431	2.4611	9	0.0155	242	0.4172	329	0.5672	0	0.0
Megachile_maritima	1175	281163148	283125047	7068.5379	4446.0	87223	240957.4868	157697.0	1178477	116497.0	202694.0111	0.855	0.8749	880.0	316	3.7184	1	0.0009	334	0.2843	4.1791	23	0.0196	517	0.44	635	0.5404	0	0.0
Megachile_willughbiella	2207	343144207	762366237	7206.1205	3258.0	194282	345431.0091	215883.0	1187859	165995.0	262662.966	0.826	0.8401	852.0	365	6.0466	3	0.0014	812	0.3679	6.4317	23	0.0104	712	0.3226	1472	0.667	0	0.0
Megalepthyphantes_collinus	6741	1013562301	2444950766	4326.2304	2941.0	119621	362698.5263	248414.0	1192140	227903.0	335330.5907	0.943	0.9253	938.0	2529	2.6655	126	0.0187	3551	0.5268	6.6508	288	0.0427	1707	0.2532	4746	0.704	0	0.0
Megalonotus_praetextatus	17612	2310941514	5559971695	5897.1749	3407.0	227680	315692.238	194045.5	1198741	151283.5	266328.8235	0.933	0.9103	938.0	5154	3.4172	583	0.0331	7060	0.4009	7.6211	1401	0.0795	5618	0.319	10575	0.6004	18	0.001
Megamerina_dolium	16763	500486939	7336235530	3289.4976	2982.0	28606	437644.5463	364684.0	1195091	289560.0	387099.7106	0.959	0.9489	956.0	1367	12.2626	38	0.0023	9637	0.5749	33.4934	287	0.0171	3928	0.2343	12534	0.7477	14	0.0008
Meganola_albula	1797	405058096	865122854	3889.3517	3395.0	9301	481426.1848	456547.0	1183885	377193.0	431396.7301	0.987	0.972	982.0	652	2.7561	3	0.0017	1187	0.6605	4.4364	78	0.0434	339	0.1886	1376	0.7657	4	0.0022
Megatoma_undata	3321	358769815	1374332575	4924.5881	3037.0	133835	413830.947	341262.0	1196145	307467.0	385615.0684	0.938	0.9221	944.0	868	3.826	7	0.0021	1993	0.6001	9.2566	73	0.022	824	0.2481	2424	0.7299	0	0.0
Melampyrum_pratense	643057	6916151839	268200548789	4240.1117	3622.0	382759	417071.1909	314350.0	1199636	282723.0	391212.6779	0.906	0.8949	902.0	47522	13.5318	2404	0.0037	361044	0.5614	92.979	3019	0.0047	139460	0.2169	500535	0.7784	43	0.0001
Melampyrum_sylvaticum	458535	4363582463	188775832548	4645.8469	4058.0	300121	411693.3986	304912.0	1199716	280630.0	390046.3113	0.915	0.9041	912.0	27809	16.4887	701	0.0015	256557	0.5595	105.0822	2211	0.0048	99085	0.2161	357215	0.779	24	0.0001
Melanargia_galathea	7440	605689531	4023110556	2601.9419	2170.0	48437	540740.6661	573223.0	1194784	453355.5	477854.9887	0.981	0.9484	964.0	2284	3.2574	133	0.0179	5345	0.7184	12.2835	133	0.0179	1110	0.1492	6189	0.8319	8	0.0011
Melanchra_persicariae	5797	647225521	2706355484	3044.6667	2833.0	28276	466854.4909	435640.0	1195265	389567.0	439375.1823	0.935	0.9202	930.0	1667	3.4775	1	0.0002	3814	0.6579	8.9567	136	0.0235	1058	0.1825	4600	0.7935	3	0.0005
Melangyna_compositarum	6115	934579013	2313816387	3217.6469	2553.0	39933	378383.7101	263892.0	1177577	241892.0	351403.4025	0.942	0.9288	946.0	3317	1.8435	206	0.0337	3266	0.5341	6.5431	337	0.0551	1622	0.2652	4150	0.6787	6	0.001
Melangyna_quadrimaculata	21447	942503500	9029299324	3099.1792	2683.0	104642	421005.2373	360365.0	1190919	332254.0	400179.9754	0.945	0.9306	948.0	3505	6.119	130	0.0061	12961	0.6043	22.7554	783	0.0365	5018	0.234	15625	0.7285	21	0.001
Melanomya_nana	15087	1388545183	6263455706	2962.2203	2679.0	42844	415155.81	358852.0	1196277	311059.0	385877.8891	0.959	0.9379	958.0	5270	2.8628	191	0.0127	8890	0.5892	10.8653	1157	0.0767	3452	0.2288	10461	0.6934	17	0.0011
Melanophora_roralis	12269	559471336	4831549000	3295.5435	2693.0	153527	393801.3693	238392.0	1192761	223552.0	357313.0671	0.908	0.9072	910.0	1622	7.5641	16	0.0013	6203	0.5056	21.9296	335	0.0273	3164	0.2579	8767	0.7146	3	0.0002
Melanostoma_mellinum	16399	728903180	7061719591	3607.1301	3040.0	129725	430618.9152	368955.0	1198573	342706.0	412254.0554	0.942	0.935	940.0	2922	5.6123	94	0.0057	10109	0.6164	22.4982	351	0.0214	3563	0.2173	12475	0.7607	10	0.0006
Melanostoma_scalare	15825	732860610	6756159961	3304.2849	2869.0	64607	426929.5394	359952.0	1192552	335881.0	409008.739	0.945	0.9351	946.0	3014	5.2505	170	0.0107	9762	0.6169	21.5935	458	0.0289	3404	0.2151	11947	0.7549	16	0.001
Melanotus_villosus	7512	798277831	2240465803	5393.5092	4085.0	80438	298251.5712	190618.5	1195051	143153.0	245836.1341	0.92	0.919	944.0	1099	6.8353	34	0.0045	2633	0.3505	9.4103	322	0.0429	2571	0.3423	4612	0.614	7	0.0009
Melanthia_procellata	1652	246863899	683843590	7626.2318	4044.0	119996	413948.9044	273922.5	1194682	227968.5	354067.385	0.989	0.9687	974.0	170	9.7176	1	0.0006	879	0.5321	6.6919	40	0.0242	425	0.2573	1187	0.7185	0	0.0
Melica_uniflora	188657	2215865523	73166146822	3979.0921	3387.0	110263	387826.3029	239569.0	1199860	228230.0	369300.5519	0.901	0.894	908.0	15606	12.0887	11	0.0001	96790	0.513	85.1392	794	0.0042	45159	0.2394	142700	0.7564	4	0.0
Melieria_crassipennis	2879	406089766	1163119497	3637.1459	3072.0	15026	404001.2147	307085.0	1183842	279778.0	379650.4477	0.943	0.9335	940.0	705	4.0837	1	0.0003	1630	0.5662	7.0896	45	0.0156	665	0.231	2168	0.753	1	0.0003
Melieria_omissa	11322	479335459	4814535561	3555.1299	3133.5	45853	425237.1985	339315.0	1191703	307803.5	398830.4394	0.939	0.931	940.0	1121	10.0999	10	0.0009	6681	0.5901	23.6202	93	0.0082	2413	0.2131	8816	0.7787	0	0.0
Melieria_picta	4797	417852291	2149656960	3888.4634	3323.0	71807	448125.2783	382783.0	1193535	348742.0	425908.0782	0.945	0.9357	944.0	645	7.4372	1	0.0002	3034	0.6325	11.4801	30	0.0063	953	0.1987	3814	0.7951	0	0.0
Melilotus_altissimus	79682	1229970087	34178688582	4748.3631	3767.0	141488	428938.6384	351884.0	1198985	319087.5	403867.3991	0.894	0.8893	890.0	7485	10.6456	201	0.0025	47537	0.5966	64.7837	352	0.0044	16580	0.2081	62747	0.7875	3	0.0
Melinna_palmata	42189	2263477295	18092034028	4536.1894	3582.0	72018	428832.9666	363582.0	1199503	321972.0	398085.8774	0.892	0.8759	876.0	10650	3.9614	86	0.002	25541	0.6054	18.639	716	0.017	9697	0.2298	31748	0.7525	28	0.0007
Melinopterus_prodromus	7736	608148996	2475542040	4169.2915	3012.0	126543	320002.849	190642.0	1187172	164479.5	284889.3148	0.944	0.9213	948.0	2153	3.5931	100	0.0129	3282	0.4243	12.7206	523	0.0676	2331	0.3013	4873	0.6299	9	0.0012
Meliscaeva_auricollis	1912	381519898	562131351	4636.9142	3281.5	107775	294001.7526	187123.0	1195492	156053.0	255182.1548	0.94	0.909	942.0	375	5.0987	16	0.0084	707	0.3698	5.0115	88	0.046	597	0.3122	1223	0.6396	4	0.0021
Meliscaeva_cinctella	11535	749300008	4715291956	3319.5495	2846.0	22182	408781.2706	336094.0	1194863	313339.0	389747.3936	0.933	0.9246	940.0	3029	3.8082	385	0.0334	6766	0.5866	15.3944	834	0.0723	2600	0.2254	8058	0.6986	43	0.0037
Melitaea_athalia	4186	609485210	1921906568	3431.5958	2916.0	33646	459127.226	436242.0	1183456	350758.0	406472.4943	0.943	0.9292	934.0	1607	2.6049	30	0.0072	2651	0.6333	6.8681	136	0.0325	872	0.2083	3177	0.759	1	0.0002
Melitaea_cinxia	1246	499397863	568442040	3015.3941	2548.5	46207	456213.5152	432736.0	1166552	329312.5	399443.9133	0.941	0.9171	928.0	767	1.6245	5	0.004	763	0.6124	2.495	72	0.0578	269	0.2159	903	0.7247	2	0.0016
Melitta_haemorrhoidalis	63591	1158078086	14165256737	4421.6329	3607.0	268939	222755.6846	153601.0	1199011	120739.0	187803.2584	0.845	0.8567	850.0	8583	7.4089	12	0.0002	15834	0.249	54.9108	248	0.0039	27018	0.4249	36324	0.5712	1	0.0
Melittis_melissophyllum	22640	428099266	8291533874	3981.7924	3530.0	124747	366233.8284	222669.5	1194947	210875.0	343176.5451	0.907	0.9004	904.0	2229	10.157	4	0.0002	11193	0.4944	52.8849	263	0.0116	6194	0.2736	16177	0.7145	6	0.0003
Mellicta_athalia	4186	609485210	1921906568	3431.5958	2916.0	33646	459127.226	436242.0	1183456	350758.0	406472.4943	0.943	0.9292	934.0	1607	2.6049	30	0.0072	2651	0.6333	6.8681	136	0.0325	872	0.2083	3177	0.759	1	0.0002
Melolontha_melolontha	29557	1654859842	14509552163	2585.2039	2259.0	52133	490900.7059	483524.0	1198619	436955.0	463536.5728	0.949	0.9346	944.0	8769	3.3706	69	0.0023	20856	0.7056	17.8607	956	0.0323	4161	0.1408	24383	0.8249	57	0.0019
Membranipora_membranacea	3307	339222055	1091738553	3718.547	2944.0	36915	330129.5897	224609.0	1188491	213125.0	313477.2474	0.926	0.9079	924.0	1055	3.1346	10	0.003	1676	0.5068	9.7488	50	0.0151	957	0.2894	2300	0.6955	0	0.0
Menophra_abruptaria	2748	425252018	1521910501	3015.3719	2494.0	29394	553824.782	588236.5	1195878	475819.0	477622.3974	0.935	0.9177	900.0	865	3.1769	2	0.0007	1995	0.726	6.4621	69	0.0251	391	0.1423	2288	0.8326	0	0.0
Mentha_aquatica	31239	1280155936	13994868109	4704.963	3622.0	268015	447993.4732	388884.0	1199436	358509.0	423975.6377	0.885	0.8827	892.0	5332	5.8588	19	0.0006	20097	0.6433	24.4025	303	0.0097	5803	0.1858	25130	0.8044	3	0.0001
Mercurialis_annua	25889	448601008	8994835209	4776.0881	3606.0	77427	347438.4955	205461.0	1196736	152350.0	258339.6368	0.779	0.7999	760.0	1668	15.521	102	0.0039	8127	0.3139	57.7105	198	0.0076	8218	0.3174	17473	0.6749	0	0.0
Mergellus_albellus	16994	1251865893	4439519494	6072.406	4072.0	121292	261240.408	161480.0	1194359	143005.5	228784.2387	0.976	0.953	964.0	1580	10.7557	17	0.001	5560	0.3272	13.5749	193	0.0114	6140	0.3613	10661	0.6273	0	0.0
Mergus_serrator	17401	1280241981	4345935542	6938.2326	4307.0	160768	249752.0569	155833.0	1194750	135031.0	219110.2934	0.978	0.9596	970.0	1384	12.573	19	0.0011	5057	0.2906	13.592	128	0.0074	6643	0.3818	10630	0.6109	0	0.0
Merodon_equestris	25688	831790207	11494741180	3447.493	2642.0	227104	447475.1316	393472.0	1196071	355779.0	421833.6199	0.943	0.9317	946.0	2479	10.3622	70	0.0027	16530	0.6435	30.8828	264	0.0103	4794	0.1866	20630	0.8031	0	0.0
Meromyza_pratorum	8840	743114000	3384009753	3459.3872	2766.0	66484	382806.5331	257991.0	1197771	231122.0	343899.0436	0.955	0.9303	958.0	3397	2.6023	94	0.0106	4699	0.5316	11.8959	230	0.026	2617	0.296	5992	0.6778	1	0.0001
Merrifieldia_baliodactyla	1611	297769895	717944361	5691.3495	2416.0	73246	445651.3724	386397.0	1175366	324484.0	402063.1664	0.97	0.9564	972.0	516	3.1221	2	0.0012	1007	0.6251	5.4102	50	0.031	366	0.2272	1193	0.7405	2	0.0012
Merrifieldia_leucodactyla	2640	413684625	1041025460	4338.0129	2806.5	48515	394327.8258	278582.0	1184497	236505.5	348912.8871	0.97	0.9391	958.0	1181	2.2354	10	0.0038	1405	0.5322	6.3817	195	0.0739	639	0.242	1803	0.683	3	0.0011
Merzomyia_westermanni	14571	985781301	5547213230	3543.1996	2811.0	65678	380702.3011	239227.0	1199920	220081.0	346883.8308	0.94	0.9191	948.0	3795	3.8395	58	0.004	7487	0.5138	14.7812	518	0.0356	4049	0.2779	10001	0.6864	3	0.0002
Mesapamea_secalis	8938	994812818	4173505920	3387.6923	2522.0	172901	466939.5748	436357.0	1189145	361330.5	421705.2413	0.962	0.9462	952.0	4095	2.1827	5	0.0006	5732	0.6413	8.9846	332	0.0371	1730	0.1936	6869	0.7685	7	0.0008
Mesoleptidea_cingulata	8138	422229286	3101985833	5042.0813	3311.0	91548	381172.995	255907.5	1193287	231370.0	350049.3949	0.966	0.9496	962.0	1556	5.2301	136	0.0167	4308	0.5294	19.2739	380	0.0467	2021	0.2483	5729	0.704	8	0.001
Mesoligia_furuncula	6031	886913880	3020125583	2893.1389	2497.0	27159	500766.9678	510086.0	1187592	413629.0	448504.0051	0.953	0.9328	942.0	2792	2.1601	80	0.0133	4167	0.6909	6.8	204	0.0338	998	0.1655	4822	0.7995	7	0.0012
Mesoligia_literosa	5482	740258200	2347498726	4123.9683	3026.0	478335	428219.3955	348562.0	1193605	301487.5	392112.392	0.977	0.9602	976.0	1653	3.3164	17	0.0031	3175	0.5792	7.4055	141	0.0257	1235	0.2253	4104	0.7486	2	0.0004
Mesoplodon_mirus	145963	3000271700	69029153493	4635.1319	3579.0	282083	472922.2713	427816.0	1199321	335450.0	416856.9668	0.893	0.8941	872.0	1480	98.6236	4	0.0	88557	0.6067	48.6499	241	0.0017	27442	0.188	118280	0.8103	0	0.0
Mesopsocus_fuscifrons	486	184144867	221718620	3614.4959	2761.0	34169	456211.1523	441325.0	1166715	346095.5	397821.57	0.954	0.9334	951.0	291	1.6701	1	0.0021	304	0.6255	2.6392	8	0.0165	114	0.2346	364	0.749	0	0.0
Mesoptychia_rutheana	69791	833105070	26285869275	4055.0265	3621.0	132277	376636.9485	222245.0	1199016	212254.0	355163.869	0.878	0.879	876.0	5162	13.5201	2	0.0	34427	0.4933	83.7721	281	0.004	17950	0.2572	51560	0.7388	0	0.0
Meta_bourneti	11826	1364176324	4277428149	5400.722	3755.0	145938	361696.9515	219106.5	1197431	200482.5	318323.7785	0.971	0.9498	954.0	3440	3.4378	33	0.0028	5880	0.4972	8.669	909	0.0769	2805	0.2372	8106	0.6854	6	0.0005
Metalampra_italica	1757	319369997	714051717	4065.4684	3268.0	98072	406403.9368	229504.0	1196351	210011.0	353198.0581	0.886	0.8873	910.0	280	6.275	0	0.0	855	0.4866	5.5015	24	0.0137	493	0.2806	1240	0.7057	0	0.0
Metellina_segmentata	8717	1656696726	3431002921	4015.3157	3156.0	73745	393599.0502	291768.0	1198770	255642.0	359388.2494	0.927	0.9203	924.0	3262	2.6723	49	0.0056	4936	0.5662	5.2617	380	0.0436	1742	0.1998	6591	0.7561	4	0.0005
Meteorus_filator	815	134235125	226426682	8010.0613	5670.0	32195	277824.1497	194126.0	1162512	166121.0	245953.8896	0.992	0.9545	986.0	119	6.8487	3	0.0037	330	0.4049	6.0714	16	0.0196	277	0.3399	522	0.6405	0	0.0
Meteorus_ictericus	781	137675204	225639548	5685.0128	3292.0	43951	288911.073	187766.0	1175730	168345.0	261871.0986	0.951	0.9369	954.0	195	4.0051	6	0.0077	318	0.4072	5.6728	43	0.0551	230	0.2945	508	0.6504	0	0.0
Meteorus_pendulus	3430	142614472	868523789	4726.0058	3705.0	48324	253213.9327	149964.0	1180511	111002.5	222602.3883	0.938	0.9201	936.0	155	22.129	51	0.0149	1054	0.3073	24.0509	84	0.0245	1518	0.4426	1828	0.5329	0	0.0
Meteorus_rubens	1935	140739014	731027200	3477.0553	2177.0	56583	377791.8346	245572.0	1186403	230307.0	351151.7297	0.99	0.9668	990.0	268	7.2201	2	0.001	1017	0.5256	13.7489	33	0.0171	525	0.2713	1377	0.7116	0	0.0
Metoecus_paradoxus	2667	97010543	975403347	5265.6494	4255.0	47822	365730.5388	221289.0	1185453	199348.0	318761.1879	0.943	0.9398	952.0	88	30.3068	1	0.0004	1208	0.4529	27.4919	22	0.0082	660	0.2475	1985	0.7443	0	0.0
Metopia_argyrocephala	5392	625511858	2329676536	2982.5606	2755.0	30072	432061.6721	387760.5	1192577	338906.5	400297.2092	0.938	0.9257	938.0	1056	5.1061	118	0.0219	3282	0.6087	8.6201	195	0.0362	1185	0.2198	4012	0.7441	0	0.0
Metridium_senile	1939	383596719	512127811	4151.6199	2707.0	57982	264119.5518	143690.0	1186453	120176.0	236837.2857	0.924	0.9003	936.0	907	2.1378	26	0.0134	718	0.3703	5.0548	149	0.0768	742	0.3827	1047	0.54	1	0.0005
Metriotes_lutarea	2570	508057376	831541407	5213.1191	3275.0	72378	323556.9677	174630.0	1187103	158068.5	295692.6934	0.993	0.9777	992.0	843	3.0486	19	0.0074	1147	0.4463	5.0585	214	0.0833	838	0.3261	1517	0.5903	1	0.0004
Metschnikowia_zobellii	2	5472611	879350	2818.5	2818.5	3302	439675.0	439675.0	515214	434506.5	434506.5	0.8505	0.8505	870.0	2	1.0	0	0.0	2	1.0	0.3655	0	0.0	0	0.0	2	1.0	0	0.0
Metzneria_aprilella	21453	699733835	9051931896	4660.5479	3413.0	182757	421942.4741	295306.0	1199441	245397.0	370801.0612	0.965	0.9506	958.0	2661	8.062	57	0.0027	11508	0.5364	30.6588	431	0.0201	4739	0.2209	16281	0.7589	2	0.0001
Metzneria_lappella	3051	481503616	1394960924	3252.0534	2712.0	30397	457214.331	414387.0	1196150	370302.0	425672.3104	0.943	0.9301	938.0	1025	2.9766	4	0.0013	1978	0.6483	6.3364	137	0.0449	589	0.1931	2324	0.7617	1	0.0003
Metzneria_neuropterella	3733	526973121	1668212131	2965.0179	2562.0	69543	446882.4353	428592.0	1190609	352099.0	397666.1197	0.95	0.9277	954.0	1693	2.205	22	0.0059	2339	0.6266	7.0839	257	0.0688	770	0.2063	2703	0.7241	3	0.0008
Microcara_testacea	13680	656490773	5243631873	8958.7421	4971.0	163759	383306.4235	223563.5	1199231	173197.0	298630.8011	0.967	0.949	970.0	710	19.2676	11	0.0008	5599	0.4093	20.8381	160	0.0117	3563	0.2605	9955	0.7277	2	0.0001
Microchirus_variegatus	2674	692632984	1198302461	4230.046	3153.0	39784	448131.0625	419135.0	1186007	349123.0	406946.1122	0.892	0.8597	894.0	524	5.1031	7	0.0026	1701	0.6361	3.8606	73	0.0273	537	0.2008	2064	0.7719	0	0.0
Microchrysa_polita	11606	842593783	5403295533	3145.172	2638.0	97705	465560.5319	434524.5	1194067	385675.5	435830.6448	0.953	0.9362	956.0	2795	4.1524	21	0.0018	7560	0.6514	13.7741	331	0.0285	1983	0.1709	9291	0.8005	1	0.0001
Microdon_myrmicae	37921	1363520782	16946002681	2942.081	2687.0	96188	446876.4716	385365.0	1197233	325314.0	409031.181	0.929	0.9187	920.0	8360	4.536	6	0.0002	22539	0.5944	27.8111	367	0.0097	7864	0.2074	29687	0.7829	3	0.0001
Microlinyphia_pusilla	12178	1058541459	4548876670	3766.9075	3037.0	40081	373532.3263	248772.5	1196942	230706.0	347744.1855	0.924	0.918	928.0	3741	3.2553	402	0.033	6393	0.525	11.5045	557	0.0457	3209	0.2635	8390	0.6889	22	0.0018
Microlophium_carnosum	6947	456043259	2622093053	5148.0422	3444.0	109394	377442.5008	278779.0	1198578	257311.0	349205.7907	0.963	0.9327	952.0	960	7.2365	26	0.0037	3825	0.5506	15.2332	127	0.0183	1867	0.2687	4952	0.7128	1	0.0001
Micromesistius_poutassou	2857	464124563	1042090481	6087.7179	3398.0	161806	364749.9058	221244.0	1195697	184629.0	303345.2559	0.937	0.9091	942.0	415	6.8843	2	0.0007	1267	0.4435	6.1557	18	0.0063	820	0.287	2019	0.7067	0	0.0
Micromys_minutus	61020	2396363257	25179133266	4128.0644	3806.0	174299	412637.3855	291873.0	1199304	255386.0	371537.8992	0.899	0.8896	882.0	1309	46.6157	1	0.0	33355	0.5466	25.4636	160	0.0026	14034	0.23	46826	0.7674	0	0.0
Microphor_holosericeus	7156	1251663501	2544613693	3327.8392	2555.0	112071	355591.6284	227703.0	1183101	210629.5	332045.4776	0.935	0.9157	940.0	4066	1.76	87	0.0122	3587	0.5013	5.7172	412	0.0576	2325	0.3249	4416	0.6171	3	0.0004
Microplitis_deprimator	2227	231012565	782087258	3991.1181	3193.0	34062	351184.22	219186.0	1171285	199299.0	317411.4005	0.961	0.9475	964.0	638	3.4906	20	0.009	1109	0.498	9.6402	45	0.0202	647	0.2905	1535	0.6893	0	0.0
Micropterix_aruncella	7722	1041189799	3219117657	3161.2436	2624.0	45202	416876.1535	322865.5	1194322	283433.5	382602.3595	0.975	0.9508	976.0	2724	2.8348	115	0.0149	4416	0.5719	7.4165	331	0.0429	1911	0.2475	5465	0.7077	15	0.0019
Microrhagus_pygmaeus	3244	299437329	1066332786	4625.5808	3170.5	285338	328709.2435	198505.0	1188318	180528.5	303365.119	0.943	0.9296	964.0	780	4.159	21	0.0065	1367	0.4214	10.8337	198	0.061	876	0.27	2168	0.6683	2	0.0006
Microstomus_kitt	4892	652230749	1279637126	4280.971	3319.5	49455	261577.4992	177661.0	1177157	144074.5	229319.076	0.939	0.9219	958.0	742	6.593	1	0.0002	1625	0.3322	7.5004	37	0.0076	1746	0.3569	3109	0.6355	0	0.0
Microtus_agrestis	117864	2944106180	35188084014	6340.5992	4227.0	274017	298548.1913	181854.0	1198775	161677.5	258413.5154	0.916	0.9101	904.0	4312	27.334	29	0.0002	36500	0.3097	40.0339	176	0.0015	35556	0.3017	82131	0.6968	1	0.0
Miltochrista_miniata	14235	1051344226	6405879908	3352.4798	2687.0	99262	450009.126	404949.0	1197648	343170.0	410151.0286	0.955	0.9319	950.0	5541	2.569	101	0.0071	8804	0.6185	13.5398	470	0.033	2815	0.1978	10943	0.7687	7	0.0005
Mimachlamys_varia	3699	973350612	1240700150	3609.4285	2741.0	47009	335415.0176	211227.0	1190818	197127.0	307302.1833	0.906	0.8889	918.0	1517	2.4384	49	0.0132	1809	0.4891	3.8003	84	0.0227	1248	0.3374	2366	0.6396	1	0.0003
Mimas_tiliae	540	477965817	210249566	3719.7407	3046.0	12476	389351.0481	281465.5	1190655	247926.5	337887.8463	0.9615	0.9392	947.0	273	1.978	0	0.0	285	0.5278	1.1298	37	0.0685	153	0.2833	350	0.6481	0	0.0
Mimulus_peregrinus	28376	860830437	11064268546	5708.6666	3685.0	120323	389916.4275	240552.0	1198377	217855.0	346270.784	0.939	0.9252	930.0	3038	9.3404	12	0.0004	14462	0.5097	32.9635	256	0.009	7066	0.249	21053	0.7419	1	0.0
Mimumesa_dahlbomi	5933	277113192	2383212048	4857.8854	3349.0	50628	401687.5186	293202.0	1188404	265042.0	373182.7355	0.959	0.9384	956.0	532	11.1523	85	0.0143	3397	0.5726	21.41	85	0.0143	1530	0.2579	4318	0.7278	0	0.0
Minettia_fasciata	3007	682416350	784230067	4219.724	2927.0	67815	260801.4855	147661.0	1181893	115434.0	230619.3688	0.922	0.911	934.0	719	4.1822	37	0.0123	1013	0.3369	4.4064	242	0.0805	1168	0.3884	1594	0.5301	3	0.001
Miniopterus_schreibersii	12340	1812453592	5282984676	4143.936	2546.0	302156	428118.6934	355056.5	1194623	311459.0	395932.8743	0.876	0.8727	862.0	1349	9.1475	2	0.0002	7304	0.5919	6.8085	28	0.0023	2584	0.2094	9728	0.7883	0	0.0
Mirificarma_mulinella	9220	655999122	4628103073	3148.1014	2531.5	18747	501963.4569	514300.5	1197589	410033.0	448310.2804	0.974	0.9587	966.0	2935	3.1414	23	0.0025	6304	0.6837	14.0549	285	0.0309	1549	0.168	7381	0.8005	5	0.0005
Miris_striatus	5482	1179542969	2249262396	3300.3267	2812.5	26695	410299.598	340840.0	1197745	275411.0	364966.2158	0.924	0.9017	906.0	1738	3.1542	15	0.0027	3086	0.5629	4.6476	391	0.0713	1334	0.2433	3754	0.6848	3	0.0005
Misopates_orontium	8383	359963188	3736109791	4321.4726	3429.0	64839	445676.9404	373442.0	1197968	340888.0	424673.9443	0.904	0.8982	904.0	1261	6.6479	24	0.0029	5372	0.6408	23.2885	68	0.0081	1635	0.195	6680	0.7969	0	0.0
Moehringia_trinervia	61822	1230452568	27641397397	4145.9988	3054.0	201067	447112.6362	394096.0	1197564	363068.5	424475.0513	0.867	0.8656	880.0	8557	7.2247	45	0.0007	39073	0.632	50.2433	368	0.006	11801	0.1909	49639	0.8029	14	0.0002
Molanna_angustata	11919	990264843	5724088262	3027.2475	2739.0	47549	480249.0362	475614.0	1191398	412426.0	445819.8008	0.961	0.9344	960.0	3247	3.6708	30	0.0025	7999	0.6711	12.0362	485	0.0407	2055	0.1724	9373	0.7864	6	0.0005
Mompha_epilobiella	660	315803289	171974796	3657.7864	2863.0	19149	260567.8727	127504.0	1161954	117347.0	244781.2712	0.961	0.9465	964.0	258	2.5581	1	0.0015	241	0.3652	2.0899	24	0.0364	281	0.4258	354	0.5364	1	0.0015
Mompha_miscella	3048	477734136	1240728144	3010.8773	2572.5	30014	407063.0394	306534.5	1187820	276104.5	375369.8015	0.958	0.9345	964.0	2075	1.4689	39	0.0128	1711	0.5614	6.3801	59	0.0194	829	0.272	2160	0.7087	0	0.0
Mompha_subbistrigella	1029	337152726	504868400	2900.6453	2653.0	12593	490639.8445	472345.0	1198235	412872.0	450802.2731	0.953	0.941	954.0	424	2.4269	0	0.0	715	0.6948	3.052	16	0.0155	179	0.174	834	0.8105	0	0.0
Monacha_cantiana	17928	2009914715	7107671897	4017.9342	3077.5	62056	396456.4869	266562.0	1189464	234072.5	354229.5303	0.943	0.9274	938.0	5483	3.2697	29	0.0016	9484	0.529	8.9198	473	0.0264	4610	0.2571	12839	0.7161	6	0.0003
Monochroa_lutulentella	9871	591091505	4455917707	3204.6241	2728.0	33208	451415.0245	414700.0	1193813	363683.0	419999.8866	0.944	0.9325	948.0	2976	3.3169	36	0.0036	6244	0.6326	16.6996	352	0.0357	2081	0.2108	7437	0.7534	1	0.0001
Monochroa_tenebrella	4688	435437002	2356608127	2707.5834	2192.5	13965	502689.4469	513208.0	1188242	438459.5	463026.4674	0.948	0.9415	938.0	1041	4.5034	11	0.0023	3284	0.7005	10.7662	90	0.0192	779	0.1662	3819	0.8146	0	0.0
Mononychus_punctumalbum	8394	383295129	3071857689	4316.8592	3053.5	156306	365958.743	238094.5	1194473	215920.5	335236.054	0.93	0.9289	936.0	1354	6.1994	32	0.0038	4270	0.5087	21.8996	232	0.0276	2207	0.2629	5955	0.7094	0	0.0
Monopis_laevigella	4972	632145087	1624617333	3939.2416	3031.0	27615	326753.285	183351.5	1187026	164702.0	285779.0913	0.945	0.9275	950.0	1736	2.8641	26	0.0052	2130	0.4284	7.8653	465	0.0935	1486	0.2989	3013	0.606	8	0.0016
Monopis_weaverella	4023	536846762	1674193436	3194.6239	2731.0	18999	416155.4651	353090.0	1192056	300503.0	383672.5426	0.969	0.9513	970.0	1611	2.4972	19	0.0047	2287	0.5685	7.4938	202	0.0502	1159	0.2881	2662	0.6617	0	0.0
Monostegia_abdominalis	1312	179893254	383449024	5997.1296	4231.5	79394	292262.9756	198007.0	1174483	151675.5	246509.1128	0.891	0.8756	908.0	232	5.6552	3	0.0023	472	0.3598	7.2932	9	0.0069	448	0.3415	854	0.6509	1	0.0008
Monotoma_picipes	1910	137499436	495077898	7016.1304	5537.5	27862	259203.088	166564.0	1175184	137444.0	216513.7471	0.972	0.9503	956.0	233	8.1974	0	0.0	604	0.3162	13.891	39	0.0204	707	0.3702	1164	0.6094	0	0.0
Mormo_maura	980	503521066	320152863	4374.7541	2679.0	143534	326686.5949	197184.0	1171963	181720.5	304221.7602	0.9625	0.9444	958.0	327	2.9969	0	0.0	450	0.4592	1.9463	22	0.0224	318	0.3245	640	0.6531	0	0.0
Mortierella_fluviae	520	52882120	85281195	4928.7904	4361.0	27577	164002.2981	99034.0	1017694	85038.0	148340.0462	0.8885	0.9027	893.0	112	4.6429	0	0.0	123	0.2365	9.8332	18	0.0346	266	0.5115	236	0.4538	0	0.0
Motacilla_cinerea	18395	1236067440	5815908919	6457.8187	4299.0	337127	316167.9217	176839.0	1197997	160025.0	271974.0875	0.924	0.9129	930.0	702	26.2037	12	0.0007	6912	0.3758	14.8819	68	0.0037	6172	0.3355	12155	0.6608	0	0.0
Motacilla_flava	17170	1217442981	5150168366	6799.3745	4222.0	282858	299951.5647	174327.5	1197636	155310.5	258903.9499	0.923	0.9125	926.0	617	27.8282	12	0.0007	5983	0.3485	14.1033	115	0.0067	5626	0.3277	11429	0.6656	0	0.0
Mucor_piriformis	350	34828372	117529560	3933.8457	3505.0	12259	335798.7429	223655.0	1157724	213785.0	321193.0771	0.992	0.9699	992.0	137	2.5547	0	0.0	175	0.5	10.0493	13	0.0371	126	0.36	211	0.6029	0	0.0
Mullus_surmuletus	4056	566241197	1355091823	6836.5671	4066.0	65850	334095.6171	217997.5	1185291	189003.5	281606.8499	0.945	0.924	914.0	265	15.3057	16	0.0039	1868	0.4606	7.163	17	0.0042	1168	0.288	2871	0.7078	0	0.0
Muntiacus_reevesi	35279	2641342139	15845199888	3628.2775	2506.0	150296	449139.7117	384680.0	1197701	287614.0	390434.5199	0.88	0.8829	860.0	2903	12.1526	6	0.0002	20353	0.5769	13.3565	120	0.0034	7465	0.2116	27694	0.785	0	0.0
Mus_musculus	104758	2698552332	43946833071	4484.2081	4330.0	139815	419508.1337	313853.5	1199111	269427.5	381985.5068	0.929	0.9266	916.0	1998	52.4314	7	0.0001	58155	0.5551	38.8201	278	0.0027	23641	0.2257	80838	0.7717	1	0.0
Muscardinus_avellanarius	65641	2493865980	36298990112	2869.8812	2673.0	178580	552992.6435	597240.0	1198076	411814.0	457600.5248	0.936	0.9292	862.0	2396	27.3961	2	0.0	45061	0.6865	26.321	170	0.0026	10366	0.1579	55105	0.8395	0	0.0
Muscicapa_striata	47956	1497416982	15050528800	5872.2111	4627.0	223105	313840.3703	181523.5	1199607	162904.5	279295.8208	0.94	0.927	934.0	1831	26.1912	20	0.0004	18594	0.3877	32.0258	150	0.0031	15725	0.3279	32081	0.669	0	0.0
Muscina_levida	10075	788456643	4542014033	2693.7714	2434.0	44805	450820.2514	410013.0	1190555	324747.0	400800.0046	0.917	0.8964	898.0	2621	3.844	130	0.0129	6095	0.605	12.7781	283	0.0281	2249	0.2232	7540	0.7484	3	0.0003
Musotima_nitidalis	2017	555002230	929491202	3686.7526	2955.0	53844	460828.5583	448162.0	1184162	356791.0	408134.4774	0.985	0.9607	984.0	843	2.3926	1	0.0005	1271	0.6301	3.6342	77	0.0382	396	0.1963	1544	0.7655	0	0.0
Mustela_erminea	65505	2864801626	26086586846	7951.6509	4370.0	311220	398238.1016	239898.0	1199851	211752.0	337320.0426	0.943	0.9261	906.0	2778	23.5799	36	0.0005	33181	0.5065	22.8655	822	0.0125	16566	0.2529	48116	0.7345	1	0.0
Mustela_nivalis	122441	3245590129	35009002588	6595.8213	3956.0	199930	285925.4873	167505.0	1199705	140829.0	241885.0126	0.924	0.9034	898.0	4546	26.9338	82	0.0007	37309	0.3047	37.7253	535	0.0044	44460	0.3631	77442	0.6325	4	0.0
Mustelus_asterias	55230	3441808751	24459788743	3586.8483	2732.0	234847	442871.4239	337291.0	1199797	260713.0	378524.7441	0.936	0.9143	892.0	12542	4.4036	56	0.001	30563	0.5534	16.0468	369	0.0067	12651	0.2291	42209	0.7642	1	0.0
Myathropa_florea	4574	461959810	1859042098	3807.9893	2749.5	51208	406436.8382	310713.5	1199515	269736.0	377272.5739	0.945	0.9316	944.0	793	5.768	19	0.0042	2631	0.5752	9.9013	41	0.009	1034	0.2261	3499	0.765	0	0.0
Mycena_galericulata	1463	99772317	373168153	7991.3411	5442.0	27199	255070.5079	152529.0	1161942	115062.0	212389.3083	0.964	0.9326	912.0	495	2.9556	0	0.0	441	0.3014	14.6634	22	0.015	644	0.4402	797	0.5448	0	0.0
Mycetophagus_atomarius	4076	139134304	1085084424	6241.9877	4196.0	150862	266213.0579	193648.5	1187924	135012.5	203823.2137	0.919	0.9199	932.0	194	21.0103	5	0.0012	1139	0.2794	29.2954	45	0.011	1538	0.3773	2493	0.6116	0	0.0
Mycetophagus_piceus	7573	163588220	2042487625	5336.786	3800.0	191755	269706.5397	193495.0	1193679	126033.0	189857.6082	0.924	0.9244	938.0	241	31.4232	16	0.0021	1611	0.2127	46.2931	64	0.0085	2852	0.3766	4657	0.6149	0	0.0
Mycetophagus_quadripustulatus	797	118782585	249086756	5292.8507	3228.0	44156	312530.4341	213929.0	1126318	198086.0	292653.4166	0.949	0.9236	940.0	173	4.6069	1	0.0013	380	0.4768	6.7097	21	0.0263	209	0.2622	567	0.7114	0	0.0
Mycetophila_formosa	2901	179696813	834473014	9468.8259	8855.0	45029	287650.1255	179854.0	1170843	140904.0	239197.081	0.989	0.9611	986.0	186	15.5968	5	0.0017	918	0.3164	16.1439	21	0.0072	1035	0.3568	1845	0.636	0	0.0
Mycetophila_fungorum	2520	195473773	637134617	4615.5111	3206.0	41863	252831.1972	160640.5	1164521	135521.0	227366.675	0.964	0.9419	975.0	396	6.3636	5	0.002	870	0.3452	12.8918	72	0.0286	923	0.3663	1524	0.6048	1	0.0004
Myennis_octopunctata	576	303524497	125577668	6686.2656	3993.0	49147	218016.7847	151805.5	1102089	115220.5	181200.8646	0.948	0.9156	960.0	110	5.2364	0	0.0	164	0.2847	1.8977	14	0.0243	250	0.434	311	0.5399	1	0.0017
Myodes_glareolus	45282	2513793130	19032146336	4178.7521	3849.0	203739	420302.6884	330198.0	1194553	299025.0	393767.2516	0.915	0.9093	904.0	2697	16.7898	7	0.0002	26874	0.5935	18.0134	64	0.0014	9123	0.2015	36095	0.7971	0	0.0
Myopa_buccata	6516	317667765	2284376769	3791.7342	3011.0	222148	350579.6146	213832.0	1195692	202882.5	330412.7781	0.913	0.9069	908.0	1120	5.8179	58	0.0089	3232	0.496	20.512	387	0.0594	1906	0.2925	4222	0.6479	1	0.0002
Myopa_tessellatipennis	4362	249243465	1620992532	3748.1554	3094.0	55320	371616.8116	259708.5	1197685	241511.5	348989.0112	0.92	0.9102	922.0	845	5.1621	20	0.0046	2344	0.5374	17.501	186	0.0426	1152	0.2641	3014	0.691	10	0.0023
Myopa_testacea	3023	252925335	975024078	5193.778	3300.0	61528	322535.2557	197891.0	1195962	177364.0	295770.1161	0.944	0.9287	952.0	778	3.8856	5	0.0017	1329	0.4396	11.9521	96	0.0318	912	0.3017	2015	0.6666	0	0.0
Myotis_daubentonii	24150	2143692627	9565724029	4990.6139	3450.5	239969	396096.2331	241468.5	1196732	219971.5	352357.445	0.915	0.9096	898.0	2284	10.5736	3	0.0001	12301	0.5094	11.2656	66	0.0027	5714	0.2366	18370	0.7607	0	0.0
Myotis_emarginatus	21370	2049845786	8951032469	4223.2017	3292.0	145123	418859.7318	310872.5	1199256	261735.5	373221.8409	0.917	0.9095	898.0	2233	9.5701	6	0.0003	11802	0.5523	10.4252	78	0.0036	4852	0.227	16440	0.7693	0	0.0
Myotis_mystacinus	26565	2057297782	11556836542	4030.1854	3389.0	158676	435039.9602	349796.0	1199271	283628.0	389480.2676	0.918	0.9083	892.0	2213	12.0041	2	0.0001	15132	0.5696	12.9126	107	0.004	5681	0.2139	20777	0.7821	0	0.0
Myotis_nattereri	24967	2120228871	10543971675	5413.6785	3491.0	332639	422316.3245	289801.0	1199510	242611.0	375206.1617	0.916	0.9089	894.0	2184	11.4318	19	0.0008	13327	0.5338	11.7756	57	0.0023	5356	0.2145	19554	0.7832	0	0.0
Myrica_gale	6208	643807054	2377009665	5426.66	3018.0	75766	382894.5981	274770.0	1193701	251643.5	358714.6124	0.898	0.8954	914.0	1248	4.9744	0	0.0	3420	0.5509	9.6426	66	0.0106	1483	0.2389	4659	0.7505	0	0.0
Myriophyllum_alterniflorum	9062	241683266	3599924392	6696.2762	4234.0	185020	397254.9539	244301.0	1197899	220836.5	351540.1951	0.92	0.9088	920.0	546	16.5971	4	0.0004	4652	0.5134	37.4954	51	0.0056	1902	0.2099	7109	0.7845	0	0.0
Myriophyllum_aquaticum	14923	746282902	7283316219	4876.2638	3102.0	314653	488059.7882	453347.0	1198383	426140.0	465696.624	0.881	0.8752	882.0	3429	4.352	3	0.0002	10535	0.706	19.9964	73	0.0049	2215	0.1484	12635	0.8467	0	0.0
Myriophyllum_spicatum	11279	790485405	5136415151	7127.2817	3627.0	269072	455396.3251	377744.0	1196898	331123.0	409716.4506	0.868	0.8586	876.0	2394	4.7114	4	0.0004	7044	0.6245	14.2684	53	0.0047	2200	0.1951	9026	0.8002	0	0.0
Myriophyllum_verticillatum	2999	400592419	1152502572	4940.0277	3108.0	131670	384295.6225	252029.0	1192423	236476.0	353688.8399	0.9	0.8921	910.0	959	3.1272	0	0.0	1611	0.5372	7.4864	20	0.0067	752	0.2508	2227	0.7426	0	0.0
Myrrha_octodecimguttata	18026	752786113	4995726071	3975.2323	2908.0	97272	277140.0239	151804.5	1195285	98896.5	237723.5205	0.923	0.9234	912.0	3186	5.6579	99	0.0055	5937	0.3294	23.9457	779	0.0432	8237	0.457	8973	0.4978	37	0.0021
Myrrhis_odorata	70587	734236526	27365212811	5419.9161	4691.0	179554	387680.6326	244837.0	1198635	229199.0	365622.0344	0.913	0.905	914.0	2952	23.9116	98	0.0014	36485	0.5169	96.1366	274	0.0039	16504	0.2338	53809	0.7623	0	0.0
Mysia_undata	18838	1601797627	8865771086	2771.8572	2387.0	261472	470632.2904	457983.5	1198382	309399.0	386611.6685	0.928	0.9008	876.0	7030	2.6797	66	0.0035	11165	0.5927	11.7605	694	0.0368	4458	0.2366	13676	0.726	10	0.0005
Mystacides_azureus	3999	619959589	1778025563	3368.5701	2702.0	30901	444617.5451	392868.0	1191545	324048.0	400672.7167	0.974	0.9551	972.0	1621	2.467	302	0.0755	2443	0.6109	6.4504	269	0.0673	822	0.2056	2904	0.7262	4	0.001
Mystacides_longicornis	3863	664530331	1778501578	3257.4458	2748.0	35165	460393.8851	447369.0	1188389	400300.0	430641.0924	0.962	0.9382	960.0	1801	2.1449	13	0.0034	2521	0.6526	5.8131	254	0.0658	669	0.1732	2933	0.7593	7	0.0018
Mythimna_albipuncta	2674	698470600	1268484106	3151.8751	2829.0	31417	474377.003	453442.0	1185537	365103.5	426037.1107	0.943	0.9338	938.0	913	2.9288	35	0.0131	1774	0.6634	3.8284	63	0.0236	505	0.1889	2106	0.7876	0	0.0
Mythimna_conigera	6777	848937566	3368937589	3119.9416	2678.0	46436	497113.4114	497311.0	1195824	387285.0	440472.5219	0.94	0.9307	930.0	2165	3.1303	10	0.0015	4609	0.6801	7.9829	185	0.0273	1140	0.1682	5450	0.8042	2	0.0003
Mythimna_ferrago	8232	860750195	4019378594	3044.9688	2574.5	35464	488262.7058	479210.0	1193614	395710.0	447500.3582	0.961	0.9479	956.0	2545	3.2346	22	0.0027	5573	0.677	9.5638	158	0.0192	1350	0.164	6721	0.8164	3	0.0004
Mythimna_impura	9626	934887341	4404943257	3165.347	2800.0	48350	457608.8985	426823.5	1191845	350265.0	410197.0966	0.955	0.9366	944.0	3004	3.2044	39	0.0041	6037	0.6272	10.2964	302	0.0314	1851	0.1923	7472	0.7762	1	0.0001
Mythimna_lalbum	7072	691871265	3252901600	3176.6803	2602.0	83795	459969.1176	427926.5	1184775	336941.5	407780.2346	0.961	0.9471	958.0	1229	5.7543	11	0.0016	4325	0.6116	10.2216	127	0.018	1492	0.211	5452	0.7709	1	0.0001
Mythimna_pallens	2912	719029103	1291832912	3241.6377	2853.0	31141	443623.9396	379898.0	1191839	315869.0	398152.3383	0.927	0.9216	918.0	1023	2.8465	4	0.0014	1761	0.6047	4.0499	96	0.033	644	0.2212	2172	0.7459	0	0.0
Mythimna_pudorina	10840	851555458	5073377817	3678.5401	2755.0	50498	468023.7839	431811.5	1191670	361608.5	424943.2486	0.958	0.9456	950.0	2822	3.8412	13	0.0012	7102	0.6552	12.7296	186	0.0172	1906	0.1758	8747	0.8069	1	0.0001
Mythimna_straminea	8616	886106689	3892081157	3525.7904	2881.0	63357	451727.1538	391470.0	1197120	321598.0	405697.9619	0.931	0.9276	926.0	1856	4.6422	10	0.0012	5268	0.6114	9.7234	185	0.0215	1807	0.2097	6622	0.7686	2	0.0002
Mythimna_vitellina	4283	726183602	1976476041	3243.361	2931.0	19515	461470.0072	419629.0	1189818	328812.0	405681.0411	0.946	0.9315	930.0	834	5.1355	5	0.0012	2674	0.6243	5.898	63	0.0147	862	0.2013	3357	0.7838	1	0.0002
Mytilus_edulis	7056	1305552646	2438090765	3288.306	2534.5	53817	345534.4055	211158.0	1192296	198526.5	321193.5439	0.912	0.8933	922.0	3457	2.0411	8	0.0011	3487	0.4942	5.4046	340	0.0482	2399	0.34	4309	0.6107	8	0.0011
Mytilus_galloprovincialis	8049	1369254221	2649364387	3491.4465	2514.0	142222	329154.4772	190528.0	1188649	166948.0	302321.0113	0.904	0.8898	920.0	3708	2.1707	9	0.0011	3698	0.4594	5.8784	385	0.0478	2961	0.3679	4699	0.5838	4	0.0005
Myxine_glutinosa	195651	2734501230	86815202705	3337.9029	3027.0	87175	443724.8095	379582.0	1199238	324750.0	409392.5175	0.927	0.9155	908.0	12658	15.4567	52	0.0003	116474	0.5953	71.5491	1148	0.0059	40132	0.2051	154340	0.7889	31	0.0002
Myzus_persicae	4887	427166498	2006436238	6196.1037	3467.0	79744	410566.0401	305989.0	1190000	274403.0	378854.7682	0.951	0.9204	928.0	514	9.5078	3	0.0006	2802	0.5734	11.4405	71	0.0145	994	0.2034	3820	0.7817	2	0.0004
Nacerdes_melanura	6038	521596314	2524945487	3523.1539	2582.0	107260	418175.8011	347327.5	1195001	323630.0	399578.1611	0.925	0.913	924.0	1742	3.4661	54	0.0089	3688	0.6108	11.576	96	0.0159	1280	0.212	4661	0.7719	1	0.0002
Nalassus_laevioctostriatus	7121	497811533	1877515210	3442.471	2727.0	40951	263658.9257	142435.0	1194252	116282.0	242479.082	0.943	0.9222	944.0	1890	3.7677	149	0.0209	2627	0.3689	14.3046	347	0.0487	3002	0.4216	3765	0.5287	7	0.001
Nanogona_polydesmoides	2040	392881592	825581943	3682.3417	2908.0	38748	404697.0309	305017.0	1179855	274145.5	377114.6863	0.921	0.8942	916.0	676	3.0178	14	0.0069	1173	0.575	5.1924	47	0.023	498	0.2441	1495	0.7328	0	0.0
Nansenia_antarctica	14457	1048704989	6274896337	4139.4377	3063.0	140099	434038.6205	355483.0	1193492	286960.0	381967.9294	0.962	0.9431	942.0	3473	4.1627	30	0.0021	8683	0.6006	13.7856	71	0.0049	3010	0.2082	11375	0.7868	1	0.0001
Nardia_scalaris	31630	347762662	13024733190	4187.0957	3848.0	23289	411784.1666	315213.5	1198504	296803.5	396158.7923	0.936	0.9237	942.0	2153	14.6911	1	0.0	18144	0.5736	90.9528	155	0.0049	6728	0.2127	24747	0.7824	0	0.0
Narthecium_ossifragum	13916	376063045	5934283366	3015.0075	2407.0	36746	426435.9993	355478.5	1198125	320232.0	399895.4724	0.863	0.8615	874.0	2408	5.7791	3	0.0002	8336	0.599	37.0044	96	0.0069	2874	0.2065	10946	0.7866	0	0.0
Nasturtium_officinale	10066	224842727	2895940550	4106.265	4167.0	26407	287695.2662	174611.0	1183526	158214.5	262769.5286	0.932	0.9139	910.0	387	26.0103	1	0.0001	3653	0.3629	44.7691	99	0.0098	3362	0.334	6605	0.6562	0	0.0
Natrix_helvetica	26607	1762935595	10378397604	3482.533	2787.0	150763	390062.6754	240374.0	1198203	221955.0	355238.1867	0.907	0.899	896.0	4414	6.0279	98	0.0037	13563	0.5098	15.0924	164	0.0062	6639	0.2495	19801	0.7442	3	0.0001
Nebria_brevicollis	8857	221736486	2943581382	5466.0125	4266.0	97783	332345.1939	206642.0	1191981	187911.0	290112.476	0.967	0.9492	960.0	830	10.6711	43	0.0049	3962	0.4473	39.9438	190	0.0215	2398	0.2707	6258	0.7066	11	0.0012
Nebria_salina	8971	233991864	2904313863	5635.1484	4201.0	94236	323744.7178	193955.0	1195373	173325.0	289180.3219	0.967	0.9442	962.0	938	9.564	36	0.004	3776	0.4209	38.3389	165	0.0184	2682	0.299	6117	0.6819	7	0.0008
Neckera_pumila	2652	339364465	780732204	3778.356	3181.5	69890	294393.7421	144001.0	1169881	131016.0	278099.6139	0.898	0.8982	900.0	1087	2.4397	6	0.0023	1084	0.4087	7.8146	87	0.0328	1112	0.4193	1453	0.5479	0	0.0
Nedyus_quadrimaculatus	31523	1205718437	8527543812	4312.2638	3528.0	87936	270518.1554	169487.0	1197981	113766.0	236680.0882	0.962	0.9438	966.0	5825	5.4117	114	0.0036	10148	0.3219	26.1446	1510	0.0479	13025	0.4132	16967	0.5382	21	0.0007
Nemapogon_clematella	937	276061484	174030901	3787.6254	2799.0	23960	185732.0181	73615.0	1152006	40554.0	158102.2732	0.964	0.9371	968.0	315	2.9746	12	0.0128	221	0.2359	3.3942	95	0.1014	512	0.5464	329	0.3511	1	0.0011
Nemapogon_koenigi	1955	382401880	947547874	3232.0097	2968.0	15985	484679.2194	485886.0	1189680	378026.0	432713.1192	0.961	0.9471	958.0	743	2.6312	14	0.0072	1300	0.665	5.1124	47	0.024	390	0.1995	1518	0.7765	0	0.0
Nemapogon_ruricolella	991	336992466	265771483	5961.4077	4969.0	36401	268185.1493	162057.0	1190986	137241.0	221909.335	0.985	0.9635	988.0	166	5.9699	3	0.003	307	0.3098	2.9407	30	0.0303	356	0.3592	605	0.6105	0	0.0
Nematopogon_swammerdamellus	9851	699261137	4781116675	2710.9772	2284.0	34312	485343.2824	485423.0	1198943	350385.0	413885.8388	0.937	0.9068	908.0	2848	3.4589	189	0.0192	6157	0.625	14.0877	341	0.0346	1964	0.1994	7542	0.7656	4	0.0004
Nematostella_vectensis	1943	268100459	585861052	5492.7056	3502.0	93824	301523.9588	189619.0	1186555	161801.0	275787.7422	0.934	0.9142	946.0	463	4.1965	2	0.001	820	0.422	7.2473	51	0.0262	715	0.368	1177	0.6058	0	0.0
Nemophora_degeerella	926	487164956	446395700	2729.73	2373.5	12309	482068.7905	484004.5	1164834	385442.0	430342.6652	0.974	0.942	966.0	526	1.7605	0	0.0	608	0.6566	1.9008	33	0.0356	182	0.1965	711	0.7678	0	0.0
Nemophora_metallica	5144	710176484	2515056834	2889.7842	2510.0	30341	488930.1777	501700.0	1196967	399782.5	436055.4872	0.956	0.9345	946.0	2428	2.1186	10	0.0019	3355	0.6522	7.2433	365	0.071	947	0.1841	3827	0.744	5	0.001
Nemopoda_nitidula	2310	177047456	705400843	4285.5312	3072.0	73331	305368.3303	180511.0	1156098	158017.5	263929.2	0.947	0.9256	944.0	294	7.8571	6	0.0026	949	0.4108	13.0473	13	0.0056	775	0.3355	1522	0.6589	0	0.0
Nemotelus_nigrinus	18002	709506771	7614883240	3104.4959	2310.0	138464	423002.0687	329977.5	1195149	289114.0	389485.4339	0.923	0.9232	926.0	2281	7.8922	17	0.0009	10187	0.5659	25.3726	319	0.0177	3858	0.2143	13818	0.7676	7	0.0004
Nemotelus_notatus	65421	1348790425	29601877556	3920.8036	3245.0	303065	452482.8045	400128.0	1198576	372014.0	432067.9458	0.925	0.9185	920.0	7248	9.0261	66	0.001	41637	0.6364	48.5035	981	0.015	11962	0.1828	52444	0.8016	34	0.0005
Nemotelus_pantherinus	38016	793624394	13899436853	2541.4305	2309.0	81229	365620.7085	202107.5	1198406	187023.0	321961.0931	0.921	0.9212	908.0	2902	13.0999	146	0.0038	16822	0.4425	47.9018	704	0.0185	10760	0.283	26523	0.6977	29	0.0008
Nemotelus_uliginosus	30433	940716605	14017491801	3612.8813	2655.0	164439	460601.7087	416976.0	1197148	379505.0	432788.1588	0.926	0.9192	928.0	4863	6.2581	82	0.0027	19472	0.6398	32.3509	655	0.0215	5517	0.1813	24233	0.7963	28	0.0009
Nemoura_dubitans	1806	318389453	756728349	4093.5814	3037.5	44562	419007.9452	308933.5	1169427	273102.0	382023.6058	0.931	0.8958	924.0	565	3.1965	12	0.0066	1035	0.5731	5.6723	53	0.0293	382	0.2115	1370	0.7586	1	0.0006
Nemurella_pictetii	3174	256318385	1207437151	4383.0794	3846.0	86150	380414.9814	236183.0	1194097	210110.5	338472.3986	0.954	0.9362	948.0	582	5.4536	6	0.0019	1577	0.4968	12.383	70	0.0221	711	0.224	2392	0.7536	1	0.0003
Neoascia_interrupta	18986	601157869	8869463581	3017.6964	2705.0	88674	467158.0944	432711.0	1189114	379295.0	432638.0256	0.948	0.9379	948.0	1654	11.4788	39	0.0021	12234	0.6444	31.5824	218	0.0115	3577	0.1884	15186	0.7999	5	0.0003
Neoascia_tenur	3108	484745267	1175562245	4722.7497	2974.5	180960	378237.5306	241816.5	1189325	220522.0	344837.4952	0.952	0.9389	960.0	986	3.1521	88	0.0283	1561	0.5023	6.4116	154	0.0495	775	0.2494	2173	0.6992	6	0.0019
Neocochylis_molliculana	3460	419037244	1415638464	3540.7419	2832.5	35943	409144.0647	303340.0	1198346	282463.0	386244.4523	0.972	0.9596	976.0	1077	3.2126	12	0.0035	1951	0.5639	8.257	77	0.0223	748	0.2162	2634	0.7613	1	0.0003
Neocrepidodera_transversa	2538	656902733	803778414	3929.9787	2800.0	40070	316697.5626	202036.5	1185238	159656.5	290459.9547	0.933	0.9165	936.0	1217	2.0855	6	0.0024	1093	0.4307	3.8636	187	0.0737	822	0.3239	1520	0.5989	9	0.0035
Neofaculta_ericetella	2319	463622219	1024027277	3616.448	2818.0	34425	441581.4045	388548.0	1190417	309421.0	396486.4946	0.973	0.9509	966.0	1044	2.2213	44	0.019	1364	0.5882	5.0019	132	0.0569	472	0.2035	1714	0.7391	1	0.0004
Neoitamus_cothurnatus	7906	592764663	3097523540	4030.4505	2922.0	155781	391794.0223	278899.5	1190776	260252.5	369005.4079	0.941	0.9314	944.0	1957	4.0399	66	0.0083	4290	0.5426	13.3375	183	0.0231	1910	0.2416	5812	0.7351	1	0.0001
Neoitamus_cyanurus	2386	365364221	796836147	5613.987	3274.5	181651	333963.1798	214877.5	1186238	185001.5	299960.2745	0.937	0.9158	946.0	508	4.6969	34	0.0142	1082	0.4535	6.5305	58	0.0243	732	0.3068	1596	0.6689	0	0.0
Neoorthocaulis_attenuatus	30396	687587390	13882750583	4295.3185	3587.0	55189	456729.5231	405859.5	1198059	375509.0	436203.2276	0.907	0.9025	904.0	5204	5.8409	2	0.0001	19765	0.6503	44.2067	123	0.004	5597	0.1841	24676	0.8118	0	0.0
Neottiglossa_pusilla	12704	1256002014	4642314657	4048.137	2927.0	289872	365421.4938	216472.0	1194998	194047.5	321305.5355	0.927	0.8934	918.0	3442	3.6909	179	0.0141	6114	0.4813	10.1146	956	0.0753	3600	0.2834	8141	0.6408	7	0.0006
Neoturris_pileata	3435	598004259	1035417486	4412.4017	3013.0	61323	301431.5825	172514.0	1180224	129450.0	244126.0146	0.934	0.9167	938.0	1313	2.6161	42	0.0122	1261	0.3671	5.7441	168	0.0489	1310	0.3814	1953	0.5686	4	0.0012
Neovison_vison	67441	2672427653	25842035157	4532.792	3691.0	253094	383179.8929	204318.0	1197155	185167.0	321761.6811	0.911	0.8935	862.0	2281	29.5664	5	0.0001	29793	0.4418	25.2359	308	0.0046	19114	0.2834	48018	0.712	1	0.0
Nephrocerus_scutellatus	6174	613321903	2394030247	3650.7277	2643.0	116127	387760.0011	278633.5	1196071	249066.5	352918.6741	0.92	0.9046	914.0	1811	3.4092	18	0.0029	3374	0.5465	10.0665	143	0.0232	1602	0.2595	4428	0.7172	1	0.0002
Nephrotoma_appendiculata	10780	1119323893	3797867490	4506.2327	3249.0	73624	352306.8173	211920.0	1198174	196067.5	330932.8359	0.958	0.94	964.0	3629	2.9705	18	0.0017	5243	0.4864	9.6308	634	0.0588	3395	0.3149	6736	0.6249	15	0.0014
Nephrotoma_flavescens	9553	1015749442	2726706424	4341.3994	3005.0	87028	285429.3336	151835.0	1198397	122490.0	263547.0264	0.948	0.9306	958.0	3094	3.0876	180	0.0188	3673	0.3845	9.4049	591	0.0619	3803	0.3981	5128	0.5368	31	0.0032
Nephrotoma_guestfalica	5624	910344394	2147196895	4026.6823	2820.0	114997	381791.7665	288135.0	1189870	266125.5	364279.6435	0.941	0.9177	952.0	2092	2.6883	11	0.002	3098	0.5509	6.1779	340	0.0605	1473	0.2619	3806	0.6767	5	0.0009
Nereis_zonata	6529	1130747688	2657621715	3857.2907	2853.0	158711	407048.8153	312494.0	1190973	280816.0	377774.9758	0.934	0.9113	922.0	2472	2.6412	33	0.0051	3688	0.5649	5.7741	264	0.0404	1596	0.2444	4667	0.7148	2	0.0003
Neria_commutata	2487	272992048	767849953	3704.7451	2718.0	34666	308745.4576	163114.0	1184317	138456.0	267358.0004	0.922	0.8994	934.0	593	4.1939	54	0.0217	978	0.3932	9.1102	208	0.0836	860	0.3458	1419	0.5706	0	0.0
Netelia_cristata	1807	235530871	622990773	8240.5484	5735.0	257547	344765.2313	216581.0	1190879	178828.0	289123.6663	0.972	0.9115	958.0	224	8.067	0	0.0	734	0.4062	7.672	13	0.0072	432	0.2391	1362	0.7537	0	0.0
Netelia_fuscicornis	8606	293529268	3065666690	5412.8736	4085.0	66404	356224.3423	219836.0	1196244	161565.0	269302.3373	0.781	0.807	800.0	356	24.1742	22	0.0026	2910	0.3381	29.3191	52	0.006	2477	0.2878	6076	0.706	1	0.0001
Netelia_inedita	2385	296566924	902993979	6007.021	4014.0	208899	378613.8277	239683.0	1192919	220191.0	349147.8897	0.963	0.9421	964.0	445	5.3596	35	0.0147	1208	0.5065	8.042	51	0.0214	616	0.2583	1717	0.7199	1	0.0004
Netelia_infractor	4024	351140876	1638132521	6538.7557	3789.5	151931	407090.5867	236893.0	1197900	205355.0	342063.9364	0.9125	0.8897	874.0	566	7.1095	34	0.0084	1956	0.4861	11.4598	103	0.0256	1086	0.2699	2832	0.7038	3	0.0007
Netelia_melanura	1488	241089571	630001283	4003.2466	3192.5	36979	423387.959	369818.5	1167839	336856.0	404484.0444	0.946	0.9328	950.0	519	2.8671	12	0.0081	909	0.6109	6.172	35	0.0235	337	0.2265	1115	0.7493	1	0.0007
Netelia_thomsonii	2385	296566924	902993979	6007.021	4014.0	208899	378613.8277	239683.0	1192919	220191.0	349147.8897	0.963	0.9421	964.0	445	5.3596	35	0.0147	1208	0.5065	8.042	51	0.0214	616	0.2583	1717	0.7199	1	0.0004
Netelia_virgata	2258	245085606	762408011	6381.4274	4831.0	71158	337647.4805	200638.0	1180929	171693.0	294146.3437	0.963	0.9301	958.0	253	8.9249	4	0.0018	931	0.4123	9.2131	18	0.008	623	0.2759	1617	0.7161	0	0.0
Netta_rufina	10157	1163728215	3075674293	5949.2654	3856.0	164011	302813.2611	179740.0	1196275	149605.0	262418.9485	0.945	0.92	924.0	847	11.9917	34	0.0033	3690	0.3633	8.728	82	0.0081	3541	0.3486	6534	0.6433	0	0.0
Neurigona_quadrifasciata	2874	580382140	1312088859	3424.5957	2351.0	91848	456537.5292	414432.0	1194984	356419.0	425752.6792	0.936	0.907	952.0	650	4.4215	450	0.1566	1870	0.6507	4.9519	39	0.0136	548	0.1907	2285	0.7951	2	0.0007
Nicotiana_alata	117392	1794652891	53033217393	4270.6522	3691.0	65488	451761.7674	402710.5	1199249	376652.0	433198.7707	0.846	0.8432	852.0	11861	9.8973	6	0.0001	76236	0.6494	65.4121	458	0.0039	22332	0.1902	94599	0.8058	3	0.0
Nicrophorus_investigator	1391	193567631	489866945	7512.4543	3520.0	305194	352168.9037	237736.0	1179092	205868.0	305858.0338	0.907	0.8918	934.0	152	9.1513	4	0.0029	686	0.4932	7.1861	10	0.0072	391	0.2811	990	0.7117	0	0.0
Nigrotipula_nigra	26533	1654256027	9935054228	3305.5052	2726.0	93565	374441.4212	243051.0	1199316	228426.0	348612.0942	0.927	0.9055	934.0	8882	2.9873	91	0.0034	13632	0.5138	16.0392	1586	0.0598	7429	0.28	17467	0.6583	51	0.0019
Nineta_flava	6849	723476076	2746979620	3722.3532	2984.0	37833	401077.4741	231712.0	1196182	212996.0	342192.3087	0.918	0.8989	894.0	1518	4.5119	30	0.0044	3437	0.5018	9.4668	308	0.045	1790	0.2614	4744	0.6927	7	0.001
Noctua_comes	2866	540095703	1267267715	3062.2749	2694.0	49297	442172.9641	372911.5	1187557	300477.0	393558.3252	0.971	0.9509	964.0	1056	2.714	5	0.0017	1707	0.5956	5.3065	80	0.0279	608	0.2121	2178	0.7599	0	0.0
Noctua_fimbriata	4031	573609667	1541627488	3293.0159	2780.0	64337	382442.9392	267312.0	1182717	243517.0	352000.7556	0.964	0.9419	964.0	1220	3.3041	5	0.0012	2193	0.544	7.0274	72	0.0179	1103	0.2736	2855	0.7083	1	0.0002
Noctua_janthe	4856	532747648	2404918244	3001.6252	2511.0	9966	495246.7554	487488.0	1190425	408430.0	450100.2162	0.962	0.9521	960.0	831	5.8436	1	0.0002	3363	0.6925	9.115	67	0.0138	808	0.1664	3981	0.8198	0	0.0
Noctua_janthina	5900	539703251	2948947432	3147.9873	2602.0	80292	499821.5986	506392.0	1189148	430545.5	459562.7907	0.959	0.9439	958.0	1008	5.8532	17	0.0029	4119	0.6981	10.9319	55	0.0093	993	0.1683	4852	0.8224	0	0.0
Noctua_pronuba	2681	528632879	1232093217	3094.3943	2666.0	49394	459564.7956	422313.0	1194068	349558.0	416044.5505	0.957	0.9369	950.0	800	3.3512	5	0.0019	1702	0.6348	5.0716	65	0.0242	545	0.2033	2068	0.7714	3	0.0011
Noctuidae_sp_SAN22000473	1869	492361335	794394039	3868.6174	3110.0	40160	425036.939	272162.0	1179301	213840.0	348158.0278	0.955	0.9389	942.0	585	3.1949	18	0.0096	970	0.519	3.796	121	0.0647	581	0.3109	1163	0.6223	4	0.0021
Nogopterium_gracile	10596	376488127	3096241510	3954.8926	3343.0	51759	292208.523	167923.5	1198184	158885.5	277983.9602	0.958	0.9403	956.0	1677	6.3184	0	0.0	4177	0.3942	28.1443	129	0.0122	3782	0.3569	6685	0.6309	0	0.0
Nomada_fabriciana	2414	229290345	596238474	4083.522	3250.0	66208	246991.9114	127575.0	1175564	96695.0	222027.3853	0.886	0.8856	908.0	395	6.1114	56	0.0232	735	0.3045	10.5281	80	0.0331	1152	0.4772	1182	0.4896	0	0.0
Nomada_ferruginata	11170	306940864	3352532488	3944.6944	2959.5	177438	300137.1968	192581.5	1191642	133332.0	254793.7073	0.914	0.8977	936.0	640	17.4531	400	0.0358	3838	0.3436	36.3914	414	0.0371	4230	0.3787	6526	0.5842	0	0.0
Nomada_flava	8281	301661653	2312973080	4568.6371	3196.0	29817	279310.8417	172754.0	1198163	141149.0	249717.6348	0.94	0.9233	954.0	686	12.0714	69	0.0083	2976	0.3594	27.4513	189	0.0228	3076	0.3715	5016	0.6057	0	0.0
Nomada_fucata	2856	259537937	1015669661	7078.236	3762.0	298214	355626.632	223452.0	1197723	178666.0	296045.3438	0.926	0.9183	944.0	230	12.4174	18	0.0063	1191	0.417	11.0042	31	0.0109	752	0.2633	2073	0.7258	0	0.0
Nomada_goodeniana	1797	212725910	381057849	5904.9121	4058.0	182622	212052.2254	152397.0	1146292	103203.0	170879.291	0.96	0.9356	964.0	225	7.9867	0	0.0	407	0.2265	8.4475	25	0.0139	859	0.478	913	0.5081	0	0.0
Nomada_hirtipes	13015	311022920	3393976694	4313.7858	2853.0	177110	260774.237	193679.0	1196454	122387.0	197727.87	0.929	0.9109	952.0	533	24.4184	885	0.068	2798	0.215	41.8458	245	0.0188	5268	0.4048	7502	0.5764	0	0.0
Nomada_lathburiana	4443	256394576	1707620943	3856.3977	2985.0	44570	384339.6226	312542.0	1198121	291981.0	361807.7747	0.817	0.8194	876.0	360	12.3417	143	0.0322	2596	0.5843	17.3288	142	0.032	1194	0.2687	3107	0.6993	0	0.0
Nomada_panzeri	8811	297022824	2399369752	5518.9834	3632.0	78189	272315.2596	174773.0	1191473	148350.0	238937.8084	0.951	0.9316	958.0	541	16.2865	91	0.0103	3108	0.3527	29.6644	172	0.0195	3068	0.3482	5570	0.6322	1	0.0001
Nomada_ruficornis	3705	264796415	1057138953	4623.9687	3181.0	47766	285327.6526	181435.0	1180513	156181.0	255224.0445	0.947	0.9281	956.0	584	6.3442	37	0.01	1401	0.3781	13.9919	85	0.0229	1259	0.3398	2361	0.6372	0	0.0
Nomada_rufipes	4719	275484572	1528306367	6703.2454	4441.0	171507	323862.3367	216905.0	1195695	165391.0	269995.6126	0.916	0.9064	922.0	367	12.8583	14	0.003	1808	0.3831	17.1298	58	0.0123	1369	0.2901	3286	0.6963	6	0.0013
Nomada_zonata	2037	226230506	657447739	5355.3721	3594.0	39296	322752.9401	193516.0	1186913	170095.0	285872.0731	0.957	0.9426	966.0	318	6.4057	11	0.0054	871	0.4276	9.0041	25	0.0123	710	0.3486	1302	0.6392	0	0.0
Nomophila_noctuella	950	437473763	429880590	3064.4179	2723.0	12658	452505.8842	436265.5	1195286	373026.0	412157.7653	0.963	0.9412	972.0	517	1.8375	7	0.0074	615	0.6474	2.1716	55	0.0579	209	0.22	685	0.7211	1	0.0011
Norellia_spinipes	8835	563859860	3411362623	3372.7937	2813.0	106051	386119.1424	226679.0	1196644	203226.0	332698.4873	0.942	0.9132	920.0	705	12.5319	23	0.0026	4329	0.49	15.6688	150	0.017	2685	0.3039	6000	0.6791	0	0.0
Nothochrysa_capitata	10558	559343570	3913195828	5239.3505	3504.0	104931	370637.9833	232598.0	1197897	203728.0	333806.5173	0.935	0.91	928.0	579	18.2349	664	0.0629	5158	0.4885	18.8757	396	0.0375	3391	0.3212	6762	0.6405	9	0.0009
Notiophilus_biguttatus	10689	462654239	3895170287	4341.8238	3124.0	77650	364409.2326	216383.0	1193662	180605.0	304600.4645	0.933	0.9224	924.0	1798	5.9449	132	0.0123	4672	0.4371	23.1036	478	0.0447	2954	0.2764	7253	0.6785	4	0.0004
Notocelia_roborana	4696	865002688	2093138480	3118.5226	2702.5	41074	445727.9557	411441.0	1190350	368196.0	418768.4387	0.953	0.9374	954.0	1954	2.4033	3	0.0006	2978	0.6342	5.4289	196	0.0417	1019	0.217	3480	0.7411	1	0.0002
Notocelia_uddmanniana	8956	793276447	4388843347	2727.9339	2383.5	21135	490045.0365	484729.0	1196285	424076.5	454483.5211	0.904	0.8945	906.0	2400	3.7317	2	0.0002	6128	0.6842	11.2899	175	0.0195	1631	0.1821	7145	0.7978	5	0.0006
Notodonta_dromedarius	875	339756599	405696154	2902.0206	2413.0	10492	463652.7474	441139.0	1183123	319125.0	401142.6194	0.934	0.9116	934.0	488	1.793	5	0.0057	529	0.6046	2.5754	43	0.0491	209	0.2389	623	0.712	0	0.0
Notodonta_ziczac	733	350852392	325156698	2915.4352	2501.0	18489	443597.1323	409035.0	1172252	334571.0	386504.0123	0.958	0.9362	958.0	480	1.5271	14	0.0191	438	0.5975	2.0892	64	0.0873	171	0.2333	497	0.678	1	0.0014
Notolepis_coatsi	68503	3240869793	31700100539	3667.3666	3044.0	103381	462754.9237	423008.0	1198021	355324.0	422787.786	0.931	0.92	912.0	16678	4.1074	95	0.0014	43166	0.6301	21.1372	672	0.0098	13556	0.1979	54270	0.7922	5	0.0001
Notoxus_monoceros	7565	1108918301	3196158842	4363.1708	2796.0	93564	422492.9071	354297.0	1196118	327284.0	401092.9223	0.936	0.9257	940.0	3211	2.356	296	0.0391	4687	0.6196	6.822	317	0.0419	1587	0.2098	5645	0.7462	16	0.0021
Nowickia_ferox	17319	654835753	5959557981	4213.9323	3409.0	121980	344105.2013	196534.0	1197259	181102.0	313519.6563	0.921	0.9064	902.0	1392	12.4418	71	0.0041	7800	0.4504	26.4479	836	0.0483	5298	0.3059	11176	0.6453	9	0.0005
Nudaria_mundana	33250	640746376	16225041683	3069.8498	2875.0	18288	487971.1784	472999.5	1193154	410875.5	453481.42	0.965	0.9548	962.0	2526	13.1631	37	0.0011	22374	0.6729	51.8926	387	0.0116	5468	0.1645	27392	0.8238	3	0.0001
Numenius_arquata	9874	1283209562	3053752096	5416.4238	3637.0	110997	309272.0373	187285.5	1196885	163862.0	273397.2773	0.967	0.943	964.0	907	10.8864	28	0.0028	3852	0.3901	7.6948	52	0.0053	3250	0.3291	6572	0.6656	0	0.0
Nuphar_lutea	128491	2236092301	49744553205	4188.8068	3229.0	195008	387144.2607	241926.0	1199437	225025.0	358448.2439	0.875	0.8731	872.0	14058	9.1401	68	0.0005	66143	0.5148	57.4623	651	0.0051	31924	0.2485	95912	0.7464	4	0.0
Nuphar_pumila	117005	2096440394	47682484669	4094.9556	3224.0	183813	407525.1884	298792.0	1198813	269067.0	381068.7883	0.89	0.8834	888.0	13360	8.7579	109	0.0009	64731	0.5532	55.8113	661	0.0056	26611	0.2274	89732	0.7669	1	0.0
Nyctalus_leisleri	49271	2188276576	16691668863	5928.4375	3792.0	368461	338772.683	212673.0	1199286	152278.0	267875.0887	0.839	0.8519	820.0	2720	18.1143	19	0.0004	17008	0.3452	22.5159	213	0.0043	16220	0.3292	32838	0.6665	0	0.0
Nycteola_revayana	2929	619831631	1312330521	2730.0075	2616.0	11913	448047.2929	409574.0	1198387	335669.0	406190.4821	0.969	0.9494	966.0	998	2.9349	12	0.0041	1819	0.621	4.7255	145	0.0495	574	0.196	2204	0.7525	6	0.002
Nyctia_halterata	7604	633778276	3419756478	3320.7265	2822.0	39302	449731.257	409186.0	1198854	366538.0	421973.9598	0.935	0.9263	940.0	1587	4.7914	13	0.0017	4961	0.6524	11.9979	80	0.0105	1554	0.2044	5970	0.7851	0	0.0
Nymphalis_c_album	3155	363376807	1608672536	2397.4748	2057.0	27165	509880.3601	516005.0	1192357	418749.0	453255.9312	0.934	0.9331	910.0	425	7.4235	1	0.0003	2225	0.7052	8.6824	44	0.0139	508	0.161	2603	0.825	0	0.0
Nymphalis_io	6273	383822689	2813141348	3298.1086	2846.0	33253	448452.3112	372823.0	1196884	288908.0	389445.3904	0.969	0.96	960.0	527	11.9032	0	0.0	3671	0.5852	16.3435	32	0.0051	1305	0.208	4932	0.7862	4	0.0006
Nymphalis_polychloros	2879	397958178	1236262033	3539.7878	2973.0	40895	429406.7499	344602.0	1186586	297277.0	388486.5877	0.954	0.9469	956.0	616	4.6737	4	0.0014	1739	0.604	7.2344	68	0.0236	584	0.2028	2223	0.7721	4	0.0014
Nymphalis_urticae	4145	392717361	1636898054	3617.1667	3019.0	36457	394909.0601	247806.0	1196687	223048.0	342895.2813	0.955	0.928	940.0	832	4.982	3	0.0007	2164	0.5221	10.5547	56	0.0135	1089	0.2627	2998	0.7233	2	0.0005
Nymphoides_peltata	19496	717664397	7510604027	6372.2436	3922.0	64620	385238.2041	247584.5	1196593	222149.5	331413.2796	0.921	0.9131	904.0	1941	10.0443	19	0.001	10087	0.5174	27.1659	85	0.0044	4462	0.2289	14949	0.7668	0	0.0
Nymphula_nitidulata	4004	635098461	2019902236	3471.1416	2956.0	60080	504471.0879	487862.0	1186995	424039.5	463861.6876	0.971	0.9551	970.0	1177	3.4019	5	0.0012	2814	0.7028	6.3045	90	0.0225	577	0.1441	3337	0.8334	0	0.0
Nysson_spinosus	11474	310503933	3557816837	6097.0477	4246.0	69268	310076.4195	196561.5	1192943	132518.0	223812.0779	0.899	0.9079	908.0	565	20.308	9	0.0008	3139	0.2736	36.9528	130	0.0113	4303	0.375	7041	0.6136	0	0.0
Nysson_trimaculatus	4913	261248294	1476613331	5124.817	3455.0	99896	300552.2758	205092.0	1196341	165085.0	261321.4922	0.941	0.9294	956.0	394	12.4695	1	0.0002	1858	0.3782	18.8059	21	0.0043	1530	0.3114	3362	0.6843	0	0.0
Ochlerotatus_rusticus	22704	2124794563	9536788974	3289.5338	2663.0	93358	420048.8449	354577.5	1198701	310267.0	387934.2296	0.944	0.922	942.0	9069	2.5035	202	0.0089	13195	0.5812	10.6853	1206	0.0531	5803	0.2556	15661	0.6898	34	0.0015
Ochlodes_sylvanus	1872	379583688	944247780	3606.1047	3042.0	34054	504405.8654	498821.5	1181838	472171.0	484808.7628	0.977	0.9653	980.0	609	3.0739	3	0.0016	1343	0.7174	4.9317	31	0.0166	279	0.149	1562	0.8344	0	0.0
Ochropacha_duplaris	887	354234947	353528901	3887.6719	3244.0	38200	398566.9684	283461.0	1189780	237838.0	344875.3067	0.98	0.9555	970.0	409	2.1687	0	0.0	476	0.5366	2.504	44	0.0496	255	0.2875	587	0.6618	1	0.0011
Ochropleura_leucogaster	1342	545480400	676131554	2881.6639	2598.0	21356	503823.8107	523953.0	1189505	368812.5	430546.6028	0.968	0.947	958.0	738	1.8184	7	0.0052	894	0.6662	2.4602	60	0.0447	238	0.1773	1043	0.7772	1	0.0007
Ochropleura_plecta	4371	643900003	2108782769	3301.1249	2927.0	25341	482448.5859	459826.0	1187733	383306.0	434403.1448	0.967	0.9521	964.0	1535	2.8476	48	0.011	2906	0.6648	6.7883	130	0.0297	721	0.165	3517	0.8046	3	0.0007
Ocypus_olens	20773	1071754225	7103695832	5644.3457	2990.0	266510	341967.7385	201160.0	1195167	167295.0	297156.1257	0.918	0.9059	954.0	3817	5.4422	54	0.0026	8035	0.3868	19.3822	462	0.0222	6013	0.2895	14285	0.6877	13	0.0006
Ocys_tachysoides	26123	482188253	7766532956	5849.3149	3941.0	139966	297306.3184	174667.0	1199709	144353.0	247276.5586	0.965	0.9497	948.0	1906	13.7057	60	0.0023	8587	0.3287	54.1759	455	0.0174	9306	0.3562	16355	0.6261	7	0.0003
Odiellus_spinosus	9666	430670681	2857362825	5563.573	3273.0	196435	295609.6446	189749.0	1199825	134983.5	243988.341	0.927	0.91	938.0	1486	6.5047	217	0.0224	3268	0.3381	22.4441	449	0.0465	3530	0.3652	5675	0.5871	12	0.0012
Odontocerum_albicorne	3322	1242680979	1182088820	3442.7604	2782.5	73727	355836.4901	217750.0	1181148	203324.0	317721.2188	0.917	0.9011	910.0	1156	2.8737	20	0.006	1614	0.4859	2.6733	108	0.0325	943	0.2839	2267	0.6824	4	0.0012
Odontomyia_argentata	67392	1886453604	30414383053	3143.652	2719.0	179174	451305.5415	406355.5	1199294	326333.0	403527.0711	0.936	0.924	918.0	10324	6.5277	107	0.0016	40407	0.5996	35.7242	1852	0.0275	14321	0.2125	51106	0.7583	113	0.0017
Odontomyia_ornata	95525	2031699624	40984612387	3405.9207	3025.0	81962	429045.9292	351061.0	1199280	308394.0	396897.5545	0.917	0.9098	902.0	8164	11.7008	142	0.0015	55751	0.5836	47.0173	1885	0.0197	21210	0.222	72326	0.7571	104	0.0011
Odontomyia_tigrina	54338	1710633219	23631135703	3591.9647	3071.0	80637	434891.5253	364988.0	1198082	311147.5	397167.8868	0.932	0.9183	922.0	7996	6.7956	479	0.0088	31940	0.5878	31.7648	1735	0.0319	12004	0.2209	40547	0.7462	52	0.001
Odontopera_bidentata	2176	489778240	1204911829	3111.796	2726.0	26339	553727.8626	607356.5	1186991	397198.0	447894.5354	0.964	0.9408	923.0	845	2.5751	51	0.0234	1492	0.6857	4.4428	48	0.0221	393	0.1806	1735	0.7973	0	0.0
Odontoschisma_sphagni	30245	516425241	13820846298	4317.1122	3193.0	35878	456963.012	411540.0	1197965	377414.0	433073.3465	0.946	0.9386	956.0	2464	12.2748	1	0.0	19701	0.6514	58.5661	101	0.0033	5387	0.1781	24756	0.8185	1	0.0
Oecetis_lacustris	2931	684380667	1161250506	3350.3361	2760.0	21568	396196.0102	295944.0	1189962	245599.0	352143.0658	0.941	0.9034	940.0	928	3.1584	4	0.0014	1565	0.5339	4.2827	179	0.0611	797	0.2719	1948	0.6646	7	0.0024
Oedemera_lurida	26921	1137640082	12631940885	3421.9193	2913.0	188791	469222.5729	438485.0	1196796	386195.0	436853.376	0.942	0.9182	946.0	3936	6.8397	110	0.0041	17805	0.6614	23.6639	522	0.0194	4521	0.1679	21866	0.8122	12	0.0004
Oedipodium_griffithianum	2077	266647191	451310261	4000.0939	3014.0	41387	217289.4853	85351.0	1194851	67491.0	193362.9889	0.947	0.932	944.0	800	2.5962	7	0.0034	565	0.272	7.7893	30	0.0144	1220	0.5874	827	0.3982	0	0.0
Oegoconia_quadripuncta	2172	621255586	1160206718	2791.0097	2120.0	29362	534165.1556	576762.5	1190407	432751.0	466418.5861	0.997	0.9717	994.0	747	2.9076	17	0.0078	1515	0.6975	3.4961	63	0.029	350	0.1611	1759	0.8099	0	0.0
Oenanthe_lachenalii	47615	599409896	21776110164	5244.7007	4476.0	161843	457337.1871	405148.0	1199642	374802.0	436378.9259	0.954	0.9375	956.0	2408	19.7737	34	0.0007	30768	0.6462	79.4365	216	0.0045	8240	0.1731	39159	0.8224	0	0.0
Oenanthe_oenanthe	28921	1318580270	9235038315	8512.6803	5711.0	186873	319319.4673	194357.0	1198634	166441.0	275367.4417	0.955	0.9359	938.0	884	32.7161	67	0.0023	11194	0.3871	21.9334	249	0.0086	8650	0.2991	20021	0.6923	1	0.0
Oenothera_biennis	116145	937505473	37794156585	4605.0064	4185.0	306993	325404.9385	174360.0	1199908	158487.0	281551.6484	0.901	0.8921	840.0	5770	20.1291	8	0.0001	41004	0.353	123.8873	576	0.005	37514	0.323	78047	0.672	8	0.0001
Oidaematophorus_lithodactyla	1920	373488125	956054885	3046.1974	2748.0	31779	497945.2526	517103.5	1182294	424023.0	449743.5625	0.959	0.9437	960.0	899	2.1357	20	0.0104	1309	0.6818	5.1407	57	0.0297	339	0.1766	1519	0.7911	5	0.0026
Oligia_fasciuncula	3822	617479880	1808816547	2796.8318	2435.0	16860	473264.4027	454733.5	1193828	375988.0	426179.8762	0.971	0.9489	966.0	1524	2.5079	295	0.0772	2515	0.658	6.1897	160	0.0419	684	0.179	2975	0.7784	3	0.0008
Oligia_latruncula	2514	564067718	1125731226	2841.2259	2641.0	14302	447784.895	403313.5	1185358	315377.0	397764.7025	0.971	0.9572	960.0	844	2.9787	10	0.004	1531	0.609	4.4569	99	0.0394	563	0.2239	1850	0.7359	2	0.0008
Oligia_strigilis	3002	594928118	1508274282	3362.927	2850.5	19245	502423.1452	498926.5	1182022	405694.0	454541.7915	0.976	0.9584	966.0	1692	1.7742	21	0.007	2020	0.6729	5.046	14	0.0047	580	0.1932	2407	0.8018	1	0.0003
Oligotrichum_hercynicum	8278	405375996	3989112028	4388.1259	3951.5	109385	481893.2143	451612.0	1193310	419534.0	463120.1075	0.969	0.9531	972.0	1573	5.2626	2	0.0002	5637	0.681	20.4205	43	0.0052	1551	0.1874	6684	0.8074	0	0.0
Omonadus_floralis	3177	499074116	1016670902	5867.6317	3336.0	138116	320009.7268	200031.0	1178458	166169.0	277835.7945	0.947	0.9367	958.0	501	6.3413	49	0.0154	1339	0.4215	6.3658	64	0.0201	976	0.3072	2137	0.6726	0	0.0
Omosita_discoidea	29573	926597362	11612590716	4463.0094	2957.0	119982	392675.4376	233733.0	1194577	199833.0	332275.0464	0.95	0.9271	952.0	3195	9.256	38	0.0013	13675	0.4624	31.9157	524	0.0177	6925	0.2342	22103	0.7474	21	0.0007
Omphaloscelis_lunosa	4533	661386471	1918195027	3428.6607	2839.0	44284	423162.3708	346542.0	1194960	306535.0	393468.3876	0.972	0.9509	972.0	1692	2.6791	1	0.0002	2775	0.6122	6.8538	132	0.0291	918	0.2025	3478	0.7673	5	0.0011
Omphiscola_glabra	3023	744398583	1227701946	3504.3014	2869.0	80909	406120.3923	334914.0	1196283	318237.0	383632.2279	0.889	0.8736	900.0	968	3.1229	3	0.001	1790	0.5921	4.061	32	0.0106	715	0.2365	2276	0.7529	0	0.0
Onchidella_celtica	30688	1140111924	15756314226	3554.7537	3201.0	176711	513435.6825	507625.5	1199175	452302.5	484417.1258	0.954	0.944	962.0	3675	8.3505	10	0.0003	22343	0.7281	26.9167	111	0.0036	4431	0.1444	26145	0.852	1	0.0
Ononis_reclinata	52735	1194378910	22015109839	4398.7713	3082.0	242474	417466.7647	318908.0	1198072	287457.0	388142.2554	0.888	0.8828	894.0	5319	9.9145	13	0.0002	30195	0.5726	44.1527	238	0.0045	11380	0.2158	41116	0.7797	1	0.0
Ontholestes_murinus	4915	957322673	2024564222	2907.3827	2449.0	37081	411915.4063	338731.0	1187708	309837.0	389101.3797	0.91	0.8906	916.0	2535	1.9389	139	0.0283	2994	0.6092	5.1341	92	0.0187	1186	0.2413	3637	0.74	0	0.0
Operophtera_brumata	4424	617624315	2426421620	3100.4564	2478.0	26268	548467.8165	592987.0	1184063	434459.0	463940.3892	0.964	0.9429	938.0	1773	2.4952	5	0.0011	3192	0.7215	7.1629	109	0.0246	663	0.1499	3651	0.8253	1	0.0002
Ophiocomina_nigra	5830	1692927136	1874445531	4378.036	2833.0	118091	321517.2437	176250.5	1187760	160316.0	295701.5151	0.927	0.9023	936.0	2751	2.1192	30	0.0051	2632	0.4515	3.4437	308	0.0528	2145	0.3679	3371	0.5782	6	0.001
Ophion_confusus	13338	689354977	4106444789	3963.6791	3133.0	53861	307875.6027	174271.0	1199416	154771.5	281877.8539	0.94	0.929	946.0	3108	4.2915	94	0.007	5785	0.4337	19.3485	1167	0.0875	4288	0.3215	7869	0.59	14	0.001
Ophion_costatus	11703	504472712	3464100429	4786.7499	3445.0	112498	296001.062	181212.0	1194185	149303.0	257315.4327	0.965	0.9448	948.0	1518	7.7095	188	0.0161	4516	0.3859	23.1985	506	0.0432	4062	0.3471	7132	0.6094	3	0.0003
Ophion_crassicornis	14139	715824702	4513989697	3858.0139	3008.0	72873	319258.0591	178433.0	1198795	162987.0	293552.4141	0.929	0.9149	938.0	3386	4.1757	317	0.0224	6281	0.4442	19.752	1244	0.088	4497	0.3181	8381	0.5928	17	0.0012
Ophion_ellenae	13176	646110317	4046283167	3909.2884	3168.5	48268	307094.958	170495.5	1198197	155249.5	282441.0751	0.9345	0.9199	938.0	2504	5.262	142	0.0108	5695	0.4322	20.3928	1111	0.0843	4332	0.3288	7718	0.5858	15	0.0011
Ophion_forticornis	11806	633725359	4182784839	3766.3575	2945.0	169620	354293.1424	224034.0	1198968	208325.0	330401.8524	0.928	0.9183	936.0	3003	3.9314	256	0.0217	5909	0.5005	18.6295	704	0.0596	3480	0.2948	7614	0.6449	8	0.0007
Ophion_obscuratus	11842	734520606	3631405458	3931.5704	2965.5	125301	306654.7423	176615.5	1192578	156638.5	282844.3901	0.935	0.924	940.0	3131	3.7822	181	0.0153	5185	0.4378	16.1221	1102	0.0931	3760	0.3175	6966	0.5882	14	0.0012
Ophion_slaviceki	10097	640097957	3051418103	3695.6273	2968.0	52679	302210.3697	161497.0	1187661	144096.0	276013.9246	0.945	0.9278	950.0	2672	3.7788	110	0.0109	4286	0.4245	15.7741	941	0.0932	3439	0.3406	5711	0.5656	6	0.0006
Ophion_variegatus	11125	736756084	3573168223	3760.4658	2938.0	36902	321183.6605	179673.0	1191851	162171.0	295632.8926	0.929	0.9199	938.0	3256	3.4168	127	0.0114	4989	0.4484	15.1	1163	0.1045	3472	0.3121	6470	0.5816	20	0.0018
Ophion_ventricosus	4249	423982356	1363008568	5303.694	3535.0	139437	320783.3768	203648.0	1196829	168337.0	277464.4902	0.935	0.9145	936.0	807	5.2652	203	0.0478	1836	0.4321	10.0216	217	0.0511	1413	0.3325	2619	0.6164	0	0.0
Ophion_wuestneii	4837	626212174	1473131445	4130.723	2978.0	151812	304554.7747	176457.0	1196558	151438.0	271898.0866	0.938	0.9215	942.0	1387	3.4874	35	0.0072	2001	0.4137	7.7242	287	0.0593	1697	0.3508	2853	0.5898	0	0.0
Ophiothrix_fragilis	8739	1599097676	2615884719	4020.5963	2833.0	88246	299334.5599	155195.0	1184308	128005.0	274021.0042	0.903	0.8802	922.0	3483	2.509	51	0.0058	3564	0.4078	5.465	373	0.0427	3559	0.4073	4804	0.5497	3	0.0003
Ophonus_ardosiacus	5635	910014881	2228319369	3990.9931	2904.0	59000	395442.6564	296668.0	1197333	256692.0	347766.7876	0.938	0.9141	934.0	2041	2.7609	201	0.0357	3070	0.5448	6.1922	352	0.0625	1517	0.2692	3750	0.6655	16	0.0028
Opilo_mollis	32506	1577269772	14530125987	3348.2005	2698.0	85471	446998.2768	405601.5	1198746	376718.0	428070.9607	0.941	0.9277	942.0	9562	3.3995	599	0.0184	20969	0.6451	20.609	1451	0.0446	5919	0.1821	25088	0.7718	48	0.0015
Opisthograptis_luteolata	1172	363093101	602986743	3577.9061	3141.5	17035	514493.808	544473.0	1184636	416702.0	449729.7756	0.972	0.9589	974.0	498	2.3534	10	0.0085	798	0.6809	3.2278	58	0.0495	208	0.1775	905	0.7722	1	0.0009
Opomyza_florum	4243	272385337	1346027632	3990.279	3140.0	72876	317234.8885	211502.0	1173478	196185.0	294837.0707	0.957	0.9409	960.0	1077	3.9396	36	0.0085	1993	0.4697	15.5772	51	0.012	1288	0.3036	2904	0.6844	0	0.0
Opomyza_germinationis	6985	291682906	2104550603	4538.6142	3487.0	62280	301295.7198	178300.0	1177377	161225.0	277651.7654	0.972	0.9572	976.0	1146	6.0951	89	0.0127	2853	0.4084	23.9472	83	0.0119	2315	0.3314	4587	0.6567	0	0.0
Orchesella_cincta	3298	290322386	920058618	4273.0358	3320.0	59670	278974.7174	201417.5	1158617	182674.0	258974.48	0.899	0.8914	902.0	1703	1.9366	7	0.0021	1519	0.4606	11.3598	40	0.0121	1019	0.309	2239	0.6789	0	0.0
Orchesella_flavescens	2987	273379426	771446999	4425.1081	3164.0	76678	258268.1617	165574.0	1188299	136135.0	235864.2049	0.906	0.8895	910.0	1506	1.9834	7	0.0023	1174	0.393	10.9262	44	0.0147	1141	0.382	1802	0.6033	0	0.0
Orchesia_undulata	3840	226416400	1285390083	4965.3081	3577.5	33749	334737.0008	201313.0	1175040	180983.0	306825.2758	0.99	0.9641	990.0	566	6.7845	130	0.0339	1734	0.4516	16.9599	156	0.0406	1157	0.3013	2521	0.6565	6	0.0016
Orchestes_rusci	3907	620483006	1663073865	3269.2938	2681.0	29476	425665.1817	367667.0	1197339	348970.0	411051.7371	0.946	0.9303	942.0	1800	2.1706	12	0.0031	2463	0.6304	6.2967	162	0.0415	773	0.1979	2972	0.7607	0	0.0
Orcinus_orca	119015	2485094042	55767831385	3995.7548	3450.0	389596	468578.1741	428296.0	1199703	347676.0	422411.2258	0.885	0.8855	868.0	656	181.4253	5	0.0	73165	0.6148	47.8915	147	0.0012	21980	0.1847	96888	0.8141	0	0.0
Orgyia_antiqua	2183	479985827	1202364895	3690.3207	2785.0	25217	550785.568	605134.0	1198638	435731.0	462493.5144	0.979	0.9655	948.0	971	2.2482	4	0.0018	1529	0.7004	4.5481	102	0.0467	318	0.1457	1759	0.8058	4	0.0018
Orgyia_recens	3582	531619985	1600191262	5453.2457	3045.5	159820	446731.2289	383087.0	1194222	317263.5	395902.8537	0.988	0.9652	980.0	762	4.7008	31	0.0087	2140	0.5974	6.7379	122	0.0341	726	0.2027	2728	0.7616	6	0.0017
Ormyrus_nitidulus	7650	453684999	2879938241	4200.805	3139.0	75496	376462.5152	240763.0	1197874	221598.5	349055.8756	0.947	0.9302	954.0	2211	3.46	41	0.0054	3957	0.5173	16.8619	173	0.0226	2276	0.2975	5201	0.6799	0	0.0
Ornithomya_avicularia	2146	161148450	609679139	5977.3928	4271.5	47538	284100.2512	170637.0	1156973	148169.5	244533.8034	0.973	0.961	980.0	222	9.6667	42	0.0196	755	0.3518	13.3169	39	0.0182	713	0.3322	1393	0.6491	1	0.0005
Ornithomya_chloropus	2820	193077810	917274521	4595.6277	3717.5	51156	325274.6528	202997.5	1198458	180399.5	290874.3986	0.964	0.947	956.0	321	8.785	8	0.0028	1291	0.4578	14.6055	24	0.0085	854	0.3028	1942	0.6887	0	0.0
Ornithomya_fringillina	2109	172325972	773460484	4333.2817	3349.0	48966	366742.7615	231979.0	1179876	212518.0	316303.1954	0.957	0.9358	944.0	279	7.5591	17	0.0081	1086	0.5149	12.2384	10	0.0047	513	0.2432	1586	0.752	0	0.0
Ornithopus_perpusillus	22301	528008045	9678094077	4441.4028	3480.0	206638	433975.7893	359524.0	1199623	338936.0	414840.555	0.908	0.8986	916.0	2066	10.7943	17	0.0008	13694	0.6141	42.2361	138	0.0062	4339	0.1946	17824	0.7992	0	0.0
Orobanche_alba	166217	2763936305	72906330431	4309.2205	3597.0	261890	438621.3831	371383.0	1199643	337103.0	413613.7904	0.891	0.8863	896.0	26151	6.356	160	0.001	102253	0.6152	60.1378	873	0.0053	32278	0.1942	133061	0.8005	5	0.0
Orobanche_hederae	164340	2338794946	69528667520	4531.719	3685.0	279416	423078.1765	333438.5	1199900	302463.5	397558.2507	0.894	0.8889	898.0	17861	9.2011	115	0.0007	95898	0.5835	70.267	784	0.0048	34639	0.2108	128916	0.7844	1	0.0
Orobanche_minor	150583	2542956244	67026583071	4455.7321	3641.0	107404	445113.8779	384035.0	1199938	350817.0	420872.7501	0.887	0.8829	894.0	23044	6.5346	85	0.0006	94622	0.6284	59.2157	757	0.005	28501	0.1893	121324	0.8057	1	0.0
Orthetrum_coerulescens	10528	1038610852	4100674643	3459.0104	2744.0	197357	389501.7708	294814.0	1199148	275008.5	371668.8468	0.922	0.9042	926.0	2005	5.2509	24	0.0023	5803	0.5512	10.1366	335	0.0318	2899	0.2754	7271	0.6906	23	0.0022
Orthonevra_brevicornis	9361	732087789	4684544608	4263.2267	2632.0	98515	500432.0701	481011.0	1198561	431678.0	466272.3329	0.941	0.9304	948.0	1118	8.373	8	0.0009	6547	0.6994	12.7867	105	0.0112	1594	0.1703	7660	0.8183	2	0.0002
Orthonevra_nobilis	4236	490290045	1966290502	4248.2198	3165.5	44584	464185.6709	439867.5	1190022	391045.0	434867.3312	0.893	0.8842	906.0	609	6.9557	2	0.0005	2856	0.6742	8.6398	36	0.0085	793	0.1872	3405	0.8038	2	0.0005
Orthosia_cerasi	10814	1021063522	4671676654	3142.8239	2617.0	82425	432002.6497	370056.5	1189741	330989.0	406045.4836	0.924	0.914	922.0	4614	2.3437	15	0.0014	6752	0.6244	10.5909	448	0.0414	2095	0.1937	8271	0.7648	0	0.0
Orthosia_cruda	15398	1218277423	6636987067	3258.8013	2675.5	299709	431029.164	379384.5	1194763	341021.5	406098.7291	0.938	0.926	936.0	6551	2.3505	39	0.0025	9852	0.6398	12.6392	619	0.0402	2794	0.1815	11982	0.7782	3	0.0002
Orthosia_gothica	8981	1045465096	3690757423	3266.4964	2726.0	67572	410951.7229	336672.0	1193808	296495.0	380405.808	0.937	0.9259	936.0	3912	2.2958	9	0.001	5354	0.5961	8.5904	315	0.0351	1931	0.215	6730	0.7494	5	0.0006
Orthosia_gracilis	2684	715434838	1050182521	3319.7239	2804.0	50603	391275.1569	296993.5	1183527	275941.5	368588.9285	0.951	0.9293	950.0	1624	1.6527	0	0.0	1494	0.5566	3.7516	170	0.0633	675	0.2515	1837	0.6844	2	0.0007
Orthosia_incerta	8725	941177545	4200908400	3108.8648	2575.0	25185	481479.4728	455202.0	1197854	397588.0	444948.4136	0.945	0.9251	938.0	3009	2.8996	12	0.0014	5976	0.6849	9.2703	202	0.0232	1362	0.1561	7159	0.8205	2	0.0002
Orthotaenia_undulana	1554	413769980	583768788	3665.1255	2874.0	26956	375655.5907	247078.5	1181396	229885.0	347386.0341	0.951	0.9356	964.0	740	2.1	21	0.0135	822	0.529	3.7557	80	0.0515	476	0.3063	996	0.6409	2	0.0013
Orthothecium_rufescens	4339	309984998	1531839956	4065.8712	3312.0	93234	353039.8608	229529.0	1191897	217772.0	337628.8928	0.93	0.9171	928.0	1408	3.0817	1	0.0002	2217	0.5109	13.9975	62	0.0143	1424	0.3282	2853	0.6575	0	0.0
Orthotrichum_anomalum	4065	288014598	1613282229	4844.4667	4196.0	88573	396871.397	303095.0	1189056	284367.0	381542.0347	0.917	0.911	914.0	1209	3.3623	0	0.0	2315	0.5695	14.1139	44	0.0108	1147	0.2822	2874	0.707	0	0.0
Orthotrichum_lyellii	2439	309128975	900307778	4727.4961	3325.0	110148	369129.8803	238170.0	1195940	220787.0	340009.435	0.932	0.9209	928.0	1033	2.3611	0	0.0	1265	0.5187	7.8899	50	0.0205	800	0.328	1589	0.6515	0	0.0
Orthotrichum_pulchellum	6536	257796578	2504267605	4014.3588	3306.0	40541	383149.8784	273544.5	1194878	258964.0	370004.3308	0.895	0.8972	902.0	725	9.0152	0	0.0	3522	0.5389	25.3533	82	0.0125	1910	0.2922	4544	0.6952	0	0.0
Orthotrichum_striatum	1854	259677273	548752100	5018.0254	3601.0	123141	295982.794	173411.5	1187037	161993.0	281699.0982	0.902	0.9059	904.0	803	2.3088	0	0.0	833	0.4493	7.1396	32	0.0173	707	0.3813	1115	0.6014	0	0.0
Oryctolagus_cuniculus	42340	2783457537	19612173778	4132.7112	3128.0	111156	463206.7496	410957.5	1199757	290684.5	389170.873	0.925	0.9156	890.0	3095	13.6801	3	0.0001	24903	0.5882	15.2113	126	0.003	9034	0.2134	33179	0.7836	1	0.0
Orygma_luctuosum	3355	230715448	1014918603	6589.7308	3395.0	287339	302509.2706	207697.0	1185912	153369.0	243761.2492	0.848	0.8677	872.0	214	15.6776	7	0.0021	1149	0.3425	14.5417	15	0.0045	1109	0.3306	2230	0.6647	1	0.0003
Osmerus_eperlanus	5071	487431027	2056342287	4434.7614	3231.0	47325	405510.2124	295798.0	1198834	260886.0	365669.4429	0.96	0.9357	956.0	798	6.3546	2	0.0004	2881	0.5681	10.4035	31	0.0061	1101	0.2171	3938	0.7766	1	0.0002
Osmia_bicolor	3964	235221997	1578094440	6317.3141	4154.0	275596	398106.5691	238373.5	1198777	203663.0	327910.6049	0.817	0.843	844.0	254	15.6063	26	0.0066	1942	0.4899	16.8522	24	0.0061	942	0.2376	2998	0.7563	0	0.0
Osmia_bicornis	2781	215765245	592004222	3889.8702	3152.0	55508	212874.5854	111391.0	1176883	88034.0	191535.5354	0.916	0.8893	906.0	883	3.1495	6	0.0022	795	0.2859	12.889	105	0.0378	1352	0.4862	1322	0.4754	2	0.0007
Osmia_bicornis_bicornis	2781	215765245	592004222	3889.8702	3152.0	55508	212874.5854	111391.0	1176883	88034.0	191535.5354	0.916	0.8893	906.0	883	3.1495	6	0.0022	795	0.2859	12.889	105	0.0378	1352	0.4862	1322	0.4754	2	0.0007
Osphya_bipunctata	33220	2504149303	13618906553	3762.8436	2884.0	73681	409961.0642	318372.0	1195203	255247.5	355848.7193	0.939	0.925	922.0	15010	2.2132	200	0.006	17918	0.5394	13.266	4239	0.1276	7381	0.2222	21406	0.6444	194	0.0058
Ostrea_edulis	5529	893006511	2345218616	3478.8909	2557.0	68412	424166.8685	346392.0	1185493	298820.0	384064.4375	0.929	0.9102	912.0	1923	2.8752	11	0.002	3259	0.5894	6.1914	141	0.0255	1372	0.2481	4014	0.726	2	0.0004
Ostrinia_nubilalis	2609	494627474	1181618943	3160.2434	2664.0	27872	452901.0897	416004.0	1186249	364004.0	422006.8501	0.967	0.9476	974.0	1207	2.1616	10	0.0038	1660	0.6363	5.2747	105	0.0402	526	0.2016	1978	0.7581	0	0.0
Othius_punctulatus	15114	844697799	6194029884	3115.5521	2602.0	31565	409820.6884	331870.0	1196189	301586.0	386918.017	0.937	0.9193	936.0	3507	4.3097	70	0.0046	8740	0.5783	17.8928	494	0.0327	3486	0.2306	11071	0.7325	63	0.0042
Otiorhynchus_armadillo	30657	1716922317	12682288950	3720.3228	2406.0	151908	413683.3007	339596.0	1194436	306456.0	388838.3765	0.944	0.9205	950.0	9252	3.3136	3459	0.1128	17739	0.5786	17.8558	2213	0.0722	5960	0.1944	21820	0.7117	664	0.0217
Otiorhynchus_porcatus	15970	954563095	4944403485	4655.1317	3145.0	119674	309605.7286	197663.5	1199202	147035.5	260424.9205	0.91	0.9081	894.0	2441	6.5424	273	0.0171	5164	0.3234	16.7302	818	0.0512	4925	0.3084	10210	0.6393	17	0.0011
Otiorhynchus_rugosostriatus	4267	397428859	1442376021	3975.6257	3027.0	54813	338030.4713	184353.0	1191711	157752.0	278092.2433	0.945	0.9218	914.0	686	6.2201	145	0.034	1607	0.3766	10.7365	133	0.0312	1347	0.3157	2787	0.6532	0	0.0
Otis_tarda	14717	1250580872	4656953738	5424.8299	3813.0	112326	316433.6304	195662.0	1196712	154113.0	261943.7913	0.923	0.9225	914.0	810	18.1691	49	0.0033	5449	0.3703	11.7681	238	0.0162	4857	0.33	9622	0.6538	0	0.0
Ourapteryx_sambucaria	4352	503638592	2050926468	3959.6608	2957.0	80798	471260.6774	443892.0	1181301	378051.0	435751.8824	0.983	0.9715	980.0	1242	3.504	4	0.0009	2864	0.6581	8.6411	190	0.0437	772	0.1774	3386	0.778	4	0.0009
Oxalis_acetosella	62147	2401015830	30884428222	3798.9266	3169.0	211506	496957.6685	477224.0	1199331	451625.0	480273.4806	0.863	0.8599	864.0	19093	3.255	66	0.0011	45498	0.7321	25.8836	637	0.0102	8998	0.1448	52508	0.8449	4	0.0001
Oxalis_corniculata	8582	491144205	4093616475	4105.2016	3293.0	87136	477000.2884	437844.0	1199201	412946.5	459146.2171	0.888	0.8828	894.0	2219	3.8675	10	0.0012	5990	0.698	17.4735	93	0.0108	1363	0.1588	7126	0.8303	0	0.0
Oxalis_debilis	82565	1729891406	31992312386	4184.5134	3302.0	141392	387480.3172	238749.0	1199670	219901.0	356160.5489	0.878	0.8673	878.0	9408	8.776	164	0.002	41912	0.5076	47.7284	1027	0.0124	20939	0.2536	60457	0.7322	142	0.0017
Oxycera_nigricornis	6368	593327487	2832690845	4143.975	2853.0	192539	444832.1051	383563.5	1193323	342260.5	413355.6506	0.922	0.9078	918.0	2077	3.066	33	0.0052	4013	0.6302	10.7327	128	0.0201	1342	0.2107	4894	0.7685	4	0.0006
Oxycera_pygmaea	21179	794058267	9359684919	3679.072	3037.0	72057	441932.3348	379461.0	1197611	346822.0	418272.6556	0.922	0.9166	920.0	3105	6.8209	17	0.0008	13089	0.618	26.6718	235	0.0111	4419	0.2087	16514	0.7797	11	0.0005
Oxycera_trilineata	112332	2045086476	44070639298	3991.8835	2790.0	259932	392324.8878	229480.0	1198443	212609.5	350239.7538	0.915	0.9102	904.0	11025	10.1888	51	0.0005	55575	0.4947	54.9278	1095	0.0097	29323	0.261	81908	0.7292	6	0.0001
Oxypselaphus_obscurus	9600	588909342	3768769095	6779.4583	4433.5	118767	392580.1141	243375.0	1193999	212631.5	323091.6305	0.96	0.9515	960.0	1290	7.4419	16	0.0017	4838	0.504	16.3013	137	0.0143	2219	0.2311	7243	0.7545	1	0.0001
Oxypteryx_atrella	4906	615508738	2280868140	3384.2697	2635.5	191642	464914.0114	439682.5	1196246	384538.5	431614.3392	0.956	0.9389	958.0	1604	3.0586	4	0.0008	3204	0.6531	7.9706	176	0.0359	975	0.1987	3755	0.7654	0	0.0
Oxyptilus_pilosellae	15540	1291386355	7408586409	3162.0002	2703.0	54229	476743.0122	458649.5	1198336	408777.0	447049.1779	0.932	0.9221	930.0	5307	2.9282	3	0.0002	10639	0.6846	12.0336	278	0.0179	2725	0.1754	12534	0.8066	3	0.0002
Oxyria_digyna	17940	551634724	8343684248	3974.9469	3276.0	114735	465088.3081	422851.0	1198629	402977.0	449764.7329	0.933	0.9226	938.0	4473	4.0107	12	0.0007	12220	0.6812	32.5215	142	0.0079	3091	0.1723	14707	0.8198	0	0.0
Oxystoma_pomonae	14062	1174246767	5126091061	3357.5979	2488.0	52066	364534.9922	243066.5	1198552	226912.5	340978.0997	0.926	0.9115	934.0	4394	3.2003	82	0.0058	7373	0.5243	11.9753	722	0.0513	3872	0.2754	9455	0.6724	13	0.0009
Oxytorus_armatus	2759	366326856	970808146	5003.4487	2886.0	144641	351869.5709	225632.0	1182735	197341.0	294036.5063	0.901	0.8926	918.0	680	4.0574	24	0.0087	1322	0.4792	7.5315	73	0.0265	787	0.2852	1896	0.6872	3	0.0011
Pachygaster_atra	74311	1340708506	35716769505	3384.9082	2860.0	176042	480639.0643	462047.0	1199577	401950.0	447210.4687	0.959	0.9524	960.0	7726	9.6183	68	0.0009	49378	0.6645	55.4267	1353	0.0182	13034	0.1754	59889	0.8059	35	0.0005
Pachygaster_leachii	37818	1119178713	18646681716	3447.3777	2892.0	157774	493063.6659	482014.0	1198694	416624.0	454983.2775	0.938	0.9325	936.0	5879	6.4327	16	0.0004	25719	0.6801	33.7908	487	0.0129	6591	0.1743	30735	0.8127	5	0.0001
Pachygnatha_clercki	4435	689065498	1547038488	3452.2219	2579.0	59302	348824.9127	221184.0	1197287	201819.0	315657.9389	0.933	0.9068	940.0	1626	2.7276	537	0.1211	2195	0.4949	6.4363	273	0.0616	1187	0.2676	2972	0.6701	3	0.0007
Pachyrhinus_lethierryi	3714	619368816	1013721771	4150.6481	3124.0	86550	272946.088	156701.5	1197189	112275.0	234562.3239	0.967	0.9462	966.0	1073	3.4613	35	0.0094	1296	0.3489	5.9964	294	0.0792	1458	0.3926	1949	0.5248	13	0.0035
Pachythelia_villosella	7303	888647861	2965122394	4196.6169	2804.0	51283	406014.2947	316590.0	1199802	278365.0	376860.9588	0.944	0.934	942.0	1943	3.7586	34	0.0047	4222	0.5781	8.2181	280	0.0383	1434	0.1964	5581	0.7642	8	0.0011
Paederus_riparius	42802	1145380711	18476748978	3369.7067	2598.0	119537	431679.5705	335371.5	1195667	292642.0	391058.4683	0.899	0.8975	896.0	3315	12.9116	236	0.0055	24473	0.5718	37.3692	366	0.0086	8697	0.2032	33731	0.7881	8	0.0002
Pagrus_pagrus	2838	776833981	1017600391	3603.2692	2748.5	46278	358562.5056	251197.0	1189437	235169.0	334886.1121	0.937	0.9086	936.0	495	5.7333	4	0.0014	1521	0.5359	3.6533	48	0.0169	813	0.2865	1977	0.6966	0	0.0
Palloptera_scutellata	3162	414302559	1477615173	2898.4915	2696.0	19933	467303.9763	431666.0	1190314	331988.0	408810.9111	0.948	0.934	940.0	392	8.0663	0	0.0	1947	0.6157	7.6321	32	0.0101	712	0.2252	2418	0.7647	0	0.0
Palpita_vitrealis	343	366822177	133437430	4065.6706	3214.0	15474	389030.4082	215868.0	1189299	207588.0	350022.93	0.99	0.9588	970.0	214	1.6028	0	0.0	174	0.5073	0.9351	30	0.0875	103	0.3003	209	0.6093	1	0.0029
Pammene_aurita	14642	1040300296	6111050190	3341.2763	2711.0	48651	417364.4441	340317.5	1198190	293156.5	379427.3039	0.948	0.921	954.0	5643	2.5947	91	0.0062	8479	0.5791	14.0748	778	0.0531	3445	0.2353	10408	0.7108	11	0.0008
Pammene_fasciana	3615	564276786	1448878597	2997.7911	2585.0	30709	400796.2924	314177.0	1180436	279752.0	371981.5375	0.933	0.906	956.0	1554	2.3263	166	0.0459	2033	0.5624	6.4064	216	0.0598	917	0.2537	2481	0.6863	1	0.0003
Pammene_giganteana	4673	721776333	1964022763	3227.6266	2547.0	51505	420291.6249	365166.0	1184318	324400.0	392476.0428	0.975	0.9427	976.0	2086	2.2402	43	0.0092	2805	0.6003	6.4743	218	0.0467	1149	0.2459	3305	0.7073	1	0.0002
Pammene_regiana	7732	860217854	2774105257	4075.5881	2955.0	44256	358782.3664	227855.5	1193710	212349.0	330527.3295	0.969	0.94	974.0	3304	2.3402	72	0.0093	3938	0.5093	8.9884	719	0.093	2159	0.2792	4852	0.6275	2	0.0003
Pammene_rhediella	5890	639864573	1956433271	5057.6699	3677.5	86690	332161.8457	188075.0	1191227	151768.5	270472.7435	0.941	0.9282	934.0	1027	5.7352	6	0.001	2125	0.3608	9.2051	86	0.0146	2037	0.3458	3765	0.6392	2	0.0003
Pammene_suspectana	4125	579146804	1536673432	4781.7828	2994.0	58992	372526.8926	233305.0	1187406	215513.0	342737.4752	0.955	0.9339	964.0	1642	2.5122	45	0.0109	2098	0.5086	7.1225	292	0.0708	1232	0.2987	2600	0.6303	1	0.0002
Pamponerus_germanicus	5189	314394075	2163415009	4949.7005	2441.0	79578	416923.301	325768.0	1185696	288418.0	383411.5984	0.939	0.9372	934.0	478	10.8556	3	0.0006	2933	0.5652	16.5048	31	0.006	1117	0.2153	4041	0.7788	0	0.0
Pandarus_bicolor	87926	812281209	31378054085	4333.9479	3933.0	119090	356868.8907	202955.0	1198384	192112.0	330904.985	0.861	0.8685	862.0	2002	43.9191	6	0.0001	39955	0.4544	108.2458	641	0.0073	24749	0.2815	62531	0.7112	5	0.0001
Pandemis_cerasana	1585	459447892	687933578	3278.4082	2640.0	20728	434027.494	371719.0	1185777	306084.0	388003.617	0.934	0.9086	944.0	803	1.9738	42	0.0265	940	0.5931	3.4498	89	0.0562	391	0.2467	1105	0.6972	0	0.0
Pandemis_cinnamomeana	1251	425492944	618001575	3163.211	2672.0	13882	494006.0552	500790.0	1185270	369971.0	427237.9185	0.971	0.9302	938.0	568	2.2025	2	0.0016	797	0.6371	2.9401	35	0.028	309	0.247	907	0.725	0	0.0
Pandemis_corylana	1242	441237503	584883197	3030.5008	2498.5	15548	470920.4485	482854.0	1194874	370524.0	410405.8454	0.916	0.8958	896.0	576	2.1562	12	0.0097	781	0.6288	2.8148	38	0.0306	281	0.2262	921	0.7415	2	0.0016
Pandemis_heparana	1993	459746243	899873657	3171.5193	2666.0	33996	451517.1385	411576.0	1195601	335936.0	402912.2328	0.904	0.8904	924.0	836	2.384	80	0.0401	1248	0.6262	4.335	138	0.0692	394	0.1977	1461	0.7331	0	0.0
Pandivirilia_melaleuca	28366	1207298712	11692185312	3259.9127	2692.0	105033	412190.133	334460.0	1198084	298659.5	384246.4416	0.926	0.9098	930.0	7199	3.9403	222	0.0078	16343	0.5761	23.4954	1086	0.0383	7006	0.247	20246	0.7137	28	0.001
Panellus_stipticus	177	38539654	31862063	3935.6554	2788.0	17753	180011.6554	65175.0	1150605	55261.0	172001.6949	0.964	0.9445	970.0	117	1.5128	0	0.0	48	0.2712	4.5927	2	0.0113	102	0.5763	73	0.4124	0	0.0
Panorpa_germanica	8940	453840400	3477122406	3939.1579	3115.0	70569	388939.8664	275631.5	1194225	245852.0	355022.477	0.943	0.9274	942.0	1859	4.809	98	0.011	4808	0.5378	19.6986	307	0.0343	2255	0.2522	6328	0.7078	50	0.0056
Panzeria_rudis	6773	841534651	2232186139	3528.9904	2833.0	58625	329571.2593	189598.0	1187486	177522.0	305700.7437	0.939	0.928	944.0	1871	3.62	19	0.0028	3195	0.4717	8.0484	483	0.0713	2264	0.3343	4022	0.5938	4	0.0006
Papestra_biren	2591	632347555	978674203	4176.3165	3003.0	72486	377720.6496	244988.0	1191227	221834.0	339220.2725	0.965	0.9404	962.0	1101	2.3533	36	0.0139	1352	0.5218	4.0974	140	0.054	664	0.2563	1787	0.6897	0	0.0
Papilio_machaon	673	252046983	327351621	3295.315	2806.0	26885	486406.5691	457818.0	1178490	379377.0	444786.2303	0.964	0.9419	962.0	342	1.9678	12	0.0178	452	0.6716	2.6701	21	0.0312	110	0.1634	542	0.8053	0	0.0
Parachronistis_albiceps	1838	390563707	742216972	3333.3096	2731.5	28756	403817.7214	288364.0	1175324	250792.0	363028.6991	0.944	0.9241	952.0	919	2.0	11	0.006	997	0.5424	4.706	71	0.0386	514	0.2797	1252	0.6812	1	0.0005
Paracoenia_fumosa	8960	574661457	2346624467	5540.6262	3891.0	151486	261900.0521	124027.0	1197587	75750.0	209844.6737	0.914	0.8934	934.0	1309	6.8449	17	0.0019	2697	0.301	15.5918	384	0.0429	4521	0.5046	4052	0.4522	3	0.0003
Paracorymbia_fulva	18370	1280782465	8191587600	2714.9096	2307.0	31282	445922.025	415406.5	1188760	383423.5	424434.6735	0.923	0.9111	918.0	4698	3.9102	89	0.0048	11958	0.651	14.3428	671	0.0365	3525	0.1919	14135	0.7695	39	0.0021
Paracraspedothrix_montivaga	2525	376594938	970526822	3488.5046	2774.0	53271	384367.0582	285144.0	1194811	260985.0	361418.7081	0.955	0.9413	960.0	733	3.4447	3	0.0012	1380	0.5465	6.7048	50	0.0198	685	0.2713	1790	0.7089	0	0.0
Paragus_haemorrhous	5644	517895820	2280423355	3437.2318	2670.0	49180	404043.8262	303325.5	1183728	270572.0	377389.7982	0.931	0.9203	934.0	1199	4.7073	12	0.0021	3176	0.5627	10.8979	162	0.0287	1364	0.2417	4105	0.7273	13	0.0023
Paraperithous_gnathaulax	6869	500447522	2454170566	4731.3059	3458.0	377520	357282.074	231175.0	1199915	196015.0	308733.5861	0.928	0.9167	940.0	931	7.3781	12	0.0017	3213	0.4678	13.7257	126	0.0183	1746	0.2542	4996	0.7273	1	0.0001
Parapoynx_stratiotata	499	478158901	202683190	3434.6713	2701.0	44285	406178.7375	318305.0	1164266	221016.0	352279.1202	0.962	0.9465	958.0	361	1.3823	0	0.0	261	0.523	1.0436	54	0.1082	134	0.2685	310	0.6212	1	0.002
Pararge_aegeria	1485	513611209	496696316	4386.031	3218.0	38351	334475.6337	173894.0	1195681	163443.0	290342.4478	0.983	0.9252	964.0	443	3.3521	35	0.0236	652	0.4391	2.8913	127	0.0855	443	0.2983	913	0.6148	2	0.0013
Parascotia_fuliginaria	4165	540288275	2033986737	3034.8048	2413.0	57941	488352.1577	492579.0	1196446	434038.0	459803.7292	0.96	0.9275	954.0	1523	2.7347	0	0.0	2920	0.7011	7.7088	123	0.0295	636	0.1527	3405	0.8175	1	0.0002
Parasmittina_trispinosa	15601	553188675	7019319489	5012.2968	5038.0	209520	449927.536	393137.0	1196964	369642.0	431974.1808	0.931	0.9206	932.0	2223	7.018	9	0.0006	10213	0.6546	28.202	111	0.0071	2969	0.1903	12521	0.8026	0	0.0
Parasteatoda_lunata	13258	1391046651	5190806091	4233.2761	3253.0	81989	391522.5593	304425.5	1197997	261072.5	351784.6058	0.8685	0.8518	884.0	2559	5.1809	43	0.0032	7254	0.5471	9.531	331	0.025	4014	0.3028	8907	0.6718	6	0.0005
Parastichtis_suspecta	3345	867027535	1661929078	2948.3641	2495.0	41266	496839.7842	501520.0	1182345	399623.0	440262.6945	0.965	0.9452	956.0	1611	2.0764	11	0.0033	2253	0.6735	3.858	143	0.0428	607	0.1815	2595	0.7758	0	0.0
Paraswammerdamia_albicapitella	1761	329371185	816075081	3248.201	2683.0	36713	463415.7189	437811.0	1186276	354820.0	408573.326	0.971	0.9392	960.0	523	3.3671	3	0.0017	1111	0.6309	5.3466	73	0.0415	377	0.2141	1308	0.7428	3	0.0017
Paratalanta_hyalinalis	2222	528636461	1002717887	4587.7187	2701.0	122241	451268.176	403602.5	1197235	332332.0	403888.2165	0.976	0.9565	976.0	952	2.334	4	0.0018	1401	0.6305	4.2033	79	0.0356	440	0.198	1702	0.766	1	0.0005
Pardosa_nigriceps	9935	2369116054	3736830684	3718.5582	2673.0	123899	376127.8997	233020.0	1195541	210855.0	330699.3567	0.925	0.9069	920.0	4667	2.1288	362	0.0364	4974	0.5007	4.1935	439	0.0442	2602	0.2619	6861	0.6906	33	0.0033
Parectropis_similaria	4592	574470874	2514816588	3198.0401	2889.0	71839	547651.696	598197.5	1192960	455746.0	472980.0666	0.959	0.9448	952.0	1540	2.9818	160	0.0348	3248	0.7073	7.9934	141	0.0307	760	0.1655	3688	0.8031	3	0.0007
Parhelophilus_frutetorum	11891	437012885	4449435153	4539.0841	3547.0	192861	374185.1108	227406.0	1199916	212625.0	347868.1836	0.946	0.9354	942.0	790	15.0519	42	0.0035	5901	0.4963	27.2097	41	0.0034	3241	0.2726	8609	0.724	0	0.0
Parietaria_judaica	21199	534353285	8875819702	4020.07	2684.0	163743	418690.4902	326773.0	1193424	296485.0	392382.7744	0.903	0.8973	916.0	1826	11.6095	9	0.0004	12200	0.5755	39.6723	122	0.0058	4428	0.2089	16649	0.7854	0	0.0
Parydra_coarctata	9693	605195151	3449243481	8153.6179	3791.0	382160	355848.9096	214290.0	1196004	173871.0	294283.1172	0.921	0.9024	922.0	693	13.987	31	0.0032	3920	0.4044	16.0163	111	0.0115	2781	0.2869	6800	0.7015	1	0.0001
Pasiphila_chloerata	5813	697611833	3242760324	3171.0005	2826.0	31381	557846.2625	602276.0	1188714	459876.0	480869.9209	0.976	0.9564	952.0	1795	3.2384	12	0.0021	4236	0.7287	8.3327	173	0.0298	817	0.1405	4821	0.8293	2	0.0003
Pasiphila_rectangulata	2558	581271728	1352733602	2999.0426	2905.0	18708	528824.7076	582148.0	1188031	414656.0	444955.2686	0.969	0.9473	926.0	826	3.0969	7	0.0027	1736	0.6787	4.4007	125	0.0489	423	0.1654	2007	0.7846	3	0.0012
Pastinaca_sativa	180025	1721347917	71589848222	5044.2098	4416.0	115876	397666.1476	262904.0	1199478	241847.0	375673.3781	0.93	0.914	930.0	9981	18.0368	115	0.0006	95255	0.5291	104.5837	870	0.0048	41239	0.2291	137908	0.766	8	0.0
Patella_depressa	12718	683233321	5323357359	3269.2325	2923.5	27847	418568.7497	256956.0	1198662	224778.0	353827.9048	0.912	0.8937	884.0	1846	6.8895	24	0.0019	6542	0.5144	18.6144	285	0.0224	3040	0.239	9390	0.7383	3	0.0002
Patella_pellucida	7085	710490519	2557592939	3329.1551	2769.0	28930	360987.0062	208269.0	1186116	193210.0	316526.091	0.915	0.8994	906.0	2069	3.4244	38	0.0054	3446	0.4864	9.972	299	0.0422	2388	0.3371	4395	0.6203	3	0.0004
Patella_ulyssiponensis	10959	693010203	4345682149	3348.5183	2891.0	29251	396540.0264	238377.0	1196429	217904.0	346746.4758	0.921	0.9052	898.0	1927	5.6871	9	0.0008	5539	0.5054	15.8136	340	0.031	2668	0.2435	7949	0.7253	2	0.0002
Patella_vulgata	3936	695159151	1500410165	3291.8526	2719.0	30248	381201.7696	199071.0	1199850	187040.0	327315.3211	0.95	0.9174	910.0	1326	2.9683	10	0.0025	1857	0.4718	5.662	135	0.0343	1307	0.3321	2494	0.6336	0	0.0
Paulownia_tomentosa	21622	523608594	7604429956	5597.7699	2864.0	79466	351698.7307	218791.0	1199683	197783.0	322281.9501	0.917	0.906	916.0	1782	12.1336	3	0.0001	10225	0.4729	41.2942	157	0.0073	6110	0.2826	15355	0.7102	0	0.0
Pecten_maximus	2957	851488454	866305306	2977.906	2497.0	16227	292967.6381	161061.0	1194559	142801.0	273316.2631	0.9	0.8866	914.0	1428	2.0707	7	0.0024	1227	0.4149	3.4727	94	0.0318	1148	0.3882	1713	0.5793	2	0.0007
Pediacus_dermestoides	2937	232559513	721271622	3528.9493	2788.0	20222	245581.0766	172626.0	1180319	113195.0	194537.2039	0.896	0.8805	888.0	508	5.7815	274	0.0933	778	0.2649	12.629	65	0.0221	1276	0.4345	1596	0.5434	0	0.0
Pedicia_rivosa	4139	260422410	1056605307	5056.3537	3671.0	94189	255280.3351	157239.0	1194405	122113.0	207189.1858	0.94	0.9161	936.0	610	6.7852	33	0.008	1194	0.2885	15.8934	98	0.0237	1678	0.4054	2363	0.5709	0	0.0
Pegoplata_infirma	13391	1340882745	5395326857	3048.8921	2402.0	68399	402906.9418	286620.0	1192061	243373.0	358339.8345	0.944	0.9113	944.0	5506	2.4321	747	0.0558	7098	0.5301	9.9867	892	0.0666	3237	0.2417	9239	0.6899	23	0.0017
Pelochrista_caecimaculana	3653	571065123	1294767702	3523.5645	2738.0	62038	354439.5571	217176.0	1188350	184602.0	310846.0758	0.948	0.9214	950.0	1230	2.9699	100	0.0274	1734	0.4747	6.3968	200	0.0547	1160	0.3175	2289	0.6266	4	0.0011
Pelophylax_lessonae	122774	5749775351	52621194253	3966.0788	3363.0	91795	428602.1002	354900.5	1199071	311850.5	394657.2833	0.949	0.9279	942.0	20282	6.0533	357	0.0029	72919	0.5939	21.3528	3842	0.0313	24304	0.198	94559	0.7702	69	0.0006
Pelosia_muscerda	1886	500345257	909195600	3248.8436	2717.5	19807	482076.14	484029.5	1178137	409796.0	442222.3579	0.967	0.9458	964.0	916	2.059	7	0.0037	1252	0.6638	3.7694	77	0.0408	367	0.1946	1440	0.7635	2	0.0011
Pempelia_genistella	1991	674518009	841066910	3554.781	2872.0	47370	422434.4098	341177.0	1191666	282253.0	372990.2692	0.976	0.9572	968.0	953	2.0892	0	0.0	1112	0.5585	2.9517	202	0.1015	431	0.2165	1344	0.675	14	0.007
Pemphredon_inornata	7181	308192222	2918456117	3531.0717	2730.0	33168	406413.6077	307288.0	1192066	267142.0	369890.133	0.952	0.9354	972.0	1091	6.582	1002	0.1395	4007	0.558	23.3004	175	0.0244	1643	0.2288	5348	0.7447	15	0.0021
Pemphredon_lugubris	10492	314966210	3425629121	5001.0327	3104.0	268564	326499.1537	195852.0	1194222	166462.0	279945.6921	0.918	0.9207	932.0	376	27.9043	1169	0.1114	3917	0.3733	33.3115	70	0.0067	3009	0.2868	7409	0.7062	4	0.0004
Pentaglottis_sempervirens	57557	813889621	23229061786	3891.9894	3158.0	115449	403583.609	278811.0	1198680	246975.0	369951.2278	0.881	0.8725	864.0	4651	12.3752	21	0.0004	30935	0.5375	70.7184	349	0.0061	14245	0.2475	42963	0.7464	0	0.0
Peplomyza_litura	3475	470183521	1117437592	3884.8757	3097.0	34065	321564.7747	206530.0	1173422	189798.0	300800.059	0.953	0.9299	960.0	812	4.2796	102	0.0294	1661	0.478	7.3907	156	0.0449	1088	0.3131	2231	0.642	0	0.0
Perdix_perdix	35130	1278783689	8858329689	7261.9516	5081.5	196282	252158.5451	177966.5	1192450	127179.0	199323.8759	0.969	0.9295	910.0	1136	30.9243	123	0.0035	9094	0.2589	27.4714	383	0.0109	13938	0.3968	20808	0.5923	1	0.0
Perforatus_perforatus	13319	1056895392	4031956689	3369.4635	2803.0	63310	302722.178	184440.0	1196344	138473.0	257545.1108	0.935	0.9059	924.0	4764	2.7958	203	0.0152	5052	0.3793	12.602	986	0.074	4561	0.3424	7758	0.5825	14	0.0011
Peribatodes_rhomboidaria	2691	499572522	1245599745	3583.8324	2954.0	22944	462876.1594	416575.0	1198487	336516.0	413760.0981	0.972	0.9569	972.0	1020	2.6382	50	0.0186	1658	0.6161	5.3866	109	0.0405	515	0.1914	2063	0.7666	4	0.0015
Peridea_anceps	1275	324718075	624408165	4065.5435	3446.0	28947	489731.8941	479238.0	1191268	426474.0	450935.9655	0.976	0.949	974.0	362	3.5221	9	0.0071	870	0.6824	3.9265	62	0.0486	220	0.1725	992	0.778	1	0.0008
Periphyllus_acericola	1356	360870874	384058515	4423.8201	3290.5	67816	283228.9934	185640.5	1175099	144053.0	259810.1062	0.938	0.9246	966.0	326	4.1595	1	0.0007	509	0.3754	3.7576	8	0.0059	499	0.368	849	0.6261	0	0.0
Perithous_albicinctus	4988	378296029	1666627188	5085.0399	3660.5	109011	334127.3432	222139.0	1193807	180423.5	281906.0178	0.941	0.934	944.0	493	10.1176	21	0.0042	2052	0.4114	13.1854	82	0.0164	1222	0.245	3684	0.7386	0	0.0
Perithous_divinator	3964	312460225	1025040194	5850.6821	4295.0	124934	258587.3345	192923.0	1191115	142945.5	204480.0774	0.9445	0.942	956.0	258	15.3643	0	0.0	1160	0.2926	12.6864	29	0.0073	1312	0.331	2623	0.6617	0	0.0
Perizoma_affinitatum	533	357692699	219173833	3404.349	2860.0	58895	411207.9418	305608.0	1165279	267354.0	366877.4053	0.977	0.9461	980.0	291	1.8316	12	0.0225	305	0.5722	1.4901	23	0.0432	138	0.2589	372	0.6979	0	0.0
Perizoma_albulatum	2301	436298600	1010240900	4341.5393	3046.0	157359	439044.2851	383031.0	1198200	308723.0	385965.432	0.971	0.9576	964.0	656	3.5076	2	0.0009	1383	0.601	5.2739	50	0.0217	560	0.2434	1691	0.7349	0	0.0
Perizoma_blandiatum	1358	410619389	696697039	3032.9985	2739.0	16243	513031.6929	541219.0	1186890	405783.0	454864.9529	0.945	0.9171	922.0	571	2.3783	3	0.0022	903	0.6649	3.3072	46	0.0339	268	0.1973	1044	0.7688	0	0.0
Perizoma_didymatum	2040	454721353	1053282576	5162.3324	2975.5	72196	516314.9882	524299.0	1191319	335600.5	420524.7123	0.981	0.9572	958.0	574	3.554	0	0.0	1336	0.6549	4.4863	44	0.0216	344	0.1686	1652	0.8098	0	0.0
Perizoma_flavofasciatum	355	368873335	168902730	3055.093	2670.0	10684	475782.338	469205.0	1190418	328974.0	409197.6901	0.984	0.9579	970.0	181	1.9613	1	0.0028	224	0.631	0.9624	27	0.0761	65	0.1831	262	0.738	1	0.0028
Perophora_japonica	10521	559437007	4206117508	3612.9328	2669.0	89242	399783.0537	312994.0	1189990	291680.0	382294.4388	0.922	0.9107	908.0	2722	3.8652	43	0.0041	6165	0.586	18.8064	129	0.0123	2684	0.2551	7707	0.7325	1	0.0001
Persicaria_amphibia	57994	1789167614	23166164556	3708.893	3311.0	39109	399457.9535	308743.5	1198530	292040.0	384637.3446	0.945	0.9295	940.0	6373	9.1	12	0.0002	33480	0.5773	32.414	402	0.0069	13480	0.2324	44112	0.7606	0	0.0
Persicaria_maculosa	49718	1496452809	20386126295	4074.686	3348.0	123690	410035.124	313181.0	1196647	287445.0	387016.8615	0.878	0.8727	886.0	5877	8.4598	6	0.0001	28377	0.5708	33.2239	368	0.0074	11248	0.2262	38098	0.7663	4	0.0001
Persicaria_nepalensis	121525	1619096467	45310346159	3422.261	2730.0	183590	372847.9421	211834.0	1199203	201777.0	341431.2376	0.882	0.8746	884.0	8985	13.5253	24	0.0002	57656	0.4744	75.0573	687	0.0057	32063	0.2638	88775	0.7305	0	0.0
Petalophyllum_ralfsii	182069	2255998912	78733927396	4513.6585	3840.0	106132	432440.0496	360995.0	1199707	333430.0	413301.3375	0.942	0.9252	936.0	23782	7.6557	159	0.0009	111197	0.6107	80.7044	755	0.0041	35909	0.1972	145402	0.7986	3	0.0
Petasites_albus	140661	2700581252	65911957485	3859.0878	3329.0	69916	468587.2949	433553.0	1199689	396793.0	445365.9226	0.877	0.8716	876.0	23458	5.9963	1193	0.0085	93503	0.6647	52.0855	1063	0.0076	24770	0.1761	114724	0.8156	104	0.0007
Petasites_hybridus	146204	2720267746	68101429992	3897.9005	3339.0	64525	465797.3106	428360.5	1198833	389842.0	442036.7655	0.885	0.8773	886.0	21747	6.723	648	0.0044	96281	0.6585	53.7462	794	0.0054	25316	0.1732	120010	0.8208	84	0.0006
Petrophora_chlorosata	3035	511568204	1452950271	3652.2155	2481.0	134867	478731.5555	462401.0	1197890	361700.0	423680.5769	0.958	0.9343	946.0	776	3.9111	1	0.0003	1980	0.6524	5.9327	71	0.0234	598	0.197	2361	0.7779	5	0.0016
Phaedon_cochleariae	23910	924266196	8785324588	4588.4138	3368.0	129180	367433.0652	205724.0	1197876	183360.5	312002.9565	0.928	0.9021	910.0	3581	6.6769	158	0.0066	10650	0.4454	25.8692	1111	0.0465	6612	0.2765	16159	0.6758	28	0.0012
Phaedon_tumidulus	45337	1523863887	18675367895	3869.3424	2697.0	251684	411923.3274	309070.0	1198600	280056.0	379249.1846	0.923	0.9068	926.0	10249	4.4236	110	0.0024	25327	0.5586	29.7513	2339	0.0516	10004	0.2207	32925	0.7262	69	0.0015
Phaeoclavulina_alboapiculata	728	49413841	191396088	4321.3736	3484.5	22870	262906.7143	118090.5	1179637	110617.0	253157.592	0.913	0.9132	915.0	300	2.4267	0	0.0	257	0.353	14.7327	10	0.0137	340	0.467	378	0.5192	0	0.0
Phaethon_aethereus	13482	1270454031	5087416809	5105.1022	2969.0	218321	377348.8213	241890.5	1198344	224749.0	348381.3277	0.951	0.9383	942.0	953	14.1469	40	0.003	7043	0.5224	10.612	82	0.0061	3228	0.2394	10172	0.7545	0	0.0
Phalacrocorax_carbo	10980	1264237747	3286662894	5478.2181	3870.0	232216	299331.7754	175481.0	1188080	159700.5	269064.8441	0.949	0.9346	940.0	827	13.2769	20	0.0018	4006	0.3648	8.6851	64	0.0058	3595	0.3274	7321	0.6668	0	0.0
Phalaris_arundinacea	223286	4265681987	106116890079	3989.216	3266.0	186682	475250.9789	440911.5	1198791	418462.0	459542.908	0.869	0.8714	878.0	37477	5.9579	18	0.0001	154163	0.6904	52.3447	849	0.0038	35228	0.1578	187208	0.8384	1	0.0
Phalera_bucephala	29706	930370468	15759132846	2956.4199	2959.0	46706	530503.3611	551625.0	1199435	436712.0	468844.3678	0.961	0.9533	954.0	3680	8.0723	6	0.0002	20943	0.705	31.9292	364	0.0123	4362	0.1468	24971	0.8406	9	0.0003
Phaleria_cadaverina	22582	357726058	5396864454	3700.2578	3193.0	76073	238989.6579	179665.0	1191618	112066.0	165837.8675	0.997	0.9839	990.0	1048	21.5477	67	0.003	3772	0.167	63.1265	246	0.0109	9958	0.441	12378	0.5481	0	0.0
Phallusia_mammillata	2642	233957614	933624157	4645.1113	3153.0	46118	353377.8036	267520.0	1175485	232603.0	326001.8391	0.898	0.8892	894.0	605	4.3669	12	0.0045	1429	0.5409	11.2926	94	0.0356	689	0.2608	1859	0.7036	0	0.0
Phania_funesta	9019	542198564	3424816739	3676.798	2913.0	97526	379733.5335	253061.0	1191780	237021.0	347825.6237	0.915	0.9022	918.0	692	13.0332	14	0.0016	4786	0.5307	16.6341	164	0.0182	2345	0.26	6507	0.7215	3	0.0003
Phaonia_angelicae	18609	1556006182	7530753900	3343.9517	2607.0	201090	404683.4274	327761.0	1191383	302292.0	383128.7759	0.92	0.906	928.0	5358	3.4731	36	0.0019	10969	0.5894	11.9595	677	0.0364	4497	0.2417	13427	0.7215	8	0.0004
Phaonia_errans	23403	1777852036	8542998484	3434.1444	2840.0	159781	365038.6055	258632.0	1198873	244386.0	349135.0288	0.949	0.9332	952.0	7444	3.1439	143	0.0061	12603	0.5385	13.1636	896	0.0383	6638	0.2836	15859	0.6776	10	0.0004
Phaonia_falleni	20414	1710177771	6154007955	4506.1677	3262.0	81747	301460.1722	168463.0	1195070	138294.5	279097.3929	0.961	0.9365	966.0	5834	3.4991	33	0.0016	8450	0.4139	11.9368	858	0.042	7987	0.3913	11558	0.5662	11	0.0005
Phaonia_gobertii	18947	1250904399	6526103418	4223.9437	3053.0	251289	344439.9334	223790.0	1199312	198157.0	314282.8398	0.916	0.9077	914.0	3015	6.2842	64	0.0034	9038	0.477	15.1466	347	0.0183	5410	0.2855	13172	0.6952	18	0.001
Phaonia_palpata	9676	1545286513	3788976510	3608.7189	2904.0	112671	391585.0052	293743.5	1193925	267172.5	367872.1739	0.958	0.9269	960.0	3381	2.8619	82	0.0085	5435	0.5617	6.2616	445	0.046	2495	0.2579	6729	0.6954	7	0.0007
Phaonia_tiefii	11166	1534450232	4852643983	2973.4873	2543.0	44524	434591.0785	382832.0	1193808	338487.0	407548.2608	0.929	0.9172	926.0	3694	3.0227	17	0.0015	7068	0.633	7.2769	206	0.0184	2358	0.2112	8602	0.7704	0	0.0
Phasia_hemiptera	9539	948103772	3978438246	3311.3458	2725.0	225556	417070.7879	341702.0	1199643	292863.0	384330.8162	0.926	0.9059	918.0	1702	5.6046	79	0.0083	5578	0.5848	10.0611	120	0.0126	2381	0.2496	7038	0.7378	0	0.0
Phasia_obesa	11214	853497270	4701755445	3070.4722	2716.0	21704	419275.4989	332693.5	1194446	292488.5	392983.8477	0.931	0.917	924.0	2007	5.5874	4	0.0004	6456	0.5757	13.1389	154	0.0137	2554	0.2278	8505	0.7584	1	0.0001
Phasianus_colchicus	8944	1107772104	2533463934	8113.8182	5713.0	73315	283258.4899	180472.0	1183633	153170.0	240399.8588	0.971	0.9564	976.0	585	15.2889	34	0.0038	3156	0.3529	8.0739	92	0.0103	2879	0.3219	5973	0.6678	0	0.0
Phaxas_pellucidus	13028	1172801507	4120440491	4884.2686	3358.5	214809	316275.7515	205832.0	1191398	158796.5	259181.3172	0.921	0.8912	904.0	2622	4.9687	26	0.002	5115	0.3926	11.1084	339	0.026	4186	0.3213	8497	0.6522	6	0.0005
Phengaris_arion	3465	544151925	1022420006	6810.2078	3186.0	132655	295070.7088	167264.0	1176028	142752.0	262199.6289	0.968	0.9352	972.0	1187	2.9191	97	0.028	1376	0.3971	6.3677	251	0.0724	1170	0.3377	2038	0.5882	6	0.0017
Pheosia_gnoma	169	263204191	45691366	3361.7101	2861.0	9313	270363.1124	95460.0	1143798	47959.0	233054.3314	0.975	0.9549	980.0	116	1.4569	0	0.0	53	0.3136	0.6421	27	0.1598	79	0.4675	63	0.3728	0	0.0
Pheosia_tremula	803	290034038	349155720	3315.8892	2879.0	9345	434814.0971	394021.0	1167501	305632.0	376376.9851	0.967	0.9542	968.0	376	2.1356	3	0.0037	478	0.5953	2.7686	100	0.1245	164	0.2042	539	0.6712	0	0.0
Pherbellia_schoenherri	6342	777978898	2494209872	3535.4644	2676.0	39558	393284.4327	296568.5	1197016	266335.5	369958.6345	0.94	0.9209	942.0	2108	3.0085	67	0.0106	3593	0.5665	8.1519	205	0.0323	1510	0.2381	4625	0.7293	2	0.0003
Pherbina_coryleti	8690	862290639	4023633500	2870.1299	2574.5	31274	463018.8147	440296.0	1196029	393726.5	434385.9411	0.947	0.9379	950.0	2567	3.3853	6	0.0007	5774	0.6644	10.0778	205	0.0236	1658	0.1908	6826	0.7855	1	0.0001
Philanthus_triangulum	1865	335232171	570237139	7048.7877	3728.0	233679	305757.1791	205869.0	1190801	158116.0	251950.3357	0.957	0.9467	962.0	214	8.715	36	0.0193	608	0.326	5.5633	23	0.0123	553	0.2965	1289	0.6912	0	0.0
Philedonides_lunana	3132	358370706	1359513184	4750.5195	2870.0	202754	434071.8978	366857.0	1197157	329878.0	409204.75	0.968	0.9481	976.0	804	3.8955	122	0.039	1918	0.6124	8.7396	49	0.0156	676	0.2158	2406	0.7682	1	0.0003
Philereme_transversata	9127	587069180	4317118106	3312.5632	2891.0	90156	473005.1612	434366.0	1194179	347938.0	424348.2353	0.873	0.8683	878.0	1070	8.5299	50	0.0055	5886	0.6449	15.5467	90	0.0099	1793	0.1965	7244	0.7937	0	0.0
Philereme_vetulata	7491	770465254	3820346637	2965.7785	2862.0	54746	509991.5414	531054.0	1193836	416424.0	455204.8496	0.971	0.9594	960.0	1870	4.0059	6	0.0008	5113	0.6826	9.7227	108	0.0144	1382	0.1845	6000	0.801	1	0.0001
Philodromus_cespitum	6827	1856049940	2895973810	3473.6076	2658.0	37501	424194.201	372619.0	1192614	317478.0	392214.7176	0.936	0.9201	928.0	3720	1.8352	67	0.0098	4061	0.5948	3.6782	456	0.0668	1427	0.209	4932	0.7224	12	0.0018
Philodromus_dispar	9942	2179821289	4599191405	3610.3352	2499.0	93577	462602.2335	443202.5	1197905	365238.0	418868.841	0.924	0.9057	920.0	5530	1.7978	368	0.037	6376	0.6413	4.5609	672	0.0676	1801	0.1812	7425	0.7468	44	0.0044
Philonicus_albiceps	676	252663768	244816468	4995.1494	3174.0	130680	362154.5385	280091.5	1144739	250293.5	333454.3388	0.926	0.9134	938.0	168	4.0238	1	0.0015	380	0.5621	2.6755	10	0.0148	154	0.2278	512	0.7574	0	0.0
Philonthus_carbonarius	7547	1015150825	1880126975	4009.9328	3052.0	45123	249122.4294	178157.0	1184271	109461.0	200446.6281	0.918	0.9148	928.0	2285	3.3028	36	0.0048	1962	0.26	7.4344	814	0.1079	2753	0.3648	3970	0.526	10	0.0013
Philonthus_cognatus	14273	1092322114	6286410115	3500.8132	2519.0	68766	440440.7003	368146.0	1194686	285328.0	375094.2573	0.945	0.9263	928.0	4672	3.055	159	0.0111	8178	0.573	13.0667	807	0.0565	3087	0.2163	10357	0.7256	22	0.0015
Philonthus_marginatus	1981	403520729	620954031	4314.5492	2948.0	43981	313454.8364	193320.0	1169917	161201.0	283227.9101	0.965	0.9228	970.0	571	3.4694	2	0.001	849	0.4286	4.9093	63	0.0318	628	0.317	1290	0.6512	0	0.0
Philonthus_spinipes	5740	668451573	2171879312	4764.8195	2886.0	302326	378376.1868	237279.5	1195124	210300.0	334751.0498	0.93	0.9208	946.0	1060	5.4151	96	0.0167	2812	0.4899	8.587	116	0.0202	1318	0.2296	4303	0.7497	3	0.0005
Philopedon_plagiatum	23607	1073604341	9153548706	3802.7908	3078.0	105412	387747.2235	274495.0	1195485	249006.0	361795.6139	0.963	0.9433	962.0	6314	3.7388	557	0.0236	12650	0.5359	21.9885	1840	0.0779	6030	0.2554	15608	0.6612	129	0.0055
Philophylla_caesio	10143	772121525	3930745785	4254.3211	2977.0	113095	387532.8586	246821.0	1196318	227813.0	350756.6131	0.933	0.9217	938.0	2316	4.3795	4	0.0004	5293	0.5218	13.1365	120	0.0118	2667	0.2629	7356	0.7252	0	0.0
Philopotamus_montanus	3813	515741893	1502041430	8022.7946	4440.0	299023	393926.4175	229345.0	1189188	174487.0	303216.1206	0.945	0.9212	946.0	308	12.3799	10	0.0026	1568	0.4112	7.3932	30	0.0079	1088	0.2853	2695	0.7068	0	0.0
Phlegmacium_triumphans	13734	165904833	5791795485	4673.4522	4382.0	27610	421712.2095	334954.0	1198876	310869.0	402702.5471	0.925	0.9135	918.0	1301	10.5565	3	0.0002	7991	0.5818	82.7824	117	0.0085	2910	0.2119	10707	0.7796	0	0.0
Phleum_pratense	77670	1425168643	35319628983	4321.2768	3381.0	151697	454739.6547	404732.5	1199511	380003.5	436116.3228	0.906	0.9003	916.0	11006	7.0571	21	0.0003	50500	0.6502	54.4988	423	0.0054	14007	0.1803	63238	0.8142	2	0.0
Phlogophora_meticulosa	2243	538558202	849891157	4627.3576	3446.0	51304	378908.2287	256141.0	1196542	231683.0	341101.0004	0.984	0.9622	986.0	627	3.5774	4	0.0018	1196	0.5332	4.1648	51	0.0227	619	0.276	1573	0.7013	0	0.0
Phoca_vitulina	45008	2420324152	21294424220	4426.8647	3575.5	160435	473125.3159	435592.5	1198660	328784.5	411961.3768	0.924	0.9156	892.0	1068	42.1423	41	0.0009	27731	0.6161	18.5959	104	0.0023	8603	0.1911	36301	0.8065	0	0.0
Phocoena_phocoena	118050	2383179446	53762667134	3784.0726	3499.0	180027	455422.8474	396982.0	1198829	324295.0	410344.4056	0.884	0.8846	866.0	674	175.1484	1	0.0	70016	0.5931	49.5347	149	0.0013	23290	0.1973	94611	0.8014	0	0.0
Phoenicurus_phoenicurus	29127	1348461373	9572593714	6607.0927	4323.0	207087	328650.1773	200173.0	1198640	185098.0	296255.7118	0.946	0.9292	938.0	1895	15.3704	11	0.0004	12834	0.4406	21.6002	89	0.0031	8249	0.2832	20789	0.7137	0	0.0
Pholadidea_loscombiana	9832	1286586636	3520654333	3654.2048	2865.0	111767	358081.1974	231163.0	1198096	212023.0	324275.7654	0.925	0.9069	926.0	4089	2.4045	34	0.0035	5012	0.5098	7.6419	278	0.0283	3186	0.324	6362	0.6471	6	0.0006
Pholis_gunnellus	1143	585911863	445043231	3416.937	2726.0	21530	389364.1566	316804.0	1198559	277559.0	359336.1767	0.952	0.9305	958.0	306	3.7353	2	0.0017	663	0.5801	1.9508	21	0.0184	312	0.273	810	0.7087	0	0.0
Phorcus_lineatus	3061	955739463	1063695615	3699.0614	2585.0	88363	347499.3842	239813.0	1166554	225599.0	331959.1222	0.919	0.907	932.0	1429	2.1421	3	0.001	1599	0.5224	3.2028	87	0.0284	925	0.3022	2048	0.6691	1	0.0003
Phorocera_assimilis	68819	1896581171	29746252292	3021.0659	2637.0	69387	432238.9499	365280.0	1199143	305755.0	393058.3232	0.943	0.9296	940.0	8819	7.8035	78	0.0011	40020	0.5815	36.2858	1520	0.0221	15849	0.2303	51396	0.7468	54	0.0008
Phosphuga_atrata	17380	1176911060	7384295464	3843.4883	2739.0	155834	424873.1567	337290.5	1198086	294473.5	388192.2971	0.926	0.8979	916.0	5087	3.4166	104	0.006	9959	0.573	14.7675	695	0.04	3885	0.2235	12784	0.7356	16	0.0009
Photedes_minima	9855	694422933	5451423738	4185.0176	3735.0	19613	553163.2408	588224.0	1197892	474991.0	494574.8178	0.994	0.9711	980.0	2127	4.6333	11	0.0011	7403	0.7512	14.1916	209	0.0212	1290	0.1309	8352	0.8475	4	0.0004
Phoxinus_phoxinus	6399	945518974	2717963248	3469.8539	2706.0	51980	424748.1244	350716.0	1191364	315828.0	399067.5763	0.923	0.903	922.0	1601	3.9969	51	0.008	3912	0.6113	6.7677	84	0.0131	1388	0.2169	4925	0.7697	2	0.0003
Phragmataecia_castaneae	1528	589540316	595271195	4581.788	2776.0	66397	389575.3894	255564.0	1191746	223793.5	349141.2598	0.969	0.9347	954.0	807	1.8934	6	0.0039	803	0.5255	2.5918	87	0.0569	364	0.2382	1077	0.7048	0	0.0
Phragmatobia_fuliginosa	3207	629282137	1487358951	3028.1522	2583.0	14217	463785.1422	438688.0	1191682	347623.0	418334.0468	0.947	0.9257	938.0	1302	2.4631	53	0.0165	1999	0.6233	5.0963	137	0.0427	716	0.2233	2351	0.7331	3	0.0009
Phragmites_australis	13544	848501607	6510089841	4013.5842	3229.5	74040	480662.2741	449088.5	1197595	430682.0	467347.8167	0.856	0.8634	864.0	3953	3.4263	0	0.0	9722	0.7178	15.9623	60	0.0044	1975	0.1458	11508	0.8497	1	0.0001
Phratora_vitellinae	5114	562362842	1702750732	3651.1905	2930.5	31994	332958.6883	218079.0	1181416	193281.0	301032.879	0.923	0.9034	928.0	1561	3.2761	51	0.01	2402	0.4697	9.0938	312	0.061	1359	0.2657	3431	0.6709	12	0.0023
Phryganea_bipunctata	4484	1073467089	1626147793	4232.5818	2956.0	49348	362655.6184	210734.0	1196286	178883.0	304677.638	0.924	0.8851	912.0	1648	2.7209	119	0.0265	2011	0.4485	4.1771	285	0.0636	1213	0.2705	2978	0.6641	8	0.0018
Phtheochroa_inopiana	2174	420537542	951932002	3260.6651	2704.0	21115	437871.2061	409798.5	1188938	341569.0	394695.7755	0.962	0.9359	952.0	902	2.4102	22	0.0101	1301	0.5984	5.1696	68	0.0313	561	0.258	1545	0.7107	0	0.0
Phtheochroa_sodaliana	2793	452732164	1162175032	4056.2621	2722.0	94509	416102.7683	350760.0	1194130	314354.0	388663.2005	0.971	0.946	968.0	1118	2.4982	2	0.0007	1709	0.6119	6.1692	88	0.0315	625	0.2238	2080	0.7447	0	0.0
Phthiria_pulicaria	1550	340954475	701303384	3227.0645	2754.0	20393	452453.7961	436793.5	1192997	366654.0	412955.3316	0.935	0.9057	948.0	482	3.2158	17	0.011	994	0.6413	4.5461	40	0.0258	321	0.2071	1189	0.7671	0	0.0
Phycita_roborella	3493	709986776	1612350733	3195.3258	2644.0	38080	461594.8277	428024.0	1193364	358350.0	418267.4973	0.943	0.9238	952.0	1609	2.1709	111	0.0318	2237	0.6404	4.9198	180	0.0515	661	0.1892	2648	0.7581	4	0.0011
Phylidorea_fulvonervosa	13345	889090075	5596381643	3754.7249	2744.0	45298	419361.6818	328501.0	1192878	284692.0	383685.0886	0.976	0.9604	976.0	2754	4.8457	21	0.0016	7552	0.5659	15.0097	412	0.0309	3012	0.2257	9858	0.7387	63	0.0047
Phyllaphis_fagi	7029	834925970	3045887413	4679.5624	3355.0	185973	433331.5426	366888.0	1197263	297966.0	385067.5251	0.961	0.9459	952.0	1712	4.1057	4	0.0006	4286	0.6098	8.4187	106	0.0151	1420	0.202	5502	0.7828	1	0.0001
Phyllobius_argentatus	12848	968879264	3916407882	4316.4652	3120.0	110702	304826.2673	175025.0	1194633	136787.0	269040.3485	0.952	0.9281	946.0	3223	3.9863	526	0.0409	5005	0.3896	13.2607	1598	0.1244	3813	0.2968	7343	0.5715	94	0.0073
Phyllobius_pyri	10175	746044059	4253182051	3265.2678	2817.0	65432	418003.15	344314.0	1195300	322464.0	398001.0992	0.97	0.9503	974.0	2163	4.7041	54	0.0053	6036	0.5932	13.6386	675	0.0663	1984	0.195	7505	0.7376	11	0.0011
Phyllobius_roboretanus	8949	672575150	3573574588	3811.0412	3007.0	148034	399326.6944	287507.0	1198648	264058.0	368677.0346	0.972	0.954	974.0	1458	6.1379	244	0.0273	4902	0.5478	13.3056	428	0.0478	1970	0.2201	6546	0.7315	5	0.0006
Phyllobius_virideaeris	11012	1158266501	4045167832	3749.4662	3022.0	51153	367341.7937	253619.0	1195894	236927.0	345319.0597	0.959	0.9413	960.0	3875	2.8418	85	0.0077	5791	0.5259	9.5073	1210	0.1099	2722	0.2472	7063	0.6414	17	0.0015
Phyllocnistis_unipunctella	1423	374804497	699822860	2921.9227	2631.0	18317	491793.9986	488932.0	1197184	394885.0	446436.026	0.958	0.9199	956.0	763	1.865	15	0.0105	914	0.6423	3.7966	40	0.0281	313	0.22	1070	0.7519	0	0.0
Phyllodoce_laminosa	35980	2464560795	12202923764	3569.5612	2556.0	96159	339158.526	219475.5	1195829	205614.0	320110.0765	0.919	0.8994	918.0	9965	3.6106	37	0.001	18001	0.5003	14.599	786	0.0218	10972	0.3049	24217	0.6731	5	0.0001
Phylloneta_impressa	7084	1265214056	2945776204	3680.0745	2682.0	54575	415835.1502	354348.5	1198367	317451.0	386816.1762	0.931	0.9164	934.0	2910	2.4344	68	0.0096	4246	0.5994	5.5991	275	0.0388	1531	0.2161	5273	0.7444	5	0.0007
Phyllonorycter_maestingella	3197	376864633	1470781364	3658.2374	2719.0	65203	460050.4736	408768.0	1197795	311266.0	393549.1176	0.966	0.9378	952.0	1056	3.0275	34	0.0106	1924	0.6018	8.4832	108	0.0338	675	0.2111	2412	0.7545	2	0.0006
Phyllonorycter_quercifoliella	2750	371807062	1488473266	2867.5724	2590.5	25223	541263.0058	594456.5	1199302	420826.5	458477.0171	0.966	0.9324	936.0	1083	2.5392	13	0.0047	1941	0.7058	7.3963	87	0.0316	469	0.1705	2194	0.7978	0	0.0
Phyllonorycter_salicicolella	3964	408141120	1967580318	3072.279	2692.0	24931	496362.3406	495595.5	1184103	396167.0	448942.2994	0.966	0.9495	962.0	1598	2.4806	6	0.0015	2700	0.6811	9.7123	101	0.0255	642	0.162	3220	0.8123	1	0.0003
Phyllonorycter_sorbi	1633	295450319	690990788	5889.1843	3604.0	116875	423141.94	345921.0	1177078	298574.0	383466.1225	0.988	0.9656	986.0	475	3.4379	12	0.0073	996	0.6099	5.5272	50	0.0306	373	0.2284	1209	0.7404	1	0.0006
Phyllonorycter_stettinensis	3515	355572426	1783043943	3073.7954	2497.0	62583	507267.1246	527191.0	1193658	413271.0	447443.8512	0.954	0.928	934.0	1067	3.2943	6	0.0017	2438	0.6936	9.8855	147	0.0418	519	0.1477	2849	0.8105	0	0.0
Phyllonorycter_ulicicolella	9868	593508511	4735909959	3120.2611	2770.0	21548	479926.0194	467105.0	1197988	383832.5	432213.4176	0.963	0.9452	952.0	3225	3.0598	24	0.0024	6510	0.6597	16.6266	207	0.021	1801	0.1825	7860	0.7965	0	0.0
Phylloscopus_collybita	28730	1238569145	8066507111	5681.0876	4672.0	87879	280769.4783	173179.0	1194993	138697.0	233136.4361	0.924	0.9119	904.0	904	31.781	21	0.0007	8886	0.3093	23.1961	234	0.0081	10854	0.3778	17642	0.6141	0	0.0
Phylloscopus_proregulus	22325	1227539506	6911009359	5465.746	3856.0	133614	309563.6891	173371.0	1197841	158689.0	275855.007	0.936	0.927	936.0	912	24.4792	23	0.001	8258	0.3699	18.1868	137	0.0061	7411	0.332	14777	0.6619	0	0.0
Phylloscopus_trochilus	22719	1210368369	6854343984	6397.9738	4150.0	159244	301700.9544	174883.0	1198749	156689.0	261426.8931	0.928	0.9222	928.0	718	31.6421	39	0.0017	8021	0.3531	18.7703	167	0.0074	7516	0.3308	15036	0.6618	0	0.0
Phymatocera_aterrima	1497	259659326	373423159	5835.3814	3813.0	110657	249447.668	154286.0	1178368	121866.0	222600.2552	0.931	0.8977	938.0	400	3.7425	7	0.0047	491	0.328	5.7652	33	0.022	642	0.4289	821	0.5484	1	0.0007
Phymatodes_testaceus	5042	454884453	2076236664	3187.9582	2616.0	39744	411788.311	318694.5	1198984	279280.0	378870.2576	0.951	0.9296	950.0	1398	3.6066	92	0.0182	2899	0.575	11.0841	185	0.0367	1119	0.2219	3730	0.7398	8	0.0016
Physeter_catodon	129829	2714799743	59226400639	4474.1112	3535.0	326663	456187.7596	399142.0	1199917	321076.0	407842.4427	0.89	0.8908	874.0	1044	124.3573	0	0.0	77663	0.5982	47.8227	172	0.0013	24875	0.1916	104782	0.8071	0	0.0
Physocephala_rufipes	2394	229600449	678235112	4395.8922	3051.0	89503	283306.2289	164695.0	1189326	144416.5	255982.3216	0.94	0.9066	960.0	582	4.1134	93	0.0388	899	0.3755	10.4268	144	0.0602	834	0.3484	1410	0.589	6	0.0025
Phyto_melanocephala	13477	739693557	6331660345	2765.4437	2412.0	79938	469812.2984	453148.0	1196123	340000.0	406846.1777	0.915	0.9036	906.0	2118	6.3631	12	0.0009	8291	0.6152	18.2197	255	0.0189	2812	0.2087	10409	0.7724	1	0.0001
Phytoecia_cylindrica	5912	818662599	1824464880	4278.929	2968.0	52495	308603.6671	193231.0	1194005	160850.5	285449.889	0.967	0.9356	970.0	2031	2.9109	49	0.0083	2449	0.4142	7.2215	692	0.1171	1576	0.2666	3619	0.6121	25	0.0042
Phytometra_viridaria	761	361139393	168878885	6136.1984	3388.0	52896	221917.0631	74009.0	1127744	35711.0	180704.661	0.978	0.9591	994.0	263	2.8935	51	0.067	220	0.2891	2.1072	178	0.2339	304	0.3995	279	0.3666	0	0.0
Pica_pica	17050	1259630243	4809982987	8962.2146	5707.5	299237	282110.4391	173159.0	1198256	149143.0	248520.9434	0.975	0.959	972.0	705	24.1844	76	0.0045	5946	0.3487	13.5357	219	0.0128	5862	0.3438	10969	0.6433	0	0.0
Pieris_brassicae	1301	277996811	571642426	4323.1483	3233.0	53988	439386.9531	358520.0	1186612	322246.0	411885.2498	0.965	0.9427	966.0	268	4.8545	0	0.0	775	0.5957	4.6799	16	0.0123	287	0.2206	998	0.7671	0	0.0
Pieris_napi	970	318736101	391123513	3231.5237	2687.5	25650	403220.1165	311857.5	1182051	277907.5	374474.7907	0.972	0.9485	974.0	497	1.9517	32	0.033	543	0.5598	3.0433	76	0.0784	225	0.232	668	0.6887	1	0.001
Pieris_rapae	543	256038108	208928288	3490.4494	3196.0	13132	384766.6446	254597.0	1174753	239176.0	366319.1492	0.985	0.9651	986.0	255	2.1294	20	0.0368	291	0.5359	2.1208	42	0.0773	113	0.2081	388	0.7145	0	0.0
Pilophorus_perplexus	1527	481174008	630264941	3178.0242	2611.0	23881	412747.1781	269919.0	1186445	215801.0	346565.222	0.914	0.8797	876.0	729	2.0947	24	0.0157	791	0.518	3.1735	135	0.0884	425	0.2783	961	0.6293	6	0.0039
Pilosella_aurantiaca	184531	3592207461	81095228993	3672.8771	3109.0	113533	439466.6966	380691.0	1199696	347204.0	416932.7211	0.865	0.8569	880.0	26492	6.9655	138	0.0007	114060	0.6181	51.3698	1309	0.0071	36816	0.1995	146373	0.7932	33	0.0002
Pilosella_officinarum	319033	7687522563	141873347202	3784.4604	3158.0	249169	444698.0319	390708.0	1199727	354999.0	421820.8986	0.868	0.8616	880.0	55988	5.6982	354	0.0011	200547	0.6286	41.5001	2681	0.0084	62506	0.1959	253776	0.7955	70	0.0002
Pimephales_promelas	14642	952611680	5789145785	5207.6626	3763.0	133634	395379.4417	243295.0	1199184	223962.5	356947.5227	0.934	0.91	926.0	1379	10.6178	196	0.0134	7531	0.5143	15.3704	295	0.0201	4600	0.3142	9746	0.6656	1	0.0001
Pimpla_contemplator	1781	243910365	490505861	5817.735	3444.0	244660	275410.3655	199488.0	1192044	152587.0	240378.0949	0.955	0.9509	966.0	200	8.905	0	0.0	495	0.2779	7.3019	19	0.0107	523	0.2937	1233	0.6923	6	0.0034
Pimpla_rufipes	3343	319280891	1086140758	5058.6467	3491.0	204160	324900.0173	213379.0	1182129	186309.0	290140.1442	0.917	0.9152	946.0	822	4.0669	85	0.0254	1522	0.4553	10.4704	270	0.0808	897	0.2683	2168	0.6485	8	0.0024
Pimpla_turionellae	2416	240031984	803613245	6062.6411	3933.5	218489	332621.3762	218415.0	1159086	190988.5	294567.07	0.955	0.9354	960.0	280	8.6286	2	0.0008	1085	0.4491	10.0653	39	0.0161	591	0.2446	1786	0.7392	0	0.0
Piniphila_bifasciana	1638	381679220	731253272	3700.5421	2975.5	29950	446430.569	389817.5	1169791	325539.0	401087.2705	0.9245	0.9055	948.0	423	3.8723	25	0.0153	1030	0.6288	4.2916	67	0.0409	297	0.1813	1274	0.7778	0	0.0
Pipistrellus_nathusii	14337	1899201459	5593363841	6926.23	4186.0	143789	390134.8846	224101.0	1197348	193516.0	325135.4973	0.88	0.8385	846.0	1477	9.7068	4	0.0003	6766	0.4719	7.549	30	0.0021	4074	0.2842	10233	0.7137	0	0.0
Pipistrellus_pipistrellus	12209	1884311084	4594911526	4468.4145	3678.0	124056	376354.4538	211946.0	1192662	192177.0	329224.3888	0.87	0.8647	854.0	1362	8.964	18	0.0015	5654	0.4631	6.4793	45	0.0037	3564	0.2919	8600	0.7044	0	0.0
Pipistrellus_pygmaeus	10382	1875326893	3948546799	4446.6653	3418.0	112637	380326.2184	221693.5	1195611	201463.5	333422.1132	0.89	0.8743	862.0	1495	6.9445	12	0.0012	5041	0.4856	5.5361	37	0.0036	2943	0.2835	7402	0.713	0	0.0
Pisaura_mirabilis	8803	2131732795	3935104888	3948.752	2996.0	109821	447018.6173	399640.0	1199462	339373.0	403568.8385	0.906	0.8828	898.0	3363	2.6176	38	0.0043	5442	0.6182	4.1295	273	0.031	1825	0.2073	6695	0.7605	10	0.0011
Piscicola_geometra	967	168065940	323082507	3682.8604	2635.0	37490	334108.0734	207394.0	1160385	190136.0	293609.1437	0.924	0.9025	912.0	413	2.3414	16	0.0165	460	0.4757	5.7537	17	0.0176	285	0.2947	665	0.6877	0	0.0
Pithanus_maerkelii	10455	749479304	4461165362	3747.0444	2393.0	51533	426701.6128	357167.0	1197452	309694.0	388547.5938	0.916	0.9058	910.0	2040	5.125	68	0.0065	6140	0.5873	13.9497	535	0.0512	2042	0.1953	7872	0.7529	6	0.0006
Plagiochila_carringtonii	17284	643589786	8064552537	3849.0336	3230.5	118734	466590.6351	425670.0	1196984	406450.0	452195.5806	0.882	0.8793	886.0	4647	3.7194	4	0.0002	11938	0.6907	26.8556	109	0.0063	2902	0.1679	14273	0.8258	0	0.0
Plagiodera_versicolora	2385	233074416	938741354	3552.4302	2547.0	98865	393602.2449	280049.0	1188248	259861.0	369684.2465	0.95	0.9214	950.0	656	3.6357	14	0.0059	1334	0.5593	10.2328	53	0.0222	533	0.2235	1798	0.7539	1	0.0004
Plagiothecium_denticulatum	7867	397878348	3070239329	4034.9595	3293.0	71663	390268.1237	297919.0	1187614	281796.0	376174.6009	0.938	0.9233	940.0	2254	3.4902	16	0.002	4490	0.5707	19.7724	79	0.01	2027	0.2577	5761	0.7323	0	0.0
Plagodis_dolabraria	14928	936617277	7664085612	4048.3995	3641.0	48687	513403.377	523913.5	1198799	418717.0	458868.4369	0.965	0.9553	974.0	2851	5.2361	4	0.0003	10430	0.6987	15.9382	347	0.0232	2406	0.1612	12168	0.8151	7	0.0005
Plagodis_pulveraria	4834	930463850	1890038126	3809.4826	3004.0	24788	390988.4415	249869.0	1179639	220024.0	330195.7367	0.933	0.9286	932.0	2104	2.2975	5	0.001	2496	0.5163	5.1953	333	0.0689	1398	0.2892	3095	0.6403	8	0.0017
Planococcus_citri	1031	403600038	419243410	3388.1901	2300.0	56598	406637.6431	315611.0	1190185	278095.0	369391.0921	0.875	0.871	924.0	545	1.8917	152	0.1474	584	0.5664	2.5545	66	0.064	251	0.2435	714	0.6925	0	0.0
Platalea_leucorodia	8011	1285465933	2475402698	6124.9653	3536.0	178646	309000.4616	199190.0	1180008	169246.0	273524.1691	0.935	0.927	934.0	946	8.4683	2	0.0002	3400	0.4244	6.232	60	0.0075	2651	0.3309	5300	0.6616	0	0.0
Platanus_x_hispanica	36352	1732541731	17259007261	3451.3533	2940.0	76363	474774.6276	440955.0	1198910	413017.5	456487.233	0.892	0.8879	896.0	7261	5.0065	3	0.0001	25114	0.6909	20.9819	313	0.0086	6044	0.1663	29994	0.8251	1	0.0
Platichthys_flesus	3757	591959055	1476864119	3667.7245	3005.0	24903	393096.6513	301605.0	1165552	270042.0	365246.4738	0.967	0.9521	962.0	415	9.053	0	0.0	2116	0.5632	6.3467	47	0.0125	850	0.2262	2860	0.7612	0	0.0
Platismatia_glauca	19	17219878	5949163	5307.4737	4432.0	9719	313113.8421	92513.0	1168909	73092.0	302520.7368	0.961	0.9352	952.0	14	1.3571	0	0.0	7	0.3684	1.1034	0	0.0	11	0.5789	8	0.4211	0	0.0
Platycephala_planifrons	21001	718756504	8677045247	4254.1835	3268.0	90084	413172.9559	321082.0	1192775	285006.0	382381.2854	0.945	0.934	950.0	3924	5.3519	15	0.0007	12109	0.5766	29.2185	376	0.0179	5106	0.2431	15515	0.7388	4	0.0002
Platycheirus_albimanus	12803	675021747	4862506896	3565.9047	2932.0	80926	379794.337	245740.0	1192389	229727.0	350363.9127	0.936	0.9213	934.0	2693	4.7542	74	0.0058	6649	0.5193	18.9668	375	0.0293	3206	0.2504	9206	0.7191	16	0.0012
Platycheirus_rosarum	26437	753344199	11499105730	3015.6352	2738.0	49636	434962.5801	372965.0	1195913	326594.0	401398.488	0.95	0.9379	942.0	1850	14.2903	120	0.0045	15960	0.6037	35.0929	402	0.0152	6036	0.2283	19991	0.7562	8	0.0003
Platycnemis_pennipes	11978	1789751796	4483022371	3467.8274	2775.0	110408	374271.3617	252244.0	1199492	235400.5	348278.5571	0.926	0.9153	924.0	4014	2.9841	112	0.0094	6341	0.5294	6.6925	293	0.0245	3426	0.286	8255	0.6892	4	0.0003
Platydracus_latebricola	8270	1315996599	2455704898	4466.8462	3187.0	66069	296941.342	158156.0	1186330	134087.5	272218.5021	0.925	0.9103	916.0	2734	3.0249	47	0.0057	3497	0.4229	6.2842	1080	0.1306	2629	0.3179	4531	0.5479	30	0.0036
Platyedra_subcinerea	2003	555606200	968944322	3468.0689	2717.0	34777	483746.5412	470962.0	1192203	316241.0	396406.33	0.944	0.9196	928.0	954	2.0996	71	0.0354	1243	0.6206	3.6051	130	0.0649	414	0.2067	1457	0.7274	2	0.001
Platyptilia_gonodactyla	21033	1236541358	9928663796	3591.991	2878.0	74461	472051.7185	442577.0	1198957	383359.0	437518.0728	0.967	0.9535	966.0	6078	3.4605	52	0.0025	13882	0.66	17.0095	705	0.0335	3645	0.1733	16678	0.7929	5	0.0002
Platypus_cylindrus	3021	143828029	1122734105	4171.6743	2727.0	143653	371643.1993	234120.0	1189108	218668.0	343020.3678	0.924	0.9193	926.0	222	13.6081	1	0.0003	1533	0.5074	21.0043	28	0.0093	786	0.2602	2207	0.7306	0	0.0
Platyrhinus_resinosus	12237	758885412	3739244628	4266.9248	3083.0	126349	305568.7365	202454.0	1198194	146675.0	255548.1514	0.918	0.9042	908.0	1868	6.5509	278	0.0227	4319	0.3529	16.125	440	0.036	4149	0.3391	7638	0.6242	10	0.0008
Platystomos_albinus	6340	555311420	2763045679	3858.9093	2953.0	45103	435811.6213	373303.0	1191645	315199.5	387868.0565	0.906	0.8969	910.0	1581	4.0101	18	0.0028	3724	0.5874	11.417	335	0.0528	1361	0.2147	4637	0.7314	7	0.0011
Platytes_cerussella	4904	600788816	2022723575	4588.9568	2912.0	75338	412464.0243	310256.0	1186611	254555.5	358334.5037	0.97	0.9473	960.0	1560	3.1436	19	0.0039	2730	0.5567	8.1626	182	0.0371	1146	0.2337	3574	0.7288	2	0.0004
Plebejus_argus	1825	381092320	896566953	3146.7671	2417.0	27716	491269.5633	485493.0	1189050	413247.0	449793.1633	0.967	0.9532	970.0	842	2.1675	6	0.0033	1234	0.6762	4.7889	73	0.04	322	0.1764	1429	0.783	1	0.0005
Plecotus_auritus	56278	2160203719	25246626321	3434.8772	2772.0	97552	448605.6065	385050.5	1198240	313910.0	405267.5517	0.909	0.9001	890.0	3112	18.0842	21	0.0004	33105	0.5882	26.0522	156	0.0028	11504	0.2044	44617	0.7928	1	0.0
Plemyria_rubiginata	1165	355725926	565290888	4461.7451	3109.0	42460	485228.23	418777.0	1175101	310088.0	422111.8326	0.987	0.9535	986.0	445	2.618	85	0.073	683	0.5863	3.275	43	0.0369	249	0.2137	873	0.7494	0	0.0
Pleuronectes_platessa	5422	659822668	1681607184	4152.8954	3165.5	103791	310145.1833	196666.0	1192024	164048.5	273816.1125	0.908	0.8991	944.0	683	7.9385	15	0.0028	2225	0.4104	8.2174	153	0.0282	1693	0.3122	3575	0.6594	1	0.0002
Pleurotus_eryngii	978	48899992	351727422	4647.953	3926.5	19800	359639.4908	273907.0	1181915	261258.0	347176.1462	0.927	0.919	922.0	272	3.5956	0	0.0	550	0.5624	20.0	13	0.0133	273	0.2791	692	0.7076	0	0.0
Pleurotus_ostreatus	1780	40426685	755774285	4887.6809	4951.0	39071	424592.2949	375331.5	1176172	360061.5	412203.1135	0.971	0.963	964.0	118	15.0847	0	0.0	1105	0.6208	44.0303	33	0.0185	418	0.2348	1329	0.7466	0	0.0
Pleurozia_purpurea	133516	1095188332	48836396248	4537.8468	3996.0	116487	365771.8644	215987.5	1198578	204864.5	341961.4973	0.921	0.9109	910.0	6783	19.6839	41	0.0003	64342	0.4819	121.9115	836	0.0063	35025	0.2623	97652	0.7314	3	0.0
Plodia_interpunctella	95	278357585	37509209	3280.7053	2799.0	9181	394833.7789	173018.0	1154724	141472.0	363808.0842	0.99	0.9672	988.0	80	1.1875	0	0.0	45	0.4737	0.3413	25	0.2632	19	0.2	48	0.5053	3	0.0316
Plusia_festucae	757	422256608	309136693	2741.2734	2445.0	14529	408370.7966	352042.0	1186173	314291.0	386529.461	0.958	0.9394	966.0	420	1.8024	6	0.0079	455	0.6011	1.7927	67	0.0885	155	0.2048	535	0.7067	0	0.0
Plusia_putnami	1594	411994718	632446491	3173.9235	2714.5	69936	396766.9329	302141.5	1179165	274987.5	364491.5427	0.954	0.939	954.0	398	4.005	2	0.0013	909	0.5703	3.869	45	0.0282	393	0.2465	1155	0.7246	1	0.0006
Plutella_xylostella	1670	323252780	786333278	3037.5389	2685.0	15223	470858.2503	465110.0	1194971	417915.5	448637.4096	0.9595	0.9413	970.0	800	2.0875	2	0.0012	1098	0.6575	5.1662	106	0.0635	293	0.1754	1271	0.7611	0	0.0
Poa_chaixii	92641	1406708813	40017345666	4479.9346	3746.0	124069	431961.5037	355644.0	1197717	331749.0	412490.1199	0.898	0.8932	906.0	10224	9.0611	21	0.0002	56195	0.6066	65.8566	444	0.0048	18407	0.1987	73787	0.7965	3	0.0
Pocota_personata	40499	835274355	15729444142	4222.7776	4187.0	51184	388390.9267	252788.0	1197793	236501.0	366251.1463	0.95	0.9437	928.0	2377	17.0379	4	0.0001	21253	0.5248	48.4859	380	0.0094	9863	0.2435	30239	0.7467	17	0.0004
Podabrus_alpinus	6028	757828233	2434643018	3634.0934	2839.5	81362	403889.0209	320304.0	1195162	297271.0	385477.293	0.953	0.9323	962.0	2804	2.1498	36	0.006	3547	0.5884	7.9543	171	0.0284	1463	0.2427	4384	0.7273	10	0.0017
Podagrica_fuscicornis	71203	1931931059	33903221472	3114.7013	2520.0	119523	476148.7785	458825.0	1199925	406062.0	445876.7294	0.961	0.9504	962.0	12758	5.581	735	0.0103	47957	0.6735	36.8559	2360	0.0331	11073	0.1555	57282	0.8045	488	0.0069
Poecile_palustris	9469	1187317200	3061258048	5642.6918	4083.0	187498	323292.6442	195382.0	1186441	178365.0	292123.0738	0.931	0.9138	924.0	729	12.989	118	0.0125	3998	0.4222	7.9751	70	0.0074	2716	0.2868	6683	0.7058	0	0.0
Poecilobothrus_nobilitatus	10750	941612394	4567375459	3169.791	2638.0	65572	424872.1357	346868.0	1188290	299288.0	389817.856	0.919	0.9072	916.0	3096	3.4722	59	0.0055	6215	0.5781	11.4166	263	0.0245	2625	0.2442	7861	0.7313	1	0.0001
Poecilus_cupreus	5948	604463480	2116217505	4563.5356	3144.0	54954	355786.3996	218411.5	1188993	199626.5	323055.0114	0.939	0.9187	946.0	1722	3.4541	12	0.002	2911	0.4894	9.8401	265	0.0446	1812	0.3046	3867	0.6501	4	0.0007
Pogonatum_aloides	7691	471681444	3296115881	4421.9317	3398.0	101429	428567.9211	360293.0	1194924	334730.0	408402.0264	0.929	0.9132	928.0	2253	3.4137	0	0.0	4807	0.625	16.3055	40	0.0052	1785	0.2321	5866	0.7627	0	0.0
Pogonocherus_hispidulus	8104	704002725	3429849876	3299.8767	2535.0	195157	423229.2542	362336.5	1187631	336807.5	403319.5364	0.971	0.9426	974.0	2472	3.2783	399	0.0492	4840	0.5972	11.5113	497	0.0613	1635	0.2018	5959	0.7353	13	0.0016
Pogonognathellus_longicornis	954	351522226	257720275	3669.7966	2816.0	41989	270147.0388	168137.5	1171260	151126.0	251995.6184	0.923	0.9025	934.0	413	2.3099	10	0.0105	394	0.413	2.7139	21	0.022	372	0.3899	561	0.5881	0	0.0
Pogonus_chalceus	94147	1094099093	23407093878	6831.5073	5045.0	118265	248622.8332	192613.0	1197189	118019.0	167984.1636	0.885	0.8928	888.0	4145	22.7134	120	0.0013	15433	0.1639	86.0498	1410	0.015	38154	0.4053	54544	0.5793	39	0.0004
Pohlia_annotina	3658	319144738	1154179569	3783.9215	3390.0	26821	315522.0254	169436.5	1198082	159909.0	298029.0566	0.921	0.9115	926.0	961	3.8065	1	0.0003	1562	0.427	11.4619	48	0.0131	1402	0.3833	2208	0.6036	0	0.0
Pohlia_cruda	10071	508497483	4178743656	4148.7979	3571.0	70014	414928.3741	328497.0	1195102	301011.0	393693.2618	0.934	0.925	938.0	2830	3.5587	21	0.0021	6043	0.6	19.8054	85	0.0084	2404	0.2387	7578	0.7525	4	0.0004
Pohlia_nutans	8496	695226163	2956271031	4517.6935	3520.0	88067	347960.3379	221416.5	1197166	208115.5	328933.1741	0.943	0.9319	942.0	2969	2.8616	6	0.0007	4246	0.4998	12.2205	115	0.0135	2924	0.3442	5457	0.6423	0	0.0
Pohlia_wahlenbergii	12447	341362663	5602679350	4035.9093	3563.0	50433	450122.869	411057.0	1196984	382765.0	431200.918	0.93	0.9291	936.0	1718	7.2451	0	0.0	8065	0.6479	36.4627	73	0.0059	2619	0.2104	9755	0.7837	0	0.0
Polemochartus_liparae	3987	183415894	1611738368	3800.9147	3138.0	82923	404248.3993	298782.0	1194687	277503.0	385546.5237	0.939	0.9176	944.0	616	6.4724	16	0.004	2229	0.5591	21.7375	106	0.0266	848	0.2127	3033	0.7607	0	0.0
Polia_nebulosa	10345	1005340253	4877870349	3442.9651	2840.0	35050	471519.6084	446239.0	1190483	357846.0	421748.7722	0.957	0.9398	942.0	3475	2.977	78	0.0075	6594	0.6374	10.29	263	0.0254	2085	0.2015	7994	0.7727	3	0.0003
Polietes_domitor	9908	1007989538	4013433735	2960.3547	2480.0	109027	405070.0177	236176.5	1195670	209658.0	337073.0212	0.911	0.8864	882.0	3753	2.64	19	0.0019	4942	0.4988	9.8295	215	0.0217	2751	0.2777	6935	0.6999	7	0.0007
Polietes_lardarius	28433	1225248468	10575100254	2832.0479	2321.0	209313	371930.5122	215159.0	1199655	202264.0	329737.2998	0.908	0.8984	894.0	4633	6.1371	49	0.0017	13788	0.4849	23.2059	599	0.0211	8098	0.2848	19729	0.6939	7	0.0002
Polietes_meridionalis	22846	1197648592	8696761059	3523.5556	2775.0	292380	380668.8724	231763.5	1195431	201687.0	329888.5418	0.926	0.9142	924.0	2883	7.9244	53	0.0023	10961	0.4798	19.0757	392	0.0172	6114	0.2676	16332	0.7149	8	0.0004
Polistichus_connexus	5609	396411437	2150203065	5184.8615	3679.0	78529	383348.7369	253577.0	1197680	227733.0	335143.9695	0.953	0.9363	954.0	879	6.3811	6	0.0011	2949	0.5258	14.1494	146	0.026	1320	0.2353	4132	0.7367	11	0.002
Pollachius_pollachius	1672	582227810	631967686	6057.012	3544.0	108319	377971.1041	242619.0	1191112	215579.0	319213.951	0.938	0.9234	926.0	422	3.9621	0	0.0	853	0.5102	2.8717	10	0.006	452	0.2703	1210	0.7237	0	0.0
Pollenia_amentaria	19993	1270038914	8038913570	3312.1401	2768.0	33942	402086.4087	301325.0	1198468	270833.0	371798.138	0.949	0.9316	944.0	3735	5.3529	48	0.0024	11153	0.5578	15.742	734	0.0367	4847	0.2424	14410	0.7208	2	0.0001
Pollenia_angustigena	15066	1367342395	5724872005	3908.828	3011.0	55663	379986.1944	246887.0	1191669	228493.5	349681.8	0.954	0.9381	956.0	3764	4.0027	65	0.0043	7800	0.5177	11.0185	988	0.0656	3640	0.2416	10430	0.6923	8	0.0005
Pollenia_griseotomentosa	10014	1044852664	3818767115	3353.408	2951.0	27137	381342.8315	255781.5	1195200	234280.0	353767.683	0.924	0.9212	930.0	2252	4.4467	85	0.0085	5240	0.5233	9.5841	537	0.0536	2639	0.2635	6834	0.6824	4	0.0004
Pollenia_labialis	6820	901937001	2383609705	3310.8795	2808.0	26574	349502.8893	218360.0	1191627	208811.0	324758.7113	0.94	0.9261	940.0	1562	4.3662	7	0.001	3411	0.5001	7.5615	377	0.0553	1861	0.2729	4580	0.6716	2	0.0003
Pollenia_pediculata	10079	1155600256	3780692766	3269.5232	2715.0	99722	375105.9397	240706.0	1192875	223439.0	342571.2114	0.945	0.9298	954.0	2920	3.4517	193	0.0191	5198	0.5157	8.7219	681	0.0676	2663	0.2642	6726	0.6673	9	0.0009
Polyblastus_varitarsus	6677	335360408	2818240333	3628.0425	2540.0	48376	422081.8231	371465.0	1197975	333280.0	393469.8096	0.958	0.9395	958.0	1486	4.4933	114	0.0171	4064	0.6087	19.9099	248	0.0371	1392	0.2085	5031	0.7535	6	0.0009
Polycarpa_mamillaris	14213	623224774	5722067059	4071.4063	2966.0	75169	402593.8971	305048.0	1197406	268475.0	368198.1523	0.93	0.9158	926.0	3298	4.3096	68	0.0048	8113	0.5708	22.8056	214	0.0151	3394	0.2388	10604	0.7461	1	0.0001
Polycarpon_tetraphyllum	29445	1252289818	13640473242	4125.6694	3384.0	91036	463252.6148	423022.0	1196106	387412.0	439192.0518	0.896	0.8921	904.0	5135	5.7342	6	0.0002	19739	0.6704	23.5129	182	0.0062	4964	0.1686	24291	0.825	8	0.0003
Polycera_quadrilineata	3602	864708660	1406141806	4482.3573	3256.0	98626	390378.0694	218352.0	1189451	189583.0	329898.598	0.914	0.8978	874.0	1363	2.6427	3	0.0008	1707	0.4739	4.1656	63	0.0175	1167	0.324	2372	0.6585	0	0.0
Polydesmus_denticulatus	6870	279370540	2488663560	7024.2949	4350.0	51346	362250.8821	219867.0	1197083	193163.0	322186.0026	0.934	0.9213	924.0	697	9.8565	5	0.0007	3132	0.4559	24.591	61	0.0089	1805	0.2627	4999	0.7277	5	0.0007
Polydrusus_cervinus	7696	713317109	2931167720	3606.2282	2831.0	56859	380868.9865	265291.5	1195675	244353.0	352158.0327	0.964	0.9514	968.0	1714	4.4901	9	0.0012	4148	0.539	10.789	504	0.0655	1776	0.2308	5411	0.7031	5	0.0006
Polydrusus_formosus	4263	752008324	2009477400	2852.6329	2287.0	38582	471376.3547	438530.0	1191641	410198.0	454295.1689	0.951	0.9336	956.0	2358	1.8079	283	0.0664	2954	0.6929	5.6688	100	0.0235	744	0.1745	3419	0.802	0	0.0
Polydrusus_impressifrons	6267	566782250	2338812414	4314.3381	2937.0	294698	373194.8961	249617.0	1179380	225544.0	338549.7165	0.942	0.9285	938.0	1582	3.9614	170	0.0271	3293	0.5255	11.0572	438	0.0699	1646	0.2626	4176	0.6663	7	0.0011
Polydrusus_pterygomalis	9316	1050938107	3189212858	3537.5648	2858.5	85745	342337.1466	213895.5	1190728	183548.0	301717.4188	0.968	0.9436	964.0	2868	3.2483	45	0.0048	4117	0.4419	8.8645	842	0.0904	2158	0.2316	6301	0.6764	15	0.0016
Polydrusus_tereticollis	21720	1394909070	7908968010	4780.2744	2922.0	135345	364132.9655	227888.5	1198665	205571.5	337576.7652	0.974	0.9516	974.0	6164	3.5237	467	0.0215	10686	0.492	15.5709	1948	0.0897	4788	0.2204	14309	0.6588	675	0.0311
Polygala_serpyllifolia	14095	334869082	5114521028	4338.6525	3228.0	107842	362860.6618	218741.0	1199198	204401.0	332623.2467	0.893	0.8893	884.0	1719	8.1995	95	0.0067	6885	0.4885	42.0911	117	0.0083	3895	0.2763	10083	0.7154	0	0.0
Polygonia_c_album	3155	363376807	1608672536	2397.4748	2057.0	27165	509880.3601	516005.0	1192357	418749.0	453255.9312	0.934	0.9331	910.0	425	7.4235	1	0.0003	2225	0.7052	8.6824	44	0.0139	508	0.161	2603	0.825	0	0.0
Polygonum_aviculare	13962	345370174	5495833471	4750.4127	3909.5	67826	393627.9524	272871.5	1196553	254799.0	372370.9628	0.887	0.8871	900.0	1178	11.8523	4	0.0003	7583	0.5431	40.4262	78	0.0056	3285	0.2353	10599	0.7591	0	0.0
Polygonum_maritimum	19227	428562264	7283420801	4860.6233	3944.0	68395	378812.1288	239438.0	1199625	222265.0	349864.1588	0.896	0.8978	912.0	1464	13.1332	1	0.0001	9814	0.5104	44.864	114	0.0059	4822	0.2508	14291	0.7433	0	0.0
Polymixis_flavicincta	4614	764303200	2180385331	3271.5902	2691.5	82583	472558.5893	463133.5	1186374	384853.0	427911.2315	0.968	0.9548	966.0	2027	2.2763	12	0.0026	3013	0.653	6.0369	191	0.0414	843	0.1827	3576	0.775	4	0.0009
Polymixis_lichenea	3827	716283137	1798253880	3388.5417	3374.0	28215	469886.0413	446964.0	1193985	364698.0	428099.2015	0.991	0.9638	984.0	1508	2.5378	6	0.0016	2452	0.6407	5.3429	127	0.0332	749	0.1957	2951	0.7711	0	0.0
Polyommatus_icarus	1632	511228197	564525203	4018.1648	2828.0	25841	345910.0509	180671.5	1193394	161086.5	310527.6348	0.968	0.9394	972.0	893	1.8275	11	0.0067	756	0.4632	3.1923	166	0.1017	492	0.3015	967	0.5925	7	0.0043
Polyploca_ridens	3274	477718058	1681125020	2978.1927	2533.0	26613	513477.4038	514716.5	1184995	437815.5	472171.876	0.944	0.9247	950.0	1530	2.1399	14	0.0043	2354	0.719	6.8534	46	0.0141	497	0.1518	2731	0.8341	0	0.0
Polypogon_plumigeralis	2843	636512205	1021197327	6060.5867	3216.0	83744	359197.09	229140.0	1188315	210570.0	329858.5941	0.973	0.9425	968.0	1000	2.843	2	0.0007	1444	0.5079	4.4665	128	0.045	661	0.2325	2054	0.7225	0	0.0
Polypogon_viridis	158118	2845314821	69471899252	4369.5858	3643.0	267619	439367.4297	375734.0	1199702	354412.5	423006.2608	0.918	0.907	926.0	22709	6.9628	23	0.0001	99582	0.6298	55.5714	766	0.0048	30419	0.1924	126931	0.8028	2	0.0
Polytribax_perspicillator	4669	314139934	1488600058	5953.0499	4180.0	152609	318826.3136	218721.0	1194557	174181.0	270409.9871	0.969	0.9482	972.0	660	7.0742	10	0.0021	1877	0.402	14.8628	93	0.0199	1266	0.2712	3309	0.7087	1	0.0002
Polytrichastrum_alpinum	9345	516416802	3949149410	4545.3566	3342.0	141564	422594.9074	353562.0	1193591	325761.0	400413.0665	0.93	0.9186	934.0	3036	3.0781	3	0.0003	5868	0.6279	18.0958	60	0.0064	1994	0.2134	7289	0.78	2	0.0002
Polytrichastrum_sexangulare	16645	790745714	8173484262	4573.7086	4490.0	76795	491047.4174	476054.0	1198581	433408.0	465337.3204	0.987	0.9581	980.0	3759	4.428	1	0.0001	11671	0.7012	21.0498	155	0.0093	3025	0.1817	13465	0.809	0	0.0
Polytrichum_commune	5951	406388904	1870917108	3907.8346	3326.0	39551	314387.0119	176478.0	1176369	165857.0	296718.0323	0.942	0.9315	942.0	1279	4.6529	4	0.0007	2632	0.4423	14.6436	88	0.0148	2218	0.3727	3644	0.6123	1	0.0002
Polytrichum_formosum	8537	477972470	3761668429	7163.0025	5057.0	116064	440631.1853	378509.0	1197072	346849.0	416830.1491	0.976	0.9542	962.0	1878	4.5458	14	0.0016	5387	0.631	17.8609	129	0.0151	1842	0.2158	6564	0.7689	2	0.0002
Polytrichum_juniperinum	2681	374264716	850584565	4004.8139	3294.0	43180	317263.9183	164536.0	1189128	147406.0	299585.511	0.921	0.9137	930.0	1024	2.6182	0	0.0	1174	0.4379	7.1634	42	0.0157	1146	0.4275	1492	0.5565	1	0.0004
Polytrichum_piliferum	4042	434869765	1667460944	4458.5257	3371.0	61012	412533.6329	326143.0	1198773	294634.5	392704.432	0.925	0.9179	924.0	1463	2.7628	2	0.0005	2382	0.5893	9.2947	31	0.0077	1097	0.2714	2913	0.7207	1	0.0002
Polytrichum_strictum	3021	326386283	959893898	4019.9338	3476.0	49856	317740.4495	155814.0	1193408	143920.0	297667.7001	0.912	0.9081	930.0	757	3.9908	23	0.0076	1294	0.4283	9.2559	43	0.0142	1238	0.4098	1740	0.576	0	0.0
Pomatias_elegans	7858	1065355660	3640840967	3823.7336	3147.0	25451	463329.2144	438499.5	1198061	417180.0	447424.9075	0.945	0.9303	942.0	2531	3.1047	10	0.0013	5344	0.6801	7.3759	412	0.0524	1246	0.1586	6199	0.7889	1	0.0001
Pontederia_cordata	23190	551599706	9312861774	4282.7857	3469.0	56840	401589.5547	282360.5	1198939	253428.5	372882.0043	0.884	0.8805	878.0	1689	13.73	1	0.0	12564	0.5418	42.0414	102	0.0044	5222	0.2252	17866	0.7704	0	0.0
Populicerus_laminatus	66940	1906550275	29572129261	4536.1743	3687.5	220396	441770.6791	359672.0	1199271	293761.0	389276.1723	0.94	0.9245	914.0	5158	12.9779	338	0.005	38385	0.5734	35.1105	2944	0.044	14722	0.2199	49202	0.735	72	0.0011
Populus_alba	6467	407509333	2218446109	4975.9335	3222.0	124615	343040.9941	224607.0	1193821	205755.0	310888.173	0.918	0.9124	920.0	799	8.0939	1	0.0002	3212	0.4967	15.8696	55	0.0085	1835	0.2837	4577	0.7077	0	0.0
Populus_nigra	8547	413261214	3150378643	6873.7041	4346.0	98672	368594.6698	224091.0	1195389	195080.0	317289.2329	0.957	0.9359	922.0	834	10.2482	0	0.0	3990	0.4668	20.6818	41	0.0048	2213	0.2589	6293	0.7363	0	0.0
Populus_tremula	5707	396049590	2020814830	4647.0179	3113.0	94706	354094.0652	231516.0	1198393	211413.0	325447.4055	0.902	0.8926	910.0	925	6.1697	0	0.0	2929	0.5132	14.4098	58	0.0102	1531	0.2683	4118	0.7216	0	0.0
Porella_arboris_vitae	44940	1196071408	20162682803	4433.5914	3589.0	251850	448657.8283	388174.0	1199156	359551.0	426676.1761	0.893	0.8837	882.0	8169	5.5013	611	0.0136	28965	0.6445	37.573	411	0.0091	8403	0.187	36087	0.803	39	0.0009
Poromitra_crassiceps	9579	1492446395	3580373765	3931.5112	2909.0	381965	373773.2295	243869.0	1193193	224084.0	334733.3975	0.938	0.9145	924.0	3786	2.5301	197	0.0206	4971	0.5189	6.4183	383	0.04	2723	0.2843	6469	0.6753	4	0.0004
Porpolomopsis_calyptriformis	1325	33241502	458800128	4262.2506	3651.0	31949	346264.2475	235042.0	1181104	224215.0	334999.4128	0.905	0.9041	908.0	220	6.0227	0	0.0	684	0.5162	39.8598	15	0.0113	416	0.314	894	0.6747	0	0.0
Portevinia_maculata	22380	1122141887	10945735780	3307.6135	2707.0	193776	489085.6023	474788.5	1193663	415044.0	454479.434	0.955	0.9458	950.0	5165	4.333	29	0.0013	15288	0.6831	19.944	317	0.0142	3897	0.1741	18158	0.8113	8	0.0004
Potamogeton_compressus	6089	292760107	2798350497	3529.0652	2681.0	110507	459574.7244	415646.0	1192911	380901.0	437099.2114	0.889	0.8841	892.0	1155	5.2719	1	0.0002	4097	0.6729	20.7986	13	0.0021	1074	0.1764	5002	0.8215	0	0.0
Potamogeton_crispus	10127	481002773	4523952378	5670.5521	2902.0	243994	446721.8701	370960.0	1198360	324004.0	407243.7057	0.892	0.8844	902.0	1812	5.5889	0	0.0	6281	0.6202	21.0539	51	0.005	1934	0.191	8142	0.804	0	0.0
Potamogeton_epihydrus	3805	255538738	1522716946	5622.1671	2931.0	79010	400188.4221	308467.0	1185646	267673.0	366672.7679	0.909	0.8956	910.0	925	4.1135	1	0.0003	2188	0.575	14.8901	28	0.0074	888	0.2334	2889	0.7593	0	0.0
Potamogeton_lucens	14382	587863171	6580704966	3529.4876	2763.5	71902	457565.3571	419257.5	1193630	393068.5	438527.3488	0.885	0.8817	892.0	2664	5.3986	16	0.0011	9663	0.6719	24.4649	71	0.0049	2582	0.1795	11727	0.8154	2	0.0001
Potamogeton_natans	13262	659761993	5861049952	7321.0014	3239.5	137439	441943.1422	342750.0	1196723	295501.5	390296.9701	0.916	0.904	926.0	2351	5.641	0	0.0	7819	0.5896	20.1012	95	0.0072	2812	0.212	10355	0.7808	0	0.0
Potamogeton_nodosus	14157	579787895	6151816875	4134.0071	2811.0	132767	434542.4083	365249.0	1199093	333110.0	407516.1815	0.898	0.8922	908.0	2325	6.089	12	0.0008	8956	0.6326	24.4176	87	0.0061	2799	0.1977	11271	0.7961	0	0.0
Potamogeton_perfoliatus	13115	643360711	5958804007	5359.3065	2871.0	191437	454350.2865	399342.0	1197644	359289.0	421757.065	0.883	0.8765	892.0	2382	5.5059	23	0.0018	8528	0.6502	20.3851	81	0.0062	2450	0.1868	10584	0.807	0	0.0
Potamogeton_pusillus	3314	271268864	1481708868	4464.8011	2662.0	89140	447105.8745	394857.5	1187354	357258.0	422206.8253	0.885	0.8848	892.0	964	3.4378	4	0.0012	2185	0.6593	12.2167	29	0.0088	596	0.1798	2689	0.8114	0	0.0
Potamogeton_trichoides	5594	300572070	2476684653	4596.6906	2730.0	67044	442739.4803	380189.5	1184943	341562.0	414667.0989	0.899	0.8933	904.0	1164	4.8058	2	0.0004	3624	0.6478	18.6112	33	0.0059	1059	0.1893	4502	0.8048	0	0.0
Potentilla_anglica	46914	1193412966	19166515881	4100.4865	3366.0	64231	408545.7621	246676.0	1198644	229540.5	363020.7323	0.891	0.8849	894.0	5392	8.7007	7	0.0001	24267	0.5173	39.3108	298	0.0064	11330	0.2415	35286	0.7521	0	0.0
Potentilla_anserina	5643	223883763	2521953303	3432.3057	2836.0	28643	446917.1191	396996.0	1194300	380468.0	431329.6474	0.877	0.8646	894.0	849	6.6466	0	0.0	3715	0.6583	25.205	32	0.0057	1055	0.187	4556	0.8074	0	0.0
Potentilla_indica	26972	1515139999	11524995815	4094.5283	3235.0	113985	427294.8174	349544.5	1199363	318600.5	401002.8759	0.874	0.877	886.0	6233	4.3273	16	0.0006	16433	0.6093	17.8017	175	0.0065	5403	0.2003	21393	0.7932	1	0.0
Potentilla_sterilis	51045	735877174	21585729038	4118.2754	3533.0	80582	422876.4627	331404.0	1197911	302021.0	398690.4004	0.909	0.898	908.0	4767	10.708	2	0.0	29430	0.5766	69.3662	220	0.0043	10941	0.2143	39882	0.7813	2	0.0
Prays_fraxinella	1699	366199974	745927261	3976.3955	3032.0	27232	439039.0	369530.0	1193826	282640.0	375127.8852	0.983	0.9606	974.0	753	2.2563	5	0.0029	992	0.5839	4.6395	78	0.0459	345	0.2031	1273	0.7493	3	0.0018
Primula_farinosa	115474	1452631987	49981356400	3749.7678	3036.0	130258	432836.4515	361936.0	1198948	327044.0	408721.4639	0.878	0.8759	872.0	9866	11.7042	51	0.0004	69226	0.5995	79.4929	550	0.0048	23495	0.2035	91426	0.7917	3	0.0
Primula_scotica	171112	2587644090	75159408168	3480.0381	2994.0	49927	439241.0127	378968.5	1199515	345352.0	416742.1948	0.864	0.8609	856.0	16136	10.6044	46	0.0003	105711	0.6178	66.1266	753	0.0044	33488	0.1957	136867	0.7999	4	0.0
Primula_veris	19843	435698996	9283427342	5418.3753	4358.0	55538	467843.942	413671.0	1197372	377693.0	438140.3377	0.92	0.9101	906.0	1814	10.9388	68	0.0034	12992	0.6547	45.5429	96	0.0048	3271	0.1648	16476	0.8303	0	0.0
Primula_vulgaris	17882	410965290	8740979269	4189.559	3915.0	25530	488814.4094	459678.0	1198764	435719.0	471796.3332	0.92	0.908	918.0	1848	9.6764	27	0.0015	12742	0.7126	43.5122	78	0.0044	2566	0.1435	15238	0.8521	0	0.0
Priocnemis_perturbator	11667	368413862	3614700031	5258.2805	4017.0	282566	309822.5792	208970.0	1197621	156406.0	242987.9298	0.857	0.8631	874.0	1229	9.4931	115	0.0099	3582	0.307	31.6682	126	0.0108	3198	0.2741	8343	0.7151	0	0.0
Prionocera_turcica	6045	445954707	2168295791	3862.9929	2932.0	77691	358692.4385	222553.0	1186630	200912.0	329142.0586	0.929	0.9181	934.0	1082	5.5869	4	0.0007	2936	0.4857	13.5552	99	0.0164	1906	0.3153	4039	0.6682	1	0.0002
Prionocyphon_serricornis	2307	418653481	682158179	6391.4339	3761.0	176436	295690.5847	193291.0	1191949	160222.0	266075.4348	0.982	0.9582	978.0	594	3.8838	28	0.0121	946	0.4101	5.5105	298	0.1292	562	0.2436	1444	0.6259	3	0.0013
Prionychus_ater	4493	376272374	1322002975	5198.043	3661.0	54532	294236.1396	189593.0	1186971	169338.0	270987.1509	0.984	0.9724	990.0	842	5.3361	2	0.0004	1821	0.4053	11.9408	37	0.0082	1372	0.3054	3084	0.6864	0	0.0
Prociphilus_bumeliae	16331	858579994	7588097341	3684.312	2744.0	148155	464643.7659	416999.0	1198018	317264.0	403792.6673	0.978	0.96	972.0	1504	10.8584	63	0.0039	9885	0.6053	19.0209	199	0.0122	3429	0.21	12702	0.7778	1	0.0001
Procloeon_bifidum	673	200233708	167194444	3992.1248	3171.0	22537	248431.5661	153546.0	1135469	131667.0	232751.3462	0.952	0.9273	946.0	240	2.8042	11	0.0163	253	0.3759	3.3611	62	0.0921	213	0.3165	396	0.5884	2	0.003
Promethes_sulcator	3794	276336600	1483888261	3627.4599	2963.0	41770	391114.4599	301649.0	1193375	273461.5	368632.4644	0.925	0.9137	936.0	835	4.5437	132	0.0348	2182	0.5751	13.7296	63	0.0166	1012	0.2667	2719	0.7167	0	0.0
Propylea_quattuordecimpunctata	5289	575812738	1705086727	3935.8003	2886.0	60501	322383.5748	191519.0	1190955	164285.0	292487.6703	0.957	0.9375	956.0	2054	2.575	193	0.0365	2337	0.4419	9.1853	527	0.0996	1590	0.3006	3158	0.5971	14	0.0026
Prosena_siberita	12528	523657118	4919891984	3717.5894	2875.0	115393	392711.6845	214026.0	1193052	190251.0	320613.8571	0.934	0.9141	882.0	1676	7.4749	25	0.002	5802	0.4631	23.9241	242	0.0193	3719	0.2969	8567	0.6838	0	0.0
Protarchanara_brevilinea	2537	638683854	1063465852	3979.6358	2795.0	49568	419182.4407	335797.0	1191205	265024.0	363661.7367	0.983	0.9631	986.0	1122	2.2611	28	0.011	1489	0.5869	3.9722	110	0.0434	550	0.2168	1877	0.7399	0	0.0
Protocalliphora_azurea	11074	873782523	4468513135	3767.0965	2910.5	85984	403513.9186	310483.5	1198525	271843.0	369144.6015	0.939	0.9225	934.0	2031	5.4525	39	0.0035	6228	0.5624	12.6736	335	0.0303	2753	0.2486	7972	0.7199	14	0.0013
Protoclythia_modesta	10535	624062398	3529546018	3625.9396	2950.0	51360	335030.4716	201774.0	1196343	156718.0	265682.345	0.897	0.8858	916.0	1634	6.4474	25	0.0024	3424	0.325	16.8813	198	0.0188	3214	0.3051	7123	0.6761	0	0.0
Protodeltote_pygarga	2060	421102547	1041675026	2400.2165	2162.0	14842	505667.4883	505307.0	1196218	436388.0	469326.6767	0.969	0.9446	958.0	455	4.5275	7	0.0034	1462	0.7097	4.8919	49	0.0238	333	0.1617	1678	0.8146	0	0.0
Protonemura_montana	1959	254953540	643581960	4621.0255	3681.0	20299	328525.758	206806.0	1187762	172924.0	271907.0271	0.939	0.9211	914.0	487	4.0226	8	0.0041	761	0.3885	7.6838	41	0.0209	550	0.2808	1368	0.6983	0	0.0
Protophormia_terraenovae	4934	783474979	1705028890	3734.8906	2741.0	58631	345567.2659	202389.0	1193996	162625.5	295631.1169	0.952	0.9263	944.0	1503	3.2828	54	0.0109	2038	0.4131	6.2976	365	0.074	1392	0.2821	3166	0.6417	11	0.0022
Prunella_modularis	23541	1218521534	6253959881	6936.4685	4554.0	222480	265662.4562	188671.0	1199559	138537.0	212453.1073	0.928	0.8984	912.0	463	50.8445	223	0.0095	5732	0.2435	19.3193	141	0.006	8055	0.3422	15345	0.6518	0	0.0
Prunella_vulgaris	31485	572667270	11522302123	4572.8381	3807.0	66916	365961.6364	219283.0	1192700	207783.0	342448.9955	0.882	0.8788	884.0	2819	11.1689	6	0.0002	15436	0.4903	54.9796	216	0.0069	8447	0.2683	22821	0.7248	1	0.0
Prunus_avium	12565	340317144	5544832105	4175.8371	3268.0	40847	441291.8508	312089.0	1196637	276146.0	390644.5232	0.921	0.9119	934.0	1198	10.4883	5	0.0004	6967	0.5545	36.9214	87	0.0069	2519	0.2005	9959	0.7926	0	0.0
Prunus_lusitanica	42172	1277855662	16866252011	4583.1471	3444.0	131992	399939.581	234612.5	1198046	207278.0	337233.889	0.842	0.8473	848.0	6222	6.7779	68	0.0016	20694	0.4907	33.0022	315	0.0075	11401	0.2703	30456	0.7222	0	0.0
Prunus_padus	6302	442652447	2374202811	3618.0514	2994.0	110478	376737.9897	244050.5	1194300	224318.5	343235.4978	0.835	0.8453	852.0	1345	4.6855	5	0.0008	3277	0.52	14.2369	59	0.0094	1525	0.242	4718	0.7487	0	0.0
Psallus_varians	2622	681194479	909267080	5207.2548	3437.5	70802	346783.7834	199973.0	1192913	174022.5	315135.8768	0.957	0.9345	966.0	1306	2.0077	45	0.0172	1237	0.4718	3.8491	308	0.1175	746	0.2845	1560	0.595	8	0.0031
Psathyrella_piluliformis	3098	40852307	819899951	4994.8025	5083.0	13943	264654.6001	147908.5	1199542	133546.0	249753.5036	0.923	0.9198	916.0	188	16.4787	0	0.0	1124	0.3628	75.8342	49	0.0158	1285	0.4148	1764	0.5694	0	0.0
Pseudeuparius_sepicola	12366	769004929	5097917979	3564.1433	2905.0	177590	412252.7882	348159.5	1195689	321415.5	391984.3363	0.967	0.9465	972.0	3416	3.62	67	0.0054	7294	0.5898	16.0805	755	0.0611	2863	0.2315	8731	0.706	17	0.0014
Pseudisothecium_interludens	7391	385107349	2429614894	3321.8785	2955.0	37081	328726.1391	195624.0	1186718	187864.0	313598.1624	0.902	0.8936	922.0	1680	4.3994	4	0.0005	3517	0.4758	19.1921	96	0.013	2559	0.3462	4736	0.6408	0	0.0
Pseudobryum_cinclidioides	42243	894449696	18978314329	3971.7998	3237.0	74326	449265.3062	405828.0	1198397	367718.0	425289.642	0.905	0.9003	908.0	6798	6.214	315	0.0075	27263	0.6454	47.2279	403	0.0095	7928	0.1877	33702	0.7978	210	0.005
Pseudochorthippus_parallelus	268159	9911253786	108952758589	3799.9776	2984.0	392555	406299.0934	313284.0	1198900	289583.0	383366.66	0.942	0.9324	942.0	69319	3.8685	777	0.0029	151249	0.564	27.056	14442	0.0539	61047	0.2277	191676	0.7148	994	0.0037
Pseudocistela_ceramboides	8124	326466308	3741494693	2620.5346	2442.0	86997	460548.3374	429536.5	1195353	379829.5	433100.3443	0.936	0.9159	932.0	1325	6.1313	11	0.0014	5278	0.6497	24.8847	52	0.0064	1609	0.1981	6463	0.7955	0	0.0
Pseudognaphalium_luteoalbum	39729	880733452	17782014501	4114.2806	3095.0	145996	447582.7356	392422.0	1199349	365434.0	427974.9789	0.889	0.8816	896.0	7604	5.2248	4	0.0001	25394	0.6392	45.109	174	0.0044	7166	0.1804	32387	0.8152	2	0.0001
Pseudoips_prasinana	8296	1124502218	3619143892	3556.0723	2819.5	56441	436251.6745	370338.5	1184572	301188.0	387016.3591	0.96	0.9437	952.0	3078	2.6953	12	0.0014	4992	0.6017	7.3775	447	0.0539	1665	0.2007	6169	0.7436	15	0.0018
Pseudopediastrum_boryanum	2689	180012572	1150389944	3658.846	2875.0	50089	427813.2927	368911.0	1198293	348785.0	408672.7497	0.992	0.9631	992.0	621	4.3301	0	0.0	1626	0.6047	14.9378	14	0.0052	675	0.251	2000	0.7438	0	0.0
Pseudosciaphila_branderiana	3847	513676995	1465226487	4925.0367	3188.0	117662	380875.0941	281001.0	1183228	246617.0	347886.1497	0.962	0.9419	958.0	872	4.4117	9	0.0023	2063	0.5363	7.4891	100	0.026	975	0.2534	2772	0.7206	0	0.0
Pseudoscleropodium_purum	6447	312162904	2480373288	3466.8278	3241.0	78393	384732.9437	279675.0	1193064	266476.0	372224.2538	0.942	0.9362	948.0	1075	5.9972	1	0.0002	3549	0.5505	20.6527	92	0.0143	1962	0.3043	4392	0.6812	1	0.0002
Pseudoswammerdamia_combinella	10082	604019906	4927592510	2891.971	2155.0	50406	488751.4888	482617.5	1194681	401826.0	443318.7219	0.952	0.9379	940.0	1984	5.0817	20	0.002	6859	0.6803	16.6915	297	0.0295	1647	0.1634	8093	0.8027	45	0.0045
Pseudotaxiphyllum_elegans	3188	306490547	1121885362	4264.4269	3385.0	44156	351908.8338	225660.5	1183892	213343.0	336274.9417	0.906	0.9071	904.0	1170	2.7248	1	0.0003	1611	0.5053	10.4016	51	0.016	1027	0.3221	2110	0.6619	0	0.0
Pseudoterpna_pruinata	3807	350655900	1715891104	4159.1009	2608.0	272549	450720.0168	391824.0	1176598	323412.0	404565.3712	0.969	0.9536	964.0	800	4.7588	3	0.0008	2286	0.6005	10.8568	117	0.0307	720	0.1891	2969	0.7799	1	0.0003
Psittacula_krameri	16067	1289838548	6943392540	4175.4456	2830.0	245863	432152.3956	352908.0	1199134	304583.0	395134.5349	0.94	0.9295	932.0	1210	13.2785	7	0.0004	9684	0.6027	12.4566	99	0.0062	3215	0.2001	12753	0.7937	0	0.0
Psococerastis_gibbosa	1413	405607321	573925509	5254.8436	4262.0	92982	406175.1656	326525.0	1189722	278093.0	362384.9632	0.975	0.9477	968.0	569	2.4833	15	0.0106	805	0.5697	3.4837	97	0.0686	365	0.2583	951	0.673	0	0.0
Psychoides_filicivora	3766	482854333	1630632181	4934.6702	3032.0	32741	432987.8335	318965.0	1179189	260516.5	381897.56	0.973	0.9572	962.0	432	8.7176	1	0.0003	2071	0.5499	7.7995	48	0.0127	946	0.2512	2772	0.7361	0	0.0
Psylliodes_napi	31856	1371737405	14231628103	2692.1696	2433.0	64119	446748.7476	394194.5	1198204	330610.5	403304.4194	0.94	0.9306	930.0	7425	4.2904	58	0.0018	19423	0.6097	23.2231	631	0.0198	6710	0.2106	24501	0.7691	14	0.0004
Pterapherapteryx_sexalata	290	265335156	90739405	4757.8759	4374.0	25779	312894.5	181906.5	1146544	166015.5	261201.1069	0.992	0.9795	994.0	115	2.5217	0	0.0	127	0.4379	1.093	16	0.0552	95	0.3276	179	0.6172	0	0.0
Pterigynandrum_filiforme	3022	304829053	1100882872	3798.0979	3343.0	37805	364289.501	236109.5	1191899	227684.0	350808.9649	0.914	0.9116	914.0	1120	2.6982	0	0.0	1556	0.5149	9.9138	39	0.0129	985	0.3259	1998	0.6612	0	0.0
Pterophorus_pentadactyla	1835	346557411	612477811	6517.3559	4242.0	43854	333775.3738	198622.0	1181468	171734.0	296674.8627	0.982	0.9592	976.0	518	3.5425	1	0.0005	779	0.4245	5.2949	74	0.0403	476	0.2594	1284	0.6997	1	0.0005
Pterostichus_diligens	4041	548791084	1550305504	5023.5684	3066.0	89667	383644.0247	245181.0	1189428	217823.0	331111.2841	0.965	0.9364	970.0	1008	4.0089	64	0.0158	2067	0.5115	7.3635	138	0.0341	946	0.2341	2951	0.7303	6	0.0015
Pterostichus_madidus	11276	704920005	4301049659	4819.1144	3276.0	102445	381433.9889	235613.5	1199161	207408.5	326411.0932	0.924	0.9159	928.0	2003	5.6296	16	0.0014	5563	0.4933	15.9961	347	0.0308	2820	0.2501	8101	0.7184	8	0.0007
Pterostichus_niger	11916	659370239	4197781907	5060.4355	3401.0	270965	352281.1268	210337.5	1195995	181057.5	308842.7305	0.937	0.9187	940.0	2075	5.7427	508	0.0426	5418	0.4547	18.0718	741	0.0622	3359	0.2819	7802	0.6547	14	0.0012
Pterostichus_nigrita	14204	746734723	5244597777	4671.8707	3397.0	71126	369233.8621	222631.0	1195025	199303.0	320548.8812	0.944	0.926	944.0	2444	5.8118	159	0.0112	6653	0.4684	19.0215	626	0.0441	3491	0.2458	10070	0.709	17	0.0012
Pterostichus_vernalis	34753	941435374	11702980054	6965.9767	5928.0	58174	336747.3327	204536.0	1198261	150538.0	252677.7717	0.916	0.9183	928.0	3064	11.3424	41	0.0012	11075	0.3187	36.9149	501	0.0144	11021	0.3171	23219	0.6681	12	0.0003
Pterostoma_palpinum	769	417652409	271979185	2989.3251	2485.0	12224	353679.0442	199387.0	1194762	166764.0	299910.4109	0.931	0.9056	924.0	374	2.0561	1	0.0013	353	0.459	1.8412	60	0.078	235	0.3056	472	0.6138	2	0.0026
Ptilidium_ciliare	20510	1042001935	10100763715	3534.9029	2925.0	164113	492479.9471	477823.5	1199455	451928.0	476384.7102	0.868	0.8654	872.0	8781	2.3357	8	0.0004	14865	0.7248	19.6833	284	0.0138	2953	0.144	17272	0.8421	1	0.0
Ptilodon_capucinus	604	348696490	223526095	2934.5712	2269.0	14864	370076.3162	185624.5	1181721	158356.0	302025.8543	0.9675	0.955	957.0	283	2.1343	1	0.0017	278	0.4603	1.7322	29	0.048	231	0.3825	343	0.5679	1	0.0017
Ptilodon_cucullina	336	314560367	126145274	3334.3452	2929.0	9775	375432.3631	187174.0	1181024	175838.5	297599.0298	0.951	0.9431	928.0	156	2.1538	1	0.003	159	0.4732	1.0682	7	0.0208	119	0.3542	210	0.625	0	0.0
Ptilophora_plumigera	615	344874329	209621876	4708.0211	4016.0	21096	340848.5789	166628.0	1152777	149734.0	292697.6797	0.995	0.9703	992.0	337	1.8249	1	0.0016	274	0.4455	1.7833	73	0.1187	192	0.3122	350	0.5691	0	0.0
Ptycholoma_lecheana	4250	560246603	1769760476	3048.0351	2432.5	20185	416414.2296	351697.5	1178509	320077.5	390339.4292	0.959	0.9278	970.0	2018	2.106	159	0.0374	2516	0.592	7.5859	72	0.0169	1128	0.2654	3050	0.7176	0	0.0
Ptychomitrium_polyphyllum	4229	158781320	1704163575	4324.7125	3752.0	58875	402970.8146	324752.0	1196302	312082.0	389281.0861	0.897	0.904	894.0	445	9.5034	3	0.0007	2501	0.5914	26.6341	77	0.0182	1154	0.2729	2998	0.7089	0	0.0
Ptychoptera_albimana	1759	194428713	669536194	8589.8499	4072.0	191289	380634.5617	214093.0	1196807	167179.0	307725.7356	0.936	0.9099	930.0	166	10.5964	6	0.0034	696	0.3957	9.047	28	0.0159	527	0.2996	1204	0.6845	0	0.0
Ptychoptera_contaminata	1575	183308420	391759506	5814.9067	3674.0	90419	248736.1943	170964.0	1165322	130933.0	205017.1905	0.928	0.9149	930.0	373	4.2225	1	0.0006	477	0.3029	8.5921	12	0.0076	625	0.3968	938	0.5956	0	0.0
Ptychoptera_lacustris	8054	243727870	2358700004	7432.1007	5284.5	132171	292860.6908	189138.0	1198517	138180.5	222795.8639	0.948	0.9191	936.0	456	17.6623	29	0.0036	2241	0.2782	33.0451	119	0.0148	2872	0.3566	5062	0.6285	1	0.0001
Ptychostomum_cyclophyllum	13130	360779079	5405293632	4384.6982	3672.5	64095	411675.0672	321625.5	1199709	304032.0	395225.9948	0.934	0.9238	930.0	2287	5.7411	10	0.0008	7777	0.5923	36.3935	80	0.0061	3182	0.2423	9868	0.7516	0	0.0
Ptychostomum_pallens	12149	375157152	4734572906	4412.2966	3566.0	67490	389708.8572	288613.0	1199207	269801.0	372116.4089	0.932	0.9218	926.0	2555	4.755	1	0.0001	6775	0.5577	32.3838	49	0.004	3021	0.2487	9079	0.7473	0	0.0
Puffinus_puffinus	19266	1345583151	6581068812	4443.6286	3444.0	338944	341589.7857	194509.0	1195593	181684.0	308238.8956	0.93	0.9233	930.0	963	20.0062	3	0.0002	8233	0.4273	14.318	80	0.0042	5458	0.2833	13728	0.7126	0	0.0
Pulicaria_dysenterica	42565	830907112	17918324737	4198.2589	3684.0	290144	420963.8139	334564.0	1199577	302389.0	397260.3012	0.884	0.88	882.0	4491	9.4778	20	0.0005	24651	0.5791	51.2271	245	0.0058	8973	0.2108	33347	0.7834	0	0.0
Pungitius_pungitius	1683	468107679	595060045	3449.7807	2781.0	30550	353571.0309	267312.0	1169957	241309.0	330908.8693	0.923	0.9007	938.0	372	4.5242	29	0.0172	907	0.5389	3.5953	29	0.0172	449	0.2668	1205	0.716	0	0.0
Pusa_hispida	45110	2414898099	20691413165	4667.484	3660.0	149524	458687.9442	400254.0	1198859	306459.5	400586.6785	0.925	0.9168	894.0	1082	41.6913	1	0.0	26735	0.5927	18.6799	76	0.0017	9189	0.2037	35845	0.7946	0	0.0
Pycnococcus_provasolii	33	12976438	3694061	4036.8788	2873.0	10426	111941.2424	50861.0	657542	35657.0	102535.9394	0.987	0.9765	992.0	24	1.375	0	0.0	5	0.1515	2.5431	3	0.0909	20	0.6061	10	0.303	0	0.0
Pycnomerus_fuliginosus	5488	357627131	2364930193	3110.307	2791.0	39894	430927.5133	377793.5	1184375	321103.5	393015.7205	0.974	0.9395	960.0	1206	4.5506	128	0.0233	3272	0.5962	15.3456	203	0.037	1169	0.213	4112	0.7493	4	0.0007
Pycnonotus_jocosus	8697	1057797693	2614235642	5872.4987	4064.0	249350	300590.5073	177351.0	1190801	161896.0	269930.2412	0.929	0.9177	924.0	409	21.2641	20	0.0023	3250	0.3737	8.2218	57	0.0066	2735	0.3145	5905	0.679	0	0.0
Pyralis_farinalis	7681	984545835	3917108378	3179.656	2936.0	38944	509973.7506	526009.0	1193379	407159.0	451263.2996	0.967	0.9478	944.0	1938	3.9634	7	0.0009	5109	0.6651	7.8016	163	0.0212	1342	0.1747	6172	0.8035	4	0.0005
Pyrausta_aurata	2660	404524914	1349483956	3091.0492	2798.5	34823	507324.7955	497077.5	1194533	446313.0	480391.5744	0.9755	0.9527	978.0	896	2.9688	4	0.0015	1917	0.7207	6.5756	23	0.0086	412	0.1549	2225	0.8365	0	0.0
Pyrausta_despicata	2329	480002126	1053657452	3315.5251	2607.0	16503	452407.6651	430772.0	1168728	352836.0	409488.5749	0.973	0.9522	964.0	850	2.74	3	0.0013	1469	0.6307	4.8521	121	0.052	442	0.1898	1765	0.7578	1	0.0004
Pyrausta_nigrata	2682	538636446	1291710685	2939.4963	2528.5	11923	481622.1793	476882.0	1190970	413375.0	446830.4929	0.953	0.9424	951.0	998	2.6874	9	0.0034	1803	0.6723	4.9792	124	0.0462	458	0.1708	2096	0.7815	4	0.0015
Pyrausta_purpuralis	7510	796924941	3149959156	4022.1606	2985.0	44557	419435.3071	334324.0	1194669	271388.0	366065.666	0.934	0.9237	934.0	2670	2.8127	61	0.0081	4210	0.5606	9.4237	323	0.043	1690	0.225	5493	0.7314	4	0.0005
Pyrgus_malvae	6547	724397522	3366829234	3053.6905	2529.0	16795	514255.2671	524662.0	1197354	446100.0	468363.5418	0.945	0.9324	934.0	1797	3.6433	0	0.0	4718	0.7206	9.0379	192	0.0293	987	0.1508	5368	0.8199	0	0.0
Pyrochroa_serraticornis	6437	248897968	1548652737	6677.8954	4888.0	59816	240586.1018	163560.0	1194629	125566.0	196518.9114	0.976	0.9604	968.0	388	16.5902	10	0.0016	1786	0.2775	25.862	53	0.0082	2609	0.4053	3775	0.5865	0	0.0
Pyrrhalta_viburni	9515	651352374	4079871493	4058.0444	2650.0	176400	428783.1312	360283.0	1196032	328123.0	401735.3244	0.947	0.9347	946.0	2437	3.9044	17	0.0018	5791	0.6086	14.6081	273	0.0287	2008	0.211	7222	0.759	12	0.0013
Pyrrhia_umbra	1982	433580075	986105451	3368.0172	2826.0	28800	497530.5	491935.0	1186093	432173.5	467804.3244	0.957	0.946	970.0	683	2.9019	0	0.0	1388	0.7003	4.5712	62	0.0313	336	0.1695	1582	0.7982	2	0.001
Pyrrhocorax_pyrrhocorax	9486	1195644369	2779911046	7056.8346	4138.0	252979	293054.0845	187499.0	1192404	166705.0	257478.9691	0.966	0.9503	964.0	466	20.3562	91	0.0096	3733	0.3935	7.9338	90	0.0095	2889	0.3046	6507	0.686	0	0.0
Pyrrhosoma_nymphula	14687	2104204038	6026565998	4389.9047	3030.0	86777	410333.3559	296760.0	1196374	272440.0	379771.4108	0.949	0.934	944.0	4139	3.5484	12	0.0008	8278	0.5636	6.9798	367	0.025	3242	0.2207	11073	0.7539	5	0.0003
Pyrrhula_pyrrhula	12952	1078092875	3843362744	11357.4182	7900.5	185846	296738.9395	181230.0	1198584	144709.0	246359.5341	0.975	0.952	952.0	403	32.139	8	0.0006	4415	0.3409	12.0138	105	0.0081	4674	0.3609	8173	0.631	0	0.0
Pyrus_communis	18537	504958104	6208282568	3839.2668	3457.0	39098	334913.0155	188056.0	1199500	166890.0	286962.3576	0.892	0.8886	872.0	1885	9.834	4	0.0002	7435	0.4011	36.71	150	0.0081	5738	0.3095	12647	0.6823	2	0.0001
Quedius_lateralis	16357	745296937	5437945905	4293.0638	3140.0	116173	332453.7449	201631.0	1197740	170864.0	285809.052	0.952	0.9313	940.0	2475	6.6089	77	0.0047	6921	0.4231	21.947	482	0.0295	5038	0.308	10824	0.6617	13	0.0008
Quercus_cerris	13230	776140899	5726312106	5380.0113	3920.5	95314	432827.8236	371127.0	1195675	309751.0	394813.1076	0.879	0.8818	878.0	3099	4.2691	13	0.001	7900	0.5971	17.0459	163	0.0123	3059	0.2312	10008	0.7565	0	0.0
Quercus_ilex	17466	847309538	7397242602	4663.5629	3546.5	228061	423522.4208	345618.5	1196311	298544.5	389613.2398	0.873	0.8741	874.0	3924	4.4511	17	0.001	10373	0.5939	20.6135	206	0.0118	3866	0.2213	13393	0.7668	1	0.0001
Quercus_petraea	11691	818127675	4743768485	6199.309	3795.0	184583	405762.4228	303261.0	1198226	258269.0	366402.1038	0.899	0.8924	894.0	3176	3.681	8	0.0007	6488	0.555	14.2899	165	0.0141	2956	0.2528	8570	0.733	0	0.0
Quercus_robur	9554	784915208	3985469540	4222.8782	3554.5	104997	417151.9301	350633.5	1189527	295026.0	379887.8553	0.894	0.8832	890.0	3110	3.072	18	0.0019	5686	0.5951	12.172	122	0.0128	2180	0.2282	7251	0.7589	1	0.0001
Racomitrium_heterostichum	5978	231333775	2228631546	4412.9595	3172.0	44881	372805.5447	280103.5	1176085	263771.5	359765.3986	0.915	0.9131	920.0	1298	4.6055	1	0.0002	3308	0.5534	25.8414	60	0.01	1603	0.2681	4315	0.7218	0	0.0
Radula_complanata	18460	659081816	8709218739	4115.7239	3585.5	49141	471788.6641	437477.5	1198307	423108.5	460321.4053	0.893	0.8889	894.0	3630	5.0854	5	0.0003	12923	0.7001	28.0087	124	0.0067	3100	0.1679	15236	0.8254	0	0.0
Raja_brachyura	64509	2874790709	30349539033	3701.3523	2837.0	334952	470469.8419	421864.0	1198106	316827.0	405029.456	0.918	0.9114	898.0	9186	7.0225	39	0.0006	38655	0.5992	22.4395	279	0.0043	12836	0.199	51394	0.7967	0	0.0
Raja_clavata	47503	2669612266	20687546214	3518.1932	2726.0	227156	435499.7835	344268.0	1196610	271192.0	377311.863	0.92	0.9149	900.0	8545	5.5592	24	0.0005	26819	0.5646	17.794	252	0.0053	10476	0.2205	36775	0.7742	0	0.0
Raja_microocellata	50051	2725999086	22636260108	3584.3504	2813.0	195049	452263.893	394008.0	1199424	307618.0	396075.5119	0.909	0.9049	894.0	9512	5.2619	7	0.0001	29758	0.5946	18.3606	268	0.0054	10838	0.2165	38945	0.7781	0	0.0
Raja_montagui	45115	2570593879	20416276097	3752.3911	2751.0	186779	452538.537	387724.0	1199391	293672.0	391086.852	0.919	0.9133	896.0	8105	5.5663	97	0.0022	26329	0.5836	17.5504	176	0.0039	9573	0.2122	35366	0.7839	0	0.0
Rallus_aquaticus	4363	1176760478	1065384866	5916.0057	3687.0	109983	244186.309	153228.0	1158480	121147.0	213486.9746	0.968	0.9471	966.0	677	6.4446	2	0.0005	1341	0.3074	3.7076	81	0.0186	1858	0.4259	2424	0.5556	0	0.0
Ramalina_siliquosa	1529	38181901	376713340	4206.7816	4047.0	14861	246378.9012	158421.0	1154636	145910.0	232068.5402	0.823	0.8268	832.0	182	8.4011	0	0.0	572	0.3741	40.0452	24	0.0157	561	0.3669	944	0.6174	0	0.0
Ramariopsis_corniculata	417	46908291	99833873	3571.4029	2973.0	13741	239409.7674	108612.0	1156293	100179.0	231236.1367	0.895	0.8952	898.0	199	2.0955	0	0.0	134	0.3213	8.8897	11	0.0264	197	0.4724	209	0.5012	0	0.0
Ramonda_spathulata	17439	700492404	7296848412	4051.8796	2896.0	379684	418421.2634	307194.0	1197222	261266.0	372361.1931	0.939	0.9269	936.0	1783	9.7807	49	0.0028	9440	0.5413	24.8953	339	0.0194	4266	0.2446	12827	0.7355	7	0.0004
Ramularia_vizellae	116	44069670	54640117	5285.25	4000.5	22943	471035.4914	489361.5	1148396	484626.0	460019.8621	0.9175	0.8886	929.0	71	1.6338	0	0.0	83	0.7155	2.6322	3	0.0259	23	0.1983	90	0.7759	0	0.0
Rana_temporaria	28590	4085041022	12031571479	3250.1481	2662.0	69741	420831.4613	364541.0	1196301	322211.0	392974.7428	0.914	0.9031	922.0	12561	2.2761	326	0.0114	17352	0.6069	6.9987	2231	0.078	5693	0.1991	20615	0.7211	51	0.0018
Ranunculus_repens	756490	8603303971	311959618460	4020.226	3463.0	195770	412377.7161	304732.0	1199765	275998.0	387561.232	0.861	0.8574	858.0	73282	10.323	148	0.0002	419911	0.5551	87.9302	3144	0.0042	167965	0.222	585358	0.7738	23	0.0
Ranunculus_sardous	297688	2788615148	111159846426	4594.5157	3711.0	366624	373410.5722	222195.5	1199946	210659.5	351463.1578	0.888	0.881	886.0	20482	14.5341	66	0.0002	146336	0.4916	106.7512	1834	0.0062	78471	0.2636	217373	0.7302	10	0.0
Ranunculus_sceleratus	219201	2972048282	91149635959	3777.6419	3095.0	168097	415826.7342	326782.0	1199900	301719.0	395450.961	0.868	0.8641	872.0	23373	9.3784	35	0.0002	126424	0.5767	73.7542	1094	0.005	48662	0.222	169437	0.773	8	0.0
Raphanus_raphanistrum	21000	471187347	7458309670	4959.6701	4117.0	140743	355157.6033	208297.5	1198873	178581.5	302397.5248	0.932	0.9226	936.0	1747	12.0206	9	0.0004	8719	0.4152	44.5683	183	0.0087	5644	0.2688	15172	0.7225	1	0.0
Reboulia_hemisphaerica	4607	248176346	1842964378	3280.5774	2573.0	120529	400035.6801	310045.0	1195223	300587.0	390561.2739	0.913	0.9097	920.0	1286	3.5824	0	0.0	2662	0.5778	18.5634	36	0.0078	1368	0.2969	3203	0.6952	0	0.0
Recurvaria_nanella	6041	635645888	2747460306	3268.6093	2624.0	27260	454802.2357	403265.0	1193712	337306.0	409423.0934	0.94	0.9053	932.0	2028	2.9788	8	0.0013	3642	0.6029	9.5037	63	0.0104	1297	0.2147	4681	0.7749	0	0.0
Regulus_ignicapilla	8941	1096380571	2536600997	5934.8979	4494.0	137565	283704.3951	164533.0	1191256	150437.0	254414.5647	0.931	0.9166	924.0	362	24.6989	6	0.0007	3039	0.3399	8.155	47	0.0053	3062	0.3425	5832	0.6523	0	0.0
Regulus_regulus	10624	1093100303	3603294157	6187.4237	4382.0	119301	339165.4892	198393.5	1197109	171641.5	283971.9581	0.913	0.9073	916.0	358	29.676	1	0.0001	4200	0.3953	9.7191	46	0.0043	3155	0.297	7423	0.6987	0	0.0
Reseda_luteola	38365	504599582	15435117647	3981.2918	3210.0	53845	402322.8893	276741.0	1198933	248416.0	373507.9842	0.892	0.8873	906.0	2733	14.0377	6	0.0002	20563	0.536	76.0306	148	0.0039	9018	0.2351	29196	0.761	3	0.0001
Rhabdoweisia_crispata	20473	262065713	9201549096	5126.6309	4471.0	41757	449448.0094	393047.0	1198364	373337.0	433355.2236	0.928	0.9229	916.0	939	21.803	1	0.0	13147	0.6422	78.1216	127	0.0062	3864	0.1887	16481	0.805	1	0.0
Rhadiurgus_variabilis	8557	346114383	3088254717	8473.6232	6529.0	120699	360903.9052	213817.0	1195313	183950.0	309323.1933	0.987	0.9692	984.0	693	12.3478	134	0.0157	3774	0.441	24.723	180	0.021	2183	0.2551	6184	0.7227	10	0.0012
Rhagio_lineola	23796	1622343692	10441104467	3922.8095	2741.0	166542	438775.6122	348502.0	1199498	309507.0	408239.8641	0.945	0.929	955.0	4362	5.4553	116	0.0049	14054	0.5906	14.6677	545	0.0229	5389	0.2265	17859	0.7505	3	0.0001
Rhagio_scolopaceus	12694	1085306929	4825725099	3451.9118	2533.0	61006	380157.9564	269936.0	1191047	248677.0	356476.2191	0.93	0.9197	932.0	3317	3.827	120	0.0095	6962	0.5484	11.6962	272	0.0214	3254	0.2563	9151	0.7209	17	0.0013
Rhagio_tringarius	23206	1695901838	9927610978	3396.4077	2735.0	180372	427803.6274	357045.5	1196900	301891.5	387928.4209	0.952	0.9329	950.0	7271	3.1916	102	0.0044	13533	0.5832	13.6836	1132	0.0488	4985	0.2148	17058	0.7351	31	0.0013
Rhagium_inquisitor	6014	534550126	2598601786	3181.1383	2766.0	31817	432092.0828	361215.0	1188071	339128.0	411449.1006	0.966	0.9478	964.0	1121	5.3649	43	0.0071	3679	0.6117	11.2506	162	0.0269	1194	0.1985	4658	0.7745	0	0.0
Rhagium_mordax	20601	773949155	7872261474	3992.1008	2967.0	64754	382130.0652	269625.0	1198384	249260.0	359719.8811	0.96	0.95	966.0	3545	5.8113	762	0.037	11105	0.5391	26.618	891	0.0433	4854	0.2356	14799	0.7184	57	0.0028
Rhagonycha_fulva	4411	424519277	1949023260	8369.5325	3446.0	295880	441855.1938	275869.0	1194548	234677.0	369823.864	0.935	0.923	944.0	746	5.9129	142	0.0322	2296	0.5205	10.3906	68	0.0154	1035	0.2346	3308	0.7499	0	0.0
Rhagonycha_lignosa	5183	541539105	1843422980	4866.6851	3109.0	185778	355667.1773	225673.0	1192675	205431.0	327599.2068	0.969	0.9467	972.0	1556	3.331	14	0.0027	2520	0.4862	9.5709	75	0.0145	1542	0.2975	3563	0.6874	3	0.0006
Rhagonycha_lutea	4471	453650727	1691908607	5342.7444	2996.0	143626	378418.3867	226827.0	1194716	196166.0	335083.828	0.944	0.9298	956.0	1065	4.1981	11	0.0025	2065	0.4619	9.8556	104	0.0233	1284	0.2872	3083	0.6896	0	0.0
Rhamnus_cathartica	25277	436947404	9867400290	3747.1297	3004.0	112724	390370.7042	270429.0	1196190	246429.0	362924.1026	0.883	0.878	888.0	2953	8.5598	23	0.0009	13671	0.5408	57.8491	172	0.0068	6449	0.2551	18655	0.738	1	0.0
Rhamphomyia_laevipes	5531	389564493	1894853905	4614.4227	3185.0	110342	342587.9416	213675.0	1188488	179865.0	298732.173	0.926	0.9076	928.0	1100	5.0282	10	0.0018	2338	0.4227	14.1979	91	0.0165	1513	0.2735	3925	0.7096	2	0.0004
Rhamphomyia_sulcata	2617	339016541	703700160	3864.0111	2922.0	82183	268895.7432	148346.0	1190599	132674.0	246385.3783	0.928	0.9144	938.0	790	3.3127	13	0.005	1022	0.3905	7.7194	76	0.029	1055	0.4031	1485	0.5674	1	0.0004
Rhaphigaster_nebulosa	4524	1153497032	1482328215	4995.0336	3057.0	87942	327658.7566	192407.0	1185426	168003.0	293501.366	0.95	0.9213	936.0	1657	2.7302	63	0.0139	2059	0.4551	3.922	525	0.116	1204	0.2661	2768	0.6118	27	0.006
Rheumaptera_undulata	13900	673510311	7039055008	4053.0014	2825.0	124843	506406.8351	505177.0	1194062	401412.0	451098.4565	0.975	0.9551	962.0	1316	10.5623	23	0.0017	9456	0.6803	20.6381	183	0.0132	2192	0.1577	11525	0.8291	0	0.0
Rhimphoctona_megacephalus	9206	399151459	3293375462	3776.3628	3161.0	52335	357742.2835	218834.0	1193672	200285.5	328453.5437	0.953	0.9397	962.0	1742	5.2847	195	0.0212	4396	0.4775	23.0639	310	0.0337	2515	0.2732	6374	0.6924	7	0.0008
Rhinanthus_minor	152254	1143911774	49228079113	4319.5169	3791.0	74958	323328.6424	177081.5	1199912	166726.5	296168.8934	0.914	0.9049	902.0	8166	18.6449	41	0.0003	57730	0.3792	133.0994	908	0.006	46373	0.3046	104965	0.6894	8	0.0001
Rhingia_campestris	42296	715234080	16067688943	2872.6694	2580.0	36832	379886.7255	206908.5	1199208	182645.5	324609.0107	0.923	0.9112	912.0	1735	24.3781	238	0.0056	18708	0.4423	59.1359	356	0.0084	12757	0.3016	29181	0.6899	2	0.0
Rhingia_rostrata	7233	608049093	2652208872	3274.5049	2452.0	96671	366681.7188	216426.0	1194444	197843.0	326256.8676	0.88	0.8709	864.0	1594	4.5376	57	0.0079	3449	0.4768	11.8954	55	0.0076	2064	0.2854	5114	0.707	0	0.0
Rhinolophus_hipposideros	36094	2066918229	14061757810	4031.3344	3733.0	196388	389587.1283	238250.5	1197146	224051.5	361171.0614	0.909	0.9087	898.0	1212	29.7805	54	0.0015	18362	0.5087	17.4627	120	0.0033	8826	0.2445	27148	0.7521	0	0.0
Rhizedra_lutosa	2619	589066744	1156415189	3222.181	2831.0	36625	441548.373	374584.0	1167055	300895.0	387379.0405	0.956	0.9409	956.0	952	2.7511	24	0.0092	1561	0.596	4.446	86	0.0328	543	0.2073	1989	0.7595	1	0.0004
Rhizopogon_luteolus	828	37079943	315640431	3873.7452	3460.0	9680	381208.25	270097.5	1180527	262485.0	371401.878	0.904	0.9007	904.0	174	4.7586	0	0.0	455	0.5495	22.3301	16	0.0193	210	0.2536	602	0.7271	0	0.0
Rhizotrogus_aestivus	34473	1968645600	13357088328	3780.317	2745.0	117594	387465.2142	255701.0	1197494	239653.0	359422.3138	0.955	0.9359	952.0	12428	2.7738	210	0.0061	18143	0.5263	17.511	3185	0.0924	7593	0.2203	23621	0.6852	74	0.0021
Rhodocollybia_maculata	12077	140223896	5360969740	4818.7279	4406.0	28834	443899.1256	385339.0	1196663	353337.0	420337.526	0.968	0.9572	972.0	1454	8.3061	1	0.0001	7544	0.6247	86.1265	67	0.0055	2217	0.1836	9793	0.8109	0	0.0
Rhododendron_ponticum	16706	643294048	6514605282	6433.4795	3999.5	89807	389956.0207	253939.0	1199177	231032.0	355614.1367	0.898	0.8978	884.0	2760	6.0529	31	0.0019	8791	0.5262	25.9695	197	0.0118	3862	0.2312	12646	0.757	1	0.0001
Rhodomonas_baltica	5314	195983703	1926447160	4925.2847	3926.5	38964	362522.9883	249896.5	1192520	233259.0	346775.5943	0.95	0.9411	954.0	889	5.9775	4	0.0008	2770	0.5213	27.1145	133	0.025	1668	0.3139	3512	0.6609	1	0.0002
Rhodophaea_formosa	1226	616096542	496419781	3459.9959	2761.5	23369	404910.0987	293277.5	1187879	232415.0	348192.761	0.967	0.9494	962.0	679	1.8056	4	0.0033	638	0.5204	1.9899	125	0.102	320	0.261	778	0.6346	3	0.0024
Rhogogaster_chlorosoma	2728	255271170	988037517	3629.2104	2715.5	51298	362183.8405	266937.5	1164338	248036.0	344173.7071	0.9575	0.9388	964.0	922	2.9588	49	0.018	1496	0.5484	10.6867	133	0.0488	637	0.2335	1958	0.7177	0	0.0
Rhopalum_coarctatum	4646	272440659	1350107468	4865.5424	3166.0	315668	290595.6668	191277.0	1163553	143485.5	242385.0456	0.963	0.9505	968.0	806	5.7643	15	0.0032	1517	0.3265	17.0533	126	0.0271	1539	0.3313	2981	0.6416	0	0.0
Rhopobota_naevana	3450	579414047	1472064974	3392.02	2696.0	33048	426685.4997	372173.5	1186601	332075.5	400187.3232	0.957	0.9357	962.0	1624	2.1244	30	0.0087	2097	0.6078	5.9543	169	0.049	745	0.2159	2534	0.7345	2	0.0006
Rhopobota_stagnana	4297	607565797	1843534121	3788.9293	2666.0	49566	429028.1873	371227.0	1188294	326469.0	397169.6826	0.946	0.9263	950.0	1297	3.313	18	0.0042	2643	0.6151	7.0725	86	0.02	966	0.2248	3245	0.7552	0	0.0
Rhopobota_ustomaculana	5616	666130273	2535452907	3874.8636	2787.0	99434	451469.5347	417787.0	1193028	354305.0	414905.4496	0.989	0.957	986.0	1721	3.2632	11	0.002	3515	0.6259	8.4308	189	0.0337	1202	0.214	4221	0.7516	4	0.0007
Rhorus_exstirpatorius	6492	409106463	2419204666	4453.6006	3261.5	56904	372643.972	237273.5	1192581	221089.5	344883.6209	0.948	0.9339	952.0	1523	4.2626	26	0.004	3330	0.5129	15.8687	329	0.0507	1615	0.2488	4543	0.6998	5	0.0008
Rhyacionia_buoliana	529	446674931	162355178	5494.3233	3219.0	37238	306909.5992	142978.0	1163686	111985.0	275894.7335	0.958	0.935	978.0	275	1.9236	7	0.0132	230	0.4348	1.1843	94	0.1777	163	0.3081	271	0.5123	1	0.0019
Rhyacionia_pinicolana	4597	733492107	1529839481	5417.8395	3699.0	135218	332790.8377	208397.0	1190261	196595.0	311359.8614	0.988	0.9738	990.0	1442	3.1879	0	0.0	2180	0.4742	6.2673	154	0.0335	1351	0.2939	3092	0.6726	0	0.0
Rhynchostegiella_tenella	2552	316951980	949734868	4395.4451	3311.0	50820	372153.1614	258542.0	1187401	244420.5	359482.0415	0.932	0.9226	930.0	1222	2.0884	0	0.0	1350	0.529	8.0517	32	0.0125	866	0.3393	1654	0.6481	0	0.0
Rhynchostegium_confertum	2961	330882321	997914732	5256.2337	3291.0	63281	337019.4975	207909.0	1190220	197060.0	320410.9389	0.924	0.9146	920.0	1086	2.7265	2	0.0007	1448	0.489	8.9488	30	0.0101	1011	0.3414	1920	0.6484	0	0.0
Rhynchostegium_megapolitanum	1772	315312137	552715427	4265.7748	3406.0	42162	311916.1552	155998.5	1177154	145465.5	298583.2822	0.929	0.9135	934.0	835	2.1222	0	0.0	768	0.4334	5.6198	23	0.013	765	0.4317	984	0.5553	0	0.0
Rhyparochromus_pini	19728	2079540832	6159159931	4130.6412	3135.5	93556	312203.9705	166077.0	1199744	134996.0	272538.7819	0.92	0.8969	906.0	5645	3.4948	318	0.0161	8074	0.4093	9.4867	1700	0.0862	6931	0.3513	11018	0.5585	79	0.004
Rhysodromus_fallax	6253	1423290386	2625284940	3367.596	2584.0	64561	419844.0652	322732.0	1191555	244763.0	358288.7131	0.928	0.9061	894.0	3005	2.0809	147	0.0235	3367	0.5385	4.3933	404	0.0646	1468	0.2348	4354	0.6963	27	0.0043
Rhyssella_approximator	6488	351172308	1771307039	6291.066	3606.0	197486	273012.7989	200895.0	1195212	146993.0	212252.1261	0.958	0.9547	960.0	430	15.0884	25	0.0039	1698	0.2617	18.4753	107	0.0165	1950	0.3006	4431	0.683	0	0.0
Rhytidiadelphus_loreus	5032	394999181	1751381099	3882.0203	3095.5	61893	348048.7081	231389.5	1186309	222978.5	334888.0064	0.931	0.9173	930.0	2044	2.4618	3	0.0006	2597	0.5161	12.7393	80	0.0159	1666	0.3311	3286	0.653	0	0.0
Rhyzobius_forestieri	4001	718502186	1308778733	5638.7048	2796.0	251785	327112.905	208912.0	1192456	176067.0	290094.7166	0.918	0.9095	922.0	1515	2.6409	13	0.0032	1804	0.4509	5.5685	233	0.0582	1254	0.3134	2510	0.6273	4	0.001
Ribautiana_ulmi	21274	1619473256	7461672804	3674.138	2893.0	112161	350741.4122	213885.0	1195061	195251.0	326091.2019	0.955	0.9379	956.0	6411	3.3184	348	0.0164	10410	0.4893	13.1364	1471	0.0691	6796	0.3195	12991	0.6107	16	0.0008
Ribes_nigrum	33892	870267502	14825322032	3760.9262	3059.0	47976	437428.3616	377539.0	1197765	345231.0	416027.2014	0.88	0.8775	872.0	5295	6.4008	12	0.0004	20938	0.6178	38.9443	303	0.0089	6893	0.2034	26695	0.7876	1	0.0
Ribes_rubrum	39461	804526097	16454854304	3389.0548	2833.0	103904	416990.3019	331621.0	1199156	298835.0	393550.6238	0.869	0.8656	866.0	4341	9.0903	54	0.0014	22700	0.5753	49.0488	373	0.0095	9116	0.231	29971	0.7595	1	0.0
Ribes_uva_crispa	22043	744763500	9732781066	3698.0153	2961.0	90380	441536.1369	385524.0	1199077	347579.0	417779.1716	0.882	0.8796	884.0	4439	4.9658	14	0.0006	13908	0.6309	29.5973	206	0.0093	4417	0.2004	17420	0.7903	0	0.0
Riccia_beyrichiana	10500	465922141	4513300805	4480.1184	3397.0	113351	429838.1719	359894.0	1199440	339076.5	413543.5876	0.938	0.9227	942.0	3165	3.3175	2	0.0002	6672	0.6354	22.536	83	0.0079	2228	0.2122	8189	0.7799	0	0.0
Riccia_sorocarpa	5910	409036301	2387697694	4532.9433	3202.0	81539	404009.7621	308465.5	1196368	293396.5	391562.6497	0.9025	0.8962	910.0	2543	2.324	1	0.0002	3515	0.5948	14.4486	42	0.0071	1521	0.2574	4347	0.7355	0	0.0
Riparia_riparia	33412	1469932392	11125956882	5843.6299	4311.0	426770	332992.8433	193733.0	1195725	179134.0	300507.8949	0.932	0.9254	940.0	1648	20.2743	7	0.0002	13936	0.4171	22.7303	84	0.0025	9523	0.285	23805	0.7125	0	0.0
Ripartites_tricholoma	2410	58385328	977837092	4522.8763	4335.5	39536	405741.532	328823.5	1191801	312272.0	391775.0066	0.97	0.9504	966.0	437	5.5149	0	0.0	1471	0.6104	41.2775	9	0.0037	522	0.2166	1879	0.7797	0	0.0
Rivellia_syngenesiae	11909	940247121	3930885230	4844.564	3589.0	98692	330076.852	216803.0	1194729	197243.0	298367.5921	0.96	0.9467	964.0	2270	5.2463	29	0.0024	5721	0.4804	12.6658	132	0.0111	3333	0.2799	8444	0.709	0	0.0
Robinia_pseudoacacia	12108	658781054	5277995472	4109.9438	2962.0	93393	435909.7681	380489.5	1199417	356049.5	419415.9755	0.88	0.8776	882.0	2682	4.5145	16	0.0013	7818	0.6457	18.3794	135	0.0111	2378	0.1964	9595	0.7925	0	0.0
Roeseliana_roeselii	96899	6589748149	40013863444	3636.258	2962.0	108367	412944.0288	303413.0	1199564	260110.0	373220.5699	0.95	0.9292	944.0	31399	3.0861	176	0.0018	52473	0.5415	14.7045	5461	0.0564	21833	0.2253	69590	0.7182	15	0.0002
Roeslerstammia_erxlebella	5577	750696752	2746162873	3142.2874	2701.0	31511	492408.6199	495479.0	1199069	416197.0	451782.0009	0.952	0.9402	946.0	1859	3.0	2	0.0004	3807	0.6826	7.4291	222	0.0398	923	0.1655	4431	0.7945	1	0.0002
Rosa_agrestis	67390	1928915768	29135517958	3781.6172	3003.0	228070	432341.8602	366017.5	1199373	336862.0	411124.0042	0.891	0.8857	890.0	9072	7.4284	18	0.0003	41694	0.6187	34.9367	538	0.008	13859	0.2057	52987	0.7863	6	0.0001
Rosa_canina	67750	1917665064	29536684502	4005.7294	3012.0	138774	435965.8229	372736.0	1197227	343791.0	414887.571	0.89	0.8853	890.0	8748	7.7446	66	0.001	42162	0.6223	35.3294	561	0.0083	13622	0.2011	53560	0.7906	7	0.0001
Rosa_rubiginosa	67461	1934937021	28978595047	3875.9412	3014.0	137384	429560.7098	358826.0	1198750	331007.0	407782.7455	0.891	0.8856	890.0	9057	7.4485	23	0.0003	41500	0.6152	34.8647	547	0.0081	14025	0.2079	52884	0.7839	5	0.0001
Rosa_rugosa	11729	415988867	5177159339	3472.5532	2841.0	39927	441398.1873	386245.0	1199311	357068.0	421162.3722	0.89	0.88	886.0	1920	6.1089	15	0.0013	7473	0.6371	28.1955	59	0.005	2347	0.2001	9323	0.7949	0	0.0
Rosa_spinosissima	25912	801231411	11245322410	3754.9596	2999.0	71483	433981.26	365539.0	1198234	333781.0	410208.9075	0.907	0.8973	906.0	3542	7.3156	8	0.0003	15992	0.6172	32.3402	218	0.0084	5267	0.2033	20424	0.7882	3	0.0001
Rosulabryum_capillare	8863	390010903	3902153549	4267.5394	3361.0	86682	440274.574	386087.0	1195687	355962.0	422342.3898	0.935	0.9229	936.0	2469	3.5897	4	0.0005	5681	0.641	22.725	51	0.0058	1879	0.212	6933	0.7822	0	0.0
Rubus_caesius	24568	614386140	9381279819	3988.9054	3442.0	43550	381849.553	224941.0	1199449	212854.0	351194.4847	0.904	0.8965	886.0	2152	11.4164	5	0.0002	12182	0.4958	39.9879	124	0.005	6229	0.2535	18214	0.7414	1	0.0
Rubus_idaeus	17803	270233802	5840124883	4520.5219	4161.0	110613	328041.6156	178310.0	1198031	157971.0	277551.2015	0.906	0.8991	888.0	715	24.8993	0	0.0	6314	0.3547	65.88	62	0.0035	5766	0.3239	11974	0.6726	1	0.0001
Rubus_saxatilis	33180	622597338	11064744325	4046.8495	3718.0	25473	333476.3208	185098.5	1199797	169369.0	297223.5394	0.901	0.8905	870.0	1888	17.5742	35	0.0011	13008	0.392	53.2929	124	0.0037	10008	0.3016	23048	0.6946	0	0.0
Ruditapes_philippinarum	7599	1326515217	2534144588	3764.4697	2739.0	96801	333483.9568	200722.0	1194805	190085.0	314662.2491	0.899	0.8881	902.0	3594	2.1144	21	0.0028	3652	0.4806	5.7285	310	0.0408	2492	0.3279	4795	0.631	2	0.0003
Rumex_acetosa	226745	2920610934	99809600935	4382.1121	3756.0	119519	440184.3522	374371.0	1199746	345855.0	419396.9763	0.892	0.8886	898.0	21894	10.3565	76	0.0003	138407	0.6104	77.6362	1429	0.0063	44529	0.1964	180780	0.7973	7	0.0
Rumex_acetosella	226344	3925978451	98208170692	4279.9537	3735.0	162972	433888.995	361489.5	1199637	334942.5	413983.0493	0.904	0.8977	914.0	20625	10.9743	122	0.0005	136963	0.6051	57.6529	1638	0.0072	46319	0.2046	178375	0.7881	12	0.0001
Rumex_conglomeratus	21617	669641722	9131930223	4219.6044	3089.0	130068	422442.0698	341299.0	1198225	314881.0	401128.9153	0.874	0.8755	886.0	4953	4.3644	8	0.0004	13147	0.6082	32.2814	180	0.0083	4699	0.2174	16738	0.7743	0	0.0
Rumex_obtusifolius	36156	1112725384	15198270600	4045.3933	3134.0	173066	420352.6552	338693.0	1199559	313559.5	399287.5749	0.889	0.8885	900.0	7906	4.5732	10	0.0003	21685	0.5998	32.4932	352	0.0097	8040	0.2224	27761	0.7678	3	0.0001
Russula_aff_farinipes	3682	38985979	1069428510	4652.4313	5032.0	11930	290447.7213	171257.5	1188574	160648.5	274309.4796	0.946	0.9275	944.0	217	16.9677	0	0.0	1470	0.3992	94.4442	53	0.0144	1265	0.3436	2364	0.642	0	0.0
Russula_delica	1201	46292235	385535365	3831.562	3208.0	22483	321011.9609	181078.0	1157886	168204.0	307833.6894	0.87	0.8734	878.0	294	4.085	0	0.0	552	0.4596	25.9439	18	0.015	426	0.3547	757	0.6303	0	0.0
Russula_faginea	1102	41770960	348137325	4075.1443	3283.5	17615	315914.088	183842.0	1181337	176230.0	305934.9238	0.894	0.8924	890.0	271	4.0664	17	0.0154	511	0.4637	26.382	28	0.0254	385	0.3494	689	0.6252	0	0.0
Russula_gracillima	712	41348744	222365499	4041.2472	3298.0	11978	312311.0941	187323.0	1152428	175852.5	301604.3539	0.921	0.9021	918.0	270	2.637	1	0.0014	324	0.4551	17.2194	27	0.0379	246	0.3455	439	0.6166	0	0.0
Russula_nigricans	2929	45011098	1042445440	5764.7545	5593.0	126679	355904.8959	234704.0	1184984	220655.0	337333.6654	0.909	0.9119	916.0	191	15.3351	0	0.0	1497	0.5111	65.0728	32	0.0109	871	0.2974	2026	0.6917	0	0.0
Russula_nobilis	1524	36504170	485384175	5000.0394	4243.5	11008	318493.5531	195513.0	1184436	187196.0	304284.6811	0.941	0.921	946.0	152	10.0263	0	0.0	707	0.4639	41.7487	25	0.0164	546	0.3583	952	0.6247	1	0.0007
Russula_olivacea	727	38334703	186658447	3640.3329	2955.0	19104	256751.6465	144833.0	1194598	137825.0	245954.2517	0.866	0.8711	868.0	176	4.1307	0	0.0	265	0.3645	18.9645	9	0.0124	289	0.3975	429	0.5901	0	0.0
Russula_versicolor	806	37909591	202004275	3454.2097	2968.0	11112	250625.6514	173175.5	1131488	161075.5	237748.3015	0.8735	0.8776	867.0	212	3.8019	0	0.0	347	0.4305	21.2611	19	0.0236	270	0.335	517	0.6414	0	0.0
Russula_vesca	1879	55098841	790192309	5149.1373	4978.0	17397	420538.7488	343962.0	1179852	329722.0	407654.2086	0.92	0.9135	918.0	290	6.4793	0	0.0	1183	0.6296	34.1024	13	0.0069	416	0.2214	1450	0.7717	0	0.0
Rutilus_rutilus	11692	1095479953	4604820576	3819.7789	3235.0	50129	393843.703	264859.5	1192140	233977.5	352277.8144	0.926	0.9052	902.0	2058	5.6812	42	0.0036	6256	0.5351	10.6729	128	0.0109	2805	0.2399	8758	0.7491	1	0.0001
Rutpela_maculata	29563	2010495663	13333700083	3331.9241	2703.0	108510	451026.6239	417313.0	1195434	379855.0	427267.5851	0.936	0.9238	938.0	9548	3.0963	464	0.0157	19080	0.6454	14.7043	1248	0.0422	5467	0.1849	22722	0.7686	126	0.0043
Rymosia_fasciata	2135	224935582	779432426	4295.3204	3237.0	40710	365073.7358	223868.0	1195772	204759.0	324107.6393	0.949	0.9382	950.0	400	5.3375	1	0.0005	1037	0.4857	9.4916	16	0.0075	589	0.2759	1530	0.7166	0	0.0
Sabra_harpagula	5926	377142139	3662067275	2933.1787	3109.0	10871	617966.1281	675122.5	1197215	505365.5	518269.1851	0.994	0.9878	986.0	689	8.6009	2	0.0003	4662	0.7867	15.7129	40	0.0067	599	0.1011	5285	0.8918	2	0.0003
Sacculina_carcini	7738	264067916	3224093930	3184.0725	2785.5	54807	416657.2667	329223.0	1187011	271769.0	369669.1902	0.944	0.9255	926.0	1343	5.7617	11	0.0014	4372	0.565	29.3031	130	0.0168	1882	0.2432	5724	0.7397	2	0.0003
Sagina_maritima	37904	810318368	15859764792	3617.2432	3018.0	241675	418419.2906	335871.5	1199101	305890.0	394611.946	0.877	0.8688	884.0	4199	9.0269	7	0.0002	22393	0.5908	46.7767	176	0.0046	8012	0.2114	29714	0.7839	2	0.0001
Salicornia_ramosissima	21153	529111994	8856935242	3375.0633	2577.0	77254	418708.2325	343634.0	1194570	313660.0	395901.7659	0.857	0.8534	862.0	2694	7.8519	0	0.0	12449	0.5885	39.9783	173	0.0082	4669	0.2207	16309	0.771	2	0.0001
Salix_alba	5129	745030963	2084997983	4445.4399	3073.0	78075	406511.5974	294114.0	1194473	255413.0	367512.3431	0.886	0.8639	886.0	1375	3.7302	3	0.0006	2879	0.5613	6.8843	49	0.0096	1314	0.2562	3766	0.7343	0	0.0
Salix_arbuscula	2466	352260891	923646363	6232.8362	3389.0	186196	374552.4586	271391.5	1196036	245161.5	340846.32	0.96	0.9289	956.0	537	4.5922	16	0.0065	1349	0.547	7.0005	58	0.0235	559	0.2267	1849	0.7498	0	0.0
Salix_cinerea	3119	343535793	991086599	4703.1908	3258.0	90180	317757.8067	230512.0	1176225	211269.0	290627.4921	0.929	0.9068	940.0	619	5.0388	70	0.0224	1589	0.5095	9.0791	63	0.0202	785	0.2517	2268	0.7272	3	0.001
Salix_euxina	4937	651990321	2012887966	4825.3962	3064.0	120534	407714.7997	286994.0	1198470	255450.0	365618.9779	0.89	0.8672	892.0	1446	3.4142	4	0.0008	2703	0.5475	7.5722	66	0.0134	1248	0.2528	3623	0.7338	0	0.0
Salix_herbacea	2949	388150465	1078920060	4954.1356	3367.0	79705	365859.6338	246850.0	1195655	226548.0	334116.4045	0.945	0.9203	942.0	632	4.6661	7	0.0024	1583	0.5368	7.5976	60	0.0203	813	0.2757	2072	0.7026	4	0.0014
Salix_lanata	2070	351047855	694122074	4248.0879	3115.0	56418	335324.6734	246660.0	1188430	231122.5	308761.9444	0.92	0.8929	922.0	581	3.5628	6	0.0029	1116	0.5391	5.8966	52	0.0251	561	0.271	1457	0.7039	0	0.0
Salix_myrsinifolia	2920	347675035	1001341296	4309.8291	3059.0	49135	342925.1014	238688.0	1187757	221783.5	315459.5692	0.923	0.9051	922.0	738	3.9566	9	0.0031	1524	0.5219	8.3986	52	0.0178	790	0.2705	2078	0.7116	0	0.0
Salix_pentandra	4968	745125265	2091062467	5366.5028	3014.0	287617	420906.2937	311684.5	1199716	279798.0	380049.0757	0.8805	0.8583	882.0	1437	3.4572	3	0.0006	2906	0.5849	6.6673	57	0.0115	1066	0.2146	3844	0.7738	1	0.0002
Salix_phylicifolia	1895	318617226	703703553	3734.2596	3027.0	33032	371347.5214	284719.0	1153406	266421.0	347388.5493	0.91	0.8949	914.0	580	3.2672	5	0.0026	1071	0.5652	5.9476	43	0.0227	470	0.248	1381	0.7288	1	0.0005
Salix_purpurea	4554	374085361	1550903952	6659.5841	3659.5	227610	340558.6192	233805.5	1189906	211852.0	303549.9326	0.949	0.9185	940.0	696	6.5431	7	0.0015	2305	0.5061	12.1737	50	0.011	1100	0.2415	3404	0.7475	0	0.0
Salix_repens	4087	341029314	1323931004	6612.6491	3898.0	139813	323937.1187	210180.0	1199419	176977.0	274456.0311	0.957	0.9317	944.0	591	6.9154	9	0.0022	1743	0.4265	11.9843	52	0.0127	1190	0.2912	2844	0.6959	1	0.0002
Salix_reticulata	3398	367789641	1101287018	5065.2457	3370.5	98122	324098.5927	204250.0	1176926	173766.5	281644.2496	0.911	0.8942	914.0	786	4.3232	5	0.0015	1466	0.4314	9.239	62	0.0182	1044	0.3072	2292	0.6745	0	0.0
Salix_triandra	1764	324197383	658876930	4071.4847	2839.5	70934	373512.9989	281674.0	1181029	260445.0	343136.958	0.904	0.8943	912.0	543	3.2486	1	0.0006	1014	0.5748	5.4411	18	0.0102	407	0.2307	1338	0.7585	1	0.0006
Salix_viminalis	2313	289921852	784469912	4657.9944	3097.0	54623	339156.901	243743.0	1177124	225372.0	314163.5962	0.943	0.9227	938.0	479	4.8288	0	0.0	1242	0.537	7.978	28	0.0121	565	0.2443	1720	0.7436	0	0.0
Salmo_trutta	18611	2306777227	6825122782	3290.9012	2690.0	55632	366725.2046	221574.0	1196769	206229.0	334514.8181	0.912	0.8957	906.0	6664	2.7928	37	0.002	9168	0.4926	8.068	114	0.0061	5446	0.2926	13047	0.701	4	0.0002
Salpingus_planirostris	683	124770093	240796429	4498.6076	3388.0	49141	352556.9971	233102.0	1190156	215487.0	328461.0908	0.967	0.9436	972.0	282	2.422	3	0.0044	353	0.5168	5.4741	9	0.0132	201	0.2943	473	0.6925	0	0.0
Sambucus_nigra	392758	11764377622	190987015759	4150.7634	3201.0	336689	486271.4846	461882.5	1199360	434370.5	467640.2921	0.844	0.8449	848.0	84130	4.6685	217	0.0006	279784	0.7124	33.3854	2048	0.0052	58370	0.1486	332318	0.8461	22	0.0001
Samolus_valerandi	25950	503494098	10905346362	4446.1758	3293.0	211697	420244.5612	328290.0	1199133	296397.5	389922.3466	0.89	0.8804	886.0	1771	14.6527	2	0.0001	15055	0.5802	51.5398	139	0.0054	5521	0.2128	20289	0.7818	1	0.0
Sapyga_quinquepunctata	5917	369131864	2226993823	5423.4893	3635.0	247828	376372.1181	238140.0	1195271	209346.0	322879.0999	0.839	0.8563	864.0	901	6.5671	10	0.0017	2914	0.4925	16.0295	71	0.012	1454	0.2457	4392	0.7423	0	0.0
Sarcophaga_caerulescens	2517	592065162	807228429	4157.0866	3122.0	179228	320710.5399	178377.0	1186654	149416.0	283365.228	0.944	0.9216	944.0	821	3.0658	14	0.0056	1060	0.4211	4.2512	158	0.0628	840	0.3337	1517	0.6027	2	0.0008
Sarcophaga_carnaria	9563	721660932	3678637935	4341.7666	3245.0	93233	384674.0495	246528.0	1188551	225001.0	345129.068	0.937	0.9208	922.0	1611	5.9361	76	0.0079	4966	0.5193	13.2514	731	0.0764	2416	0.2526	6408	0.6701	8	0.0008
Sarcophaga_rosellei	4679	535878067	1630959227	3495.6621	3018.0	30414	348570.0421	189767.0	1195127	177472.0	311715.0874	0.968	0.9424	962.0	802	5.8342	24	0.0051	2035	0.4349	8.7315	131	0.028	1452	0.3103	3095	0.6615	1	0.0002
Sarcophaga_subulata	3667	548658215	1323485929	3164.6425	2745.0	14951	360917.8972	253334.0	1181927	234930.0	335758.8137	0.937	0.923	934.0	1105	3.3186	15	0.0041	1947	0.531	6.6836	87	0.0237	1000	0.2727	2578	0.703	2	0.0005
Sarcophaga_subvicina	6135	687422699	2425164810	3894.3309	2929.0	42326	395299.8875	291377.0	1193798	258441.0	362338.1467	0.926	0.9109	914.0	1518	4.0415	50	0.0081	3389	0.5524	8.9246	312	0.0509	1539	0.2509	4281	0.6978	3	0.0005
Sarcophaga_vagans	13496	670059413	4249188619	5886.5032	3711.0	152988	314848.0008	204830.5	1195680	159001.5	258879.049	0.949	0.9276	958.0	1678	8.0429	277	0.0205	4817	0.3569	20.1415	449	0.0333	4104	0.3041	8935	0.662	8	0.0006
Sarcophaga_variegata	10604	710961829	3933421514	5445.4124	3627.5	112752	370937.5249	221563.0	1198334	198899.0	327213.5704	0.951	0.931	950.0	1837	5.7725	69	0.0065	5099	0.4809	14.915	481	0.0454	2912	0.2746	7192	0.6782	19	0.0018
Sardina_pilchardus	4995	856085546	2131171011	3074.1451	2666.0	100218	426660.8631	351159.0	1190060	274233.0	370878.3898	0.909	0.8862	874.0	997	5.01	11	0.0022	2884	0.5774	5.8347	124	0.0248	1161	0.2324	3709	0.7425	1	0.0002
Sargus_bipunctatus	21015	1316909178	9852197796	3046.6661	2657.0	71630	468817.4064	444383.0	1196390	396434.0	439724.8558	0.966	0.9454	966.0	4957	4.2395	46	0.0022	13882	0.6606	15.9578	526	0.025	3783	0.18	16688	0.7941	18	0.0009
Sarmentypnum_sarmentosum	7991	386073135	2636405281	3608.6831	3371.0	75316	329921.8222	199208.0	1189308	192098.0	315608.212	0.905	0.8978	904.0	1724	4.6352	1	0.0001	3670	0.4593	20.6982	102	0.0128	2451	0.3067	5438	0.6805	0	0.0
Saturnia_pavonia	3579	489824894	1776008705	3687.6329	3178.0	18616	496230.4289	482668.0	1198060	427281.0	464517.729	0.95	0.9406	954.0	455	7.8659	3	0.0008	2485	0.6943	7.3067	31	0.0087	478	0.1336	3070	0.8578	0	0.0
Saxifraga_aizoides	59166	1427454373	25711242387	4162.9848	3474.0	191713	434561.1058	355958.5	1198125	314946.5	404327.9745	0.868	0.8661	868.0	10130	5.8407	17	0.0003	34628	0.5853	41.4486	336	0.0057	12425	0.21	46403	0.7843	2	0.0
Saxifraga_cespitosa	65667	2225678659	30710548019	3751.2857	3068.0	158805	467670.9461	430705.0	1199686	399747.0	445285.9124	0.871	0.8716	880.0	9783	6.7124	67	0.001	44256	0.6739	29.5043	720	0.011	11236	0.1711	53704	0.8178	7	0.0001
Saxifraga_oppositifolia	65034	1257305478	27446646934	4373.505	3859.0	102691	422035.3497	338322.0	1199422	308346.0	399869.0423	0.892	0.886	886.0	9470	6.8674	72	0.0011	37976	0.5839	51.7249	481	0.0074	14218	0.2186	50332	0.7739	3	0.0
Scaeva_pyrastri	1402	320029822	419999890	4292.8752	3045.0	38947	299571.9615	160784.0	1159154	142253.0	278347.3716	0.947	0.9253	958.0	291	4.8179	3	0.0021	579	0.413	4.3808	76	0.0542	514	0.3666	812	0.5792	0	0.0
Scaeva_selenitica	4694	476924447	1542864198	5422.552	3248.0	71111	328688.5807	197005.0	1192239	174425.5	300944.7476	0.969	0.9425	978.0	958	4.8998	25	0.0053	2092	0.4457	9.8422	144	0.0307	1521	0.324	3029	0.6453	0	0.0
Scambus_brevicornis	5027	396565971	2034350638	4282.2946	3174.0	143966	404684.8295	301816.0	1194401	273263.0	372364.7032	0.948	0.9315	946.0	778	6.4614	15	0.003	2822	0.5614	12.6763	141	0.028	996	0.1981	3887	0.7732	3	0.0006
Scapania_compacta	27996	312064945	12492590870	4384.8557	4019.0	115365	446227.7065	390372.5	1195801	369655.0	430755.9761	0.903	0.9022	898.0	1017	27.528	0	0.0	17777	0.635	89.7121	126	0.0045	4977	0.1778	22893	0.8177	0	0.0
Scapania_gracilis	7698	314189518	3429137388	4737.5318	3859.5	30953	445458.2214	393112.5	1190456	375551.5	431116.3631	0.95	0.9349	948.0	1728	4.4549	1	0.0001	5065	0.658	24.5011	34	0.0044	1488	0.1933	6176	0.8023	0	0.0
Scapania_ornithopodioides	51231	929762036	23776346881	3947.7956	3465.0	72987	464100.7765	420731.0	1199590	402219.0	449743.5372	0.911	0.9035	906.0	7201	7.1144	22	0.0004	34684	0.677	55.1012	204	0.004	8489	0.1657	42538	0.8303	0	0.0
Scapania_undulata	4843	248628313	2216615308	4024.9891	3190.0	58536	457694.6744	409850.0	1199778	394798.0	445099.1726	0.939	0.9247	936.0	1444	3.3539	24	0.005	3243	0.6696	19.4789	29	0.006	938	0.1937	3876	0.8003	0	0.0
Scaphidium_quadrimaculatum	42755	1263228741	15689824051	3946.7178	2960.0	129964	366970.5076	223963.0	1196963	182990.0	318611.7663	0.87	0.8726	880.0	5747	7.4395	198	0.0046	18904	0.4421	33.8458	1014	0.0237	12137	0.2839	29534	0.6908	70	0.0016
Scaptomyza_pallida	4278	210228294	1826830993	3784.8191	3124.5	30995	427029.2176	303040.5	1193056	248474.5	364925.1134	0.969	0.9461	958.0	857	4.9918	0	0.0	2334	0.5456	20.3493	33	0.0077	1133	0.2648	3112	0.7274	0	0.0
Scardinius_erythrophthalmus	15526	1189193523	5852232082	3724.9646	3035.0	44185	376931.0886	232844.0	1192967	214375.0	341751.6594	0.929	0.9059	912.0	2970	5.2276	102	0.0066	7777	0.5009	13.0559	243	0.0157	4234	0.2727	11047	0.7115	2	0.0001
Scathophaga_furcata	9172	766355970	4140304550	3026.8778	2417.0	40281	451406.9505	415877.5	1198362	347239.5	412016.5454	0.961	0.9443	962.0	2912	3.1497	499	0.0544	5682	0.6195	11.9683	521	0.0568	1853	0.202	6787	0.74	11	0.0012
Scathophaga_inquinata	5635	642806421	2162606525	3440.4529	2660.0	103832	383781.1047	247684.0	1187629	229541.0	348406.9338	0.946	0.9269	948.0	1320	4.2689	85	0.0151	2929	0.5198	8.7662	220	0.039	1470	0.2609	3945	0.7001	0	0.0
Scathophaga_litorea	5585	395531619	2166788910	3236.446	2665.0	41805	387965.7851	208844.0	1197567	180404.0	316800.2206	0.924	0.8987	888.0	596	9.3708	49	0.0088	2468	0.4419	14.1202	142	0.0254	1680	0.3008	3763	0.6738	0	0.0
Scathophaga_stercoraria	6177	531600553	2154070720	3768.4764	2659.0	63844	348724.4164	191633.0	1188418	169249.0	298759.6194	0.929	0.9121	924.0	1165	5.3021	32	0.0052	2685	0.4347	11.6196	240	0.0389	2002	0.3241	3925	0.6354	10	0.0016
Scellus_notatus	8805	443789032	3044903398	3386.3397	2687.0	67625	345815.2638	188363.0	1194435	156436.0	275791.5726	0.877	0.8646	886.0	1848	4.7646	35	0.004	3356	0.3811	19.8405	213	0.0242	2914	0.3309	5678	0.6449	0	0.0
Scheuchzeria_palustris	48953	512418651	17760102028	4164.8129	2754.0	54692	362799.0527	203874.0	1199257	194222.0	333807.9063	0.882	0.8777	886.0	1957	25.0143	4	0.0001	22602	0.4617	95.5332	255	0.0052	13669	0.2792	35028	0.7155	1	0.0
Schistidium_strictum	9519	243890357	4395861238	4787.4705	4131.0	54959	461798.6383	415488.0	1197848	399481.0	448869.1067	0.925	0.9152	924.0	1243	7.6581	3	0.0003	6414	0.6738	39.0298	45	0.0047	1773	0.1863	7699	0.8088	2	0.0002
Schizoporella_japonica	6879	251761549	2513374584	3666.2964	3150.0	40873	365369.1792	261871.0	1195489	238952.0	341380.0669	0.897	0.8884	894.0	1305	5.2713	6	0.0009	3720	0.5408	27.3235	59	0.0086	1819	0.2644	4999	0.7267	2	0.0003
Schizopyga_frigida	4992	389552153	1800030278	7169.0347	4675.0	176666	360582.9884	219341.0	1182700	192021.0	309291.4044	0.971	0.9492	962.0	626	7.9744	44	0.0088	2303	0.4613	12.8147	121	0.0242	1295	0.2594	3576	0.7163	0	0.0
Schizotus_pectinicornis	820	170060241	307759918	4015.372	2963.5	25006	375316.9732	234948.5	1194151	193563.5	332451.122	0.948	0.9448	946.0	222	3.6937	0	0.0	373	0.4549	4.8218	10	0.0122	208	0.2537	602	0.7341	0	0.0
Schoenobius_gigantella	15271	1030351556	7764261215	3417.6201	2753.0	27697	508431.7474	506577.0	1197576	464075.0	481775.6843	0.955	0.9382	954.0	4675	3.2665	8	0.0005	11173	0.7316	14.8212	344	0.0225	2157	0.1412	12765	0.8359	5	0.0003
Schoenobius_gigantellus	15271	1030351556	7764261215	3417.6201	2753.0	27697	508431.7474	506577.0	1197576	464075.0	481775.6843	0.955	0.9382	954.0	4675	3.2665	8	0.0005	11173	0.7316	14.8212	344	0.0225	2157	0.1412	12765	0.8359	5	0.0003
Schoenoplectus_lacustris	5885	480336309	2454011639	4652.8649	2788.0	48046	416994.3312	345809.0	1197179	309560.0	390486.8486	0.891	0.8798	894.0	1265	4.6522	2	0.0003	3498	0.5944	12.2518	49	0.0083	1446	0.2457	4390	0.746	0	0.0
Schoenoplectus_tabernaemontani	10010	526222615	4273722071	4385.4687	2895.0	60695	426945.2618	350148.5	1188730	311920.0	399847.6376	0.877	0.8645	882.0	1652	6.0593	0	0.0	5999	0.5993	19.0224	53	0.0053	2438	0.2436	7518	0.751	1	0.0001
Schoenoplectus_triqueter	20568	575308308	7642778793	5591.539	3552.0	89011	371585.9001	233448.5	1199079	204853.0	326442.4923	0.873	0.871	880.0	1326	15.5113	3	0.0001	10131	0.4926	35.7513	116	0.0056	5818	0.2829	14634	0.7115	0	0.0
Schoenus_nigricans	40697	772149109	17308686182	3718.5257	2777.0	139210	425306.1941	343997.0	1198865	308371.0	396973.772	0.905	0.8968	898.0	5275	7.7151	58	0.0014	24160	0.5937	52.7061	396	0.0097	8892	0.2185	31406	0.7717	3	0.0001
Schrankia_costaestrigalis	2849	571474337	1399454945	2875.1737	2435.0	26213	491209.1769	482245.0	1180589	363482.0	424899.3714	0.972	0.9492	956.0	1701	1.6749	5	0.0018	1858	0.6522	4.9854	156	0.0548	534	0.1874	2157	0.7571	2	0.0007
Schreckensteinia_festaliella	2909	567625662	1301503650	3785.4572	2698.0	29402	447405.8611	378984.0	1195005	285283.0	377431.9557	0.964	0.943	944.0	1255	2.3179	9	0.0031	1711	0.5882	5.1249	99	0.034	670	0.2303	2140	0.7356	0	0.0
Sciapus_platypterus	7370	988735102	2932950120	3386.7909	2866.0	44300	397957.9539	289506.0	1185258	255454.5	360389.9407	0.865	0.8544	890.0	1497	4.9232	11	0.0015	3971	0.5388	7.454	118	0.016	1917	0.2601	5334	0.7237	1	0.0001
Sciara_hemerobioides	4327	605187621	1552449198	4048.9531	2921.0	123634	358781.8807	224475.0	1196317	202729.0	336427.4622	0.966	0.9448	972.0	1260	3.4341	52	0.012	2148	0.4964	7.1498	292	0.0675	1186	0.2741	2847	0.658	2	0.0005
Sciota_angustella	3017	523250307	1328946147	4034.174	2832.0	46725	440485.9619	325665.0	1195587	241468.0	360319.1677	0.949	0.9163	906.0	876	3.4441	21	0.007	1649	0.5466	5.7659	134	0.0444	672	0.2227	2201	0.7295	10	0.0033
Scirpus_sylvaticus	3097	322865173	1178611631	3619.1469	2813.0	140830	380565.5896	277190.0	1194598	256815.0	361208.1979	0.879	0.8766	880.0	1093	2.8335	1	0.0003	1736	0.5605	9.5922	37	0.0119	946	0.3055	2114	0.6826	0	0.0
Sciuro_hypnum_glaciale	5242	411256323	1686032668	3837.2343	3210.0	126309	321639.1965	189424.0	1192054	180707.0	302792.7596	0.926	0.9154	924.0	2016	2.6002	0	0.0	2463	0.4699	12.7463	111	0.0212	1872	0.3571	3257	0.6213	2	0.0004
Sciurus_carolinensis	123349	2797382970	52225776686	4270.9716	4338.0	65454	423398.4604	339007.0	1199286	306867.0	400029.2137	0.911	0.9074	902.0	4654	26.5039	1	0.0	72692	0.5893	44.0944	326	0.0026	25450	0.2063	97572	0.791	1	0.0
Sciurus_vulgaris	116828	2861697996	51857722758	4055.4219	4042.0	94835	443880.9426	381606.0	1198916	344553.5	420351.4665	0.907	0.9024	896.0	2634	44.3538	12	0.0001	72123	0.6173	40.8247	265	0.0023	22580	0.1933	93982	0.8044	1	0.0
Scleranthus_annuus	138264	1664772465	49033316620	4442.2555	3808.0	154469	354635.4555	210753.0	1197662	199202.5	334181.4653	0.898	0.8922	898.0	8823	15.6709	105	0.0008	66279	0.4794	83.0528	1168	0.0084	42921	0.3104	94170	0.6811	5	0.0
Scomber_scombrus	1956	737346205	715853400	3445.5031	2800.5	57905	365978.2209	233810.0	1190169	211491.0	312206.2055	0.925	0.9085	899.0	423	4.6241	3	0.0015	1001	0.5118	2.6528	19	0.0097	589	0.3011	1347	0.6887	1	0.0005
Scoparia_ambigualis	13928	1036744046	6710467423	3264.2512	2754.0	58569	481796.9143	471520.5	1197093	410640.5	447456.3244	0.952	0.9359	952.0	4489	3.1027	32	0.0023	9597	0.689	13.4344	558	0.0401	2284	0.164	11084	0.7958	2	0.0001
Scoparia_basistrigalis	16555	1081773452	7874506796	3632.8576	2875.0	94120	475657.3117	456556.0	1197933	392320.0	439230.2101	0.954	0.9393	952.0	4878	3.3938	36	0.0022	11035	0.6666	15.3036	608	0.0367	2853	0.1723	13086	0.7905	8	0.0005
Scoparia_pyralella	12690	907406992	6231483491	2959.8566	2536.0	28098	491054.6486	477173.0	1196428	405566.5	453587.8197	0.955	0.9471	954.0	3770	3.366	21	0.0017	8760	0.6903	13.9849	241	0.019	2122	0.1672	10325	0.8136	2	0.0002
Scophthalmus_maximus	1126	548707424	330252157	6037.1705	3280.0	126399	293296.7647	184671.0	1173986	158211.5	254423.2149	0.878	0.8736	866.0	201	5.602	1	0.0009	461	0.4094	2.0521	16	0.0142	381	0.3384	729	0.6474	0	0.0
Scopula_floslactata	5268	723790257	2560250031	3712.8417	2747.5	199704	486000.3855	471593.0	1197515	397601.5	444535.2713	0.947	0.9268	941.0	2304	2.2865	30	0.0057	3540	0.672	7.2784	172	0.0326	964	0.183	4124	0.7828	8	0.0015
Scopula_immutata	15992	656135715	8076214110	3668.5408	3064.0	69419	505015.8898	510254.0	1198694	431266.0	461272.5266	0.957	0.9498	946.0	2622	6.0992	23	0.0014	11099	0.694	24.373	323	0.0202	2599	0.1625	13068	0.8172	2	0.0001
Scopula_ornata	5828	471664752	2186992008	4346.0772	2938.0	80653	375256.0069	223992.5	1184287	206438.0	334196.1345	0.964	0.9395	950.0	1007	5.7875	477	0.0818	2915	0.5002	12.3562	123	0.0211	1588	0.2725	4113	0.7057	4	0.0007
Scotophaeus_blackwalli	4096	1207068687	1878238924	3723.0012	2818.0	221602	458554.4248	437931.5	1173323	368967.0	424070.0212	0.9525	0.9344	944.0	1712	2.3925	45	0.011	2722	0.6646	3.3933	208	0.0508	664	0.1621	3221	0.7864	3	0.0007
Scotopteryx_bipunctaria	2120	325882999	1173441587	3014.8014	2457.0	54806	553510.1825	592484.0	1188388	438714.5	470020.5764	0.974	0.9541	956.0	452	4.6903	13	0.0061	1508	0.7113	6.5054	49	0.0231	339	0.1599	1732	0.817	0	0.0
Scotopteryx_chenopodiata	412	334358215	154257507	4236.2718	2800.5	44236	374411.4248	165161.5	1171902	99983.0	289795.1893	0.991	0.9682	990.0	189	2.1799	30	0.0728	177	0.4296	1.2322	32	0.0777	174	0.4223	206	0.5	0	0.0
Scrobipalpa_costella	3215	602699774	1533396591	3197.3082	2786.0	17212	476950.7281	417834.0	1192440	275965.0	358334.5673	0.93	0.9013	806.0	1079	2.9796	11	0.0034	1864	0.5798	5.3343	121	0.0376	719	0.2236	2375	0.7387	0	0.0
Scrobipalpa_ocellatella	19974	961219751	8315993658	3964.1073	3065.5	124796	416340.9261	322237.0	1199324	284315.0	379041.686	0.939	0.9133	924.0	4446	4.4926	151	0.0076	11237	0.5626	20.7798	729	0.0365	4843	0.2425	14395	0.7207	7	0.0004
Scrophularia_umbrosa	93643	1231181536	34293139957	3759.2108	2884.0	166000	366211.4622	219795.0	1199780	205808.0	341748.5821	0.897	0.8949	918.0	5791	16.1704	22	0.0002	45096	0.4816	76.0595	733	0.0078	24438	0.261	68471	0.7312	1	0.0
Scutellaria_galericulata	5392	327813849	2063513821	4316.3325	3254.0	85254	382699.1508	264508.0	1194464	242427.0	351511.5631	0.9	0.8899	906.0	1185	4.5502	1	0.0002	3001	0.5566	16.4484	67	0.0124	1231	0.2283	4093	0.7591	1	0.0002
Scutellaria_minor	6385	341828545	2368012584	4009.4301	2918.0	101244	370871.1956	241588.0	1185780	223822.0	346346.4512	0.882	0.8759	886.0	1680	3.8006	1	0.0002	3314	0.519	18.679	93	0.0146	1702	0.2666	4589	0.7187	1	0.0002
Scyliorhinus_canicula	62144	4200331102	31295151555	3034.5877	2697.0	48736	503590.8785	506796.5	1198298	398628.0	447423.2772	0.927	0.9118	900.0	17440	3.5633	33	0.0005	41524	0.6682	14.795	355	0.0057	10853	0.1746	50934	0.8196	2	0.0
Scythris_empetrella	1989	540386427	640120455	3943.7697	2903.0	30766	321830.2941	199672.0	1195571	186134.0	295860.719	0.968	0.9513	966.0	813	2.4465	10	0.005	928	0.4666	3.6807	120	0.0603	593	0.2981	1276	0.6415	0	0.0
Scythris_picaepennis	3235	507772820	1581507870	2802.485	2425.0	19500	488874.1484	478523.0	1197081	414125.0	441914.2652	0.922	0.9135	932.0	983	3.2909	303	0.0937	2213	0.6841	6.371	114	0.0352	535	0.1654	2586	0.7994	0	0.0
Scythropia_crataegella	4247	604596702	2046425309	3909.7982	2438.0	45535	481851.9682	465074.0	1195751	389772.0	440315.1213	0.963	0.9481	956.0	889	4.7773	1	0.0002	2806	0.6607	7.0245	72	0.017	778	0.1832	3396	0.7996	1	0.0002
Sebastes_mentella	3541	861740005	1141944262	4664.3313	3061.0	50282	322492.0254	208719.0	1191863	188848.0	285922.0548	0.93	0.9058	910.0	623	5.6838	14	0.004	1647	0.4651	4.1091	90	0.0254	1027	0.29	2423	0.6843	1	0.0003
Sedum_acre	51514	608083211	20354673814	4599.6134	3797.0	192676	395128.971	256196.0	1199188	236897.5	369957.7138	0.916	0.9039	914.0	2990	17.2288	16	0.0003	26994	0.524	84.7154	278	0.0054	12389	0.2405	38845	0.7541	2	0.0
Sedum_album	20938	651558643	7553412977	4567.268	3414.5	367009	360751.4078	223097.0	1196067	199862.5	322841.7191	0.905	0.8987	910.0	1942	10.7817	8	0.0004	9950	0.4752	32.1353	113	0.0054	5720	0.2732	15105	0.7214	0	0.0
Segestria_senoculata	57341	3742903689	23807841815	3396.5429	2868.0	114526	415197.5343	346233.0	1197376	302849.0	383934.957	0.93	0.9197	928.0	17802	3.221	222	0.0039	33589	0.5858	15.3199	3560	0.0621	12907	0.2251	40737	0.7104	137	0.0024
Seladonia_tumulorum	4432	400278329	1637747312	5201.7947	3434.0	116242	369527.8231	225251.0	1188433	199103.0	330256.819	0.955	0.9392	960.0	869	5.1001	35	0.0079	2105	0.475	11.0723	68	0.0153	1287	0.2904	3077	0.6943	0	0.0
Selandria_serva	3229	197779807	1336674162	5069.7922	3789.0	29693	413959.1706	339998.0	1189213	300742.0	379218.3419	0.926	0.9143	936.0	524	6.1622	3	0.0009	1874	0.5804	16.3262	43	0.0133	598	0.1852	2588	0.8015	0	0.0
Selenia_dentaria	10809	1029259109	5288302041	3239.5317	2786.0	26954	489249.8881	476240.0	1197109	431321.0	462926.7601	0.964	0.95	964.0	3186	3.3927	16	0.0015	7422	0.6867	10.5017	269	0.0249	1820	0.1684	8709	0.8057	11	0.001
Selenia_tetralunaria	9094	998342741	4293128250	3058.6159	2666.0	51985	472083.5991	449022.0	1190878	408610.0	448896.0696	0.948	0.9373	948.0	2585	3.518	2	0.0002	6256	0.6879	9.1091	278	0.0306	1528	0.168	7280	0.8005	8	0.0009
Semibalanus_balanoides	18931	1302321703	5608113210	4021.4141	2986.0	307435	296239.6709	161253.0	1198326	124541.0	262265.9081	0.924	0.9054	934.0	5999	3.1557	534	0.0282	7446	0.3933	14.5363	1237	0.0653	7406	0.3912	10264	0.5422	24	0.0013
Senecio_squalidus	24137	637626608	9936232322	3518.1483	3005.0	22910	411659.7888	341104.0	1198506	315106.0	392333.9599	0.877	0.8749	880.0	6372	3.788	16	0.0007	14365	0.5951	37.8544	452	0.0187	5453	0.2259	18219	0.7548	13	0.0005
Senecio_sylvaticus	79126	1801277523	35967422527	3854.6916	3167.0	325251	454558.8369	408692.0	1198714	382018.5	435587.1614	0.866	0.8651	878.0	14684	5.3886	31	0.0004	52152	0.6591	43.9277	392	0.005	14387	0.1818	64341	0.8131	6	0.0001
Senecio_viscosus	98043	2000205623	43670345871	3978.7112	3274.0	105992	445420.3347	392482.0	1198919	365292.0	425852.4854	0.872	0.8713	880.0	16440	5.9637	36	0.0004	62908	0.6416	49.0165	596	0.0061	18968	0.1935	78472	0.8004	7	0.0001
Senecio_vulgaris	87772	1385076533	35033485674	4288.6132	3327.0	85849	399141.9322	266571.5	1199464	244237.0	367911.3922	0.887	0.8792	892.0	9070	9.6772	26	0.0003	46936	0.5347	63.3698	636	0.0072	21395	0.2438	65735	0.7489	6	0.0001
Senotainia_conica	12913	629421995	5325480683	3223.0613	2821.0	58651	412412.3506	315944.0	1196776	284952.0	385916.3496	0.918	0.9117	916.0	1379	9.364	8	0.0006	7278	0.5636	20.5156	162	0.0125	2967	0.2298	9783	0.7576	1	0.0001
Senta_flammea	8405	707748538	4095609082	3921.9927	2980.0	64840	487282.4607	468432.0	1196971	371197.0	433786.5387	0.957	0.9528	950.0	1672	5.0269	14	0.0017	5488	0.6529	11.8757	152	0.0181	1456	0.1732	6796	0.8086	1	0.0001
Sepedon_sphegea	19606	738528644	7128326563	6231.1797	3067.0	446512	363578.8311	225980.5	1196913	197226.0	317474.2156	0.926	0.9077	918.0	2850	6.8793	256	0.0131	9360	0.4774	26.5474	607	0.031	5607	0.286	13385	0.6827	7	0.0004
Sepia_officinalis	24658	5711047380	8846927973	3668.0986	2735.0	126342	358785.3018	199510.0	1198016	165314.0	287383.5412	0.906	0.8714	892.0	7977	3.0911	1162	0.0471	10159	0.412	4.3176	1020	0.0414	7428	0.3012	15975	0.6479	235	0.0095
Serica_brunnea	49281	1623803517	18074120259	4461.1072	3006.0	135137	366756.3617	224458.0	1196136	207858.0	338953.4349	0.965	0.9513	968.0	9557	5.1565	60	0.0012	24601	0.4992	30.3491	1489	0.0302	13990	0.2839	33671	0.6832	131	0.0027
Sericomyia_silentis	22882	754102147	10252147267	2673.5334	2531.0	44252	448044.1949	403433.0	1197863	365326.0	423620.7352	0.901	0.8923	898.0	1886	12.1326	1	0.0	14806	0.6471	30.3434	33	0.0014	4246	0.1856	18603	0.813	0	0.0
Serpula_vermicularis	3705	935852521	1353231163	3963.9603	2764.0	64489	365244.5784	232611.0	1193574	213613.0	335421.4567	0.909	0.8935	920.0	1939	1.9108	5	0.0013	1893	0.5109	3.959	160	0.0432	1102	0.2974	2440	0.6586	3	0.0008
Serratella_ignita	3239	457587483	913262874	3978.9253	2857.0	50400	281958.2816	161632.0	1190779	110854.0	221450.4501	0.932	0.9135	928.0	1460	2.2185	12	0.0037	1088	0.3359	7.0784	85	0.0262	1443	0.4455	1708	0.5273	3	0.0009
Sertularella_gayi	3469	516593837	910311313	4565.4413	3097.0	116189	262413.1776	146722.0	1197116	124737.0	240510.0285	0.94	0.9149	946.0	1291	2.6871	42	0.0121	1358	0.3915	6.7151	250	0.0721	1315	0.3791	1897	0.5468	7	0.002
Seseli_libanotis	52765	1277096595	25804184832	4596.9835	3679.0	171459	489039.7959	462997.0	1198712	439272.0	470891.1376	0.921	0.906	926.0	8968	5.8837	115	0.0022	37390	0.7086	41.3164	423	0.008	7969	0.151	44372	0.8409	1	0.0
Sesia_apiformis	3801	546633765	2034369756	3553.9027	3040.0	14154	535219.6148	545058.0	1185751	477701.0	500745.7864	0.993	0.9763	992.0	1082	3.5129	3	0.0008	2870	0.7551	6.9535	53	0.0139	485	0.1276	3263	0.8585	0	0.0
Sesia_bembeciformis	1760	476746264	897217665	3490.442	2648.5	15625	509782.7642	509571.0	1190358	436089.0	469889.3267	0.979	0.9651	976.0	667	2.6387	12	0.0068	1306	0.742	3.6917	19	0.0108	244	0.1386	1494	0.8489	3	0.0017
Shargacucullia_lychnitis	397	408893724	155975906	3271.8816	2813.0	18733	392886.4131	311229.0	1130867	259323.0	354833.0756	0.972	0.948	970.0	229	1.7336	3	0.0076	217	0.5466	0.9709	29	0.073	110	0.2771	257	0.6474	1	0.0025
Shargacucullia_verbasci	1076	422665404	431220953	3563.1375	2904.5	30371	400762.9675	344230.0	1178365	321017.0	381230.2435	0.969	0.9352	970.0	344	3.1279	11	0.0102	632	0.5874	2.5457	46	0.0428	293	0.2723	737	0.6849	0	0.0
Sherardia_arvensis	11530	441296019	5444479755	3985.9766	3379.0	39444	472201.193	435566.5	1195174	420009.5	459091.2902	0.896	0.8935	902.0	2878	4.0063	2	0.0002	8030	0.6964	26.1276	59	0.0051	1931	0.1675	9540	0.8274	0	0.0
Sialis_fuliginosa	2357	391997359	781682447	3615.2304	2667.0	94311	331642.9559	183191.0	1183443	134737.0	290635.7073	0.934	0.9066	938.0	641	3.6771	166	0.0704	965	0.4094	6.0128	197	0.0836	824	0.3496	1333	0.5655	3	0.0013
Sialis_lutaria	2197	460572920	893341962	3142.9804	2506.0	57608	406619.0086	324446.0	1192184	281116.0	371286.9108	0.938	0.9182	946.0	894	2.4575	120	0.0546	1232	0.5608	4.7701	190	0.0865	539	0.2453	1464	0.6664	4	0.0018
Sibbaldia_procumbens	39596	407658177	16169987468	4317.4976	3601.0	107362	408374.2668	305790.0	1198183	280895.5	386998.7456	0.921	0.9101	908.0	1730	22.8879	1	0.0	22155	0.5595	97.1304	172	0.0043	8937	0.2257	30483	0.7699	4	0.0001
Sicus_ferrugineus	14107	333856047	5211046317	3874.5043	2919.0	103715	369394.3657	238326.0	1197264	222972.0	340260.0393	0.941	0.9319	944.0	1409	10.0121	24	0.0017	7269	0.5153	42.2547	178	0.0126	3872	0.2745	10056	0.7128	1	0.0001
Silba_fumosa	20112	748446536	7819024967	3807.0356	2975.0	166073	388774.1133	275864.0	1192141	251384.0	359047.2739	0.933	0.9208	932.0	3087	6.5151	119	0.0059	11028	0.5483	26.8717	138	0.0069	4709	0.2341	15265	0.759	0	0.0
Silene_acaulis	73444	1313573332	31903280717	3983.865	3218.0	224968	434389.2043	361047.0	1199563	330497.5	411867.0632	0.881	0.8766	890.0	9032	8.1315	13	0.0002	43937	0.5982	55.9116	392	0.0053	14883	0.2026	58164	0.792	5	0.0001
Silene_dioica	245084	2437455472	100150228157	4411.0529	3661.0	300373	408636.3376	297537.0	1198937	272689.5	386712.3417	0.89	0.8843	896.0	18349	13.3568	39	0.0002	134923	0.5505	100.5491	1188	0.0048	54022	0.2204	189855	0.7747	19	0.0001
Silene_noctiflora	268090	2498076085	101630912024	4770.7456	4421.0	178739	379092.5138	224807.0	1199632	212961.5	354245.0027	0.901	0.8948	904.0	19303	13.8885	160	0.0006	132157	0.493	107.3186	1100	0.0041	66802	0.2492	200173	0.7467	15	0.0001
Silpha_atrata	17380	1176911060	7384295464	3843.4883	2739.0	155834	424873.1567	337290.5	1198086	294473.5	388192.2971	0.926	0.8979	916.0	5087	3.4166	104	0.006	9959	0.573	14.7675	695	0.04	3885	0.2235	12784	0.7356	16	0.0009
Silvanus_unidentatus	7927	178387976	3088632940	6234.4808	3990.0	106011	389634.5326	233043.0	1199356	187112.0	301129.688	0.929	0.9237	932.0	424	18.6958	0	0.0	3304	0.4168	44.4369	18	0.0023	1769	0.2232	6140	0.7746	0	0.0
Simacauda_dicommatias	2529	430249384	1315299712	2982.4168	2597.0	25666	520086.877	540206.0	1199145	399862.0	440370.8802	0.964	0.943	906.0	879	2.8771	1	0.0004	1665	0.6584	5.878	47	0.0186	499	0.1973	1983	0.7841	0	0.0
Simplicillium_lamellicola	6	7912302	2546721	9309.6667	2368.0	24206	424453.5	434357.0	777234	429151.5	405667.8333	1.0	0.9718	1000.0	2	3.0	0	0.0	3	0.5	0.7583	0	0.0	2	0.3333	4	0.6667	0	0.0
Simyra_albovenosa	4955	548668069	2516275845	4029.9606	3089.0	58987	507825.5994	509034.0	1195944	389838.0	441247.4244	0.957	0.9421	958.0	1065	4.6526	3	0.0006	3370	0.6801	9.031	108	0.0218	800	0.1615	4044	0.8161	3	0.0006
Siphlonurus_alternatus	2428	448937643	845263102	3893.6104	2860.0	37158	348131.4259	217795.5	1187875	200551.0	307670.2302	0.944	0.9245	950.0	1004	2.4183	48	0.0198	1192	0.4909	5.4083	168	0.0692	732	0.3015	1521	0.6264	7	0.0029
Sisymbrium_orientale	13762	257640834	4724841764	6274.571	4432.0	119332	343325.2263	211630.5	1190629	193328.0	318536.0482	0.928	0.9245	932.0	931	14.782	3	0.0002	6385	0.464	53.4154	134	0.0097	3912	0.2843	9716	0.706	0	0.0
Sisyra_nigra	1654	356972616	737351588	4745.9075	2238.5	160980	445799.0254	403280.5	1188193	325994.0	403865.8652	0.933	0.9267	930.0	448	3.692	25	0.0151	1031	0.6233	4.6334	40	0.0242	328	0.1983	1286	0.7775	0	0.0
Sisyra_terminalis	4416	376587199	1451683164	4734.3284	3152.0	137788	328732.6005	194357.0	1188724	170170.5	285437.4327	0.931	0.9137	914.0	421	10.4893	671	0.1519	1873	0.4241	11.7264	259	0.0587	1320	0.2989	2836	0.6422	1	0.0002
Sitochroa_palealis	3402	477839483	1527976153	3450.7972	2451.0	40366	449140.5506	404340.5	1181297	348667.5	415129.2551	0.956	0.9394	960.0	1298	2.621	13	0.0038	2140	0.629	7.1195	154	0.0453	666	0.1958	2581	0.7587	1	0.0003
Sitona_cylindricollis	29126	1095979061	12057548993	2880.532	2228.0	252892	413978.8846	339474.5	1197184	285014.0	370261.8596	0.948	0.9345	930.0	6959	4.1854	153	0.0053	16404	0.5632	26.5753	2644	0.0908	6539	0.2245	19778	0.679	165	0.0057
Sitona_lineatus	10279	835027491	3849293617	3579.6992	2924.0	61475	374481.3325	232192.0	1191417	209636.0	336154.4192	0.945	0.9312	950.0	3729	2.7565	172	0.0167	5175	0.5035	12.3098	1065	0.1036	2570	0.25	6481	0.6305	163	0.0159
Sitona_obsoletus	48309	1232264871	22033112012	3016.6673	2620.0	76792	456087.1062	423696.0	1198757	323420.0	396894.5484	0.948	0.9334	932.0	7309	6.6095	381	0.0079	28805	0.5963	39.2034	2426	0.0502	10311	0.2134	35500	0.7349	72	0.0015
Smerinthus_ocellatus	3089	502742892	1554652076	4154.2438	2976.0	52903	503286.5251	498242.0	1193372	372928.0	434985.2939	0.952	0.947	940.0	680	4.5426	1	0.0003	2087	0.6756	6.1443	74	0.024	521	0.1687	2491	0.8064	3	0.001
Solanum_dulcamara	37385	941870834	16244834375	3561.9229	2815.0	79923	434528.1363	372369.0	1197008	340803.0	413088.6462	0.87	0.8725	874.0	5370	6.9618	23	0.0006	23341	0.6243	39.6923	241	0.0064	7510	0.2009	29634	0.7927	0	0.0
Solanum_nigrum	262448	2959585247	93219859131	4189.2241	3680.0	117197	355193.635	201741.0	1199529	191236.0	326805.7981	0.856	0.8567	856.0	16276	16.1248	201	0.0008	118461	0.4514	88.6773	1581	0.006	73460	0.2799	187397	0.714	10	0.0
Solidago_canadensis	27004	803063060	11796733012	3972.4851	3155.0	75939	436851.3188	372990.0	1199737	339779.5	412722.4616	0.887	0.8761	902.0	4816	5.6071	11	0.0004	16586	0.6142	33.6263	210	0.0078	5290	0.1959	21501	0.7962	3	0.0001
Solidago_virgaurea	48477	1068634504	21318930482	4391.4769	3411.0	250141	439774.1296	373777.0	1197662	329614.0	410268.5834	0.895	0.8848	896.0	7357	6.5892	57	0.0012	28992	0.5981	45.3635	382	0.0079	10184	0.2101	37907	0.782	4	0.0001
Somateria_mollissima	6129	1187567353	2052567762	4983.2764	3284.0	162279	334894.3975	218280.0	1198812	192447.0	299024.5601	0.933	0.9126	924.0	615	9.9659	170	0.0277	2898	0.4728	5.161	58	0.0095	1833	0.2991	4238	0.6915	0	0.0
Somatochlora_arctica	28738	2100989732	12958291343	3806.947	2883.0	287365	450911.3836	393082.0	1199712	339481.5	414645.8579	0.956	0.9412	952.0	6894	4.1686	61	0.0021	17955	0.6248	13.6783	906	0.0315	5763	0.2005	22048	0.7672	21	0.0007
Sonchus_oleraceus	48345	1237569000	20823005347	4538.6297	3363.0	157414	430716.8342	351247.0	1198587	316086.0	402824.1486	0.889	0.8801	890.0	5413	8.9313	13	0.0003	28623	0.5921	39.0645	278	0.0058	10063	0.2081	38003	0.7861	1	0.0
Sonchus_palustris	64525	1517157103	28937502328	4000.0529	3062.0	211644	448469.6215	396564.0	1199163	352395.0	419011.1942	0.876	0.8696	876.0	9022	7.152	122	0.0019	40895	0.6338	42.5302	407	0.0063	11909	0.1846	52196	0.8089	13	0.0002
Sonronius_dahlbomi	72144	1708812042	32553816423	6097.0386	4927.0	83839	451233.8715	400015.0	1198928	366059.0	425503.1648	0.941	0.9333	928.0	8184	8.8152	193	0.0027	46575	0.6456	42.2188	2064	0.0286	13707	0.19	56331	0.7808	42	0.0006
Sophronia_semicostella	4361	444305882	2072643426	4949.0321	3362.0	89315	475267.9262	443602.0	1191359	389822.0	440113.8606	0.978	0.9632	980.0	1156	3.7725	34	0.0078	2847	0.6528	9.8153	85	0.0195	879	0.2016	3397	0.7789	0	0.0
Sorbus_anglica	100510	2394525162	33844339968	4343.8566	3574.0	220066	336726.0966	192106.5	1199619	176154.0	301126.4374	0.922	0.9114	928.0	9290	10.8192	30	0.0003	42370	0.4216	41.9749	834	0.0083	30308	0.3015	69362	0.6901	6	0.0001
Sorbus_bristoliensis	51725	1255656034	18521765715	4278.6915	3591.0	180321	358081.5025	204175.0	1197744	190776.0	321972.331	0.919	0.9101	928.0	5117	10.1085	13	0.0003	23558	0.4554	41.1936	404	0.0078	14508	0.2805	36810	0.7116	3	0.0001
Sorbus_devoniensis	50229	1254434818	17973526907	4237.5702	3557.0	47130	357831.6691	203537.0	1198803	190357.0	321626.8675	0.918	0.9091	926.0	5163	9.7286	18	0.0004	22893	0.4558	40.0411	371	0.0074	14126	0.2812	35730	0.7113	2	0.0
Southbya_tophacea	141025	1160913828	54076960380	5082.4636	4638.0	144929	383456.553	233518.0	1198926	220226.0	360359.0767	0.871	0.8691	872.0	7921	17.8039	18	0.0001	71176	0.5047	121.4776	614	0.0044	33729	0.2392	106682	0.7565	0	0.0
Spania_nigra	4150	232645007	1399910703	6855.2573	3965.5	124300	337327.8802	218492.5	1195748	174040.0	279487.3342	0.974	0.964	976.0	318	13.0503	1	0.0002	1707	0.4113	17.8383	43	0.0104	1149	0.2769	2958	0.7128	0	0.0
Sparassis_minoensis	2150	36819025	688064347	5015.9037	4691.0	14659	320029.9288	201748.5	1164040	192647.5	306757.9665	0.909	0.9012	923.0	144	14.9306	0	0.0	1003	0.4665	58.3937	32	0.0149	715	0.3326	1403	0.6526	0	0.0
Sparganium_emersum	15528	487592053	6543650808	2843.1741	2472.0	67294	421409.7635	339643.0	1199160	304989.0	395873.2187	0.874	0.8643	880.0	3341	4.6477	3	0.0002	9005	0.5799	31.8463	81	0.0052	3455	0.2225	11991	0.7722	1	0.0001
Sparganium_erectum	31913	466283075	11965778731	3734.5242	2956.0	49818	374949.9806	227009.0	1199108	215034.0	348185.664	0.911	0.9045	918.0	2688	11.8724	4	0.0001	15879	0.4976	68.4413	204	0.0064	8077	0.2531	23632	0.7405	0	0.0
Spatula_clypeata	16662	1208289900	4244393143	5360.0825	4017.5	125241	254734.9144	190602.5	1194713	130036.0	199051.3662	0.852	0.8721	846.0	1137	14.6544	85	0.0051	3880	0.2329	13.7897	233	0.014	6206	0.3725	10223	0.6136	0	0.0
Spergula_arvensis	9520	342668325	4254545743	4889.3251	3244.0	97120	446906.0654	367504.0	1195269	320068.5	407103.6649	0.909	0.9031	910.0	1356	7.0206	0	0.0	5735	0.6024	27.782	77	0.0081	1935	0.2033	7508	0.7887	0	0.0
Spergularia_bocconei	4815	465728125	2099464164	5280.4191	3357.0	101301	436025.7869	367697.0	1194542	331570.0	400801.7167	0.909	0.8979	924.0	1143	4.2126	1	0.0002	2981	0.6191	10.3386	43	0.0089	959	0.1992	3813	0.7919	0	0.0
Spergularia_marina	6632	492590788	2981565731	4687.4894	2944.0	107456	449572.6374	386094.0	1188735	348717.5	413250.3506	0.889	0.8811	904.0	1613	4.1116	2	0.0003	4220	0.6363	13.4635	69	0.0104	1240	0.187	5323	0.8026	0	0.0
Sphaeridium_bipustulatum	1044	259617159	236611004	3368.3075	2733.0	22260	226638.8927	113500.5	1135579	93763.5	204335.3247	0.9005	0.8887	900.0	333	3.1351	19	0.0182	317	0.3036	4.0213	30	0.0287	510	0.4885	504	0.4828	0	0.0
Sphaerium_corneum	127747	3562524534	58104644747	3079.7308	2704.0	99587	454841.5599	406918.0	1199208	355004.0	423839.9585	0.928	0.9176	916.0	17295	7.3864	898	0.007	79738	0.6242	35.8586	902	0.0071	24551	0.1922	102233	0.8003	61	0.0005
Sphaerocystis_schroeteri	805	48212644	114457810	4429.9379	3645.0	52295	142183.6149	58306.0	1165383	35241.0	114030.3739	0.988	0.9637	990.0	143	5.6294	0	0.0	117	0.1453	16.6969	42	0.0522	556	0.6907	207	0.2571	0	0.0
Sphaeroderma_testaceum	35963	1381865354	16400218241	2758.6888	2466.0	97624	456030.3156	432269.0	1194914	368780.0	420104.0796	0.958	0.9417	956.0	8429	4.2666	186	0.0052	22858	0.6356	26.025	2141	0.0595	6365	0.177	27393	0.7617	64	0.0018
Sphaeroma_serratum	112325	3226549601	50146818140	3376.5452	2895.0	187522	446443.963	371498.0	1198820	277791.0	373985.5476	0.937	0.9248	886.0	25570	4.3928	393	0.0035	63359	0.5641	34.8127	4849	0.0432	26486	0.2358	80890	0.7201	100	0.0009
Sphaerophoria_rueppellii	19071	561682255	6067825106	4424.6263	2935.0	182093	318170.2641	204554.0	1196649	135018.0	254141.0212	0.866	0.8746	872.0	1496	12.748	364	0.0191	6126	0.3212	33.9534	620	0.0325	7186	0.3768	11253	0.5901	12	0.0006
Sphaerophoria_scripta	7744	593562053	2976609110	4263.9702	2977.0	86164	384376.1764	242906.0	1195255	227718.5	356286.2611	0.935	0.9202	940.0	1803	4.2951	42	0.0054	4029	0.5203	13.0467	249	0.0322	1881	0.2429	5598	0.7229	16	0.0021
Sphaerophoria_taeniata	8319	608587369	3844324300	3460.7331	2920.0	47883	462113.7517	432006.0	1189525	401616.0	442225.417	0.941	0.9311	942.0	2382	3.4924	35	0.0042	5685	0.6834	13.6694	277	0.0333	1354	0.1628	6669	0.8017	19	0.0023
Sphagnum_capillifolium	3430	409317335	926025451	3869.8192	3135.5	62074	269978.2656	158362.5	1174431	150152.0	258049.4589	0.912	0.9049	914.0	1336	2.5674	0	0.0	1413	0.412	8.3798	38	0.0111	1330	0.3878	2062	0.6012	0	0.0
Sphagnum_compactum	2073	348940640	524691710	3998.5909	3124.0	23584	253107.4337	129100.0	1167889	119659.0	241876.7694	0.916	0.907	914.0	879	2.3584	0	0.0	766	0.3695	5.9408	14	0.0068	915	0.4414	1144	0.5519	0	0.0
Sphagnum_contortum	2701	368704759	741003670	4078.0733	3013.0	48656	274344.1947	155740.0	1186072	144156.0	261037.1773	0.925	0.9142	924.0	1034	2.6122	0	0.0	1102	0.408	7.3256	19	0.007	1076	0.3984	1606	0.5946	0	0.0
Sphagnum_fallax	2941	390989554	722227290	3924.7807	3053.0	36742	245572.0129	153089.0	1193466	144232.0	232106.2778	0.911	0.9037	910.0	1015	2.8975	0	0.0	1107	0.3764	7.5219	25	0.0085	1166	0.3965	1750	0.595	0	0.0
Sphagnum_fimbriatum	4008	412523592	1136178096	3820.0649	2757.0	79426	283477.5689	159274.0	1165286	150869.0	270536.7255	0.913	0.911	912.0	1357	2.9536	1	0.0002	1696	0.4232	9.7158	27	0.0067	1589	0.3965	2392	0.5968	0	0.0
Sphagnum_girgensohnii	4211	432047949	1263122822	3743.7157	3088.0	60628	299957.925	191794.0	1196889	184449.0	286803.4989	0.901	0.8959	898.0	1534	2.7451	0	0.0	1964	0.4664	9.7466	37	0.0088	1472	0.3496	2702	0.6417	0	0.0
Sphagnum_lindbergii	3762	400960393	1182246607	4334.319	2605.5	66071	314260.1295	192818.5	1188228	180877.0	297344.8155	0.934	0.9172	940.0	1059	3.5524	0	0.0	1734	0.4609	9.3825	24	0.0064	1258	0.3344	2480	0.6592	0	0.0
Sphagnum_palustre	7824	841332376	2248292642	3913.1112	3093.5	151159	287358.4665	175599.0	1187871	164337.5	273429.2913	0.903	0.8984	902.0	2656	2.9458	0	0.0	3415	0.4365	9.2995	62	0.0079	2807	0.3588	4955	0.6333	0	0.0
Sphagnum_papillosum	6847	822436558	1886707504	3772.6837	3064.0	97258	275552.4323	161563.0	1183764	151816.0	262883.7746	0.903	0.8988	902.0	2541	2.6946	0	0.0	2877	0.4202	8.3253	44	0.0064	2628	0.3838	4175	0.6098	0	0.0
Sphagnum_riparium	1690	379144435	429872645	3591.5893	2861.0	56898	254362.5118	133389.0	1173175	124552.5	241299.3822	0.897	0.8921	898.0	801	2.1099	0	0.0	657	0.3888	4.4574	7	0.0041	740	0.4379	943	0.558	0	0.0
Sphagnum_rubellum	4126	424373302	1187276572	3762.3958	3046.0	32089	287754.8648	193141.0	1189868	182389.0	275329.2993	0.907	0.899	906.0	1481	2.786	0	0.0	1899	0.4603	9.7226	27	0.0065	1411	0.342	2688	0.6515	0	0.0
Sphagnum_russowii	7295	847874771	2199050431	3766.6766	3038.0	98432	301446.2551	188969.0	1191152	180420.0	289196.5446	0.901	0.8963	900.0	2989	2.4406	1	0.0001	3394	0.4653	8.6039	62	0.0085	2543	0.3486	4690	0.6429	0	0.0
Sphagnum_squarrosum	2558	396894091	676252182	5131.3819	3038.0	114147	264367.5457	169142.0	1175525	158168.0	248178.5152	0.903	0.8996	902.0	973	2.629	1	0.0004	1077	0.421	6.445	14	0.0055	994	0.3886	1550	0.6059	0	0.0
Sphagnum_tenellum	2549	378891083	666152843	4961.4009	3245.0	63288	261338.8949	173102.0	1165496	161295.0	245979.6952	0.912	0.9061	910.0	913	2.7919	1	0.0004	1072	0.4206	6.7275	14	0.0055	935	0.3668	1600	0.6277	0	0.0
Sphagnum_teres	2270	397325161	599252682	3613.3811	2963.5	70494	263987.9656	156717.0	1157993	146774.5	248730.6996	0.899	0.8935	898.0	1024	2.2168	0	0.0	944	0.4159	5.7132	10	0.0044	911	0.4013	1349	0.5943	0	0.0
Sphecodes_crassus	7600	657692120	2413895031	3930.2883	2963.0	311720	317617.7672	176601.0	1195134	147237.0	290167.607	0.944	0.924	949.0	1980	3.8384	212	0.0279	3222	0.4239	11.5556	481	0.0633	2714	0.3571	4398	0.5787	7	0.0009
Sphecodes_ephippius	4713	542384753	1552676194	4100.028	2771.0	47326	329445.405	183361.0	1193414	167790.0	304991.2909	0.954	0.9368	968.0	1160	4.0629	231	0.049	2130	0.4519	8.6894	191	0.0405	1712	0.3633	2808	0.5958	2	0.0004
Sphecodes_longulus	7751	537363486	2642444519	6260.3099	4196.0	38918	340916.5939	204520.0	1193907	163697.0	286367.4776	0.936	0.9057	924.0	1036	7.4817	221	0.0285	3037	0.3918	14.4241	151	0.0195	2451	0.3162	5148	0.6642	1	0.0001
Sphecodes_monilicornis	2206	476312859	914869002	3473.8286	2730.5	68563	414718.4959	350014.5	1193267	325840.0	394414.9782	0.902	0.8938	926.0	593	3.7201	11	0.005	1319	0.5979	4.6314	91	0.0413	491	0.2226	1623	0.7357	1	0.0005
Sphecodes_pellucidus	15322	689872080	5712565247	4451.7827	3337.0	83518	372834.1762	235033.0	1196497	209380.5	333710.1807	0.96	0.9394	962.0	2183	7.0188	222	0.0145	7592	0.4955	22.2099	387	0.0253	4066	0.2654	10862	0.7089	7	0.0005
Sphecodes_puncticeps	13887	624352232	4354193209	5472.8279	3725.0	103705	313544.5531	200398.0	1198359	158414.0	269312.3542	0.944	0.9264	948.0	1968	7.0564	289	0.0208	5431	0.3911	22.2423	534	0.0385	4442	0.3199	8904	0.6412	7	0.0005
Sphecodes_scabricollis	8594	556183018	1853228532	4931.9663	3657.5	98116	215642.1378	144928.0	1169029	85564.5	167135.5854	0.883	0.891	898.0	1303	6.5955	31	0.0036	1793	0.2086	15.4517	204	0.0237	4552	0.5297	3838	0.4466	0	0.0
Sphenella_marginata	12614	591105946	5171745256	3184.7773	2668.0	161392	410000.4167	295556.0	1196255	262825.0	374921.5798	0.933	0.9123	936.0	2246	5.6162	15	0.0012	6981	0.5534	21.3397	100	0.0079	3290	0.2608	9224	0.7313	0	0.0
Sphinx_ligustri	1106	423535481	383145978	5727.2857	3350.5	70006	346424.9349	220767.0	1184658	198672.0	304972.16	0.974	0.9453	964.0	293	3.7747	1	0.0009	546	0.4937	2.6114	33	0.0298	317	0.2866	755	0.6826	1	0.0009
Sphinx_pinastri	3091	508868530	1399374991	3839.4875	2544.0	15256	452725.6522	425542.0	1198090	322987.0	392449.3112	0.978	0.9582	956.0	964	3.2064	2	0.0006	1877	0.6072	6.0743	111	0.0359	820	0.2653	2154	0.6969	6	0.0019
Spilarctia_lutea	4538	584408490	2242476207	3201.5119	2379.0	43280	494155.18	488046.0	1196485	368893.5	435183.5342	0.983	0.9618	970.0	1099	4.1292	32	0.0071	2924	0.6443	7.7651	74	0.0163	962	0.212	3501	0.7715	1	0.0002
Spilosoma_lubricipeda	2610	587198453	1287828317	3051.5931	2610.5	23503	493420.8111	515958.0	1185729	377586.0	427452.3655	0.932	0.9171	920.0	1078	2.4212	16	0.0061	1729	0.6625	4.4448	93	0.0356	479	0.1835	2032	0.7785	6	0.0023
Spilosoma_urticae	1802	561528725	823471798	3062.3779	2717.0	16570	456976.5805	421705.0	1182055	322048.5	399264.8785	0.966	0.9492	946.0	625	2.8832	0	0.0	1109	0.6154	3.2091	84	0.0466	409	0.227	1308	0.7259	1	0.0006
Spinacia_oleracea	134822	901318906	44109187541	4990.5106	4081.0	53493	327166.0971	181916.0	1199365	170984.5	302095.3724	0.92	0.9161	938.0	3628	37.1615	7	0.0001	52820	0.3918	149.583	782	0.0058	39922	0.2961	94116	0.6981	2	0.0
Spinus_spinus	17330	1227244158	5441856792	7060.145	4875.0	146091	314013.6637	189860.5	1192366	172940.0	283510.256	0.932	0.9087	924.0	736	23.5462	14	0.0008	6916	0.3991	14.1211	60	0.0035	5104	0.2945	12166	0.702	0	0.0
Spiraea_salicifolia	7203	460795688	3206818226	3422.9749	2966.0	25882	445205.9178	402089.0	1187927	378277.0	430723.9136	0.898	0.8852	904.0	1411	5.1049	66	0.0092	4801	0.6665	15.6317	71	0.0099	1246	0.173	5886	0.8172	0	0.0
Spisula_solida	3153	931394740	1093543725	3561.9416	2740.0	77057	346826.4272	223997.0	1173110	209351.0	324482.2455	0.901	0.8833	914.0	1938	1.6269	1	0.0003	1594	0.5056	3.3852	103	0.0327	1003	0.3181	2046	0.6489	1	0.0003
Spisula_subtruncata	5700	925100678	1782712838	3297.6077	2684.0	34658	312756.6382	196411.0	1195331	186304.5	295708.2325	0.892	0.8821	898.0	2947	1.9342	5	0.0009	2711	0.4756	6.1615	203	0.0356	1828	0.3207	3665	0.643	4	0.0007
Splachnum_sphaericum	3784	173603218	1311661623	4447.1562	3536.0	55986	346633.6213	206664.0	1180061	195331.5	323998.5029	0.9495	0.9323	946.0	850	4.4518	0	0.0	1850	0.4889	21.7968	42	0.0111	1358	0.3589	2382	0.6295	2	0.0005
Spodoptera_exigua	3673	455637530	1643565568	5357.8778	3354.0	52449	447472.2483	374082.0	1196866	319061.0	409979.2556	0.968	0.9573	964.0	862	4.261	47	0.0128	2300	0.6262	8.0612	81	0.0221	690	0.1879	2900	0.7895	2	0.0005
Sprattus_sprattus	4468	827052770	1311244595	4875.5577	3306.5	33502	293474.6184	177166.5	1194170	141210.5	240937.1815	0.962	0.9263	932.0	1110	4.0252	6	0.0013	1673	0.3744	5.4023	116	0.026	1697	0.3798	2654	0.594	1	0.0002
Spuleria_flavicaput	370	378753980	140413105	3386.2324	2556.5	22611	379494.8784	312532.0	1157903	259813.5	347190.2189	0.952	0.9387	946.0	226	1.6372	0	0.0	206	0.5568	0.9769	32	0.0865	92	0.2486	246	0.6649	0	0.0
Squalius_cephalus	12729	1097247771	4794848150	3620.9623	3039.0	59838	376686.9471	231148.0	1195593	210989.0	336616.5095	0.923	0.9013	908.0	2273	5.6001	188	0.0148	6355	0.4993	11.6008	172	0.0135	3596	0.2825	8952	0.7033	9	0.0007
Stachys_alpina	69597	739772921	25993567509	5050.6462	4638.0	72474	373486.8961	219021.0	1199162	206287.0	345239.1869	0.926	0.9206	922.0	2845	24.4629	18	0.0003	33727	0.4846	94.0789	470	0.0068	18019	0.2589	51108	0.7343	0	0.0
Stagnicola_palustris	13378	972999242	5722771497	4256.7293	3419.0	137228	427774.8166	352909.5	1192037	316106.0	399366.9658	0.935	0.9108	904.0	3125	4.281	2	0.0001	8094	0.605	13.7492	140	0.0105	2602	0.1945	10635	0.795	1	0.0001
Standfussiana_lucernea	5312	538057314	1780993809	5568.1194	3852.0	126602	335277.449	199279.0	1184515	187786.0	309313.0094	0.991	0.9766	994.0	1066	4.9831	5	0.0009	2285	0.4302	9.8726	46	0.0087	1317	0.2479	3949	0.7434	0	0.0
Staphylinus_erythropterus	11057	1281010894	4064480113	4142.9955	2814.0	135676	367593.39	241932.0	1189870	222234.0	338287.5035	0.954	0.9205	950.0	4757	2.3244	81	0.0073	5714	0.5168	8.6315	830	0.0751	2810	0.2541	7319	0.6619	98	0.0089
Stathmopoda_pedella	3647	725796834	1505658845	3959.51	2880.0	31690	412848.6002	314300.0	1194451	282378.0	375829.81	0.965	0.9467	960.0	1616	2.2568	19	0.0052	2087	0.5723	5.0248	257	0.0705	729	0.1999	2651	0.7269	10	0.0027
Stelis_phaeoptera	2272	287826051	776954631	6732.1439	3812.5	186806	341969.4679	214372.5	1197365	173048.5	283223.7293	0.842	0.8714	860.0	358	6.3464	63	0.0277	935	0.4115	7.8937	32	0.0141	717	0.3156	1522	0.6699	1	0.0004
Stenagostus_rhombeus	51992	558716916	13350071381	4152.5838	2989.0	242100	256771.6453	192735.5	1194905	115855.5	169535.2024	0.902	0.9144	912.0	1132	45.9293	213	0.0041	7575	0.1457	93.0561	680	0.0131	21791	0.4191	29517	0.5677	4	0.0001
Stenella_coeruleoalba	111696	2415894621	52261498497	3806.1949	3413.0	162816	467890.5108	428040.0	1199582	349456.5	422506.1513	0.882	0.8822	866.0	691	161.644	0	0.0	68917	0.617	46.2338	117	0.001	20707	0.1854	90872	0.8136	0	0.0
Stenepteryx_hirundinis	2825	160795027	714676729	4114.811	3091.0	62568	252982.9129	172724.0	1166316	138806.0	212358.2216	0.98	0.9353	962.0	224	12.6116	6	0.0021	930	0.3292	17.569	41	0.0145	1069	0.3784	1714	0.6067	1	0.0004
Stenichneumon_culpator	2549	276893150	829396484	4975.448	3086.0	236398	325381.1236	219871.0	1192941	196538.0	294167.1612	0.917	0.9118	930.0	551	4.6261	4	0.0016	1201	0.4712	9.2057	60	0.0235	713	0.2797	1774	0.696	2	0.0008
Stenocarus_ruficornis	9910	606725832	3996361071	4624.3407	2966.5	212043	403265.4966	273093.0	1199310	249053.5	367274.5121	0.957	0.9333	958.0	1804	5.4933	148	0.0149	5291	0.5339	16.3336	301	0.0304	2237	0.2257	7366	0.7433	6	0.0006
Stenodema_calcarata	5180	567766642	2286848610	3070.1019	2573.0	15846	441476.5656	370164.5	1192782	303628.5	388040.6508	0.915	0.884	932.0	1173	4.416	73	0.0141	3056	0.59	9.1235	105	0.0203	1113	0.2149	3959	0.7643	3	0.0006
Stenodema_holsata	5879	874449037	2136310726	3187.331	2423.0	33094	363379.95	184918.0	1194975	162477.0	296009.0937	0.862	0.8594	854.0	1772	3.3177	105	0.0179	2571	0.4373	6.7231	420	0.0714	1904	0.3239	3549	0.6037	6	0.001
Stenoptilia_bipunctidactyla	7394	800133648	3502076188	2987.3665	2503.5	42941	473637.5694	442955.0	1195257	376460.0	434661.2272	0.932	0.9276	942.0	2512	2.9435	33	0.0045	4961	0.6709	9.241	194	0.0262	1292	0.1747	5908	0.799	0	0.0
Stenoptilia_pterodactyla	19590	975304592	9563781461	3441.2888	2846.5	61091	488197.1139	470927.0	1190953	420711.0	459154.091	0.949	0.9459	954.0	4001	4.8963	27	0.0014	13568	0.6926	20.086	354	0.0181	3104	0.1584	16126	0.8232	6	0.0003
Stenurella_melanura	21915	1585394051	9686557830	3059.5075	2414.0	160748	442005.833	397393.0	1197556	346095.0	407307.7211	0.948	0.9279	944.0	7609	2.8801	139	0.0063	13521	0.617	13.8231	1158	0.0528	4209	0.1921	16394	0.7481	154	0.007
Stenus_bimaculatus	6410	391564267	2734697107	3801.1412	2503.5	86991	426629.8139	366161.5	1193877	337579.5	406169.6875	0.948	0.932	950.0	1601	4.0037	12	0.0019	3973	0.6198	16.3702	92	0.0144	1541	0.2404	4777	0.7452	0	0.0
Stenus_solutus	11887	447465921	4489444656	8462.3791	3527.0	251337	377676.845	230802.0	1199768	193325.0	308997.8758	0.906	0.885	910.0	1532	7.7591	33	0.0028	5543	0.4663	26.5652	303	0.0255	3240	0.2726	8342	0.7018	2	0.0002
Stereodon_callichrous	4288	297427464	1309339796	3801.5751	3358.0	72883	305349.7659	168177.5	1178054	159266.5	289410.389	0.9285	0.9209	938.0	1271	3.3737	0	0.0	1811	0.4223	14.417	53	0.0124	1586	0.3699	2649	0.6178	0	0.0
Sterna_paradisaea	14766	1382088568	4353990560	8518.2762	4848.0	356796	294865.9461	200450.0	1198753	156146.0	240288.9619	0.976	0.9617	978.0	619	23.8546	47	0.0032	4835	0.3274	10.6838	59	0.004	4598	0.3114	10109	0.6846	0	0.0
Sternaspis_cf_scutata_NHMUK_ANEA_2019	13237	1612562509	5589691592	4213.349	2930.0	334972	422277.8267	352840.0	1198646	324890.0	400515.3038	0.939	0.9225	942.0	3749	3.5308	12	0.0009	8045	0.6078	8.2087	216	0.0163	3110	0.2349	9911	0.7487	0	0.0
Steromphala_cineraria	9049	1259225530	3024041461	4127.7958	2871.0	137634	334185.1543	207482.0	1197916	181526.0	302479.4524	0.927	0.9054	934.0	2907	3.1128	10	0.0011	4156	0.4593	7.1862	191	0.0211	2900	0.3205	5958	0.6584	0	0.0
Sthenelais_limicola	4415	1126567338	1815554219	7270.5506	3839.0	68071	411224.0587	294788.0	1192501	255765.0	366906.8627	0.968	0.9297	954.0	1613	2.7371	3	0.0007	2432	0.5508	3.919	64	0.0145	1042	0.236	3309	0.7495	0	0.0
Stictoleptura_scutellata	37010	1459525806	18197316042	3357.0721	3052.0	55325	491686.4643	473397.0	1199864	413971.5	455490.0136	0.96	0.953	948.0	4433	8.3487	53	0.0014	25489	0.6887	25.3576	636	0.0172	5442	0.147	30906	0.8351	26	0.0007
Stictopleurus_punctatonervosus	42357	2632222130	20528010435	3201.0744	2497.0	145520	484642.6903	478340.0	1197229	391029.0	435575.7478	0.924	0.9173	914.0	10045	4.2167	237	0.0056	28080	0.6629	16.0917	1909	0.0451	7414	0.175	33018	0.7795	16	0.0004
Stilbops_ruficornis	5579	332010064	2262400270	3131.1034	2653.0	29037	405520.751	326166.0	1186593	296369.0	383561.2115	0.948	0.9333	954.0	1110	5.0261	41	0.0073	3207	0.5748	16.8037	286	0.0513	1199	0.2149	4088	0.7327	6	0.0011
Stomorhina_lunata	10362	725467476	3395771023	2639.4918	2429.0	16790	327713.8605	166811.5	1195235	144414.0	284146.2848	0.903	0.8848	896.0	3689	2.8089	156	0.0151	4190	0.4044	14.2832	600	0.0579	3616	0.349	6116	0.5902	30	0.0029
Stomoxys_calcitrans	8388	1062214807	2742562021	3081.6968	2441.0	47245	326962.5681	180708.5	1194105	135476.0	250123.0026	0.854	0.853	844.0	3072	2.7305	11	0.0013	2848	0.3395	7.8967	283	0.0337	3065	0.3654	5030	0.5997	10	0.0012
Stragania_apicalis	15559	1336088642	4870069597	3954.8891	3033.0	135233	313006.5941	199844.0	1195132	180947.0	291875.8541	0.923	0.9116	928.0	4855	3.2047	606	0.0389	7265	0.4669	11.6452	928	0.0596	4884	0.3139	9733	0.6256	14	0.0009
Straminergon_stramineum	3476	325083044	1273209874	3904.3858	3287.0	52497	366285.9246	251534.0	1188357	240221.5	353671.5046	0.9035	0.8994	902.0	1287	2.7009	0	0.0	1827	0.5256	10.6927	39	0.0112	1097	0.3156	2340	0.6732	0	0.0
Stratiomys_singularior	6001	692282181	2552750470	4226.4003	2907.0	82749	425387.5137	349187.0	1193638	319940.0	400272.5819	0.911	0.9091	914.0	1518	3.9532	2	0.0003	3576	0.5959	8.6684	75	0.0125	1352	0.2253	4569	0.7614	5	0.0008
Streptopelia_decaocto	5634	1155842687	1617827104	6080.2439	3378.0	193923	287154.2606	178492.0	1194002	148324.5	249254.2437	0.936	0.9209	938.0	751	7.502	5	0.0009	2132	0.3784	4.8744	56	0.0099	2081	0.3694	3497	0.6207	0	0.0
Streptopelia_turtur	4820	1123089794	1783585749	3823.5309	2899.0	42241	370038.5371	222503.0	1189302	211634.5	344995.4054	0.942	0.9231	930.0	712	6.7697	1	0.0002	2404	0.4988	4.2917	41	0.0085	1423	0.2952	3356	0.6963	0	0.0
Strigamia_acuminata	6516	233192355	2403442597	5320.4337	4329.0	30737	368852.455	243911.5	1195715	226553.0	345819.0043	0.956	0.9389	960.0	1255	5.192	59	0.0091	3389	0.5201	27.9426	161	0.0247	1706	0.2618	4648	0.7133	1	0.0002
Strix_aluco	6146	1208167204	2109673360	4605.3391	2889.0	187099	343259.577	231337.0	1189756	200827.5	314586.2555	0.915	0.9043	914.0	787	7.8094	15	0.0024	2948	0.4797	5.087	36	0.0059	1662	0.2704	4448	0.7237	0	0.0
Stromboceros_delicatulus	4062	300255025	1709184235	6235.695	2991.0	220390	420774.0608	291819.5	1196672	256528.5	356585.4712	0.932	0.913	920.0	447	9.0872	7	0.0017	2267	0.5581	13.5285	44	0.0108	846	0.2083	3172	0.7809	0	0.0
Strophosoma_melanogrammum	31844	2441457213	13481313379	3536.105	2352.0	161118	423354.8982	356947.0	1199158	320389.5	396678.3611	0.965	0.9225	980.0	8588	3.708	5189	0.163	18760	0.5891	13.043	2426	0.0762	6168	0.1937	23207	0.7288	43	0.0014
Stuckenia_pectinata	13762	664703355	5204097652	4661.0094	3093.5	119881	378149.8076	252745.5	1194769	231120.0	350311.4071	0.928	0.9095	928.0	2636	5.2208	12	0.0009	7357	0.5346	20.704	136	0.0099	3546	0.2577	10079	0.7324	1	0.0001
Sturmia_bella	5042	437296770	2178871555	3018.2291	2398.0	59980	432144.2989	378666.0	1199565	333296.0	398623.4369	0.942	0.9304	940.0	496	10.1653	29	0.0058	3100	0.6148	11.5299	176	0.0349	1129	0.2239	3737	0.7412	0	0.0
Sturnus_vulgaris	19910	1075875410	5682189892	5559.8069	4096.5	240599	285393.7665	166182.5	1199853	152231.0	257573.6426	0.94	0.9279	940.0	582	34.2096	7	0.0004	6492	0.3261	18.5059	54	0.0027	6604	0.3317	13252	0.6656	0	0.0
Styela_clava	6506	362487092	2285070247	4340.9757	3188.5	56450	351225.061	227015.0	1194250	212020.5	323447.5481	0.942	0.9186	942.0	1333	4.8807	52	0.008	3336	0.5128	17.9482	156	0.024	1918	0.2948	4432	0.6812	0	0.0
Stylops_aterrimus	2270	85309033	891788650	4690.5256	3156.5	35522	392858.4361	241611.5	1182745	225671.5	336195.6432	0.922	0.8825	925.0	214	10.6075	71	0.0313	1144	0.504	26.6091	8	0.0035	420	0.185	1842	0.8115	0	0.0
Suaeda_maritima	37682	761750401	13787409910	3691.3241	3095.0	71785	365888.4855	224164.5	1198358	212659.5	340280.6422	0.9	0.8954	902.0	4203	8.9655	18	0.0005	18716	0.4967	49.4676	245	0.0065	10000	0.2654	27436	0.7281	1	0.0
Subacronicta_megacephala	729	420200562	285456918	3556.4321	2635.0	18161	391573.2757	220722.0	1182732	204203.0	342937.3882	0.957	0.9269	966.0	438	1.6644	27	0.037	364	0.4993	1.7349	14	0.0192	233	0.3196	482	0.6612	0	0.0
Subcoccinella_vigintiquattuorpunctata	2634	527148609	760277934	3459.1021	2726.5	18911	288640.0661	133386.5	1191320	86811.0	236118.0972	0.959	0.9376	956.0	1333	1.976	67	0.0254	937	0.3557	4.9967	477	0.1811	875	0.3322	1261	0.4787	21	0.008
Succisa_pratensis	160335	2300424821	68480556589	3968.5957	3311.0	83127	427109.2188	345488.0	1199653	313702.0	403667.4427	0.886	0.8813	880.0	18255	8.7831	43	0.0003	94189	0.5875	69.698	710	0.0044	33854	0.2111	125765	0.7844	6	0.0
Suillia_affinis	2394	380294446	914197834	3755.284	2813.0	85541	381870.4403	217851.5	1193451	194448.5	321365.5856	0.931	0.9181	912.0	664	3.6054	12	0.005	1159	0.4841	6.2951	163	0.0681	637	0.2661	1590	0.6642	4	0.0017
Suillia_flava	2351	279886048	935866689	6315.5393	3697.0	92225	398071.752	241033.0	1190453	214536.0	334983.4083	0.975	0.9563	968.0	413	5.6925	4	0.0017	1190	0.5062	8.3998	39	0.0166	662	0.2816	1650	0.7018	0	0.0
Suillia_notata	3300	343477443	611975151	3945.2909	2982.5	254845	185447.0155	135666.0	1181485	63002.5	133269.7276	0.91	0.888	914.0	576	5.7292	288	0.0873	493	0.1494	9.6076	434	0.1315	1537	0.4658	1293	0.3918	36	0.0109
Suillia_pallida	1240	313009110	407256715	3800.3508	2805.0	29805	328432.8347	202502.5	1167192	192572.5	304797.3847	0.949	0.9364	946.0	392	3.1633	2	0.0016	580	0.4677	3.9615	40	0.0323	410	0.3306	790	0.6371	0	0.0
Suillia_variegata	1212	261664681	430217877	3377.6939	2805.0	72979	354965.245	238217.0	1198617	221355.5	326025.8168	0.934	0.9219	936.0	315	3.8476	13	0.0107	625	0.5157	4.6319	71	0.0586	337	0.2781	803	0.6625	1	0.0008
Suillus_viscidus	1096	70476950	295837393	3996.781	2917.5	74976	269924.6286	150118.0	1188960	140268.0	259521.3175	0.882	0.8923	884.0	417	2.6283	2	0.0018	431	0.3932	15.5512	17	0.0155	408	0.3723	671	0.6122	0	0.0
Sussaba_pulchella	1571	258061064	468226104	3690.7333	2651.0	31694	298043.3507	180858.0	1190562	169601.0	281018.6251	0.951	0.9338	958.0	633	2.4818	49	0.0312	713	0.4539	6.0877	45	0.0286	577	0.3673	949	0.6041	0	0.0
Sycon_ciliatum	8186	531696692	2928234503	3707.6719	2962.0	58157	357712.4973	231573.0	1197517	211099.5	318518.5735	0.94	0.9223	938.0	3015	2.7151	127	0.0155	4151	0.5071	15.396	291	0.0355	2184	0.2668	5696	0.6958	15	0.0018
Sylvicola_cinctus	741	179084251	239812347	4818.8408	2878.0	62402	323633.3968	194500.0	1184254	176445.0	297753.0972	0.934	0.9119	940.0	129	5.7442	1	0.0013	329	0.444	4.1377	22	0.0297	242	0.3266	477	0.6437	0	0.0
Symmerus_annulatus	4421	349277144	2169221144	3126.0052	3025.0	20441	490663.0048	458731.0	1193255	391792.0	450242.8717	0.955	0.9306	952.0	606	7.2954	7	0.0016	3083	0.6974	12.6576	39	0.0088	679	0.1536	3703	0.8376	0	0.0
Symmorphus_gracilis	2729	207556851	1083996171	3576.0333	2732.0	48419	397213.694	290516.0	1189033	255400.0	354989.1403	0.923	0.9162	914.0	334	8.1707	61	0.0224	1513	0.5544	13.1482	49	0.018	684	0.2506	1996	0.7314	0	0.0
Sympetrum_sanguineum	14672	1232749358	4954727709	6595.9272	3587.0	344038	337699.544	208508.0	1194214	180939.5	304810.9032	0.961	0.9439	956.0	2891	5.0751	31	0.0021	6388	0.4354	11.9019	312	0.0213	4162	0.2837	10153	0.692	45	0.0031
Sympetrum_striolatum	29997	1316122182	8853957802	3186.3281	2576.0	88780	295161.4429	152583.0	1197909	130250.0	266740.2299	0.832	0.835	860.0	3158	9.4987	305	0.0102	11937	0.3979	22.792	1491	0.0497	12005	0.4002	16413	0.5472	88	0.0029
Symphodus_melops	4221	626373318	1311610386	4395.77	3125.0	234348	310734.5146	210904.0	1196829	183543.0	264783.3141	0.937	0.91	922.0	529	7.9792	1	0.0002	1836	0.435	6.7388	23	0.0054	1328	0.3146	2870	0.6799	0	0.0
Synanthedon_andrenaeformis	3344	348261084	1684176013	3488.7368	3282.0	59518	503641.1522	492312.5	1190563	449703.5	475316.2593	0.984	0.9427	980.0	589	5.6774	3	0.0009	2407	0.7198	9.602	40	0.012	449	0.1343	2855	0.8538	0	0.0
Synanthedon_formicaeformis	705	321216854	338868244	3723.6993	2650.0	49125	480664.1759	471997.0	1171537	351374.0	416476.966	0.971	0.9529	966.0	364	1.9368	61	0.0865	477	0.6766	2.1948	49	0.0695	111	0.1574	544	0.7716	1	0.0014
Synanthedon_myopaeformis	457	295610239	136385092	4185.2779	3257.0	28750	298435.6499	165081.0	1160508	139574.0	260769.7571	0.971	0.9446	972.0	149	3.0671	4	0.0088	187	0.4092	1.546	20	0.0438	171	0.3742	266	0.5821	0	0.0
Synanthedon_tipuliformis	859	295661335	330183249	4039.787	2951.0	16342	384380.9651	269795.0	1156405	238866.0	345833.1618	0.974	0.9432	984.0	384	2.237	15	0.0175	473	0.5506	2.9054	37	0.0431	220	0.2561	602	0.7008	0	0.0
Synanthedon_vespiformis	298	270602368	113255860	3500.755	3041.5	23505	380053.2215	251315.0	1152900	234472.0	317786.8221	0.957	0.9275	927.0	142	2.0986	3	0.0101	156	0.5235	1.1012	15	0.0503	79	0.2651	204	0.6846	0	0.0
Syndemis_musculana	1748	462372090	838982568	3123.7489	2412.5	36064	479967.1442	494062.0	1173912	411650.0	446180.0309	0.947	0.9218	954.0	932	1.8755	39	0.0223	1160	0.6636	3.7805	39	0.0223	366	0.2094	1343	0.7683	0	0.0
Syngnathus_acus	2842	321450941	1189581847	3389.202	2847.5	46817	418572.0785	357664.0	1185143	309931.5	381549.652	0.957	0.9292	949.0	523	5.434	4	0.0014	1727	0.6077	8.8412	43	0.0151	603	0.2122	2195	0.7723	1	0.0004
Synophropsis_lauri	44024	2384220150	18186985748	3591.9443	2944.0	92415	413115.2496	336842.5	1198018	313481.0	393004.8537	0.911	0.9075	920.0	7467	5.8958	560	0.0127	26199	0.5951	18.4647	1478	0.0336	9980	0.2267	32535	0.739	31	0.0007
Syntrichia_ruraliformis	9357	340090408	3972083919	4114.1219	3427.0	42064	424503.999	346639.0	1194667	323117.0	406887.4872	0.901	0.8967	906.0	2313	4.0454	1	0.0001	5723	0.6116	27.5133	62	0.0066	2115	0.226	7179	0.7672	1	0.0001
Syringa_vulgaris	13008	1071953390	5494984211	4429.6566	3214.0	250241	422431.1355	334012.0	1197342	299808.0	391573.0517	0.872	0.87	876.0	4285	3.0357	43	0.0033	7679	0.5903	12.1349	162	0.0125	2651	0.2038	10195	0.7837	0	0.0
Syritta_pipiens	1382	318506762	478411825	4264.0051	2754.5	99365	346173.5347	223697.5	1186606	179093.0	297130.2931	0.885	0.8899	900.0	314	4.4013	3	0.0022	584	0.4226	4.339	24	0.0174	443	0.3205	914	0.6614	1	0.0007
Syrphoctonus_tarsatorius	4316	369943346	1271180045	6180.0948	3665.5	162571	294527.3506	183038.5	1189736	137349.5	244940.9683	0.916	0.9053	922.0	783	5.5121	21	0.0049	1510	0.3499	11.6667	150	0.0348	1580	0.3661	2583	0.5985	3	0.0007
Syrphus_vitripennis	2975	380245770	1302186627	3171.0679	2661.0	33027	437709.7906	384574.0	1194373	355202.0	416993.5714	0.949	0.9379	954.0	708	4.202	0	0.0	1857	0.6242	7.8239	51	0.0171	658	0.2212	2265	0.7613	1	0.0003
Systoechus_ctenopterus	10128	349616915	3434542356	5335.7198	3453.0	154168	339113.5818	208172.5	1196452	173642.5	296657.6198	0.927	0.9122	926.0	1493	6.7837	117	0.0116	4449	0.4393	28.9689	210	0.0207	3212	0.3171	6706	0.6621	0	0.0
Tachina_fera	20601	751606852	7541925426	3477.6716	3106.0	53979	366095.1131	205247.0	1194585	195805.0	334885.2631	0.934	0.9146	916.0	1800	11.445	23	0.0011	9628	0.4674	27.4093	439	0.0213	5825	0.2828	14334	0.6958	3	0.0001
Tachina_grossa	29219	934698311	9855971898	3962.988	3476.0	57665	337313.7992	187276.0	1197761	175959.0	307037.1241	0.95	0.9314	928.0	2565	11.3914	205	0.007	12914	0.442	31.2604	1429	0.0489	8867	0.3035	18904	0.647	19	0.0007
Tachina_lurida	35046	898043104	12905074923	3480.2218	2898.5	111595	368232.4637	207376.0	1199038	195851.5	335413.9375	0.927	0.9147	914.0	3069	11.4194	50	0.0014	16476	0.4701	39.0249	1049	0.0299	9939	0.2836	24052	0.6863	6	0.0002
Tachinus_rufipes	10909	1148331334	3883365581	4083.5547	2888.0	248071	355978.1447	249630.0	1185820	233967.0	336121.7703	0.909	0.8973	914.0	4374	2.4941	161	0.0148	5754	0.5275	9.4999	494	0.0453	3274	0.3001	7093	0.6502	48	0.0044
Tachybaptus_ruficollis	12474	1364239696	3652652245	6304.1181	4192.0	102374	292821.2478	193633.0	1189888	160226.5	253098.4689	0.974	0.9582	970.0	968	12.8864	8	0.0006	4609	0.3695	9.1436	37	0.003	3916	0.3139	8521	0.6831	0	0.0
Tachyporus_hypnorum	9686	493541088	3608224988	3683.5944	3005.5	36019	372519.6147	276403.0	1198677	255798.0	349547.1262	0.95	0.9332	952.0	2771	3.4955	25	0.0026	5365	0.5539	19.6255	183	0.0189	2446	0.2525	7057	0.7286	0	0.0
Tachystola_acroxantha	1769	387989068	810970837	3444.4426	2805.0	33414	458434.6167	391203.0	1179973	301195.0	394221.2538	0.961	0.9355	954.0	656	2.6966	47	0.0266	1079	0.6099	4.5594	62	0.035	352	0.199	1354	0.7654	1	0.0006
Tadorna_tadorna	7339	1195022723	2817812685	4355.9721	3040.0	135719	383950.4953	236660.0	1195126	218467.0	344857.4796	0.939	0.9238	930.0	623	11.7801	21	0.0029	3747	0.5106	6.1413	63	0.0086	1883	0.2566	5393	0.7348	0	0.0
Taeniapion_urticarium	17603	813293045	8301858548	2924.8699	2581.0	40741	471616.1193	453462.0	1196332	413742.0	449089.2883	0.964	0.9497	970.0	4751	3.7051	120	0.0068	11884	0.6751	21.6441	541	0.0307	3180	0.1807	13869	0.7879	13	0.0007
Taleporia_tubulosa	1528	393636312	631700846	3180.6322	2454.0	47588	413416.784	345853.5	1168247	300944.5	382430.68	0.939	0.9229	968.0	776	1.9691	49	0.0321	856	0.5602	3.8818	149	0.0975	383	0.2507	990	0.6479	6	0.0039
Talpa_europaea	41476	2038330360	21706835512	4215.9014	3648.0	261829	523358.9428	541055.0	1197911	394995.5	450417.2601	0.95	0.9384	924.0	1071	38.7264	2	0.0	27567	0.6646	20.348	86	0.0021	6965	0.1679	34425	0.83	0	0.0
Tamarix_gallica	23786	1386221198	11454438216	3092.2907	2685.0	61814	481562.1885	465158.0	1195534	435030.0	463338.0293	0.826	0.826	834.0	7604	3.1281	7	0.0003	16961	0.7131	17.1589	188	0.0079	3687	0.155	19909	0.837	2	0.0001
Tanacetum_parthenium	166258	2106556234	72783126127	4804.7887	3767.0	59595	437772.1741	373266.0	1199858	345658.0	417663.1672	0.88	0.8759	888.0	11778	14.116	990	0.006	102623	0.6173	78.9241	1694	0.0102	31837	0.1915	132470	0.7968	257	0.0015
Tanacetum_vulgare	210913	4510275757	102722298755	3925.6153	3295.0	399607	487036.3551	462339.0	1199579	440131.0	471222.9606	0.882	0.8794	888.0	44497	4.7399	1292	0.0061	149880	0.7106	46.7628	1838	0.0087	31557	0.1496	177288	0.8406	230	0.0011
Taphrorychus_bicolor	10010	563973525	4745769735	3202.8517	2865.5	18575	474102.8706	447064.5	1191901	415487.5	454455.9599	0.917	0.9063	914.0	1918	5.219	23	0.0023	6850	0.6843	17.7491	112	0.0112	1744	0.1742	8153	0.8145	1	0.0001
Taurulus_bubalis	1685	614935197	526825909	3995.6997	2806.0	50115	312656.3258	177161.0	1194808	151627.0	272933.9418	0.953	0.9309	952.0	442	3.8122	8	0.0047	683	0.4053	2.7401	13	0.0077	662	0.3929	1007	0.5976	3	0.0018
Tausonia_pullulans	194	23188788	50096106	4051.6546	3597.5	11324	258227.3505	163859.5	1171311	155525.5	249059.8093	0.944	0.9405	937.0	50	3.88	0	0.0	75	0.3866	8.3661	1	0.0052	79	0.4072	114	0.5876	0	0.0
Teleiodes_luculella	1516	437130584	644692737	3026.3292	2486.5	19607	425259.0613	356772.0	1196650	312589.5	392665.0099	0.963	0.9466	968.0	884	1.7149	42	0.0277	873	0.5759	3.4681	12	0.0079	434	0.2863	1070	0.7058	0	0.0
Teleiodes_vulgella	3238	625329827	1494411468	3220.1529	2602.0	25957	461522.9981	437987.0	1183107	367240.5	418446.9407	0.951	0.9301	956.0	1286	2.5179	83	0.0256	2105	0.6501	5.1781	162	0.05	566	0.1748	2509	0.7749	1	0.0003
Teleogryllus_oceanicus	10691	2016959511	4458219738	3861.0834	2766.0	52884	417006.8037	333293.0	1196873	293422.0	383463.9472	0.937	0.9221	930.0	2926	3.6538	2	0.0002	6222	0.582	5.3006	205	0.0192	2555	0.239	7924	0.7412	7	0.0007
Tellima_grandiflora	19232	537239690	7879828681	4751.8761	3760.0	102007	409724.869	266140.0	1199503	236228.0	364585.7592	0.888	0.8805	900.0	2763	6.9606	9	0.0005	10189	0.5298	35.7978	137	0.0071	4406	0.2291	14688	0.7637	1	0.0001
Temnocerus_longiceps	15921	1186629173	5610471502	3645.0528	2714.0	133399	352394.4163	212580.0	1199435	183927.0	313487.3304	0.92	0.8986	920.0	5218	3.0512	266	0.0167	7472	0.4693	13.417	1295	0.0813	4673	0.2935	9910	0.6224	43	0.0027
Tenebrio_molitor	1191	270927992	473908613	3317.7305	2589.0	40339	397908.1553	324705.0	1186496	309707.0	377001.8128	0.95	0.936	952.0	407	2.9263	8	0.0067	719	0.6037	4.396	18	0.0151	283	0.2376	890	0.7473	0	0.0
Tenthredo_amoena	1493	199782910	486348676	6242.9839	3227.0	46379	325752.6296	203117.0	1183126	185330.0	296347.0924	0.968	0.9463	976.0	395	3.7797	48	0.0322	691	0.4628	7.4731	47	0.0315	417	0.2793	1029	0.6892	0	0.0
Tenthredo_arcuata	5873	266146699	2568492668	3629.3681	2960.0	54678	437339.1228	393448.0	1191780	358128.0	414572.8754	0.942	0.9293	956.0	918	6.3976	146	0.0249	3804	0.6477	22.0668	570	0.0971	790	0.1345	4512	0.7683	1	0.0002
Tenthredo_distinguenda	1900	226698621	706949759	6384.4832	3375.0	170209	372078.8205	243317.0	1185434	219705.0	321406.8326	0.858	0.8804	880.0	456	4.1667	22	0.0116	956	0.5032	8.3812	40	0.0211	422	0.2221	1438	0.7568	0	0.0
Tenthredo_livida	5552	345049542	2104923258	4558.096	3042.5	135814	379128.8289	282246.5	1183991	251450.5	351860.8757	0.937	0.9138	950.0	1676	3.3126	54	0.0097	3065	0.5521	16.0904	271	0.0488	1282	0.2309	3992	0.719	7	0.0013
Tenthredo_mesomela	4677	388831363	1652706824	4003.4811	2932.0	58247	353369.0024	210283.0	1194137	195245.0	325234.842	0.966	0.9396	968.0	1712	2.7319	68	0.0145	2265	0.4843	12.0284	241	0.0515	1427	0.3051	3008	0.6431	1	0.0002
Tenthredo_notha	5355	252597259	2486408077	3446.0118	2953.0	47644	464315.2338	441790.0	1194159	401887.0	441236.4344	0.938	0.9274	952.0	757	7.074	144	0.0269	3711	0.693	21.1998	498	0.093	581	0.1085	4275	0.7983	1	0.0002
Tenthredo_scrophulariae	4070	233070822	1329794166	5280.5133	3523.0	99024	326730.7533	220233.0	1186605	182854.5	283418.1907	0.953	0.9418	952.0	569	7.1529	10	0.0025	1723	0.4233	17.4625	71	0.0174	1032	0.2536	2966	0.7287	1	0.0002
Tenthredo_zona	2941	211376057	756718158	5817.4685	3708.0	33310	257299.6117	173874.0	1158712	149272.0	229151.0721	0.97	0.9468	980.0	432	6.8079	11	0.0037	1203	0.409	13.9136	61	0.0207	1061	0.3608	1819	0.6185	0	0.0
Tephritis_conura	42336	1860285643	19920262098	2851.1229	2530.0	115862	470527.7329	450097.5	1199223	385407.5	433715.5073	0.953	0.9342	952.0	10058	4.2092	103	0.0024	27714	0.6546	22.7578	1022	0.0241	8143	0.1923	33156	0.7832	15	0.0004
Tephritis_formosa	30484	1779529983	13921308039	2830.282	2462.0	50172	456675.8968	422571.5	1197014	351860.5	415178.8428	0.938	0.9206	934.0	9622	3.1682	75	0.0025	19109	0.6269	17.1304	509	0.0167	6657	0.2184	23314	0.7648	4	0.0001
Tephritis_matricariae	31602	1788085084	13406749907	2911.7046	2516.0	68185	424237.3871	356515.0	1198231	298803.0	384834.5647	0.927	0.9107	926.0	9704	3.2566	374	0.0118	18211	0.5763	17.6737	1474	0.0466	7509	0.2376	22608	0.7154	11	0.0003
Tephritis_neesii	45296	1930776726	17332251902	3616.7052	2847.0	77058	382644.2048	228725.0	1197819	209780.5	337269.193	0.948	0.9272	938.0	9531	4.7525	350	0.0077	22209	0.4903	23.46	1489	0.0329	11313	0.2498	32471	0.7169	23	0.0005
Tephroseris_palustris	258129	4182395542	120461237090	3972.6939	3331.0	94335	466670.6844	430598.0	1199863	381657.0	437762.5565	0.877	0.8755	878.0	40862	6.3171	61	0.0002	166735	0.6459	61.718	1131	0.0044	46705	0.1809	210274	0.8146	19	0.0001
Terebella_lapidaria	11985	748885553	5226816039	3506.8813	2621.0	54564	436113.1447	365636.0	1196900	317586.0	399141.4098	0.897	0.8796	906.0	3108	3.8562	20	0.0017	7179	0.599	16.0038	200	0.0167	2635	0.2199	9145	0.763	5	0.0004
Testudinalia_testudinalis	5674	485868766	1988080339	4849.7998	3026.5	74161	350384.2684	216822.0	1197233	195463.5	308084.2637	0.941	0.917	940.0	1295	4.3815	45	0.0079	2688	0.4737	11.6781	203	0.0358	1678	0.2957	3789	0.6678	4	0.0007
Tetanocera_arrogans	32713	1092658806	15382075335	2905.563	2632.0	46610	470212.9225	440374.0	1199610	390741.0	441505.2613	0.941	0.9316	944.0	4152	7.8789	16	0.0005	21968	0.6715	29.9389	216	0.0066	5855	0.179	26637	0.8143	5	0.0002
Tetanocera_ferruginea	8758	786291023	3964579075	2964.1736	2549.5	65654	452680.8718	417327.0	1191870	366991.0	420930.2286	0.945	0.9333	950.0	2304	3.8012	49	0.0056	5632	0.6431	11.1384	186	0.0212	1802	0.2058	6768	0.7728	2	0.0002
Tethea_ocularis	2026	337997510	921010658	3185.1535	2980.0	21303	454595.5864	413508.0	1188507	338404.0	412703.4768	0.956	0.9444	958.0	590	3.4339	1	0.0005	1276	0.6298	5.9941	97	0.0479	403	0.1989	1525	0.7527	1	0.0005
Tetheella_fluctuosa	1647	368897448	711760442	3924.7875	3221.0	34905	432155.7025	365852.0	1193231	334167.0	405559.4712	0.979	0.9553	980.0	440	3.7432	6	0.0036	1016	0.6169	4.4647	82	0.0498	313	0.19	1251	0.7596	1	0.0006
Tethya_citrina	2132	121092050	594602892	3264.2528	2688.0	53319	278894.4146	183378.0	1178718	151951.5	222708.0788	0.887	0.8722	839.0	379	5.6253	9	0.0042	862	0.4043	17.6064	45	0.0211	785	0.3682	1302	0.6107	0	0.0
Tetragnatha_montana	4736	783121126	1787569908	3534.5971	2825.5	47688	377442.9704	278496.0	1188633	256374.5	354353.3566	0.963	0.9332	970.0	2036	2.3261	169	0.0357	2625	0.5543	6.0476	312	0.0659	1121	0.2367	3287	0.694	16	0.0034
Tetramitus_jugosus	55	14044166	12041698	4556.6	2862.0	25020	218939.9636	93170.0	678949	53445.0	206455.2545	0.946	0.9315	946.0	42	1.3095	0	0.0	23	0.4182	3.9162	4	0.0727	26	0.4727	25	0.4545	0	0.0
Tetranychus_urticae	336	85223574	54919312	3570.8065	2602.5	33711	163450.3333	63789.5	1095198	48839.5	149999.4226	0.878	0.8712	884.0	199	1.6884	5	0.0149	69	0.2054	3.9426	22	0.0655	215	0.6399	99	0.2946	0	0.0
Tetrao_urogallus	2401	1001601465	615334762	5333.8322	3717.0	57634	256282.6997	154430.0	1147296	130128.0	235081.3349	0.968	0.9452	978.0	389	6.1722	11	0.0046	919	0.3828	2.3972	33	0.0137	992	0.4132	1376	0.5731	0	0.0
Tetraplodon_mnioides	13204	213571369	4777655398	4673.848	3932.0	51032	361833.9441	228237.0	1196751	216546.5	345069.0168	0.961	0.9491	958.0	1228	10.7524	1	0.0001	6636	0.5026	61.8248	63	0.0048	3669	0.2779	9472	0.7174	0	0.0
Tetropium_fuscum	7440	555607771	3244828396	3515.6767	2388.0	35758	436132.8489	354632.0	1197026	309834.5	394834.7273	0.956	0.9363	950.0	1251	5.9472	23	0.0031	4429	0.5953	13.3907	201	0.027	1462	0.1965	5774	0.7761	3	0.0004
Teucrium_botrys	9639	232374835	2887947737	6322.4656	5580.0	78604	299610.7207	187400.0	1192678	156532.0	260168.3573	0.961	0.9477	960.0	481	20.0395	0	0.0	3770	0.3911	41.4804	74	0.0077	3232	0.3353	6333	0.657	0	0.0
Teucrium_scorodonia	66134	1025931263	27077313084	3860.6746	2918.0	223859	409431.0504	308965.5	1198241	280466.0	385082.5119	0.888	0.8829	898.0	6355	10.4066	27	0.0004	37116	0.5612	64.4624	398	0.006	15164	0.2293	50571	0.7647	1	0.0
Thalasseus_sandvicensis	16341	1393296996	5452374427	9523.6144	4906.0	307996	333662.2255	211885.0	1197872	152733.0	242994.1271	0.973	0.9441	972.0	616	26.5276	23	0.0014	5528	0.3383	11.7283	78	0.0048	5294	0.324	10969	0.6713	0	0.0
Thalictrum_alpinum	25105	503891981	10972823189	4832.4762	3982.0	141986	437077.2033	362979.0	1197649	330317.0	411562.1469	0.913	0.9065	914.0	1941	12.9341	5	0.0002	15146	0.6033	49.8222	142	0.0057	5059	0.2015	19903	0.7928	1	0.0
Thalictrum_minus	23061	963009215	9940859354	5235.4342	3488.0	291196	431068.0089	352492.0	1199155	319453.0	403315.1097	0.908	0.9001	918.0	2826	8.1603	41	0.0018	13899	0.6027	23.9468	152	0.0066	4366	0.1893	18538	0.8039	5	0.0002
Thalpophila_matura	1144	510361408	397188815	3932.7587	2927.0	76777	347193.0201	212646.0	1193514	196245.0	313502.1093	0.9825	0.9607	984.0	670	1.7075	13	0.0114	566	0.4948	2.2415	141	0.1233	322	0.2815	681	0.5953	0	0.0
Thanasimus_formicarius	17350	1408260902	6545079858	4003.3994	2875.0	359273	377238.0322	230507.5	1195936	210264.0	341579.1654	0.941	0.9163	942.0	5032	3.4479	230	0.0133	8603	0.4959	12.3202	1113	0.0641	4270	0.2461	11951	0.6888	16	0.0009
Thaumetopoea_processionea	5778	723852623	3389980849	3024.0145	2725.0	25306	586704.8891	647899.0	1198146	450020.5	474699.5244	0.948	0.9381	798.0	1081	5.3451	1	0.0002	4207	0.7281	7.9823	105	0.0182	836	0.1447	4834	0.8366	3	0.0005
Thecocarcelia_acutangulata	12766	691357165	4841869415	2950.1518	2692.0	17017	379278.5066	200859.0	1194938	190597.0	332989.7377	0.907	0.9071	896.0	1003	12.7278	4	0.0003	5818	0.4557	18.4651	209	0.0164	3523	0.276	9031	0.7074	3	0.0002
Thecophora_atra	11982	353769650	3655412079	4598.2626	3924.0	113114	305075.2862	184357.5	1197267	159939.0	274604.3885	0.964	0.9329	970.0	1579	7.5883	77	0.0064	4812	0.4016	33.8695	360	0.03	4077	0.3403	7541	0.6294	4	0.0003
Thelaira_nigripes	7356	519374984	2646243545	6324.8	3936.0	220698	359739.4705	225091.5	1199529	202162.5	313951.3588	0.928	0.8974	924.0	935	7.8674	720	0.0979	3579	0.4865	14.1632	508	0.0691	1876	0.255	4971	0.6758	1	0.0001
Thelaira_solivaga	4743	428796530	1475385477	5901.7594	3759.0	126797	311065.8817	194204.0	1197493	172724.0	275014.4913	0.927	0.898	930.0	670	7.0791	449	0.0947	2030	0.428	11.0612	290	0.0611	1435	0.3026	3018	0.6363	0	0.0
Thera_britannica	2001	379577705	913944033	3311.989	2860.0	20488	456743.6447	449087.0	1180389	366006.0	412625.6797	0.943	0.9093	952.0	825	2.4255	11	0.0055	1255	0.6272	5.2716	190	0.095	371	0.1854	1437	0.7181	3	0.0015
Thera_firmata	543	297049745	246935305	3387.2486	3020.0	12785	454761.151	429996.0	1176891	340587.0	412435.4125	0.964	0.9505	966.0	225	2.4133	2	0.0037	325	0.5985	1.828	46	0.0847	130	0.2394	367	0.6759	0	0.0
Thera_juniperata	799	356735921	357313640	3293.4343	2831.0	17924	447201.0513	413313.0	1173223	313711.0	388427.0976	0.965	0.9511	970.0	386	2.0699	1	0.0013	492	0.6158	2.2398	66	0.0826	172	0.2153	561	0.7021	0	0.0
Thera_obeliscata	2478	402850539	1008602834	3713.4544	2949.5	31418	407022.9354	313895.5	1195912	274277.0	367856.8866	0.951	0.9156	964.0	1014	2.4438	20	0.0081	1389	0.5605	6.1512	298	0.1203	502	0.2026	1678	0.6772	0	0.0
Thereva_nobilitata	6192	827195974	2462648990	3626.6804	2813.5	55722	397714.6302	314128.0	1189638	289949.5	379766.5801	0.955	0.9394	960.0	2422	2.5566	8	0.0013	3515	0.5677	7.4855	354	0.0572	1404	0.2267	4415	0.713	19	0.0031
Thereva_plebeja	17516	1125020575	8207908813	2997.5055	2608.0	62611	468594.9311	442290.5	1195652	399971.0	445258.5412	0.939	0.9299	944.0	4957	3.5336	34	0.0019	11664	0.6659	15.5695	445	0.0254	3218	0.1837	13850	0.7907	3	0.0002
Thereva_unica	11752	860010095	5268930474	3176.8508	2628.0	38840	448343.3011	414937.0	1192569	370703.0	419799.3795	0.94	0.9273	948.0	3852	3.0509	32	0.0027	7408	0.6304	13.665	308	0.0262	2519	0.2143	8890	0.7565	35	0.003
Therion_circumflexum	1326	207895910	439600626	4096.3786	3169.0	31627	331523.8507	225478.5	1187938	214159.0	312219.5181	0.948	0.9318	956.0	298	4.4497	20	0.0151	664	0.5008	6.3782	89	0.0671	357	0.2692	876	0.6606	4	0.003
Thermobia_domestica	66411	5007180649	23829497675	3663.5039	2899.0	152289	358818.5342	233367.0	1197717	217505.0	334643.2594	0.907	0.8985	908.0	26801	2.4779	252	0.0038	33820	0.5093	13.2632	5490	0.0827	18890	0.2844	42007	0.6325	24	0.0004
Therophilus_tumidulus	11943	339370410	4516540398	5954.5998	4365.0	95717	378174.6963	221251.0	1194600	185106.0	306641.1072	0.874	0.8754	876.0	1321	9.0409	74	0.0062	5291	0.443	35.1916	257	0.0215	3313	0.2774	8364	0.7003	9	0.0008
Tholera_cespitis	10726	1164386346	4349713466	3185.6604	2743.0	52863	405529.8775	306859.0	1198422	262120.0	367260.9637	0.954	0.9273	950.0	4637	2.3131	38	0.0035	6028	0.562	9.2117	477	0.0445	2765	0.2578	7481	0.6975	3	0.0003
Tholera_decimalis	18327	1331828601	9208705632	3316.9889	2865.0	91684	502466.6138	499866.0	1193606	426714.0	462366.2165	0.956	0.9248	954.0	6424	2.8529	56	0.0031	12986	0.7086	13.7608	556	0.0303	2768	0.151	15001	0.8185	2	0.0001
Thracia_phaseolina	3398	793228645	1435716295	3050.1151	2492.0	35761	422518.0386	347955.0	1194439	284179.0	381360.9915	0.935	0.9162	924.0	1682	2.0202	37	0.0109	1952	0.5745	4.2838	121	0.0356	890	0.2619	2386	0.7022	1	0.0003
Threskiornis_aethiopicus	15590	1312512934	4044825874	5280.3018	3621.0	123645	259450.024	183622.0	1195168	133722.5	213383.1483	0.938	0.9183	934.0	723	21.5629	16	0.001	4191	0.2688	11.878	55	0.0035	5828	0.3738	9706	0.6226	1	0.0001
Thuidium_delicatulum	4190	333056294	1289431467	4027.2993	3313.0	57373	307740.2069	168839.5	1199299	160765.0	295104.0339	0.931	0.9164	932.0	1358	3.0854	0	0.0	1842	0.4396	12.5805	99	0.0236	1588	0.379	2503	0.5974	0	0.0
Thuidium_tamariscinum	3383	362993895	1118178196	3982.5835	3362.0	67153	330528.5829	212215.0	1198868	199465.0	317282.0736	0.919	0.9111	918.0	1342	2.5209	3	0.0009	1667	0.4928	9.3197	99	0.0293	1122	0.3317	2161	0.6388	1	0.0003
Thumatha_senex	22796	806006505	12047676687	2995.219	2698.0	85509	528499.5915	551207.0	1195931	428673.5	465794.3757	0.96	0.9521	952.0	2378	9.5862	10	0.0004	16073	0.7051	28.2827	402	0.0176	3287	0.1442	19100	0.8379	7	0.0003
Thyatira_batis	975	313796009	468486936	3497.1662	2797.0	18190	480499.4215	483940.0	1194273	400262.0	430719.4636	0.966	0.9447	974.0	477	2.044	9	0.0092	646	0.6626	3.1071	32	0.0328	199	0.2041	744	0.7631	0	0.0
Thymelicus_acteon	3132	533925326	1472630286	3275.7407	2763.0	46138	470188.4693	434892.0	1191118	368025.0	435412.7934	0.941	0.931	946.0	1434	2.1841	22	0.007	2060	0.6577	5.866	139	0.0444	609	0.1944	2382	0.7605	2	0.0006
Thymelicus_lineola	4423	498184922	1939255899	3423.4947	2804.0	73952	438448.0893	398713.0	1191193	359804.0	412968.3432	0.952	0.9413	960.0	1522	2.906	6	0.0014	2796	0.6322	8.8782	205	0.0463	801	0.1811	3416	0.7723	1	0.0002
Thymelicus_sylvestris	2230	470529692	1004813281	3176.6004	2600.0	14939	450588.9152	423496.0	1199210	383194.0	424499.4422	0.947	0.9235	964.0	1210	1.843	5	0.0022	1444	0.6475	4.7393	147	0.0659	419	0.1879	1662	0.7453	2	0.0009
Thyridanthrax_fenestratus	6583	284362900	1982993752	5640.823	3414.0	166052	301229.4929	174998.0	1181412	144823.0	262189.9748	0.932	0.9236	938.0	760	8.6618	238	0.0362	2578	0.3916	23.15	277	0.0421	2388	0.3628	3902	0.5927	16	0.0024
Tibellus_oblongus	14497	3174878891	6810249637	3086.5536	2462.0	41566	469769.5825	469677.0	1198344	347888.0	407494.9703	0.922	0.8998	902.0	8512	1.7031	617	0.0426	9028	0.6227	4.5662	932	0.0643	2871	0.198	10670	0.736	24	0.0017
Tilia_cordata	19443	909107124	8190796904	3602.1283	2970.0	58383	421272.2781	345235.0	1197659	319853.0	401224.8437	0.87	0.867	868.0	3923	4.9562	3	0.0002	12106	0.6226	21.3869	144	0.0074	3888	0.2	15411	0.7926	0	0.0
Tiliacea_aurago	2973	797353351	1480116770	2938.7339	2687.0	12606	497852.9331	506974.0	1182082	398441.0	446104.9455	0.969	0.9506	956.0	1541	1.9293	4	0.0013	2023	0.6805	3.7286	190	0.0639	423	0.1423	2356	0.7925	4	0.0013
Tiliacea_citrago	5134	791472579	2099265465	3705.8027	2925.0	41853	408894.7146	326792.5	1185175	287284.0	376053.2522	0.969	0.9483	964.0	1969	2.6074	20	0.0039	2995	0.5834	6.4866	283	0.0551	1151	0.2242	3698	0.7203	2	0.0004
Tillus_elongatus	54430	1718307705	24494943243	2983.6736	2547.0	43282	450026.5156	385459.0	1198134	284162.0	385183.1093	0.929	0.9263	906.0	8721	6.2413	47	0.0009	30989	0.5693	31.6765	1678	0.0308	11575	0.2127	41137	0.7558	40	0.0007
Timandra_comae	1255	334034333	560640990	2939.0861	2368.0	43775	446725.8884	397510.0	1181551	314267.0	384412.1195	0.955	0.9255	946.0	610	2.0574	15	0.012	744	0.5928	3.7571	68	0.0542	320	0.255	866	0.69	1	0.0008
Tinea_pellionella	1598	245097588	924269946	2837.7059	2564.0	7945	578391.7059	627690.0	1178325	445799.5	476961.1458	0.839	0.8443	858.0	247	6.4696	16	0.01	1174	0.7347	6.5199	22	0.0138	232	0.1452	1343	0.8404	1	0.0006
Tinea_semifulvella	1457	596584503	758839787	3207.3679	2833.0	21696	520823.464	558633.0	1198586	380939.0	434829.5752	0.984	0.9606	966.0	725	2.0097	15	0.0103	976	0.6699	2.4422	66	0.0453	247	0.1695	1141	0.7831	3	0.0021
Tinea_trinotella	1134	371680692	608711809	3240.0009	2856.0	13319	536782.9004	603020.5	1170099	415435.0	439510.2257	0.957	0.9379	899.0	433	2.6189	1	0.0009	726	0.6402	3.051	38	0.0335	276	0.2434	820	0.7231	0	0.0
Tinodes_waeneri	322	158280010	89942855	5134.5435	3217.5	30460	279325.6366	139942.0	1094003	122495.5	254306.6087	0.9695	0.95	956.0	81	3.9753	1	0.0031	133	0.413	2.0344	19	0.059	127	0.3944	176	0.5466	0	0.0
Tiphia_femorata	1571	274498675	564031263	3102.2387	2618.0	19630	359026.902	212277.0	1157780	202099.0	329676.0395	0.944	0.9282	954.0	386	4.0699	148	0.0942	775	0.4933	5.7232	68	0.0433	449	0.2858	1054	0.6709	0	0.0
Tiphia_minuta	898	222351349	298782121	4283.539	3178.0	36294	332719.5111	210605.0	1162632	199227.0	307700.4555	0.94	0.9263	944.0	224	4.0089	15	0.0167	438	0.4878	4.0387	56	0.0624	244	0.2717	598	0.6659	0	0.0
Tipula_confusa	8692	706858906	2128055586	5204.4822	4205.0	206159	244829.2207	162207.5	1190517	106487.5	197076.1453	0.965	0.9339	958.0	1307	6.6503	9	0.001	2087	0.2401	12.2967	171	0.0197	3995	0.4596	4516	0.5196	10	0.0012
Tipula_fascipennis	13173	1089996925	3960225022	5574.645	4333.0	80725	300631.9762	183654.0	1199437	141770.0	263048.7203	0.959	0.9358	942.0	2214	5.9499	127	0.0096	4806	0.3648	12.0854	299	0.0227	4881	0.3705	7987	0.6063	6	0.0005
Tipula_fulvipennis	6077	679606049	1149393083	5240.1909	3782.0	110300	189138.2398	82483.0	1175362	52694.0	162268.7415	0.963	0.9341	956.0	1247	4.8733	210	0.0346	1336	0.2198	8.9419	430	0.0708	3499	0.5758	2146	0.3531	2	0.0003
Tipula_helvola	8008	1173337631	2952853467	4348.0244	3142.5	67466	368737.9454	254452.0	1194781	242576.5	354747.8238	0.9205	0.9021	940.0	3279	2.4422	108	0.0135	4230	0.5282	6.825	536	0.0669	2421	0.3023	5044	0.6299	7	0.0009
Tipula_lateralis	19725	694966283	5888121672	4452.5282	3047.0	82155	298510.6044	163642.0	1193897	120588.0	259191.6315	0.943	0.9226	924.0	2072	9.5198	259	0.0131	7230	0.3665	28.3827	846	0.0429	8092	0.4102	10756	0.5453	31	0.0016
Tipula_scripta	6693	584279945	3263882088	3025.1614	2688.0	22299	487656.0717	480097.0	1192203	459568.0	474420.2825	0.956	0.9401	956.0	1906	3.5115	7	0.001	4794	0.7163	11.4551	69	0.0103	1138	0.17	5485	0.8195	1	0.0001
Tipula_unca	11954	691474903	5629572082	3001.9511	2602.0	40678	470936.2625	448301.5	1189958	412735.5	447801.6316	0.959	0.9442	958.0	1974	6.0557	14	0.0012	8089	0.6767	17.2877	302	0.0253	2137	0.1788	9505	0.7951	10	0.0008
Tipula_vernalis	13374	1264732996	5414065055	4182.8961	3053.5	93940	404820.1776	303747.5	1195831	277825.5	382185.9411	0.948	0.9263	952.0	4382	3.052	95	0.0071	7508	0.5614	10.5746	435	0.0325	3427	0.2562	9501	0.7104	11	0.0008
Tischeria_ekebladella	5813	486517996	2512642889	4123.9618	2986.0	44656	432245.4652	364839.0	1193477	326462.0	403036.3847	0.978	0.957	976.0	1005	5.7841	97	0.0167	3556	0.6117	11.9482	203	0.0349	1088	0.1872	4521	0.7777	1	0.0002
Tolmerus_cingulatus	4394	271198773	1610692802	4633.1919	3644.0	41849	366566.4092	233486.5	1188471	218963.5	344314.9663	0.964	0.9513	964.0	646	6.8019	11	0.0025	2225	0.5064	16.2021	120	0.0273	1114	0.2535	3151	0.7171	9	0.002
Torilis_japonica	21910	540628072	8835322880	5249.518	4294.0	112713	403255.2661	301065.0	1193608	277645.0	382250.4711	0.929	0.9153	930.0	1702	12.8731	255	0.0116	12340	0.5632	40.5269	173	0.0079	4877	0.2226	16860	0.7695	0	0.0
Tortella_tortuosa	3980	287186328	1562091740	3541.7892	3073.0	65053	392485.3618	306913.0	1188486	284143.5	375580.799	0.884	0.883	894.0	1360	2.9265	0	0.0	2243	0.5636	13.8586	39	0.0098	1128	0.2834	2813	0.7068	0	0.0
Tortricodes_alternella	512	441173430	159581534	3638.166	2978.0	14614	311682.6836	115947.0	1172041	82096.0	276002.9004	0.987	0.9523	984.0	253	2.0237	1	0.002	200	0.3906	1.1605	41	0.0801	222	0.4336	248	0.4844	1	0.002
Tortrix_viridana	2603	456053400	1151943820	3659.3788	2838.0	40118	442544.6869	371550.0	1196932	337000.0	418175.4437	0.968	0.9506	976.0	821	3.1705	4	0.0015	1589	0.6104	5.7077	89	0.0342	534	0.2051	1979	0.7603	1	0.0004
Toxonevra_muliebris	960	486617289	318511326	3920.0771	2775.5	35079	331782.6312	211008.5	1170191	175652.5	304209.5156	0.928	0.9203	936.0	354	2.7119	1	0.001	433	0.451	1.9728	29	0.0302	301	0.3135	630	0.6562	0	0.0
Trachurus_trachurus	2174	793527762	753179965	3408.1214	2581.0	46579	346448.9259	181953.0	1177151	168739.5	302260.8873	0.939	0.9218	922.0	682	3.1877	26	0.012	998	0.4591	2.7397	205	0.0943	607	0.2792	1353	0.6224	9	0.0041
Tragopogon_porrifolius	173530	2471885190	73213771294	4156.7244	3487.0	116323	421908.4383	339890.5	1198393	311844.0	399390.7619	0.894	0.8881	900.0	18630	9.3145	904	0.0052	102357	0.5899	70.2015	1783	0.0103	37989	0.2189	133578	0.7698	180	0.001
Tragopogon_pratensis	132434	2050432498	56441481078	4165.4257	3423.0	197249	426185.7308	346443.0	1199625	315919.0	402988.5256	0.888	0.8826	894.0	14613	9.0628	666	0.005	78301	0.5912	64.5883	1242	0.0094	28190	0.2129	102909	0.7771	93	0.0007
Tranosemella_praerogator	1761	195806767	529944407	3886.8092	3238.0	23268	300933.7916	195095.0	1149865	182246.0	277715.1704	0.944	0.9292	954.0	323	5.452	10	0.0057	788	0.4475	8.9936	18	0.0102	537	0.3049	1206	0.6848	0	0.0
Travisia_forbesii	34508	1454227778	14618349438	4082.382	3421.5	437135	423622.0424	340756.5	1199402	293371.0	388970.2346	0.924	0.9145	908.0	5883	5.8657	27	0.0008	20385	0.5907	23.7294	312	0.009	7472	0.2165	26713	0.7741	11	0.0003
Triaenodes_bicolor	379	612373253	137285578	3913.6675	2979.0	24586	362231.0765	194768.0	1195533	168866.0	328565.9393	0.979	0.9478	962.0	259	1.4633	0	0.0	180	0.4749	0.6189	30	0.0792	120	0.3166	229	0.6042	0	0.0
Triaxomasia_caprimulgella	641	316679672	265308789	3775.4992	3156.0	13979	413898.2668	304496.0	1138852	280660.0	373759.4446	0.981	0.9569	980.0	336	1.9077	21	0.0328	367	0.5725	2.0241	74	0.1154	129	0.2012	437	0.6817	1	0.0016
Triaxomera_parasitella	2223	307561368	920373167	4761.4786	4447.0	67295	414023.0171	300370.0	1181336	255472.0	367885.3351	0.98	0.9469	974.0	297	7.4848	1	0.0004	1294	0.5821	7.2278	48	0.0216	490	0.2204	1685	0.758	0	0.0
Trichiura_crataegi	11578	1111154848	6486293759	2706.5276	2588.0	70595	560225.7522	601282.5	1198556	471782.0	494956.4171	0.968	0.96	966.0	1968	5.8831	22	0.0019	8645	0.7467	10.4198	169	0.0146	1447	0.125	9957	0.86	5	0.0004
Trichoderma_citrinoviride	23	32931900	2290901	3145.6957	2685.0	7378	99604.3913	76542.0	749101	61810.0	91767.2609	0.9	0.886	902.0	19	1.2105	0	0.0	1	0.0435	0.6984	0	0.0	17	0.7391	6	0.2609	0	0.0
Tricholauxania_praeusta	7978	657563124	3649446511	3122.3589	2687.0	40974	457438.7705	426814.5	1196857	389153.0	435798.4059	0.954	0.9395	960.0	1788	4.462	80	0.01	5269	0.6604	12.1327	209	0.0262	1482	0.1858	6284	0.7877	3	0.0004
Tricholepidozia_tetradactyla	14783	477443511	6449292870	4557.2863	3950.0	67831	436264.146	363596.0	1195866	340093.0	417311.6857	0.917	0.9106	916.0	2978	4.9641	4	0.0003	9074	0.6138	30.9628	58	0.0039	2938	0.1987	11787	0.7973	0	0.0
Tricholoma_cingulatum	705	45724579	197693918	4358.1972	3148.0	29199	280416.905	164015.0	1106005	153163.0	267520.9645	0.955	0.9391	958.0	263	2.6806	2	0.0028	292	0.4142	15.4184	16	0.0227	281	0.3986	408	0.5787	0	0.0
Tricholoma_hemisulphureum	4719	128328927	2004760577	4453.7527	3555.0	47647	424827.4162	356113.0	1194879	326810.0	403670.2365	0.94	0.9285	940.0	1114	4.2361	0	0.0	2941	0.6232	36.7727	43	0.0091	944	0.2	3732	0.7908	0	0.0
Tricholoma_terreum	2133	78835701	721899753	6439.7595	3946.0	28920	338443.391	216223.0	1176857	199571.0	311060.0975	0.96	0.9429	960.0	636	3.3538	2	0.0009	1043	0.489	27.0563	69	0.0323	619	0.2902	1445	0.6774	0	0.0
Trichophorum_cespitosum	2321	316148635	935335154	3714.439	2788.0	36382	402988.0026	302384.0	1192351	270512.0	376510.3744	0.891	0.8831	896.0	1078	2.1531	2	0.0009	1333	0.5743	7.3415	47	0.0202	640	0.2757	1634	0.704	0	0.0
Trichopteryx_carpinata	1370	467244887	438683124	4224.2445	3057.5	79783	320206.6599	152397.0	1189247	113573.5	276221.7796	0.951	0.9315	942.0	414	3.3092	7	0.0051	555	0.4051	2.9321	64	0.0467	586	0.4277	720	0.5255	0	0.0
Trichostegia_minor	1405	770481260	451803363	3892.8157	2860.0	33111	321568.2299	181781.0	1184620	141805.0	280298.2584	0.956	0.9194	948.0	510	2.7549	6	0.0043	561	0.3993	1.8235	72	0.0512	492	0.3502	840	0.5979	1	0.0007
Trichostomum_littorale	2442	271182288	837099972	3438.321	2736.0	38314	342792.7813	210451.0	1184781	203270.0	325345.7711	0.912	0.9074	912.0	1010	2.4178	1	0.0004	1203	0.4926	9.005	24	0.0098	792	0.3243	1626	0.6658	0	0.0
Trichostrongylus_colubriformis	1115	330017914	336451980	4041.1058	2948.0	64081	301750.6547	139352.0	1183282	130845.0	286766.7408	0.922	0.9026	930.0	543	2.0534	7	0.0063	483	0.4332	3.3786	88	0.0789	424	0.3803	603	0.5408	0	0.0
Tricolia_pullus	3646	762916344	996862318	3323.9857	2601.0	58244	273412.5941	127627.5	1179653	114637.5	256760.229	0.924	0.901	940.0	1995	1.8276	90	0.0247	1430	0.3922	4.779	160	0.0439	1568	0.4301	1915	0.5252	3	0.0008
Tricyphona_immaculata	4471	278615637	1239347089	4389.6833	3512.0	45167	277196.8439	183770.0	1182340	160686.0	234972.8499	0.91	0.9105	908.0	758	5.8984	2	0.0004	1691	0.3782	16.0472	22	0.0049	1412	0.3158	3037	0.6793	0	0.0
Trifolium_bocconei	30758	610272591	13544660248	5212.549	3576.0	180800	440362.1903	370135.5	1198181	332574.0	411494.0653	0.926	0.9125	922.0	3314	9.2812	63	0.002	18524	0.6022	50.4004	167	0.0054	6227	0.2025	24363	0.7921	1	0.0
Trifolium_dubium	10902	676425969	4332840851	6234.0715	3452.0	238393	397435.411	266873.5	1191040	246291.0	362857.0276	0.914	0.9056	920.0	2071	5.2641	64	0.0059	5904	0.5416	16.1171	140	0.0128	2627	0.241	8134	0.7461	1	0.0001
Trifolium_fragiferum	10271	511721479	4476057807	5126.6711	3811.0	181839	435795.7168	362136.0	1199289	338778.0	415301.6445	0.932	0.9211	926.0	2360	4.3521	12	0.0012	6429	0.6259	20.0715	144	0.014	2047	0.1993	8079	0.7866	1	0.0001
Trifolium_occidentale	19864	574768193	8883033445	4970.185	3655.0	207223	447192.5818	386195.5	1199812	357488.0	424185.5276	0.916	0.9077	922.0	2716	7.3137	14	0.0007	12485	0.6285	34.56	189	0.0095	3838	0.1932	15837	0.7973	0	0.0
Trifolium_repens	32340	954971954	13718183021	3981.6696	3053.0	108296	424186.2406	348357.0	1199233	325489.5	405712.4083	0.89	0.8851	904.0	3870	8.3566	16	0.0005	19528	0.6038	33.8649	268	0.0083	6992	0.2162	25079	0.7755	1	0.0
Trifolium_striatum	7928	371605691	3587695324	4584.4696	3408.5	211996	452534.7281	398642.0	1195195	372202.0	434304.9376	0.905	0.8962	906.0	1422	5.5752	10	0.0013	5147	0.6492	21.3344	69	0.0087	1562	0.197	6297	0.7943	0	0.0
Trifolium_subterraneum	10561	482824967	4789747896	4291.9706	3003.0	172727	453531.6633	399473.0	1198580	370162.0	430033.4941	0.902	0.895	910.0	2030	5.2025	14	0.0013	6958	0.6588	21.8734	85	0.008	1876	0.1776	8600	0.8143	0	0.0
Triglochin_maritima	85794	1057691640	33480588204	4203.0158	3217.0	71636	390243.9355	231647.5	1199442	217715.5	359511.7627	0.9	0.8945	898.0	4961	17.2937	29	0.0003	43002	0.5012	81.1144	341	0.004	21048	0.2453	64404	0.7507	1	0.0
Triglochin_palustris	16978	435996844	7675338029	3941.3155	2901.0	80819	452075.5112	389075.0	1195813	331660.5	415314.2519	0.93	0.9176	928.0	1435	11.8314	2	0.0001	10292	0.6062	38.9406	75	0.0044	3396	0.2	13506	0.7955	1	0.0001
Trigloporus_lastoviza	3486	647404051	1230979664	4507.2229	3111.0	142634	353120.9593	222622.0	1159400	206094.5	319874.8411	0.955	0.9315	958.0	662	5.2659	23	0.0066	1737	0.4983	5.3846	38	0.0109	936	0.2685	2512	0.7206	0	0.0
Trigonometopus_frontalis	7143	670452919	2617274206	3388.5337	2667.0	27148	366411.0606	233204.0	1196908	211376.0	332467.776	0.958	0.9221	966.0	2410	2.9639	129	0.0181	3578	0.5009	10.654	670	0.0938	1820	0.2548	4646	0.6504	7	0.001
Trigonophora_flammea	7480	776887419	3272255495	4101.9959	2822.0	94013	437467.3122	362270.5	1195427	298185.0	394311.0172	0.97	0.9556	966.0	2144	3.4888	11	0.0015	4446	0.5944	9.6282	244	0.0326	1639	0.2191	5596	0.7481	1	0.0001
Tringa_totanus	10944	1226552581	2982395455	5119.9925	3527.0	252922	272514.2046	174512.5	1191103	128516.5	226724.882	0.93	0.9004	898.0	820	13.3463	99	0.009	3329	0.3042	8.9226	152	0.0139	4356	0.398	6436	0.5881	0	0.0
Tripolium_pannonicum	542778	8194922104	248619526183	4964.5184	4460.0	199031	458050.1166	412355.0	1199777	362726.0	428181.0388	0.865	0.8659	864.0	64777	8.3792	77	0.0001	344522	0.6347	66.2335	2170	0.004	102166	0.1882	438410	0.8077	32	0.0001
Trisateles_emortualis	2931	565493760	1415482700	2884.8069	2642.0	25746	482935.0734	473690.0	1194908	349242.0	406558.0652	0.949	0.9372	928.0	862	3.4002	1	0.0003	1895	0.6465	5.1831	92	0.0314	552	0.1883	2285	0.7796	2	0.0007
Trisopterus_luscus	4252	611675418	1633602587	3737.3838	3069.5	34502	384196.281	239800.0	1184027	217360.0	331483.5026	0.902	0.8883	876.0	846	5.026	16	0.0038	2165	0.5092	6.9514	108	0.0254	1164	0.2738	2980	0.7008	0	0.0
Tritomaria_quinquedentata	78019	1077057168	37067236796	4557.8043	4027.0	67888	475105.2538	439318.0	1198965	409466.0	454790.1687	0.92	0.9123	910.0	8819	8.8467	4	0.0001	53007	0.6794	72.4372	368	0.0047	12620	0.1618	65031	0.8335	0	0.0
Triturus_cristatus	523719	22225142432	219478295770	4009.03	2908.0	491975	419076.4432	348144.0	1199853	324819.0	399781.0958	0.914	0.9019	912.0	115857	4.5204	686	0.0013	316614	0.6045	23.5643	18602	0.0355	112813	0.2154	391941	0.7484	363	0.0007
Trocdaris_verticillatum	36973	612123393	15988157280	5296.8013	4450.0	98595	432427.9144	342088.0	1198250	307885.0	403673.1626	0.927	0.9157	932.0	3235	11.4291	38	0.001	21604	0.5843	60.4012	190	0.0051	7413	0.2005	29368	0.7943	2	0.0001
Troglodytes_troglodytes	18764	1253667929	5814957863	8248.9657	5363.5	139662	309899.6943	184490.0	1199308	166817.5	277868.1021	0.964	0.948	960.0	623	30.1188	1	0.0001	7111	0.379	14.9673	56	0.003	5626	0.2998	13082	0.6972	0	0.0
Troilus_luridus	9688	825925082	2680117907	4900.4677	3606.0	93015	276643.054	173758.5	1192604	135320.0	243326.064	0.925	0.9115	926.0	1375	7.0458	46	0.0047	3245	0.335	11.7299	332	0.0343	3562	0.3677	5790	0.5976	4	0.0004
Trollius_europaeus	232832	4067902728	105758549337	4077.0586	3390.5	68417	454226.8646	406833.0	1199250	382178.0	437325.8675	0.865	0.865	870.0	26754	8.7027	76	0.0003	151193	0.6494	57.2364	1350	0.0058	41592	0.1786	189867	0.8155	23	0.0001
Tromatobia_lineatoria	1830	378100282	674841774	6065.9443	4777.5	33403	368765.9967	236517.0	1195972	209517.5	322799.2776	0.951	0.9318	942.0	261	7.0115	10	0.0055	907	0.4956	4.84	36	0.0197	427	0.2333	1367	0.747	0	0.0
Tropidia_scita	2609	322087402	795356758	6268.8275	4201.0	58726	304851.1913	199954.0	1185660	144560.0	237564.2304	0.896	0.8835	908.0	286	9.1224	8	0.0031	872	0.3342	8.1003	53	0.0203	869	0.3331	1687	0.6466	0	0.0
Trychosis_tristator	787	206206403	261679913	4186.5426	2975.0	23997	332503.0661	211089.0	1176806	199577.0	315498.7243	0.956	0.9363	960.0	294	2.6769	7	0.0089	382	0.4854	3.8166	47	0.0597	234	0.2973	506	0.6429	0	0.0
Tryphon_signator	5237	300848968	1868864227	5103.309	3860.0	160126	356857.7863	226651.0	1197160	186747.0	306351.6305	0.933	0.9156	944.0	756	6.9272	92	0.0176	2279	0.4352	17.4074	206	0.0393	1163	0.2221	3867	0.7384	1	0.0002
Tryphon_thomsoni	5113	321897724	1711563733	4596.8772	3309.0	159663	334747.4541	219447.0	1194011	180824.0	290179.9918	0.928	0.9087	936.0	762	6.71	146	0.0286	2179	0.4262	15.8839	282	0.0552	1279	0.2501	3550	0.6943	2	0.0004
Trypoxylon_attenuatum	2013	208565282	600125636	4241.9608	3249.0	51503	298125.0055	203403.0	1197949	171286.0	265107.7799	0.931	0.9184	948.0	282	7.1383	1	0.0005	816	0.4054	9.6517	16	0.0079	596	0.2961	1401	0.696	0	0.0
Trypoxylon_clavicerum	3127	241005222	818219688	4349.4317	3386.0	25156	261662.8359	167575.0	1144699	134275.0	231720.4154	0.954	0.9413	964.0	490	6.3816	24	0.0077	1017	0.3252	12.9748	120	0.0384	1115	0.3566	1892	0.6051	0	0.0
Tuberolachnus_salignus	2092	435971610	483075526	6202.6611	3492.5	107324	230915.6434	155473.5	1140628	102961.5	181276.8829	0.9715	0.9464	972.0	265	7.8943	8	0.0038	517	0.2471	4.7985	22	0.0105	1003	0.4794	1067	0.51	0	0.0
Turritis_glabra	2908	182323387	1084090065	3718.0279	3035.0	54104	372795.7583	266174.0	1196408	252071.0	355760.7115	0.885	0.8858	892.0	524	5.5496	2	0.0007	1604	0.5516	15.9497	73	0.0251	752	0.2586	2083	0.7163	0	0.0
Tussilago_farfara	100506	1576221958	44888529889	4095.0382	3462.0	78550	446625.3745	383294.0	1199817	345314.5	419887.5272	0.905	0.8946	902.0	11400	8.8163	38	0.0004	61409	0.611	63.7639	425	0.0042	18947	0.1885	81131	0.8072	3	0.0
Tuta_absoluta	8841	588900335	4224592239	4418.1257	3495.0	41268	477840.9952	451127.0	1196869	351723.0	419394.7011	0.977	0.9522	944.0	1731	5.1075	24	0.0027	5540	0.6266	15.0127	185	0.0209	1789	0.2024	6865	0.7765	2	0.0002
Tyria_jacobaeae	10514	588379691	5420466854	2954.4924	2662.0	50575	515547.5418	516354.0	1195387	467778.0	486725.5534	0.959	0.9472	962.0	1205	8.7253	0	0.0	7786	0.7405	17.8694	84	0.008	1377	0.131	9052	0.8609	1	0.0001
Tyto_alba	3554	1166442596	985314522	10300.2276	4558.0	220644	277241.0023	189493.0	1175123	155402.5	235210.4789	0.957	0.912	938.0	570	6.2351	0	0.0	1367	0.3846	3.0469	51	0.0144	1169	0.3289	2334	0.6567	0	0.0
Tytthaspis_sedecimpunctata	5794	348941652	1525997737	5493.552	3672.0	79952	263375.5155	186581.5	1178570	137597.5	219286.1959	0.969	0.9589	972.0	901	6.4306	31	0.0054	1780	0.3072	16.6045	239	0.0412	2005	0.346	3546	0.612	4	0.0007
Udea_ferrugalis	2499	495326405	1191538838	2995.7287	2685.0	30488	476806.2577	458360.0	1180976	418551.0	453934.7359	0.958	0.9343	968.0	1282	1.9493	70	0.028	1779	0.7119	5.0452	93	0.0372	359	0.1437	2047	0.8191	0	0.0
Udea_olivalis	2554	623556625	1148334107	3489.063	2700.0	38113	449621.8117	399119.5	1191609	359846.0	424566.0407	0.966	0.9494	961.0	1110	2.3009	3	0.0012	1654	0.6476	4.0959	85	0.0333	433	0.1695	2035	0.7968	1	0.0004
Uleiota_planata	16934	572191622	6812786034	5977.9722	3767.0	322367	402314.0448	235715.0	1196846	206503.0	339254.3056	0.901	0.8866	896.0	1504	11.2593	18	0.0011	8197	0.4841	29.595	176	0.0104	3896	0.2301	12856	0.7592	6	0.0004
Uleiota_planatus	16934	572191622	6812786034	5977.9722	3767.0	322367	402314.0448	235715.0	1196846	206503.0	339254.3056	0.901	0.8866	896.0	1504	11.2593	18	0.0011	8197	0.4841	29.595	176	0.0104	3896	0.2301	12856	0.7592	6	0.0004
Ulex_minor	27028	868157658	11985467174	4077.748	3498.0	51460	443446.3214	388547.5	1195898	363320.5	426188.4471	0.899	0.8946	906.0	3284	8.2302	7	0.0003	17205	0.6366	31.1326	179	0.0066	5013	0.1855	21836	0.8079	0	0.0
Ulmus_glabra	63034	1756724471	27423278290	4143.9677	3361.5	151045	435055.3398	372001.5	1198778	344051.0	415871.5633	0.891	0.8848	896.0	10785	5.8446	104	0.0016	39136	0.6209	35.8816	472	0.0075	12478	0.198	50082	0.7945	2	0.0
Ulmus_minor	48041	1674782731	21900838815	3729.3299	3137.0	95715	455878.0795	412547.0	1199459	385678.0	438967.4006	0.877	0.8738	884.0	11540	4.163	54	0.0011	31760	0.6611	28.6849	390	0.0081	8504	0.177	39145	0.8148	2	0.0
Ulmus_procera	49470	1711863796	22582496040	3841.0019	3183.0	85307	456488.701	411198.0	1199418	384307.0	438416.0603	0.878	0.8743	886.0	11795	4.1942	57	0.0012	32522	0.6574	28.8983	393	0.0079	8726	0.1764	40349	0.8156	2	0.0
Uloborus_plumipes	16624	1669362773	7066742162	3474.6813	2714.5	323485	425092.7672	354332.0	1196313	303198.5	389923.0164	0.931	0.9136	926.0	6557	2.5353	1076	0.0647	9667	0.5815	9.9583	1016	0.0611	3304	0.1987	12284	0.7389	20	0.0012
Ulota_crispa	2199	271232222	819458415	3323.779	2566.0	101739	372650.4843	248507.0	1161718	236608.0	355907.8349	0.896	0.8949	896.0	758	2.9011	1	0.0005	1155	0.5252	8.1074	59	0.0268	725	0.3297	1415	0.6435	0	0.0
Ulota_phyllantha	3369	263812529	1052631240	4031.5931	3239.0	36280	312446.1977	175225.0	1192575	165311.0	289944.7462	0.895	0.8984	902.0	828	4.0688	1	0.0003	1478	0.4387	12.7704	55	0.0163	1257	0.3731	2057	0.6106	0	0.0
Umbilicaria_deusta	1000	38909669	373478842	4028.207	3807.0	10628	373478.842	283246.5	1177337	268142.5	361402.557	0.863	0.8637	876.0	207	4.8309	0	0.0	555	0.555	25.7006	18	0.018	282	0.282	700	0.7	0	0.0
Umbilicus_rupestris	36738	352093598	12004908380	4815.6283	3882.5	149722	326770.8743	182036.5	1197829	169140.0	295442.1995	0.906	0.9036	896.0	1414	25.9816	5	0.0001	14516	0.3951	104.3416	254	0.0069	11344	0.3088	25140	0.6843	0	0.0
Uncinus_obductella	5228	827271794	2478266498	2961.4046	2500.0	48227	474037.2031	455836.5	1187873	382965.5	433789.1129	0.948	0.9329	944.0	2080	2.5135	36	0.0069	3436	0.6572	6.3196	351	0.0671	845	0.1616	4023	0.7695	9	0.0017
Urocerus_augur	4213	179552902	1457440612	4180.6231	2250.0	49376	345938.9062	214928.0	1189169	200642.0	304460.5367	0.931	0.9309	924.0	378	11.1455	6	0.0014	2019	0.4792	23.4638	48	0.0114	1068	0.2535	3097	0.7351	0	0.0
Uroleucon_taraxaci	6913	489665569	2034499337	6459.9855	3782.0	107970	294300.4972	187890.0	1192060	154872.0	255637.0639	0.973	0.9481	968.0	734	9.4183	6	0.0009	2672	0.3865	14.1178	87	0.0126	2295	0.332	4531	0.6554	0	0.0
Urophora_cardui	7988	835847523	2837479939	3339.7365	2665.0	21015	355217.8191	195114.5	1196178	179253.0	314161.9854	0.966	0.9422	966.0	3428	2.3302	93	0.0116	3731	0.4671	9.5568	689	0.0863	2463	0.3083	4826	0.6042	10	0.0013
Urtica_dioica	60887	511647460	18397958672	4306.4718	3196.0	164403	302165.6293	166518.0	1198163	152181.0	269214.518	0.92	0.913	926.0	2398	25.3907	14	0.0002	20698	0.3399	119.0019	522	0.0086	20956	0.3442	39408	0.6472	1	0.0
Urtica_urens	19723	337319326	7631411007	4462.5159	2504.0	204808	386929.5243	226931.0	1197351	205633.0	344073.2764	0.892	0.8892	884.0	1289	15.301	3	0.0002	9561	0.4848	58.4698	99	0.005	5075	0.2573	14549	0.7377	0	0.0
Vaccinium_myrtillus	4330	495929118	1747946027	4160.1152	3207.5	23683	403682.6852	309764.5	1181934	280856.0	379991.4134	0.881	0.8736	884.0	1352	3.2027	6	0.0014	2511	0.5799	8.7311	91	0.021	1088	0.2513	3150	0.7275	1	0.0002
Vaccinium_vitis_idaea	3852	506157700	1718594803	3806.1168	2824.0	34396	446156.4909	404118.5	1194472	370582.0	426020.9738	0.871	0.868	876.0	1369	2.8137	4	0.001	2590	0.6724	7.6103	42	0.0109	742	0.1926	3068	0.7965	0	0.0
Valerianella_locusta	5190	164441966	1794489341	5089.9002	3109.5	141995	345759.0252	214117.0	1188219	184673.0	300312.7193	0.863	0.8656	884.0	528	9.8295	1	0.0002	2279	0.4391	31.5613	34	0.0066	1479	0.285	3677	0.7085	0	0.0
Vanellus_vanellus	9870	1291121787	2959362828	6471.8819	4465.5	101770	299834.1264	192362.0	1197247	169779.5	267124.2735	0.948	0.9314	940.0	937	10.5336	4	0.0004	3682	0.373	7.6445	49	0.005	2871	0.2909	6950	0.7042	0	0.0
Vanessa_atalanta	1314	368345782	579605941	3534.5403	2621.0	44969	441100.4117	364111.0	1167518	312370.5	409283.0883	0.964	0.9521	964.0	302	4.351	0	0.0	763	0.5807	3.5673	17	0.0129	332	0.2527	964	0.7336	1	0.0008
Vanessa_cardui	1950	424666353	885387361	3148.2164	2818.5	19994	454044.8005	409608.0	1186832	357250.5	414839.3133	0.955	0.9385	952.0	668	2.9192	3	0.0015	1220	0.6256	4.5918	58	0.0297	390	0.2	1500	0.7692	2	0.001
Venerupis_corrugata	8576	1346580571	3114551356	4033.3244	2879.0	274599	363170.6339	237746.0	1196782	217713.0	332602.3011	0.902	0.8857	902.0	3556	2.4117	152	0.0177	4422	0.5156	6.3687	326	0.038	2437	0.2842	5812	0.6777	1	0.0001
Venturia_canescens	13880	297964452	4326358451	4671.2977	3521.0	93707	311697.2947	189354.0	1194816	151540.0	258025.8476	0.9545	0.9335	950.0	807	17.1995	353	0.0254	4668	0.3363	46.5827	215	0.0155	4543	0.3273	9122	0.6572	0	0.0
Venusia_cambrica	878	470241934	308793485	4147.5854	3090.0	35836	351701.008	184412.0	1164482	171383.5	286064.3941	0.98	0.9385	967.0	428	2.0514	0	0.0	398	0.4533	1.8671	54	0.0615	285	0.3246	539	0.6139	0	0.0
Verbascum_nigrum	7613	336182299	2611804354	5675.7365	3650.0	66532	343071.6346	212765.0	1187284	191674.0	313853.1915	0.926	0.9156	922.0	1292	5.8924	4	0.0005	3625	0.4762	22.6455	111	0.0146	2282	0.2998	5217	0.6853	3	0.0004
Verbascum_thapsus	7083	344232151	2491500414	4490.7792	3214.0	189726	351757.7882	230022.0	1199022	202451.0	317569.1152	0.913	0.9007	920.0	1248	5.6755	3	0.0004	3423	0.4833	20.5762	88	0.0124	1941	0.274	5054	0.7135	0	0.0
Verbena_officinalis	23998	289676857	7196929023	3588.9092	2644.0	27219	299897.034	162294.0	1197369	150260.5	269456.7391	0.9	0.8947	886.0	1169	20.5287	4	0.0002	8019	0.3342	82.844	179	0.0075	8081	0.3367	15737	0.6558	1	0.0
Veronica_anagallis_aquatica	41494	994966084	17574750129	4542.7621	3489.0	199722	423549.1909	331909.5	1198647	296776.5	392230.3094	0.894	0.8879	898.0	4542	9.1356	136	0.0033	24178	0.5827	41.7039	265	0.0064	8884	0.2141	32343	0.7795	2	0.0
Veronica_arvensis	19999	367498663	8367869613	4565.243	3758.0	200205	418414.4014	325116.0	1195287	298594.0	395929.8151	0.879	0.8764	882.0	1169	17.1078	6	0.0003	11616	0.5808	54.4192	70	0.0035	4102	0.2051	15827	0.7914	0	0.0
Veronica_filiformis	15871	288047473	6062421384	4777.9683	3944.0	30928	381981.0588	235503.0	1197760	219709.0	354772.8945	0.92	0.908	924.0	1011	15.6983	20	0.0013	8042	0.5067	55.0986	130	0.0082	4067	0.2563	11673	0.7355	1	0.0001
Veronica_officinalis	90463	1808847802	36869754941	4929.1833	3775.0	302389	407567.2368	291322.0	1199172	264677.0	377322.6969	0.9	0.8932	904.0	6823	13.2585	83	0.0009	49849	0.551	50.0114	596	0.0066	20483	0.2264	69381	0.767	3	0.0
Veronica_persica	47070	619575527	16811394009	4875.8152	4005.0	35094	357157.2978	204213.0	1198297	193777.5	331123.463	0.93	0.9181	940.0	2305	20.4208	290	0.0062	21592	0.4587	75.9714	367	0.0078	13148	0.2793	33553	0.7128	2	0.0
Veronica_scutellata	63581	752104968	23294883659	4198.1184	3341.0	133548	366381.2092	211168.0	1197330	197377.0	336211.3391	0.885	0.8737	878.0	3691	17.226	20	0.0003	29795	0.4686	84.5374	396	0.0062	17388	0.2735	45793	0.7202	4	0.0001
Veronica_serpyllifolia	16963	367551173	7685514740	4785.3814	3317.0	155108	453075.2072	395324.0	1199530	352473.0	423279.2669	0.937	0.9215	938.0	1618	10.4839	4	0.0002	10616	0.6258	46.1514	94	0.0055	3187	0.1879	13681	0.8065	1	0.0001
Veronica_triphyllos	27338	498862436	12171261914	4825.7995	3923.5	172641	445214.0579	385226.5	1195430	356852.5	424837.7348	0.898	0.8933	898.0	2074	13.1813	24	0.0009	17294	0.6326	54.8007	97	0.0035	5003	0.183	22237	0.8134	1	0.0
Veronica_verna	21798	458580237	9369416753	4598.7326	3734.0	215548	429829.1932	350881.5	1199825	321708.0	405626.6543	0.881	0.8754	884.0	1679	12.9827	10	0.0005	13306	0.6104	47.5337	75	0.0034	4302	0.1974	17421	0.7992	0	0.0
Vespa_crabro	1512	211128013	433777542	5665.4074	3543.0	217191	286889.9087	177845.0	1183971	140525.5	240595.328	0.836	0.8189	600.0	114	13.2632	2	0.0013	510	0.3373	7.1615	18	0.0119	544	0.3598	950	0.6283	0	0.0
Vespa_velutina	212	143610015	48128677	4326.5519	3080.5	41859	227022.0613	94802.0	1126650	74600.5	200030.9434	0.913	0.8998	902.0	96	2.2083	0	0.0	45	0.2123	1.4762	4	0.0189	121	0.5708	87	0.4104	0	0.0
Vespertilio_murinus	17344	1927310476	7073660445	4321.1893	3172.0	70456	407844.8135	283134.5	1191492	241926.5	357712.3975	0.907	0.9003	882.0	1950	8.8944	2	0.0001	9408	0.5424	8.9991	47	0.0027	4250	0.245	13047	0.7522	0	0.0
Vespula_germanica	621	204950139	254499946	4624.2625	3399.0	58162	409822.7794	236268.0	1123442	217001.0	359754.4444	0.88	0.864	844.0	99	6.2727	8	0.0129	313	0.504	3.03	27	0.0435	154	0.248	440	0.7085	0	0.0
Vespula_vulgaris	441	177542199	153678998	5493.0884	3442.0	138854	348478.4535	205505.0	1125957	175003.0	301439.424	0.885	0.8691	854.0	71	6.2113	0	0.0	195	0.4422	2.4839	4	0.0091	135	0.3061	302	0.6848	0	0.0
Viburnum_lantana	229345	3798453715	98288430825	4423.056	3334.0	141710	428561.4721	352513.0	1199948	323980.0	405841.0474	0.886	0.8781	888.0	26723	8.5823	806	0.0035	138189	0.6025	60.3785	1473	0.0064	47931	0.209	179926	0.7845	15	0.0001
Vicia_hirsuta	153102	3422411671	75408307726	3768.341	3178.0	199216	492536.3988	469630.0	1199710	442617.5	474807.4646	0.859	0.8592	866.0	31919	4.7966	266	0.0017	110040	0.7187	44.7351	458	0.003	21728	0.1419	130911	0.8551	5	0.0
Vicia_lathyroides	188504	2148318304	78461596875	5437.597	4238.0	360942	416233.0607	326127.0	1199731	302358.5	396323.4362	0.874	0.8686	892.0	9165	20.5678	16	0.0001	109548	0.5811	87.7449	741	0.0039	40931	0.2171	146830	0.7789	2	0.0
Vicia_parviflora	167144	2816151128	71509030695	4284.3021	3304.0	115953	427828.8823	353427.5	1199835	324914.0	406782.9523	0.851	0.8497	878.0	12855	13.0023	68	0.0004	101381	0.6065	59.3519	541	0.0032	32894	0.1968	133708	0.8	1	0.0
Vicia_sativa	151389	1737284066	62261326703	5406.5668	4101.0	73466	411267.1773	308025.0	1199886	283009.0	389341.5527	0.889	0.8825	916.0	9408	16.0915	55	0.0004	85290	0.5634	87.1412	614	0.0041	33586	0.2219	117186	0.7741	3	0.0
Vicia_tetrasperma	106952	2545667541	49184864795	4072.1366	3059.0	288919	459877.934	415975.0	1198802	392358.5	442521.0597	0.853	0.8503	882.0	13002	8.2258	520	0.0049	71694	0.6703	42.0133	436	0.0041	18645	0.1743	87864	0.8215	7	0.0001
Villa_cingulata	6604	411905232	2471612065	4040.7847	3093.5	95191	374259.8524	253092.0	1186085	232358.5	345937.7676	0.944	0.9325	952.0	1115	5.9229	30	0.0045	3518	0.5327	16.0328	126	0.0191	1725	0.2612	4753	0.7197	0	0.0
Villa_modesta	3764	357986248	1408171461	4731.8472	3387.0	54036	374115.691	242156.5	1189669	219935.5	340916.1525	0.964	0.9466	968.0	690	5.4551	51	0.0135	1961	0.521	10.5144	80	0.0213	944	0.2508	2740	0.7279	0	0.0
Villa_occulta	9047	426267248	2993153277	4093.1127	3256.0	102034	330844.8411	207261.0	1195434	168140.0	287734.3966	0.921	0.8928	912.0	1219	7.4217	180	0.0199	3802	0.4202	21.2238	260	0.0287	2883	0.3187	5901	0.6523	3	0.0003
Vincenzellus_ruficollis	5632	216667944	1852270346	4969.9762	3559.0	92570	328883.229	208566.0	1194287	155715.5	273882.2516	0.965	0.9579	970.0	611	9.2177	64	0.0114	2102	0.3732	25.9937	150	0.0266	1809	0.3212	3672	0.652	1	0.0002
Viola_odorata	21960	698043912	9901044833	4780.934	3447.5	116211	450867.251	402854.0	1198276	373847.5	430769.771	0.874	0.8738	882.0	4508	4.8713	6	0.0003	14655	0.6673	31.4593	159	0.0072	3943	0.1796	17857	0.8132	1	0.0
Viola_palustris	88020	1758713024	39231845484	4822.2507	3932.0	184702	445715.1271	386014.0	1198825	349920.5	421212.4568	0.884	0.8791	884.0	10662	8.2555	24	0.0003	55564	0.6313	50.048	398	0.0045	16887	0.1919	70734	0.8036	1	0.0
Viola_stagnina	13155	564964956	5842030046	3877.6199	3204.0	161974	444091.9837	392328.0	1191622	370080.0	427490.4274	0.887	0.8812	890.0	3558	3.6973	2	0.0002	8693	0.6608	23.2846	91	0.0069	2341	0.178	10723	0.8151	0	0.0
Viola_tricolor	166741	1755533534	59806346710	3959.8895	3239.0	81796	358678.1098	200073.0	1199211	189853.0	327589.5454	0.909	0.8984	900.0	12039	13.8501	41	0.0002	74718	0.4481	94.9802	1053	0.0063	46651	0.2798	119036	0.7139	1	0.0
Vipera_berus	37488	1672968041	17846884823	3123.927	2961.0	160899	476069.2708	444716.0	1197503	376040.5	435736.6347	0.955	0.9368	948.0	4456	8.4129	155	0.0041	24195	0.6454	22.4081	349	0.0093	6573	0.1753	30562	0.8152	4	0.0001
Virgichneumon_dumeticola	2982	320759558	1027581778	5042.103	3057.0	139035	344594.8283	223164.0	1188012	192893.5	303735.7948	0.947	0.9383	950.0	517	5.7679	10	0.0034	1350	0.4527	9.2967	101	0.0339	755	0.2532	2125	0.7126	1	0.0003
Virgichneumon_maculicauda	2487	269502716	763351356	5889.0647	3887.0	87045	306936.6128	173184.0	1198288	135745.0	254351.6924	0.944	0.9313	952.0	282	8.8191	15	0.006	911	0.3663	9.2281	84	0.0338	967	0.3888	1436	0.5774	0	0.0
Virgularia_mirabilis	5776	509778898	1693068089	5376.2091	3053.5	124625	293121.2065	175585.0	1186174	143297.5	253547.4159	0.927	0.9027	926.0	1751	3.2987	193	0.0334	2301	0.3984	11.3304	590	0.1021	1873	0.3243	3304	0.572	9	0.0016
Viscum_album	3027594	93896488608	1563865281569	3593.5222	3065.0	407633	516537.3169	502815.5	1199826	480816.5	500985.1	0.853	0.8523	864.0	270175	11.206	2919	0.001	2292161	0.7571	32.244	8795	0.0029	357489	0.1181	2661270	0.879	40	0.0
Vitis_vinifera	8179	488820975	2939401822	4505.6534	3389.0	76112	359384.0105	231461.0	1195908	214298.0	329712.848	0.902	0.8955	902.0	2152	3.8007	19	0.0023	4154	0.5079	16.7321	152	0.0186	2390	0.2922	5636	0.6891	1	0.0001
Volucella_bombylans	44622	1201440881	20058932616	3224.2196	2849.0	63658	449530.1111	394593.0	1197996	365695.0	430242.6233	0.931	0.9237	926.0	3713	12.0178	0	0.0	28712	0.6434	37.1404	174	0.0039	8349	0.1871	36098	0.809	1	0.0
Volucella_inanis	3849	958946398	1156954483	3806.1548	2778.0	118731	300585.7321	182306.0	1183350	163138.0	274039.4508	0.908	0.8952	902.0	1360	2.8301	5	0.0013	1655	0.43	4.0138	58	0.0151	1362	0.3539	2429	0.6311	0	0.0
Volucella_inflata	29714	753274378	13741304390	2733.5082	2511.0	35768	462452.1905	425774.0	1198257	390150.5	438520.9246	0.927	0.9199	934.0	1398	21.2546	2	0.0001	19807	0.6666	39.4464	114	0.0038	5424	0.1825	24175	0.8136	1	0.0
Volucella_pellucens	33627	1215554201	13785778011	3305.0595	2866.0	103001	409961.5788	323010.0	1198757	298096.0	388493.8306	0.919	0.9075	912.0	3584	9.3825	2	0.0001	19517	0.5804	27.6639	122	0.0036	7547	0.2244	25956	0.7719	2	0.0001
Volucella_zonaria	17310	1161375314	6371795825	3593.8138	2786.0	193813	368099.1233	227165.5	1194992	211935.0	345319.0556	0.911	0.8973	902.0	3214	5.3858	0	0.0	8677	0.5013	14.9047	122	0.007	4724	0.2729	12462	0.7199	2	0.0001
Volvariella_surrecta	120	24371644	14982510	3743.7583	2846.0	20653	124854.25	45082.0	1115619	38833.5	117180.9417	0.933	0.931	946.0	67	1.791	0	0.0	15	0.125	4.9238	0	0.0	93	0.775	27	0.225	0	0.0
Vulgichneumon_bimaculatus	4723	263948031	1333632137	5025.1201	3919.0	30857	282369.7093	194660.0	1172508	141106.0	228500.0618	0.961	0.9503	958.0	521	9.0653	1	0.0002	1495	0.3165	17.8937	43	0.0091	1649	0.3491	3029	0.6413	2	0.0004
Vulgichneumon_saturatorius	1507	204420474	550344782	6931.8308	4205.0	51666	365192.2906	228785.0	1190670	206485.0	327003.0431	0.966	0.953	962.0	283	5.3251	3	0.002	748	0.4964	7.3721	30	0.0199	371	0.2462	1104	0.7326	2	0.0013
Vulpes_vulpes	23748	2377374210	9883787062	4195.3211	3265.0	131696	416194.5032	268266.0	1199406	227114.0	355910.5323	0.905	0.8997	880.0	1109	21.4139	2	0.0001	12382	0.5214	9.9892	73	0.0031	5977	0.2517	17697	0.7452	1	0.0
Watersipora_subatra	11962	758356748	4400983367	4056.5333	3049.5	105537	367913.6739	241456.0	1195090	223641.5	337649.8764	0.917	0.9072	920.0	3180	3.7616	43	0.0036	6229	0.5207	15.7736	132	0.011	3038	0.254	8782	0.7342	10	0.0008
Watsonalla_binaria	1340	320778455	495316501	4733.253	3726.0	39345	369639.1799	230577.5	1167274	211802.5	322585.1582	0.98	0.9676	980.0	262	5.1145	16	0.0119	661	0.4933	4.1773	62	0.0463	341	0.2545	936	0.6985	1	0.0007
Watsonalla_cultraria	978	319238856	464405010	3816.3487	3374.0	21620	474851.7485	452915.5	1191978	343443.5	392035.816	0.991	0.9739	980.0	380	2.5737	2	0.002	598	0.6115	3.0635	70	0.0716	218	0.2229	690	0.7055	0	0.0
Winthemia_cruentata	5476	640644661	1947587844	3396.4744	2725.5	59072	355658.8466	221147.5	1185166	211638.0	336627.5973	0.941	0.9301	948.0	1120	4.8893	6	0.0011	2712	0.4953	8.5476	200	0.0365	1687	0.3081	3589	0.6554	0	0.0
Xanthandrus_comtus	21971	704792787	7532528382	3966.3332	3063.0	74663	342839.5786	199884.0	1195481	160938.0	307353.0193	0.938	0.9232	936.0	2611	8.4148	304	0.0138	9643	0.4389	31.1737	1095	0.0498	7687	0.3499	13168	0.5993	21	0.001
Xanthia_icteritia	2469	664391209	1000176283	3363.6306	2662.0	24005	405093.6748	302528.0	1168266	281663.0	379081.2633	0.954	0.9347	956.0	1244	1.9847	54	0.0219	1407	0.5699	3.7162	90	0.0365	596	0.2414	1783	0.7222	0	0.0
Xanthia_togata	5325	798843734	2386264452	2907.8999	2532.0	18923	448124.7797	403595.0	1188533	355364.0	418939.3166	0.968	0.9511	968.0	2229	2.389	25	0.0047	3393	0.6372	6.6659	212	0.0398	1065	0.2	4042	0.7591	6	0.0011
Xanthogramma_pedissequum	14578	955207373	5882420202	4095.7567	2876.0	105324	403513.5274	301066.5	1199764	265620.5	374567.5947	0.923	0.9125	930.0	2279	6.3967	95	0.0065	8136	0.5581	15.2616	449	0.0308	3669	0.2517	10455	0.7172	5	0.0003
Xantholinus_longiventris	3893	462683242	1401079161	4546.4955	3205.0	28739	359897.036	222765.0	1187396	201391.0	326537.7606	0.946	0.9256	946.0	1221	3.1884	13	0.0033	1922	0.4937	8.414	112	0.0288	1136	0.2918	2645	0.6794	0	0.0
Xanthorhoe_designata	2811	349472282	1178207075	3563.8075	2567.0	32703	419141.6133	336267.0	1176111	285573.0	372243.158	0.981	0.9357	974.0	689	4.0798	4	0.0014	1587	0.5646	8.0436	78	0.0277	640	0.2277	2091	0.7439	2	0.0007
Xanthorhoe_montanata	4520	379146826	2017373016	6562.8861	5037.0	84380	446321.4637	343221.0	1191330	277640.0	400718.4929	0.99	0.9768	992.0	700	6.4571	81	0.0179	2583	0.5715	11.9215	88	0.0195	898	0.1987	3534	0.7819	0	0.0
Xanthorhoe_spadicearia	485	276641036	236426183	2889.1072	2368.0	18057	487476.666	476749.0	1144395	422288.0	448823.4021	0.978	0.9634	982.0	283	1.7138	1	0.0021	339	0.699	1.7532	21	0.0433	75	0.1546	388	0.8	1	0.0021
Xanthostigma_xanthostigma	4841	622671839	1762733129	6343.1142	3764.0	129127	364125.8271	222597.0	1192149	172032.0	290150.0785	0.922	0.9191	932.0	631	7.6719	49	0.0101	1935	0.3997	7.7746	118	0.0244	1321	0.2729	3401	0.7025	1	0.0002
Xerophyllum_tenax	186034	2351187467	71280212747	4056.0018	3357.0	56322	383156.9108	232411.0	1198886	219096.5	357395.2462	0.9	0.8912	916.0	17748	10.482	51	0.0003	93718	0.5038	79.1234	1364	0.0073	47477	0.2552	137186	0.7374	7	0.0
Xestia_ashworthii	3882	723431829	1837001635	3004.9137	2607.0	14439	473210.1069	455936.0	1195706	391228.5	436931.8916	0.952	0.9406	954.0	1560	2.4885	11	0.0028	2549	0.6566	5.3661	176	0.0453	664	0.171	3039	0.7828	3	0.0008
Xestia_baja	3408	583677123	1444261276	4062.9352	2877.5	109364	423785.5857	359942.5	1190331	313489.0	388998.8542	0.975	0.9531	976.0	1413	2.4119	19	0.0056	2068	0.6068	5.8388	113	0.0332	838	0.2459	2457	0.721	0	0.0
Xestia_c_nigrum	5019	759601803	2230274770	3240.7988	2712.0	36832	444366.3618	398370.0	1190460	344150.0	407863.164	0.949	0.9337	942.0	2140	2.3453	100	0.0199	3167	0.631	6.6074	223	0.0444	979	0.1951	3813	0.7597	4	0.0008
Xestia_castanea	2941	720438614	1286965668	6221.2581	2895.0	246043	437594.5828	393127.0	1186616	346594.0	403018.9609	0.968	0.9272	966.0	1089	2.7006	102	0.0347	1802	0.6127	4.0822	143	0.0486	647	0.22	2147	0.73	4	0.0014
Xestia_rhomboidea	3675	602976462	1755962742	2926.6035	2446.0	63330	477812.991	435892.0	1195353	385812.0	442205.1165	0.94	0.9107	936.0	1118	3.2871	79	0.0215	2438	0.6634	6.0948	84	0.0229	619	0.1684	2972	0.8087	0	0.0
Xestia_sexstrigata	2977	638263913	1310962851	3335.1622	2651.0	46228	440363.739	375818.0	1195984	336799.0	411649.612	0.948	0.931	950.0	1242	2.3969	4	0.0013	1865	0.6265	4.6642	84	0.0282	609	0.2046	2282	0.7665	2	0.0007
Xestia_triangulum	9064	801219780	4103115072	3684.1316	2907.5	45001	452682.5984	410595.5	1199437	351809.0	418905.1043	0.977	0.9562	974.0	2977	3.0447	17	0.0019	5778	0.6375	11.3128	226	0.0249	1770	0.1953	7061	0.779	7	0.0008
Xestia_xanthographa	12228	932930611	5889208991	2959.7359	2518.0	87554	481616.6986	466994.0	1193063	397071.0	442680.3976	0.92	0.8807	916.0	3602	3.3948	110	0.009	8268	0.6762	13.1071	368	0.0301	1999	0.1635	9851	0.8056	10	0.0008
Xestobium_rufovillosum	20087	472830934	8469920161	3034.3316	2711.0	103767	421661.7793	334494.0	1197663	298638.0	394391.0649	0.974	0.9682	978.0	1850	10.8578	73	0.0036	11526	0.5738	42.4824	460	0.0229	4066	0.2024	15551	0.7742	10	0.0005
Xiphydria_camelus	3592	356670496	1504881201	5419.4972	2778.0	92668	418953.5638	338936.0	1180205	291518.5	375536.108	0.97	0.9453	968.0	1247	2.8805	170	0.0473	2110	0.5874	10.0709	218	0.0607	746	0.2077	2624	0.7305	4	0.0011
Xylena_solidaginis	2509	667153108	998017608	4027.3487	2933.0	37282	397775.053	281485.0	1171083	250119.0	363221.3591	0.965	0.932	958.0	1075	2.334	20	0.008	1361	0.5424	3.7608	105	0.0418	671	0.2674	1731	0.6899	2	0.0008
Xylena_vetusta	1993	609008019	709704972	3829.4461	2933.0	34079	356098.8319	229176.0	1197423	216813.0	330922.5685	0.96	0.9412	962.0	951	2.0957	4	0.002	1010	0.5068	3.2725	96	0.0482	618	0.3101	1279	0.6417	0	0.0
Xylocampa_areola	1794	564312228	767771843	3174.5128	2565.5	40087	427966.4677	362059.5	1188876	293844.5	374569.4359	0.964	0.9394	950.0	770	2.3299	12	0.0067	1061	0.5914	3.1791	161	0.0897	371	0.2068	1261	0.7029	1	0.0006
Xylophagus_ater	9931	457168529	3615292697	4751.7187	3464.0	206742	364041.1537	229631.0	1195978	209808.0	327927.2827	0.938	0.9162	940.0	1519	6.5379	46	0.0046	4919	0.4953	21.7228	169	0.017	2676	0.2695	7086	0.7135	0	0.0
Xylota_segnis	6120	422752387	2049126810	4986.4549	3488.0	115197	334824.6422	212512.5	1195571	180453.5	296603.481	0.891	0.8707	908.0	700	8.7429	2	0.0003	2643	0.4319	14.4766	116	0.019	1852	0.3026	4151	0.6783	1	0.0002
Xylota_sylvarum	7026	519484592	2468872686	5127.4007	2839.0	221503	351390.9317	204863.5	1194312	165082.5	293398.8096	0.879	0.8688	892.0	973	7.221	60	0.0085	2920	0.4156	13.5249	98	0.0139	2325	0.3309	4603	0.6551	0	0.0
Xyphosia_miliaria	44264	788312883	18474561844	2331.2014	2087.0	75021	417372.1725	317971.5	1196769	265836.0	373984.8578	0.93	0.9236	910.0	2132	20.7617	12	0.0003	24477	0.553	56.1503	332	0.0075	10929	0.2469	33003	0.7456	0	0.0
Xysticus_acerbus	22638	3021121272	9984087775	3094.7341	2535.0	159120	441032.2367	405412.0	1197184	323631.0	395584.0932	0.913	0.8995	910.0	11322	1.9995	389	0.0172	13774	0.6084	7.4932	1203	0.0531	4928	0.2177	16491	0.7285	16	0.0007
Yponomeuta_cagnagella	1561	570674431	607215044	3963.3799	3068.0	29110	388991.0596	275529.0	1196556	248493.0	350994.246	0.976	0.963	978.0	674	2.316	0	0.0	854	0.5471	2.7354	107	0.0685	394	0.2524	1060	0.6791	0	0.0
Yponomeuta_evonymella	2748	571959814	1157925400	4842.1972	3296.0	94052	421370.2329	317918.0	1192491	258764.5	372623.0142	0.981	0.9644	982.0	820	3.3512	1	0.0004	1515	0.5513	4.8045	101	0.0368	598	0.2176	2049	0.7456	0	0.0
Yponomeuta_malinellus	1398	565097859	499497626	3706.3484	2897.0	59643	357294.4392	222221.0	1177314	206723.0	317998.1445	0.979	0.9678	980.0	726	1.9256	1	0.0007	699	0.5	2.4739	131	0.0937	406	0.2904	861	0.6159	0	0.0
Yponomeuta_plumbellus	4077	635496876	2127253134	2759.6983	2400.0	18100	521769.2259	546219.0	1198141	424655.0	462001.2296	0.971	0.9551	958.0	1466	2.781	13	0.0032	2778	0.6814	6.4155	111	0.0272	673	0.1651	3292	0.8075	1	0.0002
Yponomeuta_sedellus	2186	655976758	1065717544	3695.6862	2837.5	46729	487519.462	494839.0	1194377	341948.5	401359.9794	0.971	0.947	952.0	1233	1.7729	21	0.0096	1391	0.6363	3.3324	155	0.0709	409	0.1871	1615	0.7388	7	0.0032
Ypsolopha_horridella	10711	812820066	4068270407	5262.7499	3644.0	208310	379821.7166	227162.0	1194869	212039.0	349783.1111	0.985	0.9671	984.0	2114	5.0667	15	0.0014	5299	0.4947	13.1776	336	0.0314	2531	0.2363	7841	0.7321	3	0.0003
Ypsolopha_scabrella	2535	853315793	1050165342	3525.2221	2901.0	43136	414266.4071	352678.0	1188274	313541.0	384918.5783	0.978	0.9593	980.0	1500	1.69	8	0.0032	1494	0.5893	2.9708	167	0.0659	571	0.2252	1797	0.7089	0	0.0
Ypsolopha_sequella	7655	854587039	3724529493	3430.9847	2933.0	43722	486548.5948	475331.0	1195449	414726.0	452466.1792	0.965	0.9491	972.0	2722	2.8123	16	0.0021	5284	0.6903	8.9575	275	0.0359	1229	0.1605	6145	0.8027	6	0.0008
Ypsolopha_sylvella	6855	959480878	3321809769	3236.7943	2610.0	48515	484582.0232	482657.0	1196816	384279.0	432596.6754	0.973	0.9527	962.0	3264	2.1002	9	0.0013	4482	0.6538	7.1445	287	0.0419	1228	0.1791	5338	0.7787	2	0.0003
Zaglyptus_varipes	2602	297640861	945554637	6386.9585	3885.0	169003	363395.3255	236482.5	1195620	211049.0	326411.4816	0.959	0.9354	962.0	463	5.6199	50	0.0192	1304	0.5012	8.7421	91	0.035	582	0.2237	1929	0.7414	0	0.0
Zeiraphera_griseana	6575	628391744	2991451694	3583.7351	2486.0	35017	454973.6417	409209.0	1183137	361003.0	423072.0546	0.97	0.9504	974.0	1604	4.0991	9	0.0014	4225	0.6426	10.4632	144	0.0219	1330	0.2023	5101	0.7758	0	0.0
Zele_albiditarsus	400	137676224	142320804	4507.0725	3214.0	19812	355802.01	254292.0	1187504	248250.5	344096.0375	0.953	0.9395	950.0	158	2.5316	0	0.0	219	0.5475	2.9054	25	0.0625	99	0.2475	276	0.69	0	0.0
Zele_chlorophthalmus	449	131963072	116852448	5590.8508	4110.0	31770	260250.441	167324.0	1137781	152676.0	244749.6481	0.971	0.9526	976.0	102	4.402	4	0.0089	180	0.4009	3.4025	15	0.0334	153	0.3408	281	0.6258	0	0.0
Zelleria_hepariella	3369	424465528	1835555372	2758.6566	2541.0	19842	544836.8572	575732.0	1186224	467488.0	484634.8044	0.955	0.9388	952.0	1302	2.5876	18	0.0053	2506	0.7438	7.937	50	0.0148	495	0.1469	2824	0.8382	0	0.0
Zeus_faber	7760	797369401	2617116238	3990.7399	3156.0	36385	337257.2472	189536.5	1191818	165299.5	293012.6643	0.841	0.8527	880.0	871	8.9093	19	0.0024	3208	0.4134	9.732	42	0.0054	2416	0.3113	5301	0.6831	1	0.0001
Zeuzera_pyrina	4316	686711406	1959934248	3027.1108	2711.5	50588	454108.9546	411457.5	1199335	353574.5	423747.0468	0.954	0.9383	948.0	1288	3.3509	0	0.0	2827	0.655	6.285	79	0.0183	779	0.1805	3456	0.8007	2	0.0005
Zootoca_vivipara	4886	1420294400	2443869897	3659.0262	3073.0	92005	500178.0387	495212.0	1196813	396634.5	450171.6781	0.975	0.9538	964.0	1436	3.4025	5	0.001	3283	0.6719	3.4401	50	0.0102	874	0.1789	3960	0.8105	2	0.0004
Zoropsis_spinimana	9559	2546154872	3621306884	4124.3101	3000.0	75641	378837.4186	249054.0	1191264	220350.0	331187.2549	0.942	0.9169	916.0	4421	2.1622	248	0.0259	4988	0.5218	3.7543	604	0.0632	2463	0.2577	6436	0.6733	56	0.0059
Zostera_noltei	56635	689128576	23578742691	3899.5871	2886.0	132095	416328.1132	301373.0	1198790	263439.0	379026.3505	0.927	0.9123	916.0	3775	15.0026	3	0.0001	31088	0.5489	82.1835	247	0.0044	13443	0.2374	42945	0.7583	0	0.0
Zygaena_filipendulae	1486	365336039	469436268	3965.0599	2788.0	16714	315905.9677	185148.0	1188140	171950.5	284828.5592	0.969	0.9536	968.0	505	2.9426	10	0.0067	651	0.4381	4.0675	82	0.0552	506	0.3405	898	0.6043	0	0.0
Zygodon_viridissimus	4042	238525122	1536068174	3813.7212	3033.0	61598	380026.7625	266706.5	1172878	252952.0	364474.9112	0.907	0.9064	910.0	830	4.8699	1	0.0002	2174	0.5379	16.9458	53	0.0131	1255	0.3105	2734	0.6764	0	0.0
